,listing,core,ml3n,ml7n,ml8,F,F1,F0,Fdyn,Fkill
2022-01-02 00:00:00+00:00,1.603439798869566e-05,-0.012462569588569394,0.003960491663064669,0.003345526833794965,0.01153930080799892,0.0031802565302869734,0.00018163530962844732,-0.004409902445500435,0.0031802565302869734,0.0031802565302869734
2022-01-03 00:00:00+00:00,-0.001305825344416256,0.016240973103152756,0.00376499924395457,0.0033225980014064405,0.0020388469026866307,0.004149122030786767,0.0041056568039887775,0.007726416336468311,0.004149122030786767,0.004149122030786767
2022-01-04 00:00:00+00:00,0.0008092258509859729,0.00562768226029986,-0.002158694740150735,0.001215150021138811,0.004338794418689673,0.001636398526611682,0.002257271729995347,0.00021199608023980687,0.001636398526611682,0.001636398526611682
2022-01-05 00:00:00+00:00,0.0021169287910731693,0.005935631851215151,0.007893418851310674,0.008729712737239659,0.0010614294234083665,0.007590698486854119,0.00984032047661021,0.006397313720432729,0.007590698486854119,0.007590698486854119
2022-01-06 00:00:00+00:00,-0.0015973853792479176,-0.0007745232303081329,0.002709991145320334,0.0029086922930423587,0.0029024652372060533,0.0016993087383372352,0.0008873042823225319,1.7108597620385524e-05,0.0016993087383372352,0.0016993087383372352
2022-01-07 00:00:00+00:00,0.0036251390420432017,-0.0011994524728329292,0.002813195511135236,0.000294381933742649,0.0033479027537224315,0.0017777586003262513,0.0028901382657842145,0.004782632038232926,0.0017777586003262513,0.0017777586003262513
2022-01-08 00:00:00+00:00,0.0042614920491534924,-0.009372013226730314,-0.0019196165054018444,0.0024363109244327497,0.00017823052536614092,0.0032319245289098575,0.0009157379489403983,-0.002507545793933308,0.0032319245289098575,0.0032319245289098575
2022-01-09 00:00:00+00:00,-0.0004346463602261652,0.002125442104228936,0.0023024419934096763,0.0006490276298383169,0.00036453168720740337,0.0017154655032500798,-5.5426204424668946e-05,2.834707218735133e-05,0.0017154655032500798,0.0017154655032500798
2022-01-10 00:00:00+00:00,0.0036762951238358266,8.556517369129324e-05,-0.0015864837380853425,0.003906717385226299,0.0006555582404215166,0.003970877168940623,0.004610159133354941,0.002613269005623753,0.003970877168940623,0.003970877168940623
2022-01-11 00:00:00+00:00,-0.003954436696108399,0.0029579789022633474,0.012913452669558678,0.012334352223170031,0.009707918422220407,0.010017620596543209,0.007359561517360946,0.006335840484166688,0.010017620596543209,0.010017620596543209
2022-01-12 00:00:00+00:00,-0.0051629986213590495,-0.0015602129508589524,-0.00012132256326458091,-0.0022994715668412935,0.004564045965878227,0.00024253042052291285,-0.006505800208894907,-0.005032442386597835,0.00024253042052291285,0.00024253042052291285
2022-01-13 00:00:00+00:00,0.0006913437750160067,0.005264026209659489,0.0067053374243399855,0.006371709940981463,0.004780084647619143,0.009699069247272929,0.011512887200313848,0.008855205145457345,0.009699069247272929,0.009699069247272929
2022-01-14 00:00:00+00:00,-0.0035647713586378638,0.004084645104960316,0.0013920073900304253,-0.00014505197314129692,-0.008172938635853777,-0.001096832198752784,-0.0019288096500719165,-0.0022738255205214664,-0.001096832198752784,-0.001096832198752784
2022-01-15 00:00:00+00:00,0.003179379416794026,-0.005695275503356689,-0.0003418956982976784,-0.0018655376889500364,-0.0003535507571403862,-0.00031503384921816036,-0.0026278223146737334,-0.004677347708386792,-0.00031503384921816036,-0.00031503384921816036
2022-01-16 00:00:00+00:00,-0.0012564829498477037,0.0030191860725508057,0.001989933397899657,0.0019433799714543287,0.0029512116237719876,0.0026655321771471563,0.0021012708351522136,0.00314802623283561,0.0026655321771471563,0.0026655321771471563
2022-01-17 00:00:00+00:00,0.004586730393810079,-0.001237533016893444,-0.0007686043093664274,0.003907563524364388,-0.008961676933313067,-0.0017521297841400774,0.0018160729020519906,0.007561345032091493,-0.0017521297841400774,-0.0017521297841400774
2022-01-18 00:00:00+00:00,0.0021992869621696443,-0.003480854333474781,-0.0015699330164318237,-0.003868984678577103,0.002806486592998425,0.003071606106114011,-0.00024157687302361897,-0.003563758366564307,0.003071606106114011,0.003071606106114011
2022-01-19 00:00:00+00:00,0.0032386521612364216,-0.007078308251288079,0.006755171565165252,0.00414205112806787,0.002774543665157392,0.0034439893030120405,0.002899158315054162,0.0024144330357416255,0.0034439893030120405,0.0034439893030120405
2022-01-20 00:00:00+00:00,0.0005531901843034426,0.0024650856662664644,0.000557269793087789,0.0015814707396009098,0.0008885044712223511,0.002043550534121641,0.004901097623962958,0.0021208127315999192,0.002043550534121641,0.002043550534121641
2022-01-21 00:00:00+00:00,5.3380325186536126e-05,0.009145138168862532,0.002869610259431443,0.0013676044971340229,0.006861890702676066,0.010055132162544611,0.010587194589280147,0.007905343094143369,0.010055132162544611,0.010055132162544611
2022-01-22 00:00:00+00:00,0.004885705177883004,0.002685287861711627,-0.00374339812682678,-0.0020121981671349376,0.01328447794423604,0.006035585136992205,0.0021386402237830726,-0.002886684909713333,0.006035585136992205,0.006035585136992205
2022-01-23 00:00:00+00:00,-0.0011838263611773092,-0.001999661849279577,0.0056705073215082,0.0049524250990553575,0.005223550956055867,0.0037538342108414113,0.00080313995815251,0.0021770503770701666,0.0037538342108414113,0.0037538342108414113
2022-01-24 00:00:00+00:00,-0.0005790938169655258,0.007249022280412021,0.000356768745291447,-0.002760656048264365,0.0030723739556859364,-0.0019596352371574755,0.0013450422684511132,0.004543028519061076,-0.0019596352371574755,-0.0019596352371574755
2022-01-25 00:00:00+00:00,0.001718188699844747,-0.004284484107083819,0.0006868958668662106,0.0039281867885363475,0.0013799802012628426,0.002800500020725627,0.0015235459220983572,-0.0008082384476195692,0.002800500020725627,0.002800500020725627
2022-01-26 00:00:00+00:00,-0.0034885421791119864,-0.009981931514261855,0.01347976809540219,0.009958397972741562,-0.0009878428732300604,0.001433352780543462,-0.002772385157220225,-0.0018061440250624061,0.001433352780543462,0.001433352780543462
2022-01-27 00:00:00+00:00,-0.006031661024641477,-0.0008714370172572261,0.0067963757184037465,-0.008540448634912656,-0.001910556332727631,-0.006189350628303503,-0.00569139362473059,-0.008035329099437938,-0.006189350628303503,-0.006189350628303503
2022-01-28 00:00:00+00:00,0.00015643030383771794,-0.0043211542433087,0.004120188369430844,0.0023277280995075422,-0.00011903727025508459,0.0037949149335989585,0.001133167067698615,0.00080848052999416,0.0037949149335989585,0.0037949149335989585
2022-01-29 00:00:00+00:00,-0.012217033190681903,0.0027811309140319818,0.006878543494435618,0.004409532539335181,-0.002448177938797369,-0.0012394266371380525,-0.0014673809304641683,-0.0019023347843120098,-0.0012394266371380525,-0.0012394266371380525
2022-01-30 00:00:00+00:00,0.0020682575517745327,0.001683315866923163,0.0055929091766018235,0.0034701363323825785,0.002941619087700298,0.010180067668282833,0.009786194442264584,0.009328680158151137,0.010180067668282833,0.010180067668282833
2022-01-31 00:00:00+00:00,-0.004837996642200304,0.007265709506784734,-0.00938015977657336,-0.006780677600750518,-0.0010381628637106122,-0.004652474825822095,-0.0022036851265762047,0.00019236023349789022,-0.004652474825822095,-0.004652474825822095
2022-02-01 00:00:00+00:00,0.00533354136948172,-0.013094996401620485,-0.003089450420996065,0.0019719104887927497,0.0010609419066183179,-0.0028259046413317,-0.0035058659137479076,-0.005907967428087746,-0.0028259046413317,-0.0028259046413317
2022-02-02 00:00:00+00:00,-0.0007396082053418018,-0.0008289034941286744,0.006104681981586202,0.007060914153787401,0.0027572621699176736,0.0015849507663183715,0.0022593581975909327,0.004753783151272062,0.0015849507663183715,0.0015849507663183715
2022-02-03 00:00:00+00:00,0.0008325612256154802,-0.0010061866206430015,0.006194047243924805,0.0056394009752278595,0.0035513124272035235,0.007639578728304786,0.007666094916296995,0.0023651532889970017,0.007639578728304786,0.007639578728304786
2022-02-04 00:00:00+00:00,0.0019355117359489693,-0.008823262394498488,-0.0028778794031106836,-0.003401603428544231,0.0019378065662698507,-0.005040011951730761,0.0011048287389938682,-0.008097180411373639,-0.005040011951730761,-0.005040011951730761
2022-02-05 00:00:00+00:00,-0.004635120433022499,0.0012410321958498116,0.008952858926276619,0.006021189056133025,-0.00011349748721622976,0.0015335388428665553,0.005295015455216268,0.003485833316984266,0.0015335388428665553,0.0015335388428665553
2022-02-06 00:00:00+00:00,0.002515474073858881,-0.016345848683411157,0.004919934349137067,0.003913267982705415,-0.008422996986638065,-0.01053302419164659,-0.008592396789007029,-0.005598611140027354,-0.01053302419164659,-0.01053302419164659
2022-02-07 00:00:00+00:00,0.0032281121642188104,-0.0095175628612294,0.0015353883588409278,0.002065613318862569,0.0022823186284375296,0.0023677056244457706,0.0032853661316210037,-0.0038038503308930327,0.0023677056244457706,0.0023677056244457706
2022-02-08 00:00:00+00:00,0.005064999361062306,0.009163271780379567,0.0021474222087294326,0.0025105459624463755,0.002556533871739042,0.011160304248120534,0.012757620840695871,0.012145205354643585,0.011160304248120534,0.011160304248120534
2022-02-09 00:00:00+00:00,-0.0024933250068428503,-0.002699305900004667,-0.0004598708018432873,0.002159205795033259,-0.004814827589417869,-0.008009853285635415,-0.003493708782941529,-0.002472118441028237,-0.008009853285635415,-0.008009853285635415
2022-02-10 00:00:00+00:00,0.004613810654594097,0.005389331590750723,0.0027239081092185202,0.0011756583666886478,0.002483583057491856,0.002103984193907671,0.0005843946456407512,0.0076308555005359935,0.002103984193907671,0.002103984193907671
2022-02-11 00:00:00+00:00,0.002624985322060791,0.001360064299208652,-0.0025669808963638685,-0.00015251428633145103,-0.0009990443606522348,-0.0024371911180736117,-0.0013157208284506616,0.00013209825309012935,-0.0024371911180736117,-0.0024371911180736117
2022-02-12 00:00:00+00:00,0.0005273867780017927,0.0007687830505234139,-0.0002667588445760538,0.0013223728438147564,0.0031913053039436257,0.0033156612403300034,0.0034683341077050844,0.003977032546897297,0.0033156612403300034,0.0033156612403300034
2022-02-13 00:00:00+00:00,0.002903909674344174,0.0005199436986060846,0.009489734470058409,0.00858884794536019,0.006412406931013859,0.011593612656194185,0.007470186915738308,0.008328437795732224,0.011593612656194185,0.011593612656194185
2022-02-14 00:00:00+00:00,-0.0013509531919249085,-0.0036667382232111745,-0.004095004731623386,-0.001963438749661761,-0.004232607623084528,-0.005317182810059884,-0.0063010528464633175,-0.0039928785870765315,-0.005317182810059884,-0.005317182810059884
2022-02-15 00:00:00+00:00,0.0006860764113638673,-0.004052312267109115,0.0007752326906038665,0.0020429097069072366,-0.004287603393612116,-0.005474924676312165,-0.0010305246514749067,0.0014141365642814652,-0.005474924676312165,-0.005474924676312165
2022-02-16 00:00:00+00:00,0.001377244953500778,0.003939391212985477,-0.002677984670777067,-0.005448630631362916,0.0013055826054104713,0.002173201809735348,0.00043136540141164303,8.891829598001166e-05,0.002173201809735348,0.002173201809735348
2022-02-17 00:00:00+00:00,0.0005941713714558983,0.0019757404657778643,0.0004992197176210134,0.001232890970551681,0.004346805070001292,0.0020474256450910833,-0.0022130764771279843,0.0016775339968277958,0.0020474256450910833,0.0020474256450910833
2022-02-18 00:00:00+00:00,-0.0004702946924709517,-0.0003059120308993579,-0.002141507824667377,-0.0037848822900630186,-0.0005444120747499781,-0.0015592325725486411,-0.001465663001645745,-0.0012775244910052663,-0.0015592325725486411,-0.0015592325725486411
2022-02-19 00:00:00+00:00,0.0013177669222663724,-0.0015696290626773246,-0.0034964367919512185,-0.008737521125321446,-0.0012737391892249095,-0.0046076535924755024,-0.00522362793386788,-0.005079197853964157,-0.0046076535924755024,-0.0046076535924755024
2022-02-20 00:00:00+00:00,0.0025933125858814687,0.0024639445403209503,-0.0007583475144510299,-0.002290810348797634,-0.0013929354569630625,-0.0006469085199928282,0.0006559270846482335,3.6829110632963236e-05,-0.0006469085199928282,-0.0006469085199928282
2022-02-21 00:00:00+00:00,0.001023768525181934,0.0011781739096290433,-0.0017793021042478152,-0.0025121740002622683,0.0004967806335853808,4.3919594978403254e-05,-0.0013417332014978856,-0.005052910587468151,4.3919594978403254e-05,4.3919594978403254e-05
2022-02-22 00:00:00+00:00,-0.0009021429912912104,-0.0015534817515052701,-0.00043880267013596264,-0.0006790154450337926,0.0021670714226209586,2.2254459233428392e-05,-0.002996446225079108,-0.002094442333108737,2.2254459233428392e-05,2.2254459233428392e-05
2022-02-23 00:00:00+00:00,0.0006040401714633159,0.0014115372055705233,-0.0017256217202685775,-0.001823210012166676,-0.007686019347653228,-0.006427356957700137,-0.004453163528273185,-0.0015854088907959474,-0.006427356957700137,-0.006427356957700137
2022-02-24 00:00:00+00:00,-0.00010657048734830088,0.0024653476966807197,-0.008730728017063094,-0.003012942852570477,-0.009013523436533943,-0.005500916275247292,-0.003679264273210303,-0.0017632779561208567,-0.005500916275247292,-0.005500916275247292
2022-02-25 00:00:00+00:00,-0.006350119832784107,-0.020616334930854796,-0.024709668807499363,-0.02129080920184978,-0.019655143278822562,-0.022261502088689378,-0.02572422882196357,-0.01991816419569603,-0.022261502088689378,-0.022261502088689378
2022-02-26 00:00:00+00:00,-4.115867115084271e-05,0.004475643193609935,-0.004978078440431077,-0.004489916968358321,-0.00017026000467590396,-0.0008861690982635562,-0.001764011269486332,-0.00019184316904075072,-0.0008861690982635562,-0.0008861690982635562
2022-02-27 00:00:00+00:00,0.0011376961434186317,-0.0010669772825471213,-0.0019988371066324007,-0.004163838686605081,0.0030865441238503433,0.0018352764883842188,0.0019241387184678604,-0.002414624213454397,0.0018352764883842188,0.0018352764883842188
2022-02-28 00:00:00+00:00,0.0005336708266399093,-0.0068128971417895645,0.0032770375504278526,0.005951618226660793,0.0021925498225519036,-0.000916996888643884,-0.0007080431434137724,-0.0017018407209380415,-0.000916996888643884,-0.000916996888643884
2022-03-01 00:00:00+00:00,-0.0017170583413669283,0.0016573535516335447,0.005206047204101338,0.009176263710261923,0.004030963399665799,0.007348339857976338,0.008921464815546454,0.006348724948586737,0.007348339857976338,0.007348339857976338
2022-03-02 00:00:00+00:00,0.0029762188664899103,-0.0014564506702277047,0.009626806544543731,0.00710098378408941,0.00797427776518811,0.009491239933244966,0.009328202049735834,0.008706947957401123,0.009491239933244966,0.009491239933244966
2022-03-03 00:00:00+00:00,0.0003086415067534709,0.006365665969819023,-0.0018630620812345455,-0.0032208155745004907,0.001943255362322649,0.0013973189546807596,0.0029577515491900908,0.0023366362014283215,0.0013973189546807596,0.0013973189546807596
2022-03-04 00:00:00+00:00,0.0008892967574116728,0.0018069565817828703,0.003278084560994987,-0.0007903047694365339,0.002128768247185331,0.007711683275110071,0.006921293590424593,0.002420883922977568,0.007711683275110071,0.007711683275110071
2022-03-05 00:00:00+00:00,0.0024448516740953607,-0.007585443838973749,0.0050725903175086184,0.003898161664493749,0.00031791742049946947,0.0026266241158479087,0.0006066260512751498,-0.0007767045171139797,0.0026266241158479087,0.0026266241158479087
2022-03-06 00:00:00+00:00,0.002792882023604726,-0.0016722158857119807,-0.006574505777737105,-0.002392206712406697,-0.0034129581828211686,-0.0026106705634039162,-9.074725230040492e-06,-0.00321710344709758,-0.0026106705634039162,-0.0026106705634039162
2022-03-07 00:00:00+00:00,-0.0047704006486077866,0.0024776362833291987,0.0010973238839708799,-8.336628244975941e-05,0.003802091302639754,0.00037176230081947814,-0.0017165930600437918,-0.00014630309155583276,0.00037176230081947814,0.00037176230081947814
2022-03-08 00:00:00+00:00,-0.006561902067649172,0.006158928264162089,-0.0010521702208600159,-0.0004202823921244381,0.00034429612690267675,-0.0020913936909000563,-0.003048594595328802,-0.0026986888227107375,-0.0020913936909000563,-0.0020913936909000563
2022-03-09 00:00:00+00:00,-0.005100604881415505,0.005342316789750834,-0.003124568374179737,0.000860287119320402,-0.010575844948358948,-0.0008060646451899522,-0.0029959337792024865,0.0054405840918365644,-0.0008060646451899522,-0.0008060646451899522
2022-03-10 00:00:00+00:00,0.002827468253562504,-0.0009824437248234785,0.003897087297789481,-0.002079786179398857,0.005205659440651322,0.002476495104902998,0.0013544336230906229,-0.002097662878012496,0.002476495104902998,0.002476495104902998
2022-03-11 00:00:00+00:00,0.015954052425180443,-0.0054999647860015655,0.003523861979979559,0.006253536699113882,0.0003925255965908647,0.009667282366731422,0.012263701422517093,0.010737946098860585,0.009667282366731422,0.009667282366731422
2022-03-12 00:00:00+00:00,0.0007069834950093057,0.003318713600015233,-0.0006542323751489443,0.004575999845986445,-0.0011450971568748303,0.002511601181280021,0.002039872359138162,0.0017600328492897166,0.002511601181280021,0.002511601181280021
2022-03-13 00:00:00+00:00,-0.0027357870012987284,-0.0037057425815841816,0.0009137825202234495,0.0005952027898126211,0.0009781180169874393,0.0002161850376301011,-0.00010205897777160189,-0.002159838962170979,0.0002161850376301011,0.0002161850376301011
2022-03-14 00:00:00+00:00,-0.002498725249642453,0.000756914630584804,0.00014375788788778543,0.00019499870287775778,0.0018475230775691909,0.0011596454560001135,-0.0005624350133281997,0.0014891399360754676,0.0011596454560001135,0.0011596454560001135
2022-03-15 00:00:00+00:00,-0.003099758052464874,-0.0005863246913214715,-0.003517299324284018,-0.004743289831514286,-0.0014502371639992795,-0.00472412583462456,-0.006683586095934446,-0.011072248107286575,-0.00472412583462456,-0.00472412583462456
2022-03-16 00:00:00+00:00,-0.00048216229868247584,-0.005051782717756748,-0.002741613675178667,-0.0003507585034052685,0.002378072201662418,-0.0004916366192431187,-0.0009552769979187525,-0.002375164068275759,-0.0004916366192431187,-0.0004916366192431187
2022-03-17 00:00:00+00:00,0.010801531430931322,0.003660961873076074,0.002418505765334533,-0.0006220713562576918,-0.003986904710453598,0.006914813458496649,0.009097927676128714,0.011121289008343194,0.006914813458496649,0.006914813458496649
2022-03-18 00:00:00+00:00,-0.009162960351313143,0.001334460873219978,0.005539138541119426,0.0031487775949909924,0.0034272300775188835,-0.00011212715129327311,-6.909828867329715e-05,0.000400937943908275,-0.00011212715129327311,-0.00011212715129327311
2022-03-19 00:00:00+00:00,-0.010164239304132905,-0.005941810058156527,0.014300693202492276,0.012707793517386046,0.010955984930424378,0.004822258459687534,0.0020367046572842273,0.00677808358573273,0.004822258459687534,0.004822258459687534
2022-03-20 00:00:00+00:00,0.0023856309052434632,0.0033119957479998963,0.008560793529666322,0.00806907891897679,0.004981783126074557,0.008552386268266599,0.008898390198796458,0.008877506127688894,0.008552386268266599,0.008552386268266599
2022-03-21 00:00:00+00:00,0.0015904178566510385,-0.005023581238984387,-0.0011783017444897403,-0.00219241653620017,0.0027863247744635,-0.00206388433328597,-0.002030124596362093,-0.002670275563844915,-0.00206388433328597,-0.00206388433328597
2022-03-22 00:00:00+00:00,-0.0016929963700745843,0.004475734300388945,-0.0019163972383851036,0.00010511161956383575,-0.0018980339764432808,-0.0004190014368079531,0.0020706679428350583,0.002419141830410698,-0.0004190014368079531,-0.0004190014368079531
2022-03-23 00:00:00+00:00,-0.0036649205928482864,-0.002667110472476586,0.001567533849058167,0.006250917129502209,0.0026433367912288563,-0.0005780177669718611,0.00011028173501270722,-0.002385023205622727,-0.0005780177669718611,-0.0005780177669718611
2022-03-24 00:00:00+00:00,0.008191714572173936,-0.0029977328347183807,-0.002154707244316101,-0.001264277099295441,0.00043433278881410686,-0.0001921024695908935,0.0031364145760233164,0.003400229736521654,-0.0001921024695908935,-0.0001921024695908935
2022-03-25 00:00:00+00:00,-0.0029567898074152055,0.000692531074539815,0.0040516753581612,0.00417916713759281,0.002354139531135502,-0.0025232051640710074,-0.0016708560832020547,-0.00038454642416052565,-0.0025232051640710074,-0.0025232051640710074
2022-03-26 00:00:00+00:00,-0.02103089925455559,-0.004730938954677466,-0.0001550711247358949,-0.00024506576160054916,0.002780784432814043,-0.0149577186003379,-0.015705422093083454,-0.01587932626058386,-0.0149577186003379,-0.0149577186003379
2022-03-27 00:00:00+00:00,-0.00025812541372005615,-0.005257184769397516,-0.0066136840470847336,-0.006955487328242582,0.0022253232613536067,0.000706149610594009,0.0012085989106949135,-0.0008673466527268081,0.000706149610594009,0.000706149610594009
2022-03-28 00:00:00+00:00,-0.0063023534362657285,0.000962173929131227,0.001745295759582266,0.0040376272179951656,0.006813573900561698,-0.0007719770812384397,-0.0036979043348714935,-0.006331351018571296,-0.0007719770812384397,-0.0007719770812384397
2022-03-29 00:00:00+00:00,-0.014520102067416163,-0.003579090407476948,0.004702744862167485,0.002732048800723641,-0.0036335990899418746,-0.00768254102212107,-0.005388871708796983,-0.0017349840409881523,-0.00768254102212107,-0.00768254102212107
2022-03-30 00:00:00+00:00,-0.010795169411046857,-0.003566695313475421,-0.0015161428950790645,-0.004204806340537881,-0.0005697553753732931,-0.004357733819021714,-0.004131072767680544,-0.007571034459152082,-0.004357733819021714,-0.004357733819021714
2022-03-31 00:00:00+00:00,-0.025587057101688293,0.013493283033206405,0.0029296589378839943,0.0005456098359040151,-0.013526277913909479,-0.01508499821465148,-0.01914413111264157,-0.008597922541871972,-0.01508499821465148,-0.01508499821465148
2022-04-01 00:00:00+00:00,0.004072517612394133,-0.005820175828980423,-0.002494183660352145,-0.007446587188387532,-0.001976752631402845,-0.005937650695563734,-0.00747117145845444,-0.005994791861718585,-0.005937650695563734,-0.005937650695563734
2022-04-02 00:00:00+00:00,5.5665206648569665e-06,-0.009158935508668753,-0.005290316407741358,-0.004579129729526565,-0.0010776178813860504,-0.0025697356206350053,-0.006436687538086128,-0.00675341917722494,-0.0025697356206350053,-0.0025697356206350053
2022-04-03 00:00:00+00:00,-0.0006507575555190215,-0.009542343705761236,-0.003829012288317335,0.004412512265819846,-0.004007520229457051,-0.004006242113816172,-0.00424959225966548,-0.004371205603851291,-0.004006242113816172,-0.004006242113816172
2022-04-04 00:00:00+00:00,0.0005005424493684796,-0.005926823803051984,-0.0036122653515392456,-0.004884665294878854,-0.0006276284094851592,-0.0029097019559094495,-0.0051148982839551715,-0.007662716505241418,-0.0029097019559094495,-0.0029097019559094495
2022-04-05 00:00:00+00:00,-0.0008174698368625943,-0.00596431538227693,0.0007771993788348031,0.005511251721010302,0.003362700404684116,0.0011597385317796416,-0.0006113607318996017,-0.0004769663578323424,0.0011597385317796416,0.0011597385317796416
2022-04-06 00:00:00+00:00,-0.0042529019622373765,-0.0028743517135164653,0.008825488311327456,-6.503243438260586e-05,0.013107642026716437,0.005794468044788781,0.004622725405680095,0.002407464166755968,0.005794468044788781,0.005794468044788781
2022-04-07 00:00:00+00:00,-0.00035135537229680214,0.0014319636946515946,-0.0013498878202312659,0.0015482556326822383,0.0034159311045289797,0.002027177255741641,0.0006994287336947735,-0.001045670440891433,0.002027177255741641,0.002027177255741641
2022-04-08 00:00:00+00:00,0.0014989171231249987,-0.00306068338494192,0.004100138071043036,0.001996864038718682,-0.0002518812555584171,0.0024221287538217506,0.0007487222160500462,0.0016816115777185114,0.0024221287538217506,0.0024221287538217506
2022-04-09 00:00:00+00:00,-0.002764579837734815,0.0001582436731237813,0.0016334177914836268,0.0033585501533897055,0.00286608644533759,-0.0011038508505508693,-0.0010961288557074234,0.0002597671345505592,-0.0011038508505508693,-0.0011038508505508693
2022-04-10 00:00:00+00:00,-0.0008534454982705997,-0.0009790151380287826,0.0015331366861670581,0.0008470680909857808,0.00044482414296220796,0.00036296085347697904,0.00018789864682400292,-0.0004893514785232478,0.00036296085347697904,0.00036296085347697904
2022-04-11 00:00:00+00:00,0.004806657807390424,-0.006080780349302928,0.0038306516029802395,0.0030940150507094977,0.0036636384793038435,0.002910429254224134,0.004328600461130705,0.00504239244830873,0.002910429254224134,0.002910429254224134
2022-04-12 00:00:00+00:00,0.0008817300080641299,-0.0024173475928016552,0.0008352244347884508,0.00034755634555594384,0.008031223811164834,0.006206587360714666,0.00377391915287828,-0.0027961087857094613,0.006206587360714666,0.006206587360714666
2022-04-13 00:00:00+00:00,-0.003138983224716174,-0.00021380604782639256,0.003594779450064589,0.0006085237278292688,-0.004290279264428598,-0.0025234855983122806,-0.0016700024336206987,-0.002045906668776354,-0.0025234855983122806,-0.0025234855983122806
2022-04-14 00:00:00+00:00,-0.001022014666152149,0.0023587998567782265,-0.00038144740565382307,-0.0009025051506824644,0.0004627305906497181,0.00025474225340382795,-0.0002150688267373857,-0.0013529313710911595,0.00025474225340382795,0.00025474225340382795
2022-04-15 00:00:00+00:00,0.0034214417128630714,-0.00132346286725038,0.0022114579608927265,0.0008460969697714482,-0.0025139619576097783,0.0007797813643706242,0.001173900013325957,0.002131151436257195,0.0007797813643706242,0.0007797813643706242
2022-04-16 00:00:00+00:00,0.00026471086283441636,-0.003850744752870061,0.0012358071758546973,0.004553600060368979,-0.00038685441764263473,0.0015065666641704833,0.0015056399996118408,0.0014536741823960586,0.0015065666641704833,0.0015065666641704833
2022-04-17 00:00:00+00:00,-0.0016878833583341413,0.010621165582013425,0.003891446759590078,-0.00045527146445323297,0.0056443112898960646,0.008956177436239665,0.007862345046557584,0.0038894396206881066,0.008956177436239665,0.008956177436239665
2022-04-18 00:00:00+00:00,-0.007487254207434457,0.00014637247986826196,-0.0035338277635077464,-0.002603917960477209,-0.000975433720502128,-0.007281341629423177,-0.007970045587296859,-0.010273731356962412,-0.007281341629423177,-0.007281341629423177
2022-04-19 00:00:00+00:00,-0.010163252497606079,-0.004159880134442351,-0.004227035605231855,-0.001753806377792766,-0.003250269416263163,-0.008693539728530042,-0.007992422641557417,-0.009336683374073007,-0.008693539728530042,-0.008693539728530042
2022-04-20 00:00:00+00:00,-0.008358577793457944,0.009248508466998873,-0.009490915107522202,-0.00991629542525374,-0.010701843601038763,-0.014248498555044398,-0.011667113519195471,-0.008269499943265868,-0.014248498555044398,-0.014248498555044398
2022-04-21 00:00:00+00:00,0.010958219149092674,-0.007247125109042685,0.006007439125617076,0.003978246170259769,0.002627623204831453,0.006446105454389395,0.004126164478971628,0.007379932674045575,0.006446105454389395,0.006446105454389395
2022-04-22 00:00:00+00:00,-0.002512388443215219,-0.004771000837744954,0.0022341101120990636,0.0031968044046977173,0.004997212356422365,0.0036450542309161005,0.0010361406174610455,-0.0021869815630797262,0.0036450542309161005,0.0036450542309161005
2022-04-23 00:00:00+00:00,-0.0004969155117513502,0.007557001167031396,-0.0005018090036863487,-0.0055204132318277255,-0.0004689181463204406,0.0017206427980809291,0.0009859115405761454,0.0005036193471807948,0.0017206427980809291,0.0017206427980809291
2022-04-24 00:00:00+00:00,0.0018637955021374442,-0.0033525251385642107,0.0011798180844746486,-0.00033135174425902303,0.0021064727300117436,0.0009406399223086392,9.587543948752497e-06,-0.00039643753008000715,0.0009406399223086392,0.0009406399223086392
2022-04-25 00:00:00+00:00,0.0018938647989419355,4.976927017574795e-05,0.0014800210041829853,-0.0058873651419272255,0.0031043582442846773,0.002484772360013654,0.0018044499889400267,0.0018588012187521485,0.002484772360013654,0.002484772360013654
2022-04-26 00:00:00+00:00,0.004884976211795733,0.0016355862279850975,0.0026660203540809224,0.009032296986401844,0.005659885221766192,0.008838612379830968,0.006690365155623379,0.005808487229250758,0.008838612379830968,0.008838612379830968
2022-04-27 00:00:00+00:00,-0.004080917925918248,0.009402131043561246,-0.0028211239354757334,-0.007211922143584348,-0.0037413179554167675,-0.0035815962360267184,-0.0026550781328791295,-0.0006852898783921146,-0.0035815962360267184,-0.0035815962360267184
2022-04-28 00:00:00+00:00,-0.00293143387264605,0.004991813911049414,-0.0002471042242723209,-0.000911081837355221,1.2059478899928422e-06,-0.0009805433606280278,0.00016555805823870173,0.0020771566492050475,-0.0009805433606280278,-0.0009805433606280278
2022-04-29 00:00:00+00:00,0.007568159027353527,-0.004646129907855956,0.005998138757670635,0.007726422233501173,0.0015711888436074073,0.005535509147784223,0.007535575912942738,0.006429147864775997,0.005535509147784223,0.005535509147784223
2022-04-30 00:00:00+00:00,0.008818920445692768,0.012714984132222273,-0.002170682310420502,0.007372528407993295,0.0006941567529945569,0.008861133920600617,0.013930720339863756,0.009939509477014719,0.008861133920600617,0.008861133920600617
2022-05-01 00:00:00+00:00,0.0018325052520180574,-0.007976810271465906,0.0022887416648535996,-0.003302098726388203,0.005493592896225197,0.00033504375740123216,-0.001750675413918601,-0.004865500180641136,0.00033504375740123216,0.00033504375740123216
2022-05-02 00:00:00+00:00,0.005118059821868082,-0.00018610534176732862,-0.0013971947893777203,0.0005810737844562652,0.001803406888309489,0.002691210480888939,0.0034223744032038095,0.004176396987566555,0.002691210480888939,0.002691210480888939
2022-05-03 00:00:00+00:00,-5.400105133079869e-05,-0.004284870378772343,-0.00127217803715296,0.001163144144924022,-0.0013018992935119877,-0.004367543520303441,-0.004052824355899709,-0.0041722955442106135,-0.004367543520303441,-0.004367543520303441
2022-05-04 00:00:00+00:00,-0.009497615965655681,-0.014898459149754184,0.0003286788636185367,0.0003737861382335783,0.004934457859422814,-0.009009043755482282,-0.00812743342058575,-0.015624429119789673,-0.009009043755482282,-0.009009043755482282
2022-05-05 00:00:00+00:00,0.007349162051549785,-0.0023114727912830757,-0.000675818461467137,0.005332387295497121,-0.005616313282108765,0.0012337315418533557,-0.004009641970532107,0.00014988518760827851,0.0012337315418533557,0.0012337315418533557
2022-05-06 00:00:00+00:00,0.00024001354169489453,-0.0021317823712495576,0.0003522017952484191,0.0023564141471508204,0.0026551030636929873,0.0019460446297319134,0.001048861868133688,-4.564824946184931e-05,0.0019460446297319134,0.0019460446297319134
2022-05-07 00:00:00+00:00,0.0064287340406010696,0.0036063667269949917,-0.0006855785805117698,0.0016852515309864202,0.0007828734307486762,0.0046750646671425145,0.005921707814631416,0.0041082259617306605,0.0046750646671425145,0.0046750646671425145
2022-05-08 00:00:00+00:00,-0.0011634197189883677,-0.0028357627824107112,-0.0008855405522930626,0.0018782438336630847,-0.0018735370327719325,-0.004526034830949377,-0.0032433506686846414,-0.002878251160501444,-0.004526034830949377,-0.004526034830949377
2022-05-09 00:00:00+00:00,0.02214372508738993,-0.006850598452360468,-0.0036862313760851473,0.0016121732051825877,-0.001549434573828945,0.008251686436026917,0.0054227814028637855,-0.0018068574312697372,0.008251686436026917,0.008251686436026917
2022-05-10 00:00:00+00:00,0.011877381414944876,-0.005526764409139129,0.0018695508864927657,-0.0020631147663836558,0.0069467292260629865,0.006247191334598501,0.00947760733854297,0.013787764084003618,0.006247191334598501,0.006247191334598501
2022-05-11 00:00:00+00:00,0.03762751133889264,0.010677927783100616,-0.022586036061769676,-0.007083067879335214,0.00852096729236207,0.03280724945911251,0.03979199290216062,0.03834350128740449,0.03280724945911251,0.03280724945911251
2022-05-12 00:00:00+00:00,0.009901191202418058,-0.0011180587203624137,0.00031195478612033867,0.00016105297270541108,0.004619186408672871,0.010170782501554676,0.007108526873528032,0.008484112329972593,0.010170782501554676,0.010170782501554676
2022-05-13 00:00:00+00:00,-0.008304624731958477,-0.018697849133163302,0.009382453349148445,0.013219060978969965,0.009382104523097734,-0.0043052306324823375,-0.0045837085209722295,-0.0031848069778851462,-0.0043052306324823375,-0.0043052306324823375
2022-05-14 00:00:00+00:00,-0.006136582743699104,-0.00646162418530527,0.003380415557847849,0.003850353363725967,0.003933295241319579,-0.005034346366006304,-0.00246622951419162,-0.006561980378610999,-0.005034346366006304,-0.005034346366006304
2022-05-15 00:00:00+00:00,0.002460473564588339,-0.008675657075472354,0.0001612297020112674,-0.001709304393186506,0.0028896387208208196,-0.001266849864545616,0.0011397381069131463,-0.0019609887359111067,-0.001266849864545616,-0.001266849864545616
2022-05-16 00:00:00+00:00,0.004675047191557091,0.0012134584098992818,0.005406017817097597,0.002518503890015733,0.006003401216009285,0.0064120281489672415,0.004258963908843949,0.00475328406782749,0.0064120281489672415,0.0064120281489672415
2022-05-17 00:00:00+00:00,-0.00468038468458476,-0.011729253024043818,0.0010844606331390505,0.004312961016166961,0.0002596955881803975,-0.005531312472639605,-0.005152710766315627,-0.008414292463942874,-0.005531312472639605,-0.005531312472639605
2022-05-18 00:00:00+00:00,0.0030060339145154824,0.004076848847982317,0.0008656771770032545,-0.0010239266368854416,0.005394222633197998,0.0022298279085020134,0.0035246653683329576,0.005747243412965286,0.0022298279085020134,0.0022298279085020134
2022-05-19 00:00:00+00:00,-0.0062522580616055645,-0.002475193377052709,0.00765196057107298,0.00992804726060803,0.01215455383189945,0.005742041503843831,0.0026318272985361713,-0.0014097041031234658,0.005742041503843831,0.005742041503843831
2022-05-20 00:00:00+00:00,0.0034660423594945478,0.0024133017885263897,-0.002913685825471468,-0.0008328422086146814,-0.0029904905606477072,0.0009956834037250228,0.0015846387285101127,0.0026377792425602564,0.0009956834037250228,0.0009956834037250228
2022-05-21 00:00:00+00:00,-0.005230645801952871,0.001521238203079811,0.0033345476503168214,0.006619499541407503,0.004258842500304061,0.0020061977532637165,1.3723380290819875e-05,0.0022647220945477553,0.0020061977532637165,0.0020061977532637165
2022-05-22 00:00:00+00:00,-0.002249970004518098,-0.0041188057669092615,-0.00021226483067338098,-0.0011712981767790787,0.0034999310003573925,-0.0026151859496612584,-0.004142516091927284,-0.003981855953273383,-0.0026151859496612584,-0.0026151859496612584
2022-05-23 00:00:00+00:00,0.0033426445160247287,-0.006620971419642019,0.0014705678991240312,0.0031473195081213046,-0.0005491788040673518,0.0012566853281115176,0.0001463267411920821,0.0015574711999992719,0.0012566853281115176,0.0012566853281115176
2022-05-24 00:00:00+00:00,-0.00035961762028524635,-0.007670655554557593,0.008445441530857245,0.0054682144246569475,0.011049028149106022,0.0022507980718011744,0.0015556750618963555,0.0003297487047884129,0.0022507980718011744,0.0022507980718011744
2022-05-25 00:00:00+00:00,0.0019705894153279058,-0.0005545758459865047,0.004053482965931998,0.0028779578430815356,0.000642669159438336,0.0012043202362366223,0.0020284102899750245,0.001829464309218931,0.0012043202362366223,0.0012043202362366223
2022-05-26 00:00:00+00:00,0.008147640928566346,-0.004886486430663584,0.0001301605869146183,-0.0027428119699703934,-0.004637697952830755,4.0586983780732666e-05,0.0035660686373086836,0.004190655059974624,4.0586983780732666e-05,4.0586983780732666e-05
2022-05-27 00:00:00+00:00,-0.0021512089590862704,-0.0015499673407458614,0.006228724579381062,0.007343516818755003,0.008267400620275644,0.003440805743090136,0.0019233290498226197,0.0006111409529927503,0.003440805743090136,0.003440805743090136
2022-05-28 00:00:00+00:00,-0.0005151808080950948,0.0024547731917439197,0.0034814511805065784,0.005119211785604039,-0.0008556703298718826,0.002518804817819076,0.0021390477070462044,0.003304279482248207,0.002518804817819076,0.002518804817819076
2022-05-29 00:00:00+00:00,-0.006922615915888941,0.019183771976032382,0.0009272251320027181,0.0017604052402382386,-0.00032362645244843335,0.0037846929691818243,0.003815825900775005,0.004127210863678732,0.0037846929691818243,0.0037846929691818243
2022-05-30 00:00:00+00:00,-0.00259589903502222,-0.010324960387749216,0.015323700942579732,0.006025462271295412,0.008894529509757776,0.0020685835404237185,-0.0011776986741689477,-0.0022880792245532078,0.0020685835404237185,0.0020685835404237185
2022-05-31 00:00:00+00:00,-0.004148242376380562,-0.005781458117574245,0.00799331571296813,-0.0005342141356869945,0.011412977138701041,0.0025177636266373593,0.000334042300563997,-0.0024806603836164953,0.0025177636266373593,0.0025177636266373593
2022-06-01 00:00:00+00:00,0.003942598939973063,-0.001916984078214723,0.0009532717793567791,9.810083411054826e-05,0.0046896180198177095,0.002929546984840936,0.003304345824538535,0.0035248249389439046,0.00177015205841613,0.002929546984840936
2022-06-02 00:00:00+00:00,-0.0016858963055196297,0.001422969230688409,-0.0007659460254176853,0.0027576328116174498,-0.002431352007164267,-0.0007940018577953234,-0.00043399203340110937,-0.0005394987335383128,-0.0010593466717357947,-0.0007940018577953234
2022-06-03 00:00:00+00:00,1.0225434105670672e-05,0.004963042577329713,0.006406174458672975,0.010247034942825417,-0.00017953772993484218,0.005007214531646875,0.005695856423223455,0.007337287376302237,0.003718639916869826,0.005007214531646875
2022-06-04 00:00:00+00:00,-0.0007894137188209083,-0.005663906319155365,-0.005331658632120373,-0.0019074432577331768,0.00019585195359317353,-0.0038930326633368484,-0.004962013966850254,-0.004775045799689348,-0.0015760638643850244,-0.0038930326633368484
2022-06-05 00:00:00+00:00,0.002157803036092476,0.0002827086793169009,0.00030224079089125055,-0.003118283093428764,0.0032023875207689567,0.0024659863416938155,0.002223568680874255,0.001141910283980696,0.0010614773374606479,0.0024659863416938155
2022-06-06 00:00:00+00:00,-0.001777521597434495,0.0028273637109161864,0.006292315083829658,0.004633087964186489,0.005701881214980498,0.004815836333946111,0.00364330344553343,0.0005203426134050559,0.0038446043193294255,0.004815836333946111
2022-06-07 00:00:00+00:00,-0.042405340471413755,0.04647981177697669,0.009057067231174276,0.0034257175462089062,0.005162809443552074,0.013521149264225762,0.012251909911388026,0.010352068647998314,0.007332965247009993,0.013521149264225762
2022-06-08 00:00:00+00:00,0.018361421097985664,-0.013324592067567864,-0.017702373798045956,-0.013767956974494844,-0.0033425435899190337,-0.008697669765707294,-0.00819724281543166,-0.010152710868448711,-0.009009296039585557,-0.008697669765707294
2022-06-09 00:00:00+00:00,-0.001194166657913165,0.002609609174548222,-0.0010031556243017548,-0.002596289442697297,0.005870227937366357,0.0008987515818836833,0.0009992018526945312,0.0004625916443690148,0.0014770786020363857,0.0008987515818836833
2022-06-10 00:00:00+00:00,7.515228540899699e-05,0.0031361406655050494,0.005144586589765243,0.0041620079647890496,0.001313926702888546,0.001864590161692048,0.004635652765619058,0.003823076031771011,0.002783988422754513,0.001864590161692048
2022-06-11 00:00:00+00:00,0.002451863668944787,0.0015079561981685696,0.003315327456113515,0.00420336343926464,-0.004736107721147187,-0.00012934633084327185,0.0007228660938607412,0.005148562120916411,-0.001004391391517423,-0.00012934633084327185
2022-06-12 00:00:00+00:00,0.0034083860878844074,-0.00012346764575754676,-0.0019040673828826238,-1.8183870149401926e-05,0.003811224272597613,0.004665440006569321,0.0007895387756495786,0.0009471663637112826,4.442850493302508e-05,0.004665440006569321
2022-06-13 00:00:00+00:00,-0.00762606154899248,0.0008759095804669048,0.007121781129132199,0.0028729532564584215,0.004025228807871928,-0.0076088117830108715,-0.006376190980505014,-0.0014662743377782395,0.004739579118050008,-0.0076088117830108715
2022-06-14 00:00:00+00:00,-0.0006191309602352479,-0.0012662339453402005,-0.002028767640802953,-0.0027251105381981278,0.0008560546683971104,-0.005327933987004707,-0.005627760739442045,-0.005166868067091546,0.00022249721161382574,-0.005327933987004707
2022-06-15 00:00:00+00:00,-0.0002510961978153814,0.0001496560609817177,0.00980691936515976,0.004165566824833045,-0.0037732742908399564,0.005028743932836033,0.009530952465080622,0.00167867959667789,0.016148190600730583,0.005028743932836033
2022-06-16 00:00:00+00:00,0.0012262329088665869,-0.002661807311443054,-0.001387147969175273,0.0015465679048856096,-0.002256543776091302,-0.004301412456221176,-0.003941152024691474,0.0013908178895427614,-0.00552644440021699,-0.004301412456221176
2022-06-17 00:00:00+00:00,-0.0024418043443016346,-0.0010342452364009436,-0.0034589528918413937,0.0030027049938687878,-0.0024826540174481826,-0.0047466373314069,-0.006670127773776402,-0.006775556226603863,-0.0011616370891589511,-0.0047466373314069
2022-06-18 00:00:00+00:00,-0.0015414469807557563,0.0034015364963506656,-0.003181381845507314,-0.0007984614929610334,0.0008593553800695375,0.0026166834089120794,0.0026086693284275153,0.005134156935674872,-0.0018959471258735983,0.0026166834089120794
2022-06-19 00:00:00+00:00,0.0009453271198336388,-0.0026090601476175257,0.00943858200842973,0.007000991278289126,0.001089448646253377,0.002320764175546053,0.007824693312473263,0.00216868004914339,0.007648034884951471,0.002320764175546053
2022-06-20 00:00:00+00:00,-0.0024515091919534715,-0.002091340643555095,0.003576225572370584,0.000682225739375264,-0.0017076230287405014,-0.004015251498206918,-0.002812749357369415,-0.0011187876699740862,-0.0016812615393118069,-0.004015251498206918
2022-06-21 00:00:00+00:00,0.0019008899209731478,-0.010128927032536095,-0.002005842488968068,-0.004252861652574436,0.004579578683870933,-0.004182147024483496,-0.00853283407829164,-0.012454062606797933,0.0020084454369286853,-0.004182147024483496
2022-06-22 00:00:00+00:00,-0.0003479885451934672,0.0027010688626114554,-0.002089552886537116,0.0016570507425504033,-0.0020224011581730927,-0.0012555779302171333,-0.001071876438682673,0.0012842349006898512,-0.002132827534115589,-0.0012555779302171333
2022-06-23 00:00:00+00:00,0.0026255694796899487,-0.00130298805462703,0.0062440233473395335,0.0016387770861652218,-0.002421856298746139,0.0004653366745828169,0.0020828644572321586,0.0024480371738220263,-0.006290013262364336,0.0004653366745828169
2022-06-24 00:00:00+00:00,0.0035834225254025576,-0.0025795516837964216,0.001019768112090702,-0.0016093380866135654,0.004458954260140313,-0.00038658488760401344,-0.0027173793929630152,-0.0018268773694658513,0.0012797476446253508,-0.00038658488760401344
2022-06-25 00:00:00+00:00,0.0013821280557149151,-0.0025646844949693826,-7.519704717462439e-05,-0.004604399846118823,0.0032560737392124395,0.0019366356309518107,7.764589825387525e-05,-0.001097797481785845,-0.002690106313681495,0.0019366356309518107
2022-06-26 00:00:00+00:00,0.002465113491375126,-0.0040942100648011515,0.004033441169977614,0.007718742641581233,0.004476353953212664,0.0027213098682712378,0.0029666683446294417,0.0012588932493742266,0.009128523567613733,0.0027213098682712378
2022-06-27 00:00:00+00:00,-0.002101770375821599,-0.0005684647523348518,-0.002139564911804448,-0.006858033759777782,-0.00369973139536528,-0.005709172575957933,-0.007370310553612147,-0.0071693617267089005,-0.006061677733130155,-0.005709172575957933
2022-06-28 00:00:00+00:00,-0.0015992746357041954,-0.0035581119720761167,-0.0005932767274698936,0.0060592871020708206,-0.0004579885537099315,-0.005004059799732952,-0.00808955263405109,-0.005004933939414258,-0.0008479971624356653,-0.005004059799732952
2022-06-29 00:00:00+00:00,-0.003969468265285214,0.0012839670046767004,0.0006140598008421705,-0.005498179765270894,0.0006805735201593777,-0.004530458444388374,-0.0031169586633341684,-0.0038303549204771192,-0.0005813625251619436,-0.004530458444388374
2022-06-30 00:00:00+00:00,0.0029192811422369402,-2.8753607476006415e-05,0.005454473525469794,0.006457427085930334,0.006170462557149037,0.007179182809474494,0.006386988821838191,0.0031300174857871177,0.00460132647639111,0.007179182809474494
2022-07-01 00:00:00+00:00,-0.0015630902235251876,0.00039299432974848614,0.0020603046894467347,0.003804990065411351,0.00023787003638009452,0.0016926286421528047,0.0011933116812539168,0.0006840782842154614,0.0023749430295134655,0.0016926286421528047
2022-07-02 00:00:00+00:00,-0.0006284487775768399,-0.0037135278582268727,0.006160001704874629,0.0017209625155401032,-0.0006967394777414038,-0.0005709953704550186,-0.00047294115736162823,-0.0009201810858137094,0.0012329785930014214,-0.0005709953704550186
2022-07-03 00:00:00+00:00,0.0003300536135513177,-0.0004428126039498492,0.0006030277025541597,-0.0010280212539479638,0.0010625437076916544,0.0017809088683364838,0.0007961974540975358,-0.0006817271070257425,0.0001204752369443618,0.0017809088683364838
2022-07-04 00:00:00+00:00,0.0005653450518459113,0.002743942780176978,-0.004918798160107429,-0.00304551316771684,-0.0030691007624894517,-0.002102254972048745,-0.0028348607563973838,-0.0011351697184190934,-0.0030060341926284595,-0.002102254972048745
2022-07-05 00:00:00+00:00,0.00040423209414286454,0.003174549495182699,0.004871312019378848,0.004159296856272476,-0.0017141773517377334,0.0047047564947459986,0.006770677698131777,0.007629692649642195,0.001299342102908163,0.0047047564947459986
2022-07-06 00:00:00+00:00,0.000515782852178237,-0.0006220590135161963,0.0011506022764138368,-0.00289634158425911,-0.0033310727035167353,-0.0023837129508140764,-0.0024081496907663036,-0.0009023986020669783,-0.0028511486043686363,-0.0023837129508140764
2022-07-07 00:00:00+00:00,0.00017301169844663455,-0.0013718695249547164,-0.004830592281917068,-0.006507102389070374,2.587779734519735e-05,-0.002209642241946641,-0.003128286750405551,-0.005036850149241268,-0.0019638718871060057,-0.002209642241946641
2022-07-08 00:00:00+00:00,0.00046567704331779147,-5.5312816082842e-05,-0.003307125213574902,-0.0007496766046033443,-0.0013199615509440488,-0.0024001725965088205,-0.00039383288984551346,-0.00236460968595531,-0.0032481203915322165,-0.0024001725965088205
2022-07-09 00:00:00+00:00,0.00014580114591944415,-0.006830153527549343,-0.002745402116005824,0.0019276662045226711,0.0009042724418970582,-0.0025507611965389643,-0.0028131370153212654,-0.0036699575433205567,-0.0005015446757221653,-0.0025507611965389643
2022-07-10 00:00:00+00:00,0.0002055299041858749,0.0014393911694254857,-0.0025587300572260663,-0.0008492107133960536,0.00017033564890045483,5.29025704063546e-05,0.00014717052475399228,-0.00027304327585808696,-0.0010574560472388361,5.29025704063546e-05
2022-07-11 00:00:00+00:00,2.396373111146488e-05,-0.001988281503258138,0.0030593583913742783,0.003277846778017235,0.002137444508666153,0.0025206785964768663,-0.0010363832100168668,0.0011909310169138099,0.0032351837438280295,0.0025206785964768663
2022-07-12 00:00:00+00:00,0.0006599529160631334,-0.0016113281231778798,0.004496020393707001,0.003247972389309739,-0.0022961394877134556,0.0006359236707629279,0.002209531354232297,0.0005317369747450673,-0.00016665915151670152,0.0006359236707629279
2022-07-13 00:00:00+00:00,0.0007122968679542652,0.013809002386022451,-0.014256042986858009,-0.013077049476885372,-0.007300804759309831,-0.004048542955284451,-0.0031897202691831827,1.3780148440112328e-05,-0.012256726240962967,-0.004048542955284451
2022-07-14 00:00:00+00:00,0.0008947762857691721,0.010111119192739215,-0.004923839396454133,-0.009616682298837387,-0.0016520351370705733,-0.001152202442063155,0.0018825191646214545,0.0025204867062424974,-0.005228599567036696,-0.001152202442063155
2022-07-15 00:00:00+00:00,0.0006984016104876201,-0.0034309338453238913,-0.00016752133201891617,0.0022493395901237445,-0.0034370243724305416,-0.0031877796235806333,-0.004275529052217397,-0.0009268003227996813,-0.0011866244092914036,-0.0031877796235806333
2022-07-16 00:00:00+00:00,0.0004987149725170781,0.004971741101721827,-0.0024215727340306525,-0.004227071363911983,-0.0016515747551759663,0.0014596292876614125,0.003483977727304577,0.003462430731594024,0.00023705944889584885,0.0014596292876614125
2022-07-17 00:00:00+00:00,-0.002147916165584851,-0.007861509412163459,0.008908104556502039,0.0058957068892895315,0.00744582915402936,0.0029427922351144,0.0026740968663059306,-0.002120369672756084,0.006798813241741808,0.0029427922351144
2022-07-18 00:00:00+00:00,-0.00402142912757808,0.006628938721128019,-0.00489343228968242,-0.007925817434404903,0.00662617707413693,0.0038085925615825023,0.0008320010028475266,-0.008698511535778275,0.0020699883166956923,0.0038085925615825023
2022-07-19 00:00:00+00:00,0.0009743643123960588,-0.014277158409444102,0.010183343424776448,0.006420069320874466,-0.002232204619235012,-0.0053895769845371255,-0.005892489563329439,-0.0064272025584989345,0.002467493817183586,-0.0053895769845371255
2022-07-20 00:00:00+00:00,0.0018603567146231459,-0.0023863572194013916,0.002558880611805092,0.0010751783386995228,0.0008571723721635394,-0.002219871960071451,-0.0019403111401781192,0.0010690263018993118,0.0010239751317826506,-0.002219871960071451
2022-07-21 00:00:00+00:00,-0.0018274829950077898,0.00943940956142364,0.0019940861455867154,-0.0005442775175222847,-0.0022885592355921247,0.005140481872851099,0.0018248595652596844,0.007180545546349393,0.0005569852127556008,0.005140481872851099
2022-07-22 00:00:00+00:00,-0.0018693717221764938,0.0007791643493675338,-0.00046594474623395943,0.00186501873192646,0.0021952440041901333,0.0031617057843367213,0.0012712354927859604,0.00010983992394453246,0.0024821946206594614,0.0031617057843367213
2022-07-23 00:00:00+00:00,-0.003447690856927421,-0.006816015954263066,-0.00637702180847266,-0.004283775033034232,0.0021038263165666926,-0.004230386003814535,-0.005841816392317067,-0.00886202602414099,-0.00038718537894810723,-0.004230386003814535
2022-07-24 00:00:00+00:00,0.001076521721625756,0.001989644674212032,0.0043328739727570564,0.003910902320903409,0.0012085192363353592,0.0037216598457090466,0.004679204090665134,0.0046188269425533335,0.002041800687706985,0.0037216598457090466
2022-07-25 00:00:00+00:00,0.0012390920773719394,-0.004398215771766134,0.00026459474701368,0.0015943035324754717,0.00291189785610646,-0.0023228983240374257,-0.004156764895553056,-0.0027230346872958444,-0.0006062668352930789,-0.0023228983240374257
2022-07-26 00:00:00+00:00,-0.00023113189217849328,-0.0015432590991065753,0.002874175072032248,0.003439305189554487,0.003556397550057211,0.0037215629317444154,0.0017001130105329665,0.002210242018302777,0.005562886411113688,0.0037215629317444154
2022-07-27 00:00:00+00:00,-0.002074287910088568,0.015539823496668825,-0.009899187127708875,-0.013723574490764667,0.002833195461355631,-0.0022444900700775428,0.002515980290595188,0.0006401494057066692,-0.007138438035922734,-0.0022444900700775428
2022-07-28 00:00:00+00:00,-0.004989281813197688,0.009999447013453677,0.003906720865906266,-0.0006548446644136785,0.0006071565570104909,0.007167275050344424,0.007733636181108894,0.005792432423533667,0.001160126058964872,0.007167275050344424
2022-07-29 00:00:00+00:00,-0.00397524070795463,-0.00545227741589982,-0.0013235200848223938,-0.012745405265928267,0.003170145444402417,-0.006723652437923278,-0.008868485650788127,-0.015767904920082065,-0.004363073190126299,-0.006723652437923278
2022-07-30 00:00:00+00:00,-0.0012830253308520057,-0.008226824084743734,-0.009069888992601527,-0.002182565599359587,0.006975642386205294,-0.006044830768591858,-0.00938745967245369,-0.016456397615073892,0.0018291887784191996,-0.006044830768591858
2022-07-31 00:00:00+00:00,0.00013445016860291759,-0.007574520127214046,0.0014038734800920771,0.0004176515226146371,0.007838151928807324,0.0026912587216343375,-0.0003818394686087023,-0.0035969421818984326,0.0069857635945476115,0.0026912587216343375
2022-08-01 00:00:00+00:00,0.0011627784495098492,-0.00616675299846714,0.005682126956405575,0.0024475519795155165,0.007734764528370963,0.004820544376106239,0.002093541851651448,-0.0019069045486683756,0.007899255160905838,0.004820544376106239
2022-08-02 00:00:00+00:00,-0.0014008059695619357,0.0055815075235963185,0.004411386615819524,0.0025506558791272838,0.00662530851158416,0.009907624901442036,0.008643334548585457,0.007701628829636098,0.004379425293325356,0.009907624901442036
2022-08-03 00:00:00+00:00,-0.003925952065837235,0.002409345584629463,-0.0006964176834181046,0.0007095702174912955,-0.0011418153103095463,-0.002137360453523751,0.0008425164558067966,-0.0002900668911547388,-0.00046016107056034983,-0.002137360453523751
2022-08-04 00:00:00+00:00,0.0011268458399404935,-0.005784842972892945,0.003888928686215598,0.003284316893479966,-0.002019892629632758,-0.000779450048646213,-0.0002835029879131312,0.00036696569840000137,0.000854037348973602,-0.000779450048646213
2022-08-05 00:00:00+00:00,0.000196860414538369,-0.000849674886540086,0.0043054818415213525,0.0019556133255911323,0.001142135941867739,0.0025406211937015755,0.0015676736767213928,0.00048163342981411006,0.0014081327907371488,0.0025406211937015755
2022-08-06 00:00:00+00:00,0.00018228541990072955,-0.000995460299676676,0.0030465362214211478,0.0035655026719778604,0.004632785260955341,0.004296782539844335,0.004318595518568724,0.0026308158556542782,0.004550600747226019,0.004296782539844335
2022-08-07 00:00:00+00:00,0.0002775225398143899,-0.0007725790657209242,-0.0023068437573178224,-0.0008669972972783491,0.001742722261481866,0.00013722647182290437,-0.0015147240848066845,-0.0014523013617734337,-0.0009928949301192258,0.00013722647182290437
2022-08-08 00:00:00+00:00,0.0006128680226795691,-0.004048201668546025,0.0046403677834339074,0.0034955616464642514,0.0016247800621116415,0.0008595613587532025,0.003710336449076701,0.0008808055415414628,0.0017202987626971922,0.0008595613587532025
2022-08-09 00:00:00+00:00,0.0014157068712632448,-0.00038209491414709085,0.008575221089196727,0.0011734840379609146,0.00419738879942555,0.008749671724817443,0.004757434571933006,0.0024732138005916227,0.00733060211886527,0.008749671724817443
2022-08-10 00:00:00+00:00,0.001262967700596196,-0.002558400057791732,0.0014586720633780192,0.0006988768240570042,7.109514797520866e-05,-0.0023130783523119813,-0.00276851080015339,0.0008634547939485593,0.0005783013090328026,-0.0023130783523119813
2022-08-11 00:00:00+00:00,0.00010984441613470786,-0.0002309411222682911,0.0045652666301225775,0.009290961778411155,-9.159328316299398e-05,0.0021693575296304335,0.00395800212121733,0.005993707319892128,0.0008599253773768911,0.0021693575296304335
2022-08-12 00:00:00+00:00,-9.383344504687585e-05,0.0009021678209646389,0.0020466840216508686,0.0029581840021923878,0.003185959416818429,0.004348811461810431,0.006587801945389549,0.0033392830359999515,0.0031740119934515754,0.004348811461810431
2022-08-13 00:00:00+00:00,0.0009000031553918486,-0.0034729801082014067,0.0032354986082225867,0.004577707542875675,0.000857326954364579,-0.00024492009614718313,-0.002691986476558328,-0.001883561098196429,0.0018343762838806121,-0.00024492009614718313
2022-08-14 00:00:00+00:00,0.0004436891094432571,0.004281034601756106,0.004708041960917342,0.001981442545828438,-0.003898938296804877,0.0018219273466058006,0.0010039027298462955,0.010181391011008234,-0.0012625127145152737,0.0018219273466058006
2022-08-15 00:00:00+00:00,-0.0014301212366482075,-0.001352612277167653,0.0017570506219548587,-0.0010807532897952887,0.000656500895513723,-0.0021842741061799398,-0.005617596580902551,-0.0023733377459720373,-0.0005900917920984572,-0.0021842741061799398
2022-08-16 00:00:00+00:00,0.0010415400207979264,0.0031157579303031646,-0.002617190212174658,-0.0018886370365785998,-0.000329181388033839,0.0005215345211675437,0.002447191510843494,0.0022270584154990836,-0.0013745901196080546,0.0005215345211675437
2022-08-17 00:00:00+00:00,0.0009725287950392847,-0.0011435902336954795,0.010105957019255873,0.01025681707655779,0.0025610749599949134,0.005758236655215798,0.0060843004955781765,0.007003719312513201,0.005337121639621412,0.005758236655215798
2022-08-18 00:00:00+00:00,0.0010284283330292965,0.004543474436438322,0.004282755138599104,0.0025939488863728766,0.0005421558875133847,0.0054282063537935965,0.0045144011744266965,0.0063383456644223735,0.0020268478239349186,0.0054282063537935965
2022-08-19 00:00:00+00:00,-0.0018503792454103163,-0.007708380487978617,-0.0016467688331625041,0.000299376918101002,0.005254966354532042,-0.0038131603604817377,-0.008031772568399598,-0.0113490365485156,0.0022564430733515994,-0.0038131603604817377
2022-08-20 00:00:00+00:00,2.8495409725382004e-05,0.002693520093298485,0.0074965819897856445,0.009722385371788045,0.011819264061297963,0.01638348927175759,0.01599953001292609,0.00977483073868024,0.014347177455710236,0.01638348927175759
2022-08-21 00:00:00+00:00,-4.399141452626765e-05,-0.0033221717504218207,0.0032609000182606263,0.0036363711067060045,0.004241622424981939,0.0023912390073206335,0.0013485155436641083,-0.0020320043298596158,0.0031362828755641114,0.0023912390073206335
2022-08-22 00:00:00+00:00,-5.5283546492090885e-05,0.005384663486493357,-0.008856813679523401,-0.0034291292242776272,-0.0009149395874379351,0.0002814743462149494,0.0008657526932036586,0.0003236093888960845,-0.002735848569138777,0.0002814743462149494
2022-08-23 00:00:00+00:00,-0.0004318471887045927,-0.004369029880075481,0.0008885703273073808,0.001324756854971687,0.004781615850801613,0.0006591578707870749,0.00043689398282809044,-0.002647532961198462,0.004385505980353477,0.0006591578707870749
2022-08-24 00:00:00+00:00,0.001903922209065323,0.003400222174791079,-0.005769665353964948,-0.0023310576408339667,-0.003899520826919245,-8.878341821993985e-05,-0.0009565136756900516,0.003777317801628488,-0.0038977058124303188,-8.878341821993985e-05
2022-08-25 00:00:00+00:00,0.0008896154122630673,-0.00235929699101578,0.004396000395759048,0.009177556786408303,0.0033052218618416784,0.005112089507611106,0.0035127679398212486,0.0030772796553377724,0.003182057130636906,0.005112089507611106
2022-08-26 00:00:00+00:00,-0.00030941464071754243,0.0032845659981644015,0.008324957391356413,0.008051339705505312,-0.0029615919648473543,0.007224454578172557,0.008999184777150893,0.011557343879923465,-0.0008974314647943737,0.007224454578172557
2022-08-27 00:00:00+00:00,-0.0008821427880754129,-0.00114960364475436,-0.0031449713070357266,-0.0006404551794627622,0.0025820239585425675,-0.0007448027143593938,-0.0017083057791168477,-0.002588732107493219,-0.0001728106913096994,-0.0007448027143593938
2022-08-28 00:00:00+00:00,-0.0015401412598164965,0.0006589521975215451,0.006840260264820541,0.007708386677625523,0.0023862540566514934,0.00511973905806129,0.006682771234965079,0.006287904357188845,0.004338724729126442,0.00511973905806129
2022-08-29 00:00:00+00:00,0.0009021370254422845,-0.0025188386652568173,-0.0050256458731687825,-0.0036861926575690873,0.0011740853654698125,0.0021052012311484347,0.0005079728161665464,-0.0028041827728886304,-0.0006093258433703674,0.0021052012311484347
2022-08-30 00:00:00+00:00,-0.0001396762790673023,-0.007724413044666201,-0.0020601566360675116,0.0036494563327533758,0.00011042597796651066,-0.005691939837527804,-0.004921832990909203,-0.0036764302969674034,-0.0022352387569464227,-0.005691939837527804
2022-08-31 00:00:00+00:00,-0.00014168805325198708,-0.0008656283448019719,0.0013977778753628822,0.004429936259822798,-0.0011031109178988308,0.0002071418018838589,0.0028372903810849337,0.0023389069601948975,-0.0003294322921963966,0.0002071418018838589
2022-09-01 00:00:00+00:00,-0.0006866680082407983,0.005286855895061171,0.0005849430776483366,0.00011503839020732265,0.001463345092647561,0.0027477286720016814,0.004455275979598383,0.0027365810591304385,-0.0017183340094167887,0.0027477286720016814
2022-09-02 00:00:00+00:00,-0.00021770008050681078,0.004255389382473274,-0.000817481913225504,-0.0019601600909221473,-0.0033497015144320352,-0.0035344190450768975,-0.002365585030466355,0.0015825191634000202,-0.003287034498522301,-0.0035344190450768975
2022-09-03 00:00:00+00:00,0.0005746824818226859,-0.006280860340439176,-0.003347168037790449,0.0008723249760080876,0.000701539332339518,-0.0033132215139265453,-0.004369719867975297,-0.005080969987250716,-6.838538775455483e-05,-0.0033132215139265453
2022-09-04 00:00:00+00:00,0.00045606613431381504,-0.006805030942388268,0.0032128481626683136,0.0026287000158247142,0.0001920991893715751,0.0006031787110829523,0.0009896331994538876,0.00041291121497244454,0.0022856812263409854,0.0006031787110829523
2022-09-05 00:00:00+00:00,0.00083537483377083,0.009227683775474116,-0.008904662269852537,-0.013313048925082449,0.0011228108181844387,0.0019006068632436701,0.0006037617094374337,-0.0024033773543199466,-0.002506162527229794,0.0019006068632436701
2022-09-06 00:00:00+00:00,-0.0015694619286794609,-0.004768464438705267,0.011338516336179216,0.00839535869598107,-0.0006925592534312575,-0.0027210154305313816,0.00023939065781308777,-0.0008349444534736516,0.006666035570290774,-0.0027210154305313816
2022-09-07 00:00:00+00:00,-0.0019190912172146746,-0.00749946721555661,0.004813728028093767,0.008128975213640866,-0.001160877838809915,-0.0025257533403373333,-0.0017188123015529078,-0.0020561820912412543,0.0027746254470764065,-0.0025257533403373333
2022-09-08 00:00:00+00:00,-0.0010817015682974551,0.003742521899687601,0.0029954421105216067,0.0002757244752766841,0.011574974018244921,0.009706341506675153,0.008024100497481923,0.0035754223354504955,0.009150294303555073,0.009706341506675153
2022-09-09 00:00:00+00:00,0.0015395007513048231,0.0005743813340086668,-0.00532729121447284,-0.005599190244903074,0.005127583172533479,-0.0049262023903535734,-0.0022299073391501834,-0.002940716339661864,-0.004728233246165003,-0.0049262023903535734
2022-09-10 00:00:00+00:00,0.001289011247210592,-0.0034223881567065906,0.00439020543547608,0.005339538061642113,-0.0016108443980131781,0.004057335769040327,0.004325203988637227,0.00325079108657067,0.0038200878836696095,0.004057335769040327
2022-09-11 00:00:00+00:00,-0.0001821979699875298,-0.0003987405593723903,0.0021454373317395525,0.001455651900310606,0.0013755452727797213,0.000884137185351852,0.000629633514027228,0.0015210318675697998,0.0016783407677571915,0.000884137185351852
2022-09-12 00:00:00+00:00,0.003761512968829761,0.0024238888238130585,-0.0023562542314571333,-0.0028836534416654125,0.0013342126904762885,0.0032559258073370234,0.0031333614973234614,0.00138846027404127,-0.0031124610469996927,0.0032559258073370234
2022-09-13 00:00:00+00:00,-0.004104275557906378,-0.0010962833375537384,0.00522485548320617,0.009082258404958576,-0.0071676580292651115,-0.00703579020975742,-0.006574748232173744,-0.0019386819994864357,-0.000773010790625972,-0.00703579020975742
2022-09-14 00:00:00+00:00,0.0039200815901914154,0.005769625844343151,0.00374508809756513,-0.0005312572063987941,-0.0004880005304233048,0.005716616088891291,0.008494515343413278,0.007550108555099078,0.004794333418971508,0.005716616088891291
2022-09-15 00:00:00+00:00,-0.0016329373817941528,-0.0015167958895713207,0.008188065877438033,0.009306157849788166,0.005396095795646039,0.006130110636795472,0.0074869166630033845,0.0047915242151281845,0.00776999885380536,0.006130110636795472
2022-09-16 00:00:00+00:00,0.0009029616714824051,-0.006761603571036945,0.0011566483649307902,0.006964520910802907,0.0016435249743447233,0.002571215169055563,0.0012388720692011468,-0.0007514307286763389,0.0031272024469286563,0.002571215169055563
2022-09-17 00:00:00+00:00,0.0015088057243624053,-0.004318296927987131,-0.0036937006965694907,-0.005467666770975765,0.0015379234047721013,-0.0020583012342989537,-0.002416325715058232,-0.003355697585090356,0.0005293384515836497,-0.0020583012342989537
2022-09-18 00:00:00+00:00,-0.00017968254947653417,0.0035792571092463366,0.003922661736626587,0.0030666269903258936,-0.00574824174503441,-0.0040944390582714485,0.0007897150401816599,0.0051996884754907935,-0.002262878263170065,-0.0040944390582714485
2022-09-19 00:00:00+00:00,-0.001892821945024603,0.0008240500882596979,0.0032337335593439764,0.00036513469587706737,0.0022666842792919972,0.0010670634922551603,0.0017352783297395202,0.0004954052279806387,0.0025081647212730207,0.0010670634922551603
2022-09-20 00:00:00+00:00,0.0008283567242914902,0.005050289869914293,-0.0038003683623247797,-0.0011342296501891669,-0.00027338758241768346,0.0034207220945889905,0.003278228057763677,0.003164872511960848,-0.0019434586532955933,0.0034207220945889905
2022-09-21 00:00:00+00:00,-0.001052547031511919,0.00295394874143895,0.0022799567513307473,-0.0006750734847434936,0.005044837634147203,0.003516230729270653,0.0036627381376999057,0.0008517526416977894,0.00429507999627865,0.003516230729270653
2022-09-22 00:00:00+00:00,0.005383673161348135,0.0014785892925368582,-0.000783792878630174,0.0005333021194280363,0.0026888505240707516,0.010364536000202262,0.007417199585768808,0.007083961232316804,0.0024242425613301144,0.010364536000202262
2022-09-23 00:00:00+00:00,-0.0009608968424938968,0.005630508244084398,-0.011174613910770459,-0.006295361070744687,-0.0017708556488816862,-0.004069197061231877,-0.006832953322271074,-0.0059565977302104,-0.007823670869106847,-0.004069197061231877
2022-09-24 00:00:00+00:00,0.0014186255363466405,0.0013303039117258386,-1.8724611255849233e-05,-0.0015698769672906066,-0.0028527231282311494,-0.005343966994681315,-0.00250708693498225,0.0004555343416672297,-0.003547710809170379,-0.005343966994681315
2022-09-25 00:00:00+00:00,-0.0022409510805776467,0.005164015139586198,0.0034339813275257036,0.0025186224552662395,0.0010957589358819853,0.0042895116217032125,0.006817401903727038,0.0061126830781144115,0.001913872081681589,0.0042895116217032125
2022-09-26 00:00:00+00:00,-0.006019726037051365,-0.008818519627082577,-5.822826781953783e-05,0.001165090689532411,0.0020093436715584723,-0.0025628151405026056,-0.006200239252647233,-0.009515719199963413,0.00105883591467415,-0.0025628151405026056
2022-09-27 00:00:00+00:00,0.001020167306085229,0.0005062915194349316,3.795923282035041e-05,0.0024570954038747317,0.0050694830697257665,0.004995510220811239,0.00495446264066679,0.002157034880950981,0.0050706764033414675,0.004995510220811239
2022-09-28 00:00:00+00:00,0.002188366926218377,0.0008957466150418814,0.0026623067509785603,0.0009104847967704721,0.0029952818953058458,0.007187541971893419,0.006942140805916042,0.004005896075235382,0.0037553184670322537,0.007187541971893419
2022-09-29 00:00:00+00:00,0.0013480679950581553,-0.0021467472493836848,-0.00036621034280703846,0.00209612818593663,0.0007306102474793352,0.0019124962234422505,0.0017691094272491714,0.0012127288525023427,0.0025847727835905943,0.0019124962234422505
2022-09-30 00:00:00+00:00,-0.0014611607213274036,-0.0009063578524662885,0.00013432852259342987,0.0008542489618079685,0.003454361136659312,0.000845248452989722,-0.00021225978627370523,-0.0019109077086281179,0.0008860603327429661,0.000845248452989722
2022-10-01 00:00:00+00:00,-0.0022063359113875247,0.0018650993529705229,-0.0006327938617310958,0.0003571522716863118,0.001120347709344216,-8.691692798223905e-05,3.936017664374347e-05,-0.0012350097839488594,0.0007766733974985396,-8.691692798223905e-05
2022-10-02 00:00:00+00:00,0.0012063117841325521,0.001540291404223959,-0.00249499464573133,-0.0028335576184289613,0.0015309920405019994,0.0004550744425111386,0.0007960570848470905,0.0022757029492921355,-0.002803633352612911,0.0004550744425111386
2022-10-03 00:00:00+00:00,0.00171109876384401,0.0030152457100418584,-0.008571817498718604,-0.007793169682240753,0.00575076164463284,0.003606005663810752,-0.0007610016807872988,-0.0012676718401766207,0.0012311598838605775,0.003606005663810752
2022-10-04 00:00:00+00:00,0.0015709694486347736,-0.005100000313656428,0.0027568472432066837,0.004206523649036731,0.005872450713560795,0.004560329684535347,0.0031859869831645238,0.0027099370690657487,0.007216519700055324,0.004560329684535347
2022-10-05 00:00:00+00:00,-0.0002912536305065272,0.008415702098746092,-0.004800920411089593,-0.007456530128718275,-0.0013179940616692143,-0.0003133291225982937,0.002132806226852413,0.0007353367988849335,-0.004611788947991524,-0.0003133291225982937
2022-10-06 00:00:00+00:00,0.0013258523208434791,-0.0020729310424820735,-0.0005419534167743212,-0.0008228104643004386,0.001172240228120236,-0.002170120858396851,-0.003250200821588334,-0.002682624501527897,-0.0018645975571488504,-0.002170120858396851
2022-10-07 00:00:00+00:00,-0.0015035162453804762,-0.0010313797762095955,0.002822772865041401,0.004139406144766156,-0.0014682544635736816,0.0006329902538291243,0.0015408342300500255,0.0011289501178251005,-0.0003840922670144131,0.0006329902538291243
2022-10-08 00:00:00+00:00,-0.000694317043986481,-0.00403756962083357,0.001750200072116126,0.0013036851383732007,0.003930962023280138,0.0030490442428403597,0.002662832694761752,-0.0023297717979290367,0.0029369963332452897,0.0030490442428403597
2022-10-09 00:00:00+00:00,0.0013767634753885094,-0.0007854072244816157,-0.0008863628357477227,-0.0021706952186459905,0.003971662686872435,0.004571040234286894,0.003692725890747095,-0.0013023100699461887,0.0023921646072957437,0.004571040234286894
2022-10-10 00:00:00+00:00,0.0006067325241398969,0.0035824998442488543,0.001362281340254956,0.0039024091776429515,0.0006606035295007029,0.0023440240151912928,0.005381172915182697,0.0028330930772777485,-0.0008660587536482023,0.0023440240151912928
2022-10-11 00:00:00+00:00,-0.0014282345706788657,-0.0003938787571489133,0.0023074366258613033,0.0010614817429530632,5.564827163961894e-06,-0.0028273589554546064,-0.0032522835149908502,-0.0009835854682541667,0.0005745384748614413,-0.0028273589554546064
2022-10-12 00:00:00+00:00,0.0008342246493635574,-0.0004718169617284884,0.0018877985393854768,-0.00234886185075045,0.003148594410191663,0.0028690663284667295,0.0028950242395151538,0.0008607835925091845,0.002128342942155026,0.0028690663284667295
2022-10-13 00:00:00+00:00,0.000855224701318269,0.006373349215754054,-0.0025143090484537334,-0.001725706820461581,-0.0026408672548380308,0.0003777942978011595,0.001170447817980813,-0.0005433261128982014,-0.0031245340449433945,0.0003777942978011595
2022-10-14 00:00:00+00:00,-0.00010676382001439944,0.009956757913564429,-0.004430983677215727,-0.006345129511873382,-0.0028171522021391837,0.0006752912616392326,0.0034808731811062366,0.004459528784190647,-0.004425824965909486,0.0006752912616392326
2022-10-15 00:00:00+00:00,8.96596173562969e-05,0.004256729793466807,-0.007949915457024725,0.0005709486225224936,-0.001283724605786185,-0.001034008476600845,0.0010802500396975834,0.0019631233409818094,-0.0038598258129258767,-0.001034008476600845
2022-10-16 00:00:00+00:00,-0.000291747686221866,-0.00406031951436947,0.004651017737505647,0.004727104293718476,0.003649482046906405,0.0020500761210162644,0.0005908064157300608,-0.0011338771400581926,0.003095986711841414,0.0020500761210162644
2022-10-17 00:00:00+00:00,-0.002610862278803805,-0.0005007108825588746,-0.0027486082291386937,-0.0009382423185191335,-0.002755782393672579,-0.003496811614481121,-0.0021706703224027013,-0.001804324041187244,-0.00298706646390845,-0.003496811614481121
2022-10-18 00:00:00+00:00,0.0006413710006965001,0.011483073589768633,-0.0017463250680734843,-0.004756744501117516,-0.0014191837839114818,0.001596022492606597,0.0012777707678603978,0.0049574004782630965,-0.0018129765989779445,0.001596022492606597
2022-10-19 00:00:00+00:00,0.0011632175943931955,0.007078333913451251,0.0009289188345404931,-0.00039402309993707973,0.005195478011815524,0.010835026301182937,0.008318575253629001,0.006353787541472089,0.0067966130671963665,0.010835026301182937
2022-10-20 00:00:00+00:00,-9.005520542848533e-05,-0.005209068341006318,0.0025581809502368547,-0.0006396391865418627,0.003247182619821931,0.002540710815757574,0.0008509060143886416,-0.0011237888322837009,0.0030394433422042955,0.002540710815757574
2022-10-21 00:00:00+00:00,0.0005458789579624312,-0.004481450983253921,0.0005032333858900895,0.001212008979877277,0.0010758259027283668,-0.0011444325038868497,-0.0016250504911592412,-0.0002245273551441107,-0.0002485828922057509,-0.0011444325038868497
2022-10-22 00:00:00+00:00,0.00048211676093767863,-0.001362353298015817,0.0004841768017069814,-0.0008071844632374647,0.0029148936839649142,0.0009610773029635755,-0.0005209551898817111,-0.0017415396477019618,0.0010494365195332644,0.0009610773029635755
2022-10-23 00:00:00+00:00,0.0008337984336168613,-0.00025516588038232424,-0.0006445509684990247,0.0008414811826193969,0.0008960694295290228,0.00054135763689378,-0.0007176473043506437,0.00028644359892737725,0.0008002135231026664,0.00054135763689378
2022-10-24 00:00:00+00:00,-0.0010197765577428797,-0.0021072668619119828,-0.005396133250901047,-0.006090158033166593,-0.0007309846147879329,-0.0030409541627872683,-0.002489056147384372,-0.0003396120156841098,-0.004105231342924731,-0.0030409541627872683
2022-10-25 00:00:00+00:00,0.0018186870541261335,-0.0009136196449270884,0.0026161142781830904,0.00392855874796072,0.0019529482881770477,0.0030816677253096003,0.005559567220666528,0.0026752154451590293,0.004989459256525386,0.0030816677253096003
2022-10-26 00:00:00+00:00,0.0004802790614226726,0.006536540396195223,-0.003781107794868621,-0.0037005613740678234,-0.0005367033419279021,0.000597457925338718,-0.0005589562263235148,0.0021867486766586897,-0.002887848818967975,0.000597457925338718
2022-10-27 00:00:00+00:00,-0.0003100934534208122,0.002085245793633339,-0.006604259628273046,-0.0073568471109221045,-0.006499523686169684,-0.010673443915644953,-0.009836591526133143,-0.006638636892110195,-0.007179778233563194,-0.010673443915644953
2022-10-28 00:00:00+00:00,0.002176846189348547,0.006397630995220505,-0.00781734398546663,-0.012276384553269515,0.0016409567270303516,0.0015641771629277823,0.001440420105341289,-0.0017725599736190256,-0.005762266839691277,0.0015641771629277823
2022-10-29 00:00:00+00:00,0.0005115751709117156,0.012880433869473462,-0.01117844423542147,-0.015195409499559553,0.0053224599314660725,0.0038540868812002582,0.002168204550523134,-0.0015043297639152353,-0.005181781644631123,0.0038540868812002582
2022-10-30 00:00:00+00:00,-0.0005609839464477684,-0.014203513307395998,0.007565395212385084,0.007689176636635597,0.004690815722482977,0.00033421557458601647,0.00011431723498156465,-0.003062676367988071,0.005651056028292301,0.00033421557458601647
2022-10-31 00:00:00+00:00,-0.0004971742882839969,0.0029685364159572902,0.0028705574703207226,0.002364995904523548,0.0068298500159014175,0.007109768115773019,0.00808064349102633,0.0021122373002009365,0.00888083566633191,0.007109768115773019
2022-11-01 00:00:00+00:00,0.0013530145988700504,0.004592276773871307,0.00862927166194738,0.009199468349181839,0.0014323146805026443,0.010019401679441708,0.00992048903550713,0.011780374597920362,0.007280745401201605,0.010019401679441708
2022-11-02 00:00:00+00:00,-0.0003107048649092503,0.016882134261154924,-0.006871325757867086,-0.01971492033251332,-0.0016192256809713923,-0.001980528370272072,-0.0005695683322757272,0.003406570177557633,-0.010695125240101078,-0.001980528370272072
2022-11-03 00:00:00+00:00,0.00030206612307481784,0.005588737166190905,-0.024992314194395182,-0.021262887759497917,-0.03305943277709522,-0.026704585262446123,-0.025935228057174742,-0.017275576779588908,-0.027334596311276993,-0.026704585262446123
2022-11-04 00:00:00+00:00,0.0018560182358331456,-0.011967887491088125,0.004143004804542105,0.012545362076651578,0.009645021309795165,0.0069996658950084445,0.00533628604237002,0.0021359903257311963,0.009269338095682755,0.0069996658950084445
2022-11-05 00:00:00+00:00,0.0005790848405757831,-0.004168527179389314,0.009080460297522741,0.006681705082008493,0.006540140361361191,0.00987577644781168,0.007851836982138538,0.0058400452888931476,0.007236118188261864,0.00987577644781168
2022-11-06 00:00:00+00:00,-0.0008937739813948964,0.002210751196378924,0.009142888009072925,0.0046541874817498385,0.007917570049171818,0.008703402152445472,0.010082613924269124,0.007057493463072273,0.007272697776379289,0.008703402152445472
2022-11-07 00:00:00+00:00,-0.003166051518565305,-0.006059858906903526,-0.003343073390342677,0.0006302080523266085,0.002084801467862052,-0.0028396220155374463,-0.003679085244420177,-0.005511846230730311,0.002706168423237676,-0.0028396220155374463
2022-11-08 00:00:00+00:00,0.005033726085866386,-0.0010807342523670993,0.025240131700185797,0.017247435959526936,0.016865947961705485,0.017997092932828584,0.021782044851224036,0.021365036804411375,0.016515322821098577,0.017997092932828584
2022-11-09 00:00:00+00:00,-0.007094402988114146,0.013755702151215798,-0.009126717208001955,-0.01650066189118571,-0.007287271831043163,-0.009837271711517048,-0.009224218898285064,-0.005710263815446814,-0.01679884202626991,-0.009837271711517048
2022-11-10 00:00:00+00:00,0.00968648194108912,-0.012725449516779452,0.017203047536960003,0.020548736790006128,0.00016004428478555432,0.00973040370112832,0.01934718463740759,0.02421062306040711,0.00968412685621245,0.00973040370112832
2022-11-11 00:00:00+00:00,0.0001175432918656405,0.011012546866494777,-0.0017508736106254252,-0.003380554054834173,0.001287093556670671,0.003753278724494935,0.0030867073580640447,0.00532540030390094,-0.003675942892662043,0.003753278724494935
2022-11-12 00:00:00+00:00,-0.00010922944770486165,0.0027330537864374005,3.905792259994989e-05,-5.0191343423433565e-05,0.004495739138446586,0.004613641418583114,0.003745036578883365,0.0003637042471336116,0.0037399870719083683,0.004613641418583114
2022-11-13 00:00:00+00:00,-0.0019911298220410822,0.010497237578051877,-0.011047804282396712,-0.009902339006190752,0.012222181481474692,0.004240174057922985,0.0010162825631920835,-0.0025135781838463434,0.0007674740422964899,0.004240174057922985
2022-11-14 00:00:00+00:00,0.0033424509834181215,-0.01264974837429711,0.004342582294702524,0.006070123436415997,0.005303332828219487,0.0011964664986208184,-0.0009350667731247153,-0.004621033712623013,0.0012199457973975925,0.0011964664986208184
2022-11-15 00:00:00+00:00,-0.004398075256270784,-0.005931858572714277,0.012437887371489875,0.011698007912406494,-0.002151387714694364,0.0022572641293474582,0.003027472779307372,0.004452243195640637,0.004976067931256711,0.0022572641293474582
2022-11-16 00:00:00+00:00,-0.00016418549088581535,0.0018130525885631243,0.001402572527196444,-0.0005071331073958074,0.0005377676894917638,0.0011807412819713203,0.001902881011295099,0.0012595165994970792,-0.0008119871843114135,0.0011807412819713203
2022-11-17 00:00:00+00:00,-0.0013774385295771685,0.0032116027530602054,0.0012235253587873363,0.0016691837692852651,-0.000253821925684905,0.0012531679750811264,0.0018948998746974866,0.0033856784235637427,0.0006046755181492447,0.0012531679750811264
2022-11-18 00:00:00+00:00,-0.001537786805572372,0.003751907656938336,-0.0016600092300457225,-0.0025120955045385696,0.0022410985276080098,0.00030271004954651737,-0.00044416489078435983,-0.0025885253974249345,-0.00033796853146284,0.00030271004954651737
2022-11-19 00:00:00+00:00,0.0018335837692033952,-0.007272842180172656,0.0010042011139141938,0.0009411146749991328,0.0035506859411433833,0.0006248139806197539,-4.3366425714452816e-05,-0.0020327318054740307,0.002399404196042898,0.0006248139806197539
2022-11-20 00:00:00+00:00,0.00342841191676424,-0.008206171882385593,0.006823167464896418,0.007827963659270187,0.008287847513798852,0.007632713159212656,0.007485210318139757,0.004828169986786479,0.008972073828221294,0.007632713159212656
2022-11-21 00:00:00+00:00,-0.0005667164422421545,0.0005844493989810573,0.0018165172405995023,0.0019454579875959332,0.004512258696834692,0.0074823029270993935,0.005964001719872103,0.0034064536685418645,0.004712711366670952,0.0074823029270993935
2022-11-22 00:00:00+00:00,-0.00012458086416333725,-0.007541523610852807,0.0036401441690809833,0.004310447881231472,3.327499394001343e-05,-0.0031197629363366453,-0.00480874256116548,-0.0038528849727735848,0.004048334502443129,-0.0031197629363366453
2022-11-23 00:00:00+00:00,0.002748856592021065,-0.0017157866667455446,0.0025150468461108133,0.004590896077753648,0.0042625014518802296,0.008016154216488491,0.004856402026192974,0.005069110010839539,0.003827066205638996,0.008016154216488491
2022-11-24 00:00:00+00:00,0.0018873277264519484,-0.00037572009413122665,0.0027807497172482876,0.0021562536985955116,0.004480980029763382,0.006449758443699993,0.006437159674224313,0.004183963838021665,0.004354275400327401,0.006449758443699993
2022-11-25 00:00:00+00:00,-0.0006286741244853067,-0.0026776284498015723,-0.0033408326146548983,-0.004051564639152239,-0.0017906372112997948,-0.006508584056635236,-0.009124661049807803,-0.009697924091023657,-0.00416732945465037,-0.006508584056635236
2022-11-26 00:00:00+00:00,-0.0005305349541659954,0.00024458676204486274,-0.0005121448604337164,-0.000699633628116203,0.0029301292476011653,-0.0020237359167599722,-0.0029094273138746685,-0.0041499142288782265,0.0004969986252025826,-0.0020237359167599722
2022-11-27 00:00:00+00:00,-0.0003081945095179117,0.0009612422567271128,-0.00263605757586316,-0.002520832155429864,-0.0006927644522500831,9.51269522893039e-05,-0.0016396511438697692,-0.002422245359276709,-0.0021542688684882405,9.51269522893039e-05
2022-11-28 00:00:00+00:00,-0.00027371579673418633,0.0008474178602724258,0.0004908321585359587,-0.0012492328011527443,-0.004887858883203311,-0.0029031030684191217,-0.00313695579024198,0.0002725779027861197,-0.001796651639686564,-0.0029031030684191217
2022-11-29 00:00:00+00:00,0.00029288827756346336,-0.0006057723291734707,-0.002233216570836305,-0.001246738760321442,0.0028420779295792453,-0.0006406022914775544,-0.00024176014044496874,-0.0021838923175780955,-0.00016011613549493653,-0.0006406022914775544
2022-11-30 00:00:00+00:00,0.0014506346163796202,-0.0010618536045426952,-0.0038490559684016823,-0.003196092326164912,-0.0026478227217064942,-0.002429746144534173,-0.0024943676386849356,-0.005284827444609341,-0.002034641850176322,-0.002429746144534173
2022-12-01 00:00:00+00:00,-0.0009788970489671422,0.0014225281093389608,0.0001848565007831482,0.0003460482889721117,-0.0001808267510555739,0.001500716647352851,0.0005956014288222011,0.001266298611610539,0.0001825889887892007,0.001500716647352851
2022-12-02 00:00:00+00:00,-0.0015951865273456933,-0.005062788027072718,-0.0008579075545654957,-0.0017652069168385687,0.0026207429724363074,-0.00020080891587648253,-0.0023491046441547203,-0.005906096634803459,0.00043369469297926955,-0.00020080891587648253
2022-12-03 00:00:00+00:00,-0.0004424859353956423,0.003647052320806532,0.001566752412222261,0.000851377618873439,0.00200833609942741,0.006216701653434464,0.0043224388535549885,0.0033797766906906723,0.0025212451017835313,0.006216701653434464
2022-12-04 00:00:00+00:00,-0.00021264021191291782,0.004746053297228103,0.005793757559733104,-0.0010560013727259898,-0.0012418723326915737,0.0030631662099616097,0.004563819475248199,0.006864337416454536,0.001394322375242396,0.0030631662099616097
2022-12-05 00:00:00+00:00,0.0004938538738872289,-0.0005761211586156056,0.010455689706149185,0.008326636034531765,0.009685853631429264,0.009724267940752318,0.008524035505062644,0.008400705146751397,0.010934170190855186,0.009724267940752318
2022-12-06 00:00:00+00:00,0.0015307619285622742,-0.0017481374753481882,0.0022810702017617146,0.0015245847378069222,0.00046752293944152257,0.0018542637367138237,0.0012681935680585177,0.001666121460398573,0.0005004221856084179,0.0018542637367138237
2022-12-07 00:00:00+00:00,0.0003025236220162153,0.0008473179558785571,0.0018253799895504574,0.0009662618082182384,0.0027337066606931693,6.386357820353794e-06,0.0007318979665593695,0.0003908815453654846,0.0006347267270889745,6.386357820353794e-06
2022-12-08 00:00:00+00:00,-0.00016204872472491694,-0.00036968058287789596,0.0010298294043531442,0.00023084991060962068,0.0013961537292010995,0.0011112566901203547,0.0010162405443685518,0.0012026160162399435,0.0019793972822337302,0.0011112566901203547
2022-12-09 00:00:00+00:00,0.0001495946683494065,-0.001080980659443176,-0.0011528720341847931,-0.0003440814801871639,-0.0020603628265197793,-0.0027245873875880733,-0.0038739267285684553,-0.0037590535785823054,-0.0025751004453162807,-0.0027245873875880733
2022-12-10 00:00:00+00:00,0.0003841432415929713,0.0005415412586928792,0.0016983676049642238,0.0009552078765426852,0.0023699345454628595,0.0031329236595378784,0.0022925507945859014,0.0017900622154305434,0.0031090558676272195,0.0031329236595378784
2022-12-11 00:00:00+00:00,0.00041474356994775086,0.0017593035033052207,0.0014682869743432025,0.002287852690175729,0.0004273021080054562,0.002316382389255134,0.002309743505064521,0.0033478594927560668,0.0006672076926625969,0.002316382389255134
2022-12-12 00:00:00+00:00,0.0001834521857095872,0.0008655551716105769,0.002046686150602328,-0.0013160995231146222,-0.0017009162821119972,7.765803532655546e-05,0.0005555913838617421,0.0008147320526572521,-0.0008976193273394495,7.765803532655546e-05
2022-12-13 00:00:00+00:00,0.00027927338677313784,-0.0017088585000775147,2.173812333139402e-05,-0.000435353482860501,0.004611711406478536,0.0028165588769855088,0.0003908146779836308,-0.0008377496602477441,0.0047432148020940534,0.0028165588769855088
2022-12-14 00:00:00+00:00,-0.000378852369454008,0.0005125999832027439,0.0027270191313952807,0.0010676669726537025,0.0004909194771169911,0.0020339511915172803,0.0008416358262941515,0.0021618989982645775,0.0015402952750356302,0.0020339511915172803
2022-12-15 00:00:00+00:00,-0.00032910071507030736,0.00031975719325139096,-0.002727881415200417,-0.001888618241229545,0.003824078854518742,0.0021103431362123892,0.0005204701498593423,-0.001824277214606762,0.003223983095889116,0.0021103431362123892
2022-12-16 00:00:00+00:00,0.0002886000790436327,0.0026522903350505445,0.006008691386412801,0.0032242105139224098,0.003080592174186325,0.00750389252405248,0.0024785185100950624,0.004012074135954391,0.0049699047361364546,0.00750389252405248
2022-12-17 00:00:00+00:00,0.00022111351379061617,-0.003221110234565727,-0.0038738671202129815,-0.0026219527773585494,0.001184594024114416,-0.0018294039673082407,-0.002739673135278009,-0.004136970306793941,-0.0001024646471631252,-0.0018294039673082407
2022-12-18 00:00:00+00:00,0.00016647501549194033,0.0013947486207543935,-0.0009876559264441198,0.00015967057741650414,-0.0037969318045795175,-0.0010976258223295288,-0.0003873047318493361,-0.0006990356641731754,-0.002883332362876634,-0.0010976258223295288
2022-12-19 00:00:00+00:00,0.0002458445870057169,0.011675536362489192,-0.005822957076196178,-4.139048919360455e-05,0.0042543542935709056,0.004891570472673301,0.003458315672137946,0.004573320478450382,0.0022321497784743016,0.004891570472673301
2022-12-20 00:00:00+00:00,0.00027617012379343997,-0.005087180264815361,0.0011808752409199208,-0.0031025618205344774,0.0026437225508293416,-0.0017432756489379475,-0.0032984142047612908,-0.002911119339894297,0.002504564482531224,-0.0017432756489379475
2022-12-21 00:00:00+00:00,0.00020639546137402043,0.002339316489843757,0.0042432380860821794,0.007637560407351751,0.0024127556710906717,0.006408533516714998,0.006383508144993888,0.00652916590128938,0.005684141235594131,0.006408533516714998
2022-12-22 00:00:00+00:00,0.0001221644327868976,-0.00712636909539921,0.001327518085567636,0.0023933147486532302,0.0012056660763315463,-0.00016164377108551786,-0.00042229853312314436,-0.0026114156486123363,0.003010369654837586,-0.00016164377108551786
2022-12-23 00:00:00+00:00,-8.125371794409642e-05,0.0015123506076204496,-8.788716017027465e-05,0.001965265879311673,-0.005049367241022229,-0.003589918632947997,-0.003226699847952763,-0.0001987510192206221,-0.0033641852399644012,-0.003589918632947997
2022-12-24 00:00:00+00:00,5.042422707535188e-05,0.0028252046722960777,-0.001626343426260557,-0.0010391514424114012,0.00042232750007809017,0.0006400295114636911,0.00020307130980135035,-0.00019197677156190807,0.00025866083919856564,0.0006400295114636911
2022-12-25 00:00:00+00:00,0.0002527920995223365,0.004139417894315933,0.002135936082757972,0.0010157759745115236,0.00361619984979078,0.004390319262043141,0.004203108243285403,0.003887556600896458,0.003738240809462834,0.004390319262043141
2022-12-26 00:00:00+00:00,-6.426737598763665e-05,-0.005160240976142871,-0.0029449709261408774,-0.007519897582380253,-0.0012611325719125155,-0.006809330578730122,-0.0069076736838517006,-0.004851038098016014,-0.00561807066561304,-0.006809330578730122
2022-12-27 00:00:00+00:00,0.0001176047916808809,0.0026899883602145014,-0.0014887386484288,-0.0026972345829964217,-0.0010916687848303575,-0.001174676887126469,-0.0022460939186450535,-0.0017661456486801619,-0.0015474499710355083,-0.001174676887126469
2022-12-28 00:00:00+00:00,0.0009558696062048622,0.009144178688902826,0.004472758954592537,0.0070842249974785165,-0.0029794689166595667,0.004279696212224682,0.006227606279522568,0.00834981770094978,-0.0010278495816022915,0.004279696212224682
2022-12-29 00:00:00+00:00,-0.00014289924145793886,0.0026808348173927854,-0.005445373807698939,-0.005118721399048454,-0.005099080036226056,-0.003530528741088501,-0.002208118757575206,-0.002355575537367649,-0.005286993561779196,-0.003530528741088501
2022-12-30 00:00:00+00:00,-0.0006303711782913446,0.0004839294739509281,-4.587556956592298e-05,0.0005195775272615055,-0.002720513069786712,-0.0011898334450911596,-0.0003446865673412125,0.002084025714118809,-0.0040703654294559355,-0.0011898334450911596
2022-12-31 00:00:00+00:00,0.0004460810858097908,-0.002431788766341092,0.003302852151810365,0.0007223372876110634,0.0014433673701004235,0.001740958656152758,0.00211425234531748,0.0017080746061834962,0.002286255101163759,0.001740958656152758
2023-01-01 00:00:00+00:00,-0.0003478161129748525,-0.0021494675001338948,0.005229030764577702,0.001046109893788838,0.0020522384023462514,0.002969343889973164,0.002754228001501824,0.00036154912280195184,0.0033390423851302753,0.002969343889973164
2023-01-02 00:00:00+00:00,-0.00040363366252949007,-0.004925239387165381,-0.0017478618869268825,0.0014250106141531216,0.00391115979410861,0.0006750692767485411,-0.0006649052322993398,-0.0031721670945514813,0.002555490465671939,0.0006750692767485411
2023-01-03 00:00:00+00:00,0.001057336612482418,-0.006673149536720158,-0.0025466321942660963,-0.0017564364990235726,-0.004450573700470306,-0.005510711198630003,-0.007494841598874369,-0.005250226138619141,-0.005579813530171562,-0.005510711198630003
2023-01-04 00:00:00+00:00,0.0002313617809537316,-0.0002583591158418219,0.0024097456388905147,-0.001305513001688574,-0.0008942268793111774,0.0015160681683474841,0.001385320887561825,0.001530601084565264,0.0005351908398190108,0.0015160681683474841
2023-01-05 00:00:00+00:00,0.00027725084379270903,-0.006223302874287295,0.005156064052344478,0.004906491386301948,0.005001889727458186,0.00364171680905212,0.003202143947146352,0.0007759964516134144,0.005263102479236448,0.00364171680905212
2023-01-06 00:00:00+00:00,-0.0003734251914907505,0.006858999442152847,-0.0018082822228360218,-0.003961560708778844,-0.0024841034733580347,-0.0007254963405969317,-0.0012779201193841017,-0.0025591103611457555,-0.001602443395365749,-0.0007254963405969317
2023-01-07 00:00:00+00:00,-0.0003397840904910687,3.555965598889266e-05,-0.0007985557994886205,-0.00131077364422727,0.0007354010340114847,0.0018411724742446456,0.0017292526933732066,0.0002499482323909952,0.0020640095759398847,0.0018411724742446456
2023-01-08 00:00:00+00:00,0.00026086684471970933,0.01220195256139478,0.00035131136043942135,-0.0031347347236657663,0.0005854442830102169,0.007150168506945276,0.007627362487631961,0.0025601104069135072,0.0040721936873475695,0.007150168506945276
2023-01-09 00:00:00+00:00,-0.004909242155625604,-0.00871312665642976,-0.00099057320943019,-0.0026134608857615316,-0.003566089504650538,-0.014439560884425995,-0.011706441161020043,-0.014447003002011405,-0.005764808544705513,-0.014439560884425995
2023-01-10 00:00:00+00:00,-0.0007709773506079376,0.002843204357384943,-0.0033896445269896436,-0.003322931884377822,0.0036867716529951355,0.0020557427146377094,-0.0013323719714145588,-0.004213083895046377,0.0016535061501556925,0.0020557427146377094
2023-01-11 00:00:00+00:00,0.0012384107376557374,-0.0019095758699835264,0.0029487216587016363,0.010101852664013311,0.0071232486742416334,0.013290076082916213,0.006787781091361467,0.003842526306198968,0.01003801809123206,0.013290076082916213
2023-01-12 00:00:00+00:00,-0.002912841480731565,0.0005400286775796292,0.0015471499772157227,-0.004137851400420001,0.007109058565896831,0.0008979200963170619,0.00082014657974816,-0.005127238940560774,0.004831364833594476,0.0008979200963170619
2023-01-13 00:00:00+00:00,-0.00013427967771939553,0.0050475573895891745,-0.0021794339921320516,-0.008868189038556462,-0.002562096920543988,0.004988475706985351,0.004685802190888433,-0.0035831769139077485,0.0020265896998559185,0.004988475706985351
2023-01-14 00:00:00+00:00,-0.0002846646644227846,0.011978736860089656,0.0028313731136058173,-0.006675600013077876,0.001849187608504943,0.009624711289539567,0.010711265363666289,0.009731510869302351,0.007431029610944773,0.009624711289539567
2023-01-15 00:00:00+00:00,-0.0009210706543485436,-0.0008458529339374632,0.0031462017146854926,-0.0024657472898736987,0.00827545863921375,0.004099673206218846,0.0036917662792237405,0.0009798946169916611,0.006541100444505954,0.004099673206218846
2023-01-16 00:00:00+00:00,-0.0011061796879356933,0.003013873952254942,0.003941238056563101,-0.0004613492589512491,0.004630197501633848,0.005450404259378372,0.005332417257061017,0.005108866092068398,0.0056692631259938064,0.005450404259378372
2023-01-17 00:00:00+00:00,0.0006057440301603378,0.0016597131202746862,-0.0059006112649701015,-0.0026335586035718395,0.0002818406513334093,-0.003735725865840145,-0.0023888014321168383,-0.0019241120811110957,-0.0035539837170889266,-0.003735725865840145
2023-01-18 00:00:00+00:00,-8.270379972752373e-05,0.005588010125260334,0.0015815019974092515,-0.0004717056766777583,-0.002046991589669589,0.00011815347399757314,0.00017478147337635086,0.005831043494224142,-0.00065673166304836,0.00011815347399757314
2023-01-19 00:00:00+00:00,-0.00014101194959004193,-0.0023568673275119467,0.002029362901598386,0.000696475883910308,-0.006384209096209514,-0.0017755935771672782,0.00039018773365517845,0.0016484108866909875,-0.0040050090965078056,-0.0017755935771672782
2023-01-20 00:00:00+00:00,-0.001632526867503592,0.010620537280884301,-0.006194419675165874,-0.009915134324890884,-0.0066046382613935695,-0.004033779817580796,-0.002160035779015801,0.0012558603379926314,-0.006616990336988593,-0.004033779817580796
2023-01-21 00:00:00+00:00,-0.00028178367519604564,-0.0058863227601931856,-0.0024451336976781812,-0.0009720488202525912,0.0020323933066119793,-0.0026451888611431773,-0.003776329759131114,-0.005938320521974072,0.00019070263896980855,-0.0026451888611431773
2023-01-22 00:00:00+00:00,-0.00020788137032856646,-0.0021449716309888123,0.003588718900398913,0.00019431213952403326,-0.006500200041565152,-0.0027013807919643584,-0.000742378103896546,1.6172107617062892e-05,-0.004957950505991016,-0.0027013807919643584
2023-01-23 00:00:00+00:00,-8.609133365655719e-05,-0.005876362259116696,-0.004210330095246295,-0.003315602175431809,0.0033919197475669183,-0.0032254273348921725,-0.001937052460243005,-0.005196525223614357,-0.0009596004972292071,-0.0032254273348921725
2023-01-24 00:00:00+00:00,2.6672900985680315e-06,-0.0009486574466777142,0.009263253566546448,0.010466766611100686,0.0050235800503330985,0.009901930129868841,0.005824868283833107,0.006167931926479575,0.008112129009392621,0.009901930129868841
2023-01-25 00:00:00+00:00,5.273826893859024e-06,0.008588429444001733,-0.01794020391252593,-0.02140898100047095,0.005368738776105886,0.00012792404770189947,-0.003569226094532474,-0.010956786935763185,2.021833826026942e-05,0.00012792404770189947
2023-01-26 00:00:00+00:00,0.0002518783250027301,-0.0002756039888812678,-0.0020692404691506905,-0.005012954511594003,-0.002156839311534875,-0.0003682359647630973,0.0033110946266070584,-0.0018959640864617544,-7.540985913445652e-05,-0.0003682359647630973
2023-01-27 00:00:00+00:00,-0.000910558474280232,-0.003632768908199191,0.005373244928016385,0.0070321988315846795,0.0023636306268903784,0.00012436647576996585,0.0006849807586233325,0.0008038419942897335,0.0028872868575575694,0.00012436647576996585
2023-01-28 00:00:00+00:00,-0.0014266864039367277,-0.0011996086269655537,0.0030063567141822567,-0.002341122375982496,0.0020107850876529554,-0.0003968892730490392,-0.002909821294998949,-0.0014717907048726886,0.0015072298227509773,-0.0003968892730490392
2023-01-29 00:00:00+00:00,0.0016775005143991883,-0.0035625878639584663,-0.001675624472306736,-0.0017561256450904228,-0.0012036013323581951,-0.003913875563513858,-0.0035358462090100407,-0.0061604289403216494,-0.0023228180278727084,-0.003913875563513858
2023-01-30 00:00:00+00:00,0.0030408272586193164,0.002971070830716238,-0.0016399350953938407,-0.0007085822820276366,0.0053102505116648935,0.003812929646785257,0.0028767115688703715,0.001843392856615056,0.004856521668360925,0.003812929646785257
2023-01-31 00:00:00+00:00,-0.0012930392134825608,0.0015054649898336159,-0.012949566642999844,-0.009278400388489927,-0.008824083695351925,-0.009664986486487614,-0.00505904133476498,-0.006193766710888671,-0.010001405186683687,-0.009664986486487614
2023-02-01 00:00:00+00:00,-0.005994231125848182,0.007682890621859562,-0.011840120339893678,-0.010269612782352833,-0.00773141255937615,-0.007343541628844763,-0.0052474994353022275,-0.009314870517342366,-0.005732095316856589,-0.007343541628844763
2023-02-02 00:00:00+00:00,0.0028805531356785874,-0.003153217817713827,-0.00577397473390151,0.004835009149852354,0.00393954387558737,0.0001850444814317509,-0.0005706774873340814,-0.005550835022367084,0.0009512913693214831,0.0001850444814317509
2023-02-03 00:00:00+00:00,-0.006994718218121587,-0.003745052340020094,-0.004660744645014758,-0.000761827860152442,-0.0032589080295448714,-0.006816673853645705,-0.008009919434299073,-0.006031142566357617,-0.0054859582062395384,-0.006816673853645705
2023-02-04 00:00:00+00:00,0.0010283705729503545,-0.006976166118218385,3.44471190241169e-05,-0.001158118628701188,-0.005571436645818162,-0.0022722327021214017,-0.005329263263008754,-0.003879645031717338,-0.0046480538894725365,-0.0022722327021214017
2023-02-05 00:00:00+00:00,-0.008735676086110367,-0.002322263354104792,0.005588140952189402,0.003075603308059227,-0.002163803506334272,-0.00354372385688162,-0.005682815584403311,-0.0039409512053916185,-0.0035922977368030296,-0.00354372385688162
2023-02-06 00:00:00+00:00,-0.0035041515906582,-0.0029577825746601727,-0.006290706565075577,-0.0032778249725471387,-0.0023011206531936557,-0.007723042756528797,-0.007125392251714824,-0.00640366432742745,-0.004621483992500508,-0.007723042756528797
2023-02-07 00:00:00+00:00,-0.005379377221762183,0.015621683684320598,-0.003273384345856334,-0.004987739343010333,-0.002988818399497606,0.002278167477989923,0.00917099687588796,0.005950270083986409,0.0015013822665224108,0.002278167477989923
2023-02-08 00:00:00+00:00,0.0044220832715140546,-0.014735797142411466,0.009706423553447863,0.011532823907276946,0.01768499928195233,0.011135605332510679,0.008119265316588464,8.535098045614475e-05,0.014051688230575898,0.011135605332510679
2023-02-09 00:00:00+00:00,0.0046550719879965285,-0.011129563590762337,0.008539289765296276,0.006626418645643284,0.013161358575156212,0.006647917055160324,0.00542594544684305,-0.0012602049003073157,0.010088417626573865,0.006647917055160324
2023-02-10 00:00:00+00:00,0.0010047435602904553,0.00025374363210906026,-0.004084494323040255,-0.010435529755171369,-0.0015934873096321578,-0.005729210122678241,-0.006018192852966675,-0.007723840415039374,-0.001882566080141923,-0.005729210122678241
2023-02-11 00:00:00+00:00,-0.00013857318614418634,0.010071799801772974,-0.011112059111472727,-0.011490210275404089,-0.010836677041457077,-0.00740095255021711,-0.0073951408214927294,-0.0027653764649865353,-0.010114474544915097,-0.00740095255021711
2023-02-12 00:00:00+00:00,0.001899486522256355,0.000572765059345226,-0.008113247724028883,-0.007819876713869967,0.0007090632260715601,-0.0031378331772844437,-0.002306087102426524,-0.005765086002660791,-0.0022483670806192624,-0.0031378331772844437
2023-02-13 00:00:00+00:00,0.0007075799141287309,-0.01234782656941491,0.01163688221065251,0.012886679369718657,0.00636151964694931,0.003072259993609716,0.002830536053160415,-0.0013767857712823073,0.0060615425820669255,0.003072259993609716
2023-02-14 00:00:00+00:00,-0.005850254733600568,0.0100935705415095,-0.01007002551126246,-0.01037945827821729,-0.004849624771433025,-0.006274237960108842,-0.0066325151740741495,-0.004113072699769571,-0.005842301142369055,-0.006274237960108842
2023-02-15 00:00:00+00:00,-0.0051671708020338825,0.001568428114741005,-0.006015004249115052,-0.004691843885846314,-0.0034900334100721464,-0.0006525029129945681,-0.004059111987339992,-0.0064806615669172896,-0.001861691947400157,-0.0006525029129945681
2023-02-16 00:00:00+00:00,0.006431437715319843,-0.0024938795205124986,0.010654435978596943,0.009553915125981138,0.011393930167671096,0.013962957932967646,0.01496577399070742,0.016601673575096898,0.011293427651740684,0.013962957932967646
2023-02-17 00:00:00+00:00,-0.002355265328749634,-0.002038280788376756,-0.0025040551743051864,-0.0019952447421531794,-0.005980446212384027,-0.006637745757312463,-0.007366134976072969,-0.004561275752054894,-0.004426233463779128,-0.006637745757312463
2023-02-18 00:00:00+00:00,-0.0008706764271777523,-0.0005366949733212056,-0.001089302470049902,0.0016675501615444066,0.0003930134316125766,-0.0011498104198558456,-0.0005660591265088666,-0.0013543616492059929,-0.0007061339502264508,-0.0011498104198558456
2023-02-19 00:00:00+00:00,0.004549414108252936,0.0008885299745575725,-0.007639825230792763,-0.005658465647639499,0.0039040982877687203,0.002894004451432952,0.0020826207671564845,0.0010726183102327536,0.003785470494290566,0.002894004451432952
2023-02-20 00:00:00+00:00,-0.001159716006435163,0.000573354064695053,-0.003683507552905363,-0.0005482057502167459,0.002058639769510151,0.0037039343217437626,0.0020785493246306963,0.0012498965815594953,0.0009879683815754436,0.0037039343217437626
2023-02-21 00:00:00+00:00,0.0007735573788849592,-0.008430755539600043,0.006976215163807975,0.006071871038755727,0.0011261495524015341,1.4116815350018186e-05,-0.0015933280307567355,-0.003023425415747516,0.000906270955906674,1.4116815350018186e-05
2023-02-22 00:00:00+00:00,0.002769851753551489,0.0006097902294521784,-0.0010740920715449631,-0.0003537010041891886,0.0035049688731927375,0.0028488049053334574,0.0014302714545701978,0.0025063857183986737,0.003617793981520734,0.0028488049053334574
2023-02-23 00:00:00+00:00,-0.0019705394319057268,-0.007290979786774621,0.003737798177347873,0.003268655946290888,0.0043311137291961455,-0.0011217276248493002,-0.0024735618378035618,-0.004827104526200832,0.0006901829853536157,-0.0011217276248493002
2023-02-24 00:00:00+00:00,0.002628010213981513,-0.009155317492364645,0.007070162280252035,0.0064638338382010385,0.004832206364254299,0.0020371349330958743,8.501708196062552e-05,0.0008532575254618369,0.0033937997652568885,0.0020371349330958743
2023-02-25 00:00:00+00:00,0.00295596879703508,0.0004212113669270767,4.550138377568125e-05,0.0029480470998084485,0.00033442428634167243,0.002327052076712244,0.0016687383714784065,0.0025489153898770045,0.0009137566635595284,0.002327052076712244
2023-02-26 00:00:00+00:00,-0.0017472163177625344,0.001861728115318373,0.0005881703794916593,-0.001523962529999534,-0.0020516658861601256,-0.0005956323036240274,1.2491042977735844e-05,0.0020256068188588827,-0.0021891670042857303,-0.0005956323036240274
2023-02-27 00:00:00+00:00,-0.0011631801249972762,0.0036836677789668926,-0.0018369055835498749,0.0003027174357010942,-0.005343453021171007,-0.004518720814140842,-0.003762083379693082,-0.0007178445129127908,-0.005741320979184006,-0.004518720814140842
2023-02-28 00:00:00+00:00,-0.00037694266536447696,-0.0069668630031118894,0.005422361307278134,0.0057310071147822494,0.005235220688722286,0.001703332006938174,-0.0012627485689694629,-0.0023167412600287873,0.004417694160838037,0.001703332006938174
2023-03-01 00:00:00+00:00,-0.009901336987672149,-0.0018937046678642044,-0.0037497541514590615,-0.0005416979984778081,-0.0035663267648807784,-0.009711850757663454,-0.009618931997153246,-0.009668592092924477,-0.0062342552969058,-0.009711850757663454
2023-03-02 00:00:00+00:00,0.004662875785408582,-0.004573138668778287,0.003547937564891912,0.0012129828211997484,0.006827347874806877,0.002837964934728765,0.003017899215932207,0.00107443018866471,0.006462768270443453,0.002837964934728765
2023-03-03 00:00:00+00:00,0.013513322137167494,-0.0014857582919238776,-8.474449643136595e-05,-0.0013788737526954087,0.0022711365604723976,0.004851568209500945,0.007322893822714338,0.007938642883948743,0.0035995633111138847,0.004851568209500945
2023-03-04 00:00:00+00:00,0.008607388780438985,-0.000993428924647266,0.00017655375651837169,0.0015963102059379786,0.00032170838069744967,0.004952987609116111,0.005995228428016031,0.0067823130848319035,0.0013218606519087572,0.004952987609116111
2023-03-05 00:00:00+00:00,-0.0040591754143911585,0.0016960538609431808,-0.006769515270434567,-0.005678075760276569,-0.0010810881601091005,-0.005305077893376864,-0.00634823501371129,-0.007684418779443591,-0.0021312569987427255,-0.005305077893376864
2023-03-06 00:00:00+00:00,-0.0004870034813979629,-0.0020466754161609924,0.0015583465684834152,0.0005282849597332273,0.0025270407621182933,0.0017453015425503704,0.0006214666638189037,4.457964375936818e-05,0.0032642874841188885,0.0017453015425503704
2023-03-07 00:00:00+00:00,0.003393666567686804,-0.0033940990386237546,0.002390491812322537,0.0017454176823783474,0.0042405206983757715,0.0038509299951772213,0.004406975963863857,0.0029938249046719267,0.004900844076495492,0.0038509299951772213
2023-03-08 00:00:00+00:00,0.011996708449793836,-0.0017103349626427233,0.006644090967778071,0.007885279410024593,0.0067458353218505795,0.012608489245425902,0.01319405195713319,0.01477894863450957,0.010602976477085635,0.012608489245425902
2023-03-09 00:00:00+00:00,0.002166704588205226,-0.004086333705548895,-0.0020422031925871886,-0.004271729038643035,0.007079532311187409,0.00017487813615923997,0.0002803982298578145,-0.0005408601793424062,0.006390562042842163,0.00017487813615923997
2023-03-10 00:00:00+00:00,0.002098362850345259,-0.007951218994225795,0.004007860877136116,0.002197724147117608,0.0009927343646083386,0.00178671979543088,0.001714465493502404,-0.00037751956709564105,-0.0003938253141659853,0.00178671979543088
2023-03-11 00:00:00+00:00,0.009126228558544947,-0.003947744302464473,0.009126758041146488,0.007801103889257366,0.0055186280392722775,0.013354527139661343,0.012177969767024344,0.01455243737562073,0.006613841149993638,0.013354527139661343
2023-03-12 00:00:00+00:00,-0.016234792968690348,0.00683167607346391,-0.00985819758520634,-0.014201232242956552,-0.003781211955349306,-0.00899886996039101,-0.011794888304205275,-0.01966228955701932,-0.012156958975287346,-0.00899886996039101
2023-03-13 00:00:00+00:00,-0.003823128620723093,-0.0017299725794764909,-0.00378401929177119,-0.00740141256097071,0.0013991775399990747,-0.0030270839163734076,-0.00258024495679543,-0.011313386022225647,-0.001601941564539744,-0.0030270839163734076
2023-03-14 00:00:00+00:00,-0.012604425517184437,-0.002865507492379238,-0.009495852850267439,-0.006522373234481127,-0.0021826060613371334,-0.013610769000446332,-0.010811704480915174,-0.015085691173186921,-0.00639495296782,-0.013610769000446332
2023-03-15 00:00:00+00:00,0.010581792796758416,0.003954364345471806,0.0007886415626383592,0.0070019356988964,-0.0017860697943687942,0.009534348281540206,0.013226455427460815,0.011825636102356762,-0.0010883005116945066,0.009534348281540206
2023-03-16 00:00:00+00:00,-0.0015182989752674514,-0.0029713542889623357,0.0024133471309955024,0.0003964532055331649,0.003154492482649207,-0.00047553708896441726,-0.00045791210972112584,-0.0016577782948861142,0.0024055925991242066,-0.00047553708896441726
2023-03-17 00:00:00+00:00,-0.007013467991878852,0.005456963315754626,-0.011629778386214262,-0.018767603545331135,-0.01170018871070988,-0.008003475777428215,-0.0059369702256595325,-0.008097497891246586,-0.00918864440475009,-0.008003475777428215
2023-03-18 00:00:00+00:00,0.005258453612984049,0.003543495505627492,-0.002564310866788544,-0.00037090269846207224,-0.002994389402560138,0.003058363340856962,0.002757439116070959,0.004079275260750137,-0.0013108822677718734,0.003058363340856962
2023-03-19 00:00:00+00:00,0.001314899301623873,-0.015246427636506188,0.012247082419882371,0.009454474856993578,-0.003968937992129495,-9.824043882611377e-06,0.003209922390472464,0.004198026599353977,-0.004631262729296259,-9.824043882611377e-06
2023-03-20 00:00:00+00:00,0.010750739484576721,-0.0010700499317168877,0.004483459148061808,0.007455148196723549,0.0005926331793244533,0.0050761525752462955,0.007329885050392226,0.007411529053567012,-0.0002207620085235007,0.0050761525752462955
2023-03-21 00:00:00+00:00,0.0054348727231505745,-0.008475128887576844,0.0012052421488433218,0.0029517797144917868,0.007453778950623491,0.001533792337167883,0.00034647023214451345,-0.00045407242284511984,0.0054087450548523375,0.001533792337167883
2023-03-22 00:00:00+00:00,-0.0014747640605424772,-0.0032144479156771544,-0.0013687470647102407,-0.0033539230848447232,0.002825497895107665,-0.0014231092754800612,-0.002583679019089846,-0.0036327772157117577,0.0029693768824792244,-0.0014231092754800612
2023-03-23 00:00:00+00:00,0.0030875291286462936,-0.0010101641050026533,0.004563391101345848,0.0010040865854938907,9.04203051343977e-05,0.002549329713422255,0.004027694110521063,0.0027097250520409233,0.00015907427330641433,0.002549329713422255
2023-03-24 00:00:00+00:00,-0.00010428005190332712,-0.002250744247669134,0.007693413567582352,0.005216767167113501,0.002604380602253542,0.004392574872072341,0.003449596310352687,0.0015845180408771142,0.0027701085821909555,0.004392574872072341
2023-03-25 00:00:00+00:00,0.004777621094808948,-0.005230582345806312,0.004745994232691064,0.005612247943350024,0.0029778266520836816,0.00474651966185724,0.004493007212532207,0.004676864102663103,0.004121961826037079,0.00474651966185724
2023-03-26 00:00:00+00:00,-0.0019373592694424957,0.005297559837398769,-0.0014937880709638973,-0.001626046108339052,0.002141190242573421,0.00030057177740094865,0.00025997276107170286,0.00017778683100488912,0.001101519744234114,0.00030057177740094865
2023-03-27 00:00:00+00:00,0.004248956076777555,-0.006633910520021158,0.0018658186039057778,0.006745166235166078,0.004598760748352193,0.00459830250112514,0.002367266001192858,0.0024264090464258814,0.003480352482015725,0.00459830250112514
2023-03-28 00:00:00+00:00,-0.000586494917227065,0.0016340934837475452,-0.0013029962329529354,0.0002000140364291081,0.0010681026678462935,0.0017328005804200242,0.0008122314462726266,-0.0005736075524482853,0.0005000805902786176,0.0017328005804200242
2023-03-29 00:00:00+00:00,-0.0028475068649701507,0.005623540491298318,-0.009305050808741555,-0.010106728054689373,-0.0055387736036763835,-0.00554194646219941,-0.004379156641928783,-0.00564623253470109,-0.004450064211026672,-0.00554194646219941
2023-03-30 00:00:00+00:00,0.004115913335711596,-0.004964514590314106,0.005733483382009297,0.0039626718715177756,0.009122812073602438,0.009013297539380405,0.005972454915917469,0.004732745827305873,0.00990989015950583,0.009013297539380405
2023-03-31 00:00:00+00:00,-0.0014045404478814083,0.0030996775823330935,0.0010837964034211556,-6.014870262149863e-05,-0.00364849102779663,-0.0009551786582384647,0.0001608291188650579,0.001536458486163239,-0.002919040736206635,-0.0009551786582384647
2023-04-01 00:00:00+00:00,-0.0021560509178959464,-0.005328974091735494,0.0037613591573177896,0.00259228753508145,0.0015847331001446197,-9.402157508020537e-05,-0.0020254710986348234,-0.0012010484841925573,0.0009286041166436387,-9.402157508020537e-05
2023-04-02 00:00:00+00:00,0.004278237575052746,-0.0033202014703663796,0.005948692508593201,0.003294078290908553,0.0037101466468987265,0.004635756839348915,0.004890052749519036,0.004829947199615381,0.004222970889559363,0.004635756839348915
2023-04-03 00:00:00+00:00,9.800793743108827e-05,0.014653411291704277,0.0071154886960123065,-7.323088251032228e-05,0.003366696887798337,0.009326782349062812,0.007233910793316145,0.006739962874057648,0.003709639423616462,0.009326782349062812
2023-04-04 00:00:00+00:00,-0.002495564347062773,0.00016800238591230254,-0.014553200295869928,-0.008565380444770287,-0.005384511134436831,-0.006980119678006602,-0.008185533780709409,-0.007095039937935921,-0.004711514602908973,-0.006980119678006602
2023-04-05 00:00:00+00:00,-0.0012951141146824163,-0.0021585824295435874,0.0003501841906219383,0.0022285825389096736,0.0026548474060084093,-0.00016719613932747457,-0.00013763849128856087,7.973690565821201e-06,0.0017619184513166797,-0.00016719613932747457
2023-04-06 00:00:00+00:00,0.002483144076960153,-0.003769150302629143,-0.004329153556655307,-0.00511108066940924,0.0036210463294512607,-0.0021485838376889,-0.004004663754663462,-0.004479722477793047,0.0019438267413030008,-0.0021485838376889
2023-04-07 00:00:00+00:00,0.001998148153157908,0.000726886556899009,0.0016122107740539349,0.00037388667192783664,0.005441689912607961,0.004479668753840649,0.004473125193209304,0.004108072260762929,0.005345698349999095,0.004479668753840649
2023-04-08 00:00:00+00:00,0.00213967103921342,-0.004393835779866628,0.004363321539108345,0.00020636279804997493,0.005441076575915638,0.0034661802580424617,0.0022340728105141316,-2.2323037190186135e-05,0.005710847756039472,0.0034661802580424617
2023-04-09 00:00:00+00:00,-0.000659247168989463,-0.006135862358626509,-0.0011916225935794111,-0.00036923613466421923,-0.002242617654581114,-0.0035700490902214055,-0.004278728128863429,-0.003748352999089377,-0.0019724495482329463,-0.0035700490902214055
2023-04-10 00:00:00+00:00,-0.0025340084056855172,0.0015249879098671038,-0.00016816961907495376,-0.00319173419194152,0.001799550614636214,-0.002101135282342903,-0.002343907942030654,-0.0033067349198263596,0.0011553255021790054,-0.002101135282342903
2023-04-11 00:00:00+00:00,0.008326416649114599,-0.005079150839379931,0.003254420522193824,0.0033572197383135993,0.004760346644149704,0.006197864002714715,0.005765609869811783,0.003718841858237898,0.008023719965417397,0.006197864002714715
2023-04-12 00:00:00+00:00,0.0035022041373913293,0.00030160760889574867,0.0007458258079673374,0.0013373139504608833,-0.0018689589972982201,0.002526692466196412,0.004442931652916204,0.0037891450550577854,-1.4850296612523017e-05,0.002526692466196412
2023-04-13 00:00:00+00:00,-0.006822023196451199,-0.002760437544333305,0.0007853044475489845,0.000202225439130288,0.0003912917297710372,-0.0052658815108491686,-0.005660265615477278,-0.004868772148062139,-0.002453969996338623,-0.0052658815108491686
2023-04-14 00:00:00+00:00,-0.011898348038802409,0.003910582962709519,-0.004489324516873228,-0.005240038167361627,-0.007399509150817329,-0.01294207359782329,-0.012669155321997305,-0.009736347120311906,-0.010574402689757956,-0.01294207359782329
2023-04-15 00:00:00+00:00,-0.002033141215949219,0.0014587797070202413,0.00040440212351167126,0.003043089096721685,0.00019173195465338466,0.00015831122608589432,-0.0008864411995408439,-0.00044238680627661786,-0.0001340694623561678,0.00015831122608589432
2023-04-16 00:00:00+00:00,-0.004328380688157885,0.00606721246073616,-0.004051304174339965,-0.003150754200116679,-0.0071785436911384615,-0.0031211927107331894,-0.002959936433863941,-0.0009561276257078477,-0.008648474602465095,-0.0031211927107331894
2023-04-17 00:00:00+00:00,-0.0018267066137964694,-0.0018140230853130879,-0.005177707899674755,-0.004509761350681929,-0.0011039254922232677,-0.007718429499929291,-0.006209095011297405,-0.00811983349366674,-0.0020676701434932943,-0.007718429499929291
2023-04-18 00:00:00+00:00,0.0013266988546660752,0.001153702067001161,0.0028612340728415564,-0.001883616293892998,0.005217114759812791,0.006186975874193257,0.004205160028286636,0.0027374382477867165,0.005305907423395206,0.006186975874193257
2023-04-19 00:00:00+00:00,0.006493650317182409,0.002354859543516108,0.0031207261742933756,0.0009141891737445285,-0.0001384318877836188,0.004130505300924403,0.00200535616696218,0.002240136673317572,0.0019493162749930626,0.004130505300924403
2023-04-20 00:00:00+00:00,0.0033775815965848555,-0.0016798969519713491,0.005098391834054583,0.005716084186612402,0.0036208761455025495,0.0056314802408543585,0.006045079276121301,0.007913674858838426,0.006047222269129238,0.0056314802408543585
2023-04-21 00:00:00+00:00,0.006311165661424312,-0.0031252441947272613,0.0044914435403853314,0.00369725870041826,0.0059216517913636135,0.008438140217915446,0.005795410462922979,0.002772184038426495,0.007056660440805329,0.008438140217915446
2023-04-22 00:00:00+00:00,-0.0008637258062633713,0.002557457779619021,-0.001843797913702594,0.0014222467102855685,-0.008668806693880926,-0.0035029815977202228,-0.0012538001504966978,0.0003834032305176649,-0.006073412866595351,-0.0035029815977202228
2023-04-23 00:00:00+00:00,0.0033710848207728628,-0.007046638283720541,0.002814638974249606,0.00536320358317699,0.007195169228324527,0.004535833778466225,0.0035440467114538077,0.0011869616788036108,0.007437412461557713,0.004535833778466225
2023-04-24 00:00:00+00:00,-0.003398556795216834,0.00154728388540315,7.444124454414336e-06,-0.0008104426846846646,-0.0017168350292376955,-0.0012373036882292743,-0.0012090715583669143,-0.0014512483888863281,-0.0019999519096549623,-0.0012373036882292743
2023-04-25 00:00:00+00:00,0.00022017472336366417,0.0020671575037654044,-0.0033482202344971013,-0.00660687199583887,-0.0066684856102329215,-0.003967664847946417,-0.005028138169429708,-0.002625346498938641,-0.008250779202412684,-0.003967664847946417
2023-04-26 00:00:00+00:00,-0.004160453329335345,0.009617455908963235,0.0007058102749990525,0.0021884012017925336,-0.0018709511888966857,0.002947809316431238,0.002085675595232095,0.005227366472720707,-0.003005980676082376,0.002947809316431238
2023-04-27 00:00:00+00:00,0.0006207033158220909,0.003156492131760613,0.0019080467908851872,0.0031855563153659894,-0.002370203261704562,0.0018624731089436075,0.0025152445491161135,0.003251305631315038,-0.002284822295109845,0.0018624731089436075
2023-04-28 00:00:00+00:00,0.005065023539888802,-0.004509702818810357,0.001588474640080273,0.0004410620155699263,0.0001992167430799885,0.0002756580501090955,0.0015678029059331688,0.0013476289751022108,0.0021982259674806492,0.0002756580501090955
2023-04-29 00:00:00+00:00,0.00048403723779366636,-0.004784914912637439,-0.0009737599857171375,-0.0010626003580703758,-0.00323744120402103,-0.005038949180002583,-0.006643130258678909,-0.004403128385771948,-0.0037530153459038873,-0.005038949180002583
2023-04-30 00:00:00+00:00,0.004079751834638934,-0.0006953910237829097,0.002347568438888281,0.0005238390638437895,0.004095523890709218,0.0031730859215171048,0.002853597446963674,0.0012846861319177894,0.004092565463793552,0.0031730859215171048
2023-05-01 00:00:00+00:00,0.00010775843799870621,0.0020317431792264973,-0.004673859186985152,0.0005814838372828479,-0.00023475351851032222,-5.035804438724423e-05,-0.0008220848515768653,0.001047241591451309,-0.0010707356626965536,-5.035804438724423e-05
2023-05-02 00:00:00+00:00,0.0003871431967739092,-0.00659468572008215,-0.004045137075846084,-0.001435337484989141,-0.0014658144236983084,-0.005718724873525649,-0.006227349372006197,-0.006615754757930858,-0.0018920108879244557,-0.005718724873525649
2023-05-03 00:00:00+00:00,-0.0009521827245494441,0.005080324988220086,0.002539381775000127,0.0018551940257895971,0.0026303700807110975,0.006570404391133877,0.003821100959934931,0.00382898513711738,0.003964651706415578,0.006570404391133877
2023-05-04 00:00:00+00:00,0.0029672640130709027,0.002735134788733884,-0.0015685565361766018,-0.0007898122444536249,0.0027589342285467833,0.0027447620272909035,0.002584047193697092,0.002637009811071289,0.0031322315510853294,0.0027447620272909035
2023-05-05 00:00:00+00:00,0.001569641696553603,0.000750159138789952,-0.004671730515401373,-0.002924004761028387,0.0004294947851095632,-0.0020708828996678363,-0.003009668379635566,-0.002898151306250929,-0.0013947820034797553,-0.0020708828996678363
2023-05-06 00:00:00+00:00,0.01004636436567985,0.00501578163334071,0.0014646163279852242,0.003930439709259437,0.002088466713834558,0.009959956555865901,0.01003928442627644,0.011611814201246462,0.004152704106520799,0.009959956555865901
2023-05-07 00:00:00+00:00,0.00035797950856331084,9.854160251476785e-05,-0.00047113285110467196,0.0021103974677889603,-0.0002031607476137287,0.0001293679802263359,0.0007541161958570797,0.0012948897435267614,0.00012914998572988168,0.0001293679802263359
2023-05-08 00:00:00+00:00,0.012567217752177617,0.006339517432222053,0.004701393051098179,0.007010262445462434,0.00911478978929825,0.019910197682693864,0.020605854681202684,0.022806380398214365,0.01263641392411019,0.019910197682693864
2023-05-09 00:00:00+00:00,-0.0036720818690570978,-0.007967564907227609,0.006951529849747562,0.002733700624374391,0.002817012170765354,-0.0011368558582993682,-0.0018573021487356955,-0.00320685846109825,0.001896473608115068,-0.0011368558582993682
2023-05-10 00:00:00+00:00,-0.007741939802310305,-0.003208344921966866,0.00327066488110761,0.0019556871087687,0.004626843308206174,-0.003693958280259757,-0.0005878869435641532,-0.004790055309019325,0.0013341453953794602,-0.003693958280259757
2023-05-11 00:00:00+00:00,0.01213553865420014,0.006674481948852451,0.0014090712436154451,0.002220569283974738,0.009609722295062184,0.013545151058189875,0.012954398604417383,0.012955539121492832,0.011941792772408144,0.013545151058189875
2023-05-12 00:00:00+00:00,-0.008406980070780667,-0.0012755295829630642,-0.003644228394446447,-0.003632178834241828,0.0019058869222068342,-0.005806789244249377,-0.007146209519984237,-0.010470842611733033,-0.0022967628626832104,-0.005806789244249377
2023-05-13 00:00:00+00:00,0.0018873896107294286,0.003266971827529108,-0.0035696034997093617,-0.0020186648445001953,0.0013038801645495202,0.0023900478079439402,0.0017232520519663286,0.0016052234444015046,0.0016533933941433876,0.0023900478079439402
2023-05-14 00:00:00+00:00,-0.004689084473745275,-0.005863922929120968,0.0034632155357243732,0.0010035981324174603,0.0020479478129078466,-0.0026939120497214697,-0.0030156379990475823,-0.0025727721056700847,-0.00036506036673733533,-0.0026939120497214697
2023-05-15 00:00:00+00:00,-0.0007317317871701201,-0.0009690175786208899,-0.007435693653505937,-0.0034902973169329554,0.0012700243419840884,-0.005247338012684399,-0.006089242663321004,-0.00612069381230651,-0.0017935076930926108,-0.005247338012684399
2023-05-16 00:00:00+00:00,0.0012554562262934166,-0.004452256626733209,-0.0009467262903847251,0.0007503645688018423,-0.000377883161403636,-0.0004158182844522518,-5.702792153750025e-05,-0.0011559281925037634,-7.73395341838734e-05,-0.0004158182844522518
2023-05-17 00:00:00+00:00,-0.0036917128864745186,-0.005075178493392785,0.00029809377448120067,-2.3991132868883547e-05,0.00022690736375508003,-0.004652473171489202,-0.004902033614706536,-0.004253203130390126,-0.002910623828487946,-0.004652473171489202
2023-05-18 00:00:00+00:00,0.0020077450163686894,-0.0025793563489889815,0.000688184961152416,-0.000507045475586998,-0.0020534858898182407,-0.0014073718201739194,0.0008592493409702584,0.0005373244705195734,-0.0009295044071662151,-0.0014073718201739194
2023-05-19 00:00:00+00:00,0.0004368878853946434,-0.0006133554106473316,0.0023813258878069288,-0.0005606166015421632,-0.0016085055934453862,0.0010927788586014842,0.0010090203174004664,0.000935190490118254,-0.0008069871509055471,0.0010927788586014842
2023-05-20 00:00:00+00:00,-0.0006874733617215911,0.0015309724866992003,0.0001674572286891607,-0.000456034917298509,0.0016880980130673517,0.001718351643393179,0.0006578184059384817,0.00030643133807606304,0.0010950506339788557,0.001718351643393179
2023-05-21 00:00:00+00:00,0.0018959837889829245,0.0022571909257866896,-0.0006531985499016457,-0.004628821283289564,0.0004916075679908261,0.0005731422887096382,0.0007816929738098111,-0.0007230906238131496,0.0009001524648843962,0.0005731422887096382
2023-05-22 00:00:00+00:00,0.0004426560979600147,0.005204303357990492,-0.0043777535063665995,-0.010867363519873052,0.0019745073526349355,0.001261366192373048,0.0013288940111877423,0.0007913464750570753,0.00208349324975865,0.001261366192373048
2023-05-23 00:00:00+00:00,0.00046492960065158684,0.005668831740627045,0.005768474026804693,-0.004614893046127055,0.0020376613002019983,0.002079425189923434,0.004040611765523838,0.0033559172621964173,0.0032733044585155913,0.002079425189923434
2023-05-24 00:00:00+00:00,0.000655769427056585,0.015311674749240112,0.010911973948452669,-0.017014787350073446,0.002322661827842021,0.009246627911953409,0.00839020177093297,0.005522152844755768,0.0025544915174648963,0.009246627911953409
2023-05-25 00:00:00+00:00,0.0008949337510733013,-0.00273497078335172,0.00956279540574445,0.0056417745902508365,0.003926506744358793,0.005389997967213844,0.0041818499402241915,0.0037043452728360293,0.0037880359474624647,0.005389997967213844
2023-05-26 00:00:00+00:00,0.0015684709114547335,-0.0037195300204598825,-0.003988556774075391,-0.0021524906960376233,-0.0018544936652754584,-0.004570032365952215,-0.0039753346566167025,-0.004176794998599576,-0.0022379990972949404,-0.004570032365952215
2023-05-27 00:00:00+00:00,0.0017165562896988007,0.0011158608015966465,-0.009009440842219218,-0.009763379309636333,-0.0029376105367248107,-0.004485713887853682,-0.003368477479335552,-0.004948221558449317,-0.004052147331268463,-0.004485713887853682
2023-05-28 00:00:00+00:00,-0.0033419065369620915,0.0038808668292116266,-0.0046087026933469,-0.0033687985227439654,0.0021406318646592926,-0.004788170731010788,-0.004490309319549524,-0.0021749479022618035,-1.0362947483244511e-05,-0.004788170731010788
2023-05-29 00:00:00+00:00,0.004895045682602461,0.001287714659430339,-0.002161814507248394,-0.0003414800685360708,0.0037072958060888617,0.00595731653897924,0.004287082937566744,0.0038803279984831462,0.004932743903009351,0.00595731653897924
2023-05-30 00:00:00+00:00,0.004170009560451993,0.00736161794305934,0.002890982406630549,-0.005764004737581763,0.0010808731923095394,0.00944478182735109,0.007935575487862723,0.005899628744910679,0.0041679034513437685,0.00944478182735109
2023-05-31 00:00:00+00:00,0.003243627709451191,-0.005186347618834186,0.00483844665009614,0.0009155947731982472,-0.0005805823436919599,0.00017581672322064534,0.001323003392710742,0.0009476936133514524,0.0003755634351076953,0.00017581672322064534
2023-06-01 00:00:00+00:00,-0.0021471322898763967,-0.003024931780083784,0.0020532185549755333,-0.0017671759310944335,-0.0027073283224979816,-0.0027090534983824632,-0.002983144868093701,-0.0032991777699434843,-0.0025032213037818885,-0.0027090534983824632
2023-06-02 00:00:00+00:00,0.0006012840084439475,0.0027762311073797896,-0.0023998118933237222,-0.0003849580565559174,-0.0038872200406531165,0.0012480579364380073,0.0016242517009326107,0.0019946442092415584,-0.003324181880570376,0.0012480579364380073
2023-06-03 00:00:00+00:00,0.002109068179410478,-0.007904915061636486,-0.003159834107109294,-0.00037728691197569386,-0.0006786911416616359,-0.003254663221278542,-0.0023107091328781193,-0.001959554760114224,0.0008882194463510906,-0.003254663221278542
2023-06-04 00:00:00+00:00,0.002600445781865357,-0.00714584908275806,0.0065660671880409804,0.0002994388933843517,-0.003627090117232834,-0.004242062791486423,-0.0024828912987536755,-0.0003817332062315826,-0.001773159854524864,-0.004242062791486423
2023-06-05 00:00:00+00:00,0.008663086906764761,0.001052754310253201,0.010874159965288177,0.013943533429752186,0.007382097256622977,0.013202273985600366,0.010213227232161337,0.012477414328152081,0.013845000773159866,0.013202273985600366
2023-06-06 00:00:00+00:00,-0.0046921807751076905,-0.0013547767397085186,0.001889831122206198,0.00026954073830198766,0.0033652741355916227,0.0022201841562428104,0.0007666891346627125,-0.0015523070191112431,4.780797750880694e-05,0.0022201841562428104
2023-06-07 00:00:00+00:00,0.004618381783496162,0.002184359401241176,-0.001864640520612304,0.0038608145743588285,0.00878687502435005,0.004879026922033791,0.006634277661130117,0.005033708873228404,0.01263965439225978,0.004879026922033791
2023-06-08 00:00:00+00:00,0.00463159179852779,-0.0050813255708258565,0.00361380089542207,0.0030814193736357076,0.0037972677227644525,0.004283466896348953,0.0036117450271710982,0.0045000355524997815,0.005411573827560634,0.004283466896348953
2023-06-09 00:00:00+00:00,-0.0010787472741040638,-0.0005617913946234232,0.004511533477003393,0.0027492416493828387,0.005312411573137332,0.003098844808033796,0.0025018813021626674,0.001565854297304048,0.0037653819532541544,0.003098844808033796
2023-06-10 00:00:00+00:00,0.01635658811420293,0.004521126193880454,0.01099220950620472,0.011132694904347318,0.010814480764331336,0.021996797511495858,0.02938455660343231,0.024560680944568425,0.021917239452689863,0.021996797511495858
2023-06-11 00:00:00+00:00,-0.00019897915393085608,0.0022606237450224498,-0.0020045145665866793,1.665438409848008e-06,0.0003198732025837536,0.002737222581956633,0.0029353381096892672,0.0004775486571624299,0.0016349056184330468,0.002737222581956633
2023-06-12 00:00:00+00:00,-0.007484973777797332,0.007130059401146083,-0.005493993159122246,0.00045774121749930785,0.001897902228225501,-0.0001362593891378605,0.0004847601592044004,-0.0005574914026170719,-0.0010741663425321013,-0.0001362593891378605
2023-06-13 00:00:00+00:00,-0.0025180375091702345,-0.002517069308407005,0.0012422487882577382,-0.0021493208804367336,-0.006245193049584374,-0.006699666522326231,-0.005137202368633242,-0.004133804466680435,-0.005893050514651166,-0.006699666522326231
2023-06-14 00:00:00+00:00,0.0017010612017203108,0.004787832452862073,-0.0012449492687331976,-0.0021655665994249063,0.0004968189637286624,0.003225095027638014,0.004700472458160299,0.0035443209833108114,0.000727459107638051,0.003225095027638014
2023-06-15 00:00:00+00:00,-0.0027178838281850526,-0.006180601010265407,0.0013445796621047723,-0.0007656869075522987,-0.0038017730874140288,-0.005514078363259456,-0.0044599669912527284,-0.0047800750062713115,-0.004547256806319511,-0.005514078363259456
2023-06-16 00:00:00+00:00,-0.0012551720042751624,-0.0025366408335431023,0.0051622841890957005,0.0016105175573268848,0.005677753218403581,0.00292251096036944,0.000886584360667797,0.001129178336861436,0.0026670350513384733,0.00292251096036944
2023-06-17 00:00:00+00:00,-0.0009962116865389614,-0.0037626457779158518,0.001450192393138483,0.0036900415905931627,0.0067360279864052686,0.0027733033706531796,0.0004968246321070957,-2.0614455794376596e-05,0.004442116849818545,0.0027733033706531796
2023-06-18 00:00:00+00:00,0.003785827142452236,0.0012137929566378158,0.0006240383102122937,-0.0024533457308605344,-4.3446925831469585e-05,0.0012452595224601293,0.0004193396288358908,0.001887536134551393,0.0005043886544431331,0.0012452595224601293
2023-06-19 00:00:00+00:00,-0.0016332501582704273,0.0032413711431920067,-0.004505129617002557,-0.003138081410579141,0.00477546643962401,-0.00012836098233892645,-0.0012028824317664721,-0.00191967309397989,0.0022625160249003518,-0.00012836098233892645
2023-06-20 00:00:00+00:00,-0.0031131151450591865,-0.0006495380095433712,-0.0033680375491764725,-0.0003334353117976363,0.0043098902286113905,-0.0006240242219444081,-0.003718743068449326,-0.004748247393522864,0.0010652301368039296,-0.0006240242219444081
2023-06-21 00:00:00+00:00,-0.005504923585313515,-0.0053529205375986155,-0.0003823610926420029,0.004084503950795293,5.4723322965299914e-05,-0.004428803320717933,-0.00424859962592572,-0.003365232364016424,-0.005132024610900121,-0.004428803320717933
2023-06-22 00:00:00+00:00,-0.0009266458199339578,-0.0026812451352061784,0.0072307281063155315,0.0018259854636224482,0.014312517986226014,0.006275418762199392,0.0034774531654255814,0.00018539010775109332,0.012457710042707015,0.006275418762199392
2023-06-23 00:00:00+00:00,-0.001784838788498777,-0.002978634855618001,0.005076876456079793,0.00634946078980736,3.172421206087961e-05,-9.711144837720731e-06,0.00026105905993834,0.0003672213604954955,-0.0005395786390453017,-9.711144837720731e-06
2023-06-24 00:00:00+00:00,0.0031397209168102513,-0.01053853565709717,0.0052745740478397085,0.0061539754156823,0.00034314963370762896,0.000328227717163454,-0.0013171986531664848,-0.0011967583672451987,0.0013218132450518727,0.000328227717163454
2023-06-25 00:00:00+00:00,-0.001989393352215596,-0.015274985510294825,0.014656471643187619,0.010703969891068699,0.00957625833104414,0.0024826652504443825,0.0008350900228779601,2.190113901590074e-05,0.007335306999424418,0.0024826652504443825
2023-06-26 00:00:00+00:00,0.0009652274421334539,-0.00039695373547909973,0.0010255545888047113,0.0021192588794274325,0.008487362877088733,0.006607506096219851,0.004717375539134316,0.0024148577826306195,0.006121924607171536,0.006607506096219851
2023-06-27 00:00:00+00:00,-0.0008337401007105782,0.0009714752242178104,-0.0021707034201083886,-0.00010075516980734278,0.0020821716803887114,0.0014770404100186152,-0.000315065054473207,-0.0010886285590371303,0.0015508814638447443,0.0014770404100186152
2023-06-28 00:00:00+00:00,0.004491740061276728,-0.0008471196825629024,-0.0013161421665600637,-0.0025523968189459234,0.002796620962794094,0.00038748642403785283,0.0012803522597581996,0.0007050716152758874,0.003900010939638987,0.00038748642403785283
2023-06-29 00:00:00+00:00,0.0014976211120225624,0.010025736324639434,0.003179852949775075,0.004652996296712342,-0.001606564025744106,0.00419006103008579,0.006947227417123392,0.008020573461793523,0.0006326320775054128,0.00419006103008579
2023-06-30 00:00:00+00:00,0.0007322269497971323,0.019365278469236635,-0.009320772035500302,-0.007153070458848276,-0.005876562019072051,0.0003644462508336499,0.005228586736988561,0.006986922611190494,-0.003128627224094349,0.0003644462508336499
2023-07-01 00:00:00+00:00,0.0001444539515649268,-0.008743407451900276,0.00833450005257319,0.006047619317739672,0.0036232372496736165,0.0025107403956377006,0.0027648089504968,-0.0018328350642643487,0.0037571615168456862,0.0025107403956377006
2023-07-02 00:00:00+00:00,0.00038701866304724497,0.009282733442410374,-0.003279527809994187,-0.00882277960026312,-0.0031633851421019044,0.0018651759547123614,0.002452633301807561,0.004250093749022854,-0.0017447490107384,0.0018651759547123614
2023-07-03 00:00:00+00:00,-0.0022367358851475005,-0.007370594376769457,-0.00018746989490547872,0.004813829240769341,0.003390244944154075,-0.002164135920603494,-0.0034038959291824433,-0.005811102305968707,0.0012314358794558444,-0.002164135920603494
2023-07-04 00:00:00+00:00,0.00039984371850598777,0.003086868474388327,-0.004299650425894419,-0.003106790152512251,0.003217896631130479,-0.0003178908922333301,-0.0007152518002954134,0.00012436789351322197,0.0019804398991158934,-0.0003178908922333301
2023-07-05 00:00:00+00:00,0.001431387193385314,-0.005514911183014171,0.0038952163092929037,0.004948182495071229,0.0008097687010206744,0.0007672678761350138,-0.0001665566036935795,-2.3079351248123103e-05,0.0005450111497031784,0.0007672678761350138
2023-07-06 00:00:00+00:00,0.002315154732958069,0.0033146699212549535,-0.0010472865437587409,-0.004524199738525692,0.0007189363299637819,-0.0008437049932835672,0.0020599379800949613,0.004752465642236858,0.0016874375647812911,-0.0008437049932835672
2023-07-07 00:00:00+00:00,0.0008434230411644705,-0.001534310095699265,-0.008762902821131568,-0.010390466764927608,-0.0033846716927457,-0.004945322002404495,-0.00555805271565335,-0.004940178112382454,-0.0037404039146039514,-0.004945322002404495
2023-07-08 00:00:00+00:00,-0.00011805489883909281,-0.00457597343674554,-0.0005238925526922511,0.0007429540043997207,-0.0012938728889066997,-0.003179847614482978,-0.0030837355423336543,-0.002771328477097157,-0.000743270488292147,-0.003179847614482978
2023-07-09 00:00:00+00:00,-6.119667434067999e-05,-0.0007343263253944965,1.545874702468808e-06,0.001769089330416973,0.0011591699698008107,0.002358460140369223,0.0010874809066996338,0.0007624501243319592,0.0013261083812887708,0.002358460140369223
2023-07-10 00:00:00+00:00,0.0028431848690904094,0.00087789713757358,-0.0010310786334793987,0.0018188878449927337,0.004082017213155931,0.006271236108440048,0.003661857078450126,0.0020571864351210944,0.005331392119126255,0.006271236108440048
2023-07-11 00:00:00+00:00,0.0015213230020278967,-0.0028753861491973565,0.0030606146419085434,0.0033462952978993155,-0.0016163746077917374,-0.00031600115603225287,-0.0013716524796413276,-0.001945550618572045,0.00030365280915289894,-0.00031600115603225287
2023-07-12 00:00:00+00:00,4.44712332337005e-06,-0.00209131260467299,0.00013866867256062676,0.0008463830909388737,-0.002963029866731026,-0.0034493059416468297,-0.003056986647397064,-0.0018780796272052092,-0.0032944511455713643,-0.0034493059416468297
2023-07-13 00:00:00+00:00,0.011179043151335666,-0.011194146367121793,0.02745311059045452,0.011862100118429808,0.0034212758735701065,0.0215495252103981,0.020162796494013646,0.017951206507980322,0.01209560226331341,0.0215495252103981
2023-07-14 00:00:00+00:00,-0.0034507141185058376,-0.004361703636843517,-0.003960735513195313,-0.004269450510702155,0.0019614932059470735,-0.009010684785951906,-0.008232146371471849,-0.004570545413637439,-0.0014589622757035237,-0.009010684785951906
2023-07-15 00:00:00+00:00,0.0022189152743281593,2.3708612843620358e-05,0.00013097347475254928,-0.003551723094696091,0.0031749583954638894,0.0024564615751716534,0.0022895393490243166,-0.0007857198237763985,0.004355365842916292,0.0024564615751716534
2023-07-16 00:00:00+00:00,0.002214133166710708,0.003711456835633564,-0.004206746352037216,-0.0033397429688980518,-0.0020654521638452383,0.0011673809739141117,0.0016209258912560642,0.0028771482106098034,-0.0006172727067914607,0.0011673809739141117
2023-07-17 00:00:00+00:00,-0.0024327706102739155,-0.004360456536558588,6.15257044835893e-05,-0.0025963257172330056,0.0026818124756819994,-0.003700380028297756,-0.0037171057416316433,-0.0038527400831600556,0.00048178916777019687,-0.003700380028297756
2023-07-18 00:00:00+00:00,0.0014044351622717333,-0.0053370761786579735,0.0010514794976212993,0.0021448818591487395,-0.00014333317032777515,-0.002617097854245687,-0.0010039772281431603,-0.0025043157209825306,-0.00038963428690574897,-0.002617097854245687
2023-07-19 00:00:00+00:00,0.002267673522847513,0.005579427450149943,-0.002005463384763595,0.00037276139329134317,-0.008747116157573509,-0.0015909220433923954,0.0008946167210737155,0.005660469300852622,-0.007624252523979802,-0.0015909220433923954
2023-07-20 00:00:00+00:00,-0.0002444473301992378,0.0018363313548608318,0.006435522042900876,0.008639423844082117,0.001825526616602069,0.008611073689047899,0.005743421796332804,0.0065990470137140544,0.003373713930047817,0.008611073689047899
2023-07-21 00:00:00+00:00,7.827649206859633e-05,-0.001548606353826032,-0.007959788369703236,-0.00576512529922002,-0.0003321624847653082,-0.006208307458300033,-0.00678081161023858,-0.007385803467343521,-0.0015235364702175236,-0.006208307458300033
2023-07-22 00:00:00+00:00,-0.0007283977999845703,0.0010846878583727904,-0.006572264660166582,-0.006667263862885409,0.0005033871633071119,-0.002297489638305561,-0.0021997725934954637,-0.005262477797851162,0.0002908062377500187,-0.002297489638305561
2023-07-23 00:00:00+00:00,0.0011174498348192063,-0.0011607643909971044,0.001243234663553583,-0.002280641232654146,0.003679223547879751,0.0012298680826838826,0.00013519886851187657,0.0007766432831819436,0.004431098201421513,0.0012298680826838826
2023-07-24 00:00:00+00:00,0.0049582401274166354,-0.0024664450442319907,0.004650782704454848,0.010070337522704254,0.00640808050744579,0.005295865262788357,0.005513247089186324,0.000717513144308235,0.0073810962831410976,0.005295865262788357
2023-07-25 00:00:00+00:00,-6.645839139574061e-05,-0.0006287145497956281,-0.0013067992960659192,0.0011736664737072022,-0.005319327146833808,-0.004310115691795735,-0.002412936927113085,-0.00019943290083201948,-0.005450207443368549,-0.004310115691795735
2023-07-26 00:00:00+00:00,0.0002816244340282381,0.004441449890584481,-0.001035307244817485,-0.0018534050813887593,0.0009239869383179666,0.0024511207480231167,0.0008588341763406948,0.001375389909353375,0.0009654676688739539,0.0024511207480231167
2023-07-27 00:00:00+00:00,-0.000719885638881923,-0.0026254847418906158,0.0034827079227663926,0.0018905404234663692,0.0007648185458370982,-0.00045122182277401723,-1.983512956649225e-05,0.0008638045741986566,0.0007657384347188323,-0.00045122182277401723
2023-07-28 00:00:00+00:00,-0.0002163706145801303,0.0027550726256251323,-0.003528753095008552,-0.003539010475182902,-0.005008062860073492,-0.0013255800636682302,-0.00023237695885325316,-1.75074390019736e-05,-0.0045238423630292735,-0.0013255800636682302
2023-07-29 00:00:00+00:00,0.0002759902328581809,0.006718981013850156,-0.005669478277368967,-0.0018656131527506892,-0.003698657966944574,-0.000649409998439654,0.00021835429125438566,0.002181316160430935,-0.0022748416046235453,-0.000649409998439654
2023-07-30 00:00:00+00:00,0.0008618814477407977,-0.0008011900856405019,-0.0011969282891025612,-0.0034163442950922995,-0.0016090386075415797,-0.003485909886973615,-0.0029127260653026843,-0.0025919372093641257,-0.0024123197186265433,-0.003485909886973615
2023-07-31 00:00:00+00:00,-0.002221484634874926,0.00033921764768418683,0.002361581217435793,-0.001945264584352513,0.0007512485970291305,-0.0004024395120685309,-0.0016089201584589263,4.344011344636911e-06,-0.0002640533728038852,-0.0004024395120685309
2023-08-01 00:00:00+00:00,-0.00030791404591090643,-0.006683765873814251,-0.005005602131196274,-0.0021217572982732413,-0.0022802774782866297,-0.005451589849400196,-0.006362881695280653,-0.005384483170841392,-0.004261636048477069,-0.005451589849400196
2023-08-02 00:00:00+00:00,0.0011481355942914995,0.0009645979635419799,0.0007470967909521953,0.0006753437871334089,0.0027272465558139114,0.0005479264824170826,0.0009461266219286113,-0.0001331716091474977,0.0021697502738016183,0.0005479264824170826
2023-08-03 00:00:00+00:00,0.0004791377521524698,-0.0009028369738104391,0.0030341731697112184,0.00508331379355087,0.005182345189170823,0.005727173401962826,0.004891817006208443,0.0020490095329639413,0.004984068977910372,0.005727173401962826
2023-08-04 00:00:00+00:00,0.001231617147017916,0.004364383195642363,0.000644567315909006,-0.0007269610651369218,-0.0015351319310850098,0.0021263312092760778,0.001027191703284469,0.002086255791025282,0.00027162376220957185,0.0021263312092760778
2023-08-05 00:00:00+00:00,0.0017783542675584574,7.48145450044646e-05,-0.0015503348240448744,-0.0032254350364512296,-0.001753134136753709,0.0003010781137346985,0.0013228445442543535,0.0012281144643153663,-0.0007143755409219077,0.0003010781137346985
2023-08-06 00:00:00+00:00,-0.0021241306576764707,-0.01076886592920201,0.008316539514886534,0.009321699593385357,0.01609690756425808,0.009774524050392142,0.011063958079536862,0.0019560290309030837,0.013325294155883904,0.009774524050392142
2023-08-07 00:00:00+00:00,0.0012817795383597286,0.0017443718740968173,0.000628298834324692,-0.0002569164810037883,0.002361541221486352,0.002637919139187206,0.0019051351132717276,0.0008751731369762705,0.0018731188821685674,0.002637919139187206
2023-08-08 00:00:00+00:00,0.002170752582580704,-0.012348483391858678,0.009639758423255707,0.0036504004819231106,0.004705283414716543,0.0037599456500043704,0.0022976736997415426,0.00020264177108031411,0.00778038751306398,0.0037599456500043704
2023-08-09 00:00:00+00:00,0.0012667331614202304,-0.0034372592426277215,-0.0008175772803346026,0.0005656459231822009,0.0028741212333596167,0.0019726084840774316,0.0006465259334591522,0.00017177840368409747,0.005379655606465805,0.0019726084840774316
2023-08-10 00:00:00+00:00,0.0019472549925161342,-0.00010060525175792367,0.0010574415736981368,0.0027092323472672764,0.000899656102408386,0.002211717332567975,0.0018815989112390685,0.0008840858648093697,0.002647285334999694,0.002211717332567975
2023-08-11 00:00:00+00:00,-0.0013109643031880003,0.015340395948923335,-0.01193261461515882,-0.00787071144500906,-0.004366959002841564,-0.000940098164519565,-0.0017249383409358998,-0.0001496004949171903,-0.005383144188623512,-0.000940098164519565
2023-08-12 00:00:00+00:00,-0.00021131650801231583,0.007547260393540034,-0.008399209534950436,-0.009153903585041645,-0.004541137065176781,-0.007094971306094933,-0.00460257922622942,-0.004786169020736364,-0.007142941830592275,-0.007094971306094933
2023-08-13 00:00:00+00:00,-0.00010299435044058836,0.011296900008361144,-0.005370212487866621,-0.005338166304624359,-0.014476972724451254,-0.008724510770393379,-0.003746261086245317,0.004624116462706773,-0.014395810186590752,-0.008724510770393379
2023-08-14 00:00:00+00:00,0.0007173212367939108,0.0008826655151272789,-0.0011227768555767126,-0.001112474337087943,-0.0021307562150276738,-0.003936855574241727,-0.003524157509759984,-0.0012967350283173973,-0.0030936893984381264,-0.003936855574241727
2023-08-15 00:00:00+00:00,0.0052539246944180995,-0.003041063978848846,0.01012343885115019,0.011925053517043427,0.009113448291323545,0.011172325623757917,0.009787658454347925,0.009745635100996797,0.010430401726112759,0.011172325623757917
2023-08-16 00:00:00+00:00,-0.0003332861255254116,0.0049344810503797465,0.0026743383392273667,0.003036388535972545,0.00209028476114681,0.008479784840852655,0.009109728143114948,0.010473876702917329,0.003655341689015268,0.008479784840852655
2023-08-17 00:00:00+00:00,0.004321235878141483,0.0023344046458726453,0.005234034255753306,0.008261468335626798,0.0029806218418713115,0.004071572198241613,0.0007762770489796456,0.00852715777104418,0.0025411629516440826,0.004071572198241613
2023-08-18 00:00:00+00:00,-0.009498283966724808,0.004383261202155264,-0.0026705505936522878,-0.0007127291850466122,-0.0043689039944533326,-0.0077002287799695646,-0.006660557863336414,-0.00331132851908178,-0.008556748748674958,-0.0077002287799695646
2023-08-19 00:00:00+00:00,0.0019805393654295234,0.0034329531698797933,0.0031171114835246705,0.0027524469143356267,0.002079048537823036,0.0060966860552245095,0.007491248462769606,0.007106424506247544,0.004835509331689858,0.0060966860552245095
2023-08-20 00:00:00+00:00,0.0014755402604040846,-0.00482601108927172,0.0033578445466448947,0.0036960989338479244,0.0027694648482974316,0.0028973104325835664,0.002298716503400078,0.001524919974863037,0.0033527173748002514,0.0028973104325835664
2023-08-21 00:00:00+00:00,-0.0032119053998297398,0.007460783316466824,-0.00717872311918244,-0.0046918354102913895,0.002558662461640271,-0.0012541944654826942,-0.0009036825071344623,-0.0023720941993443656,-0.0004896119864957749,-0.0012541944654826942
2023-08-22 00:00:00+00:00,0.0015150487092865372,0.0018215683075133438,-0.006975992337164505,-0.004728272952523649,-0.0014119808939713208,-0.0023344892905137193,-0.002164497004770616,-0.0034721050870091252,-0.0013635569492204125,-0.0023344892905137193
2023-08-23 00:00:00+00:00,-0.0012275360190598938,0.005872699940558279,-0.010904725495319623,-0.011493751098571203,-0.0009156152374962812,-0.0032752000201814457,-0.0033936986702471916,-0.007805658238839608,-0.0021945789844997066,-0.0032752000201814457
2023-08-24 00:00:00+00:00,0.0019133577118408684,0.002702041609585315,-0.0022355626470728085,-0.003600541971796156,0.0018360416130946966,0.0020823679038675103,-0.0003051464193726261,0.001425079467925805,0.001499599173097943,0.0020823679038675103
2023-08-25 00:00:00+00:00,0.004422413291803595,-0.008266080451704072,0.009463622120001514,0.008419418071302864,0.0015899704734978481,0.005146881073257337,0.005887805266304946,0.008964314551190178,0.004629773919031965,0.005146881073257337
2023-08-26 00:00:00+00:00,0.00047498486138830565,-0.0001880441390058607,-0.0022077522494114987,-0.0005375745750723082,-0.0017915054983109746,-0.0018938010536343475,-0.0022182155922454427,-0.0006646469417396217,-0.0017180924543743759,-0.0018938010536343475
2023-08-27 00:00:00+00:00,0.0003177620707646156,0.002725194854280577,-0.01060631346856522,-0.008891862604488932,-0.004886592420958014,-0.008999367799712332,-0.008447970900716473,-0.008240156085066341,-0.0074030834814602375,-0.008999367799712332
2023-08-28 00:00:00+00:00,0.0016516382492333115,-0.007835606820333352,0.007402061523080539,0.002867978089556855,0.00600650368124267,0.006465109229209398,0.004610291826886437,0.0024914916192226855,0.008259191734430127,0.006465109229209398
2023-08-29 00:00:00+00:00,-0.014808491498544352,-0.004266401058658387,0.005106566907595589,0.004177960333256792,0.005864798127226845,-0.004035347963816771,-0.006489612403761336,-0.010738726338193727,-0.0033495785955992563,-0.004035347963816771
2023-08-30 00:00:00+00:00,-0.00596114135898429,0.010161978165425634,-0.0063245395789401915,-0.0046426589858353795,0.0010591238905071076,0.00016194546272974009,-0.0007800293245756595,-0.0010102705449178684,-0.0025621710342016435,0.00016194546272974009
2023-08-31 00:00:00+00:00,0.001969471721423366,0.005025248085789302,-0.0029269886214197127,0.0003447908923712717,0.0008197152388293993,0.0040491515053939775,0.005011977877559026,0.0026600836294263797,0.002778400088665922,0.0040491515053939775
2023-09-01 00:00:00+00:00,-0.01579891823992441,0.01116916122856959,-0.007001997454153308,-0.005821614208876613,-0.003992075730700373,-0.00939437646288932,-0.012735814679018409,-0.011809879966134251,-0.011628708962148515,-0.00939437646288932
2023-09-02 00:00:00+00:00,0.00896649892247292,-0.008275125978631226,0.0017469508771317255,0.0017409677560584758,-0.004066722752452012,-0.002330608149478053,0.000977381265670374,0.0056847134061481785,0.0015261158347146253,-0.002330608149478053
2023-09-03 00:00:00+00:00,0.003493721202126432,0.0062957651849204765,0.0030828050544395857,-0.002956253517836016,0.0011681206197995397,0.004405234282851556,0.005719234638348558,0.006305183197268471,0.003139870380443943,0.004405234282851556
2023-09-04 00:00:00+00:00,0.00734655452274513,-0.002230828623047576,-0.0019165110604617563,-0.00043265136078041166,-0.001294068524969938,-0.0021923899380461576,-0.0010641032088837266,-0.002694805135546874,0.0021972610470577525,-0.0021923899380461576
2023-09-05 00:00:00+00:00,0.0016508817883365001,0.0016655496693280814,-0.014748197448759548,-0.00998689940478148,-0.02074145574102737,-0.020237734180849842,-0.017832086937736857,-0.007554271868591589,-0.020134782952255348,-0.020237734180849842
2023-09-06 00:00:00+00:00,-0.0054837233890905335,-0.0002161280956686218,-0.0012717174538326992,-0.0021800007720651493,-0.0013778274172893124,-0.004145870367721516,-0.004520924579362484,-0.00435699475288176,-0.0027959729100203168,-0.004145870367721516
2023-09-07 00:00:00+00:00,0.0018887166187966375,0.008481266366439977,0.002809913336912828,-0.003835731588040403,0.004355961702185329,0.008841887691920736,0.010454734797152643,0.010136044141164202,0.005041966691224475,0.008841887691920736
2023-09-08 00:00:00+00:00,0.002654440520479362,0.0017132871313920717,-0.0011061112822766672,-0.006354722588376105,-0.007356817221183531,-0.0043426507170453155,-0.0029374123574371636,0.0012080299789012372,-0.004636124557643728,-0.0043426507170453155
2023-09-09 00:00:00+00:00,0.000708466441037281,-0.008422385500295393,0.008635418399659311,0.009948413970467307,0.0037578119829229095,0.004238451469599447,0.0033375058750670927,0.003873523429495984,0.00506994779122194,0.004238451469599447
2023-09-10 00:00:00+00:00,0.0029099702179375964,0.00031452521491992513,0.0008321498619108247,-0.0006168672454487378,0.0022860832654096885,0.0037132422471606308,0.004269378438362947,0.0032616098476063726,0.0024455428433702853,0.0037132422471606308
2023-09-11 00:00:00+00:00,-0.00041465311599253596,0.0010516429076643519,-0.0019853544719720118,-0.0021132464200065426,-0.0019126145748895595,-0.0007471207023790338,-0.0005095874091696206,0.0015077729431263176,-0.0025228858058516934,-0.0007471207023790338
2023-09-12 00:00:00+00:00,0.002812683731311383,-0.0006577192403466325,0.0040067906205496495,0.003193253782016958,0.003540033764139139,0.005674793510974885,0.007430059490408647,0.005231644755309128,0.004578940497330208,0.005674793510974885
2023-09-13 00:00:00+00:00,0.0012288737415542261,0.0034864083746928287,-0.002381615816195337,-0.003738065952081371,-0.003558252489431868,-0.0012017951222468293,0.0005631700277033413,0.0018757448119322007,-0.0027780842048430454,-0.0012017951222468293
2023-09-14 00:00:00+00:00,-0.0011644198658935512,0.00026164833508324215,0.002189983001707141,-0.005632447859178158,-0.00022968267217726712,-0.0007766531965777146,0.00031235178745880887,-0.0017810562266309393,0.0006115082589075449,-0.0007766531965777146
2023-09-15 00:00:00+00:00,-0.007212315057508634,0.014723360666443419,-0.003561554457445215,-0.007853258457821033,-0.005317639458686352,-0.005695947102408616,-0.0015635507137807814,0.000818604042320592,-0.008190254805364172,-0.005695947102408616
2023-09-16 00:00:00+00:00,-0.0007155726673327978,-0.006671685329649124,0.004329113599817136,0.009079830662036104,0.005800301938415853,0.003900296467736819,0.00015988179123627155,-0.0003468907677125488,0.005182177426475754,0.003900296467736819
2023-09-17 00:00:00+00:00,0.008474050818962464,-0.009110293733045283,0.009023502488555879,0.007923470511167485,0.0037674919278327668,0.005173653650569543,0.008197190555265799,0.005493369583586594,0.011280501107328256,0.005173653650569543
2023-09-18 00:00:00+00:00,-0.0004779362450786362,0.00503784376074079,-0.0015572881441953124,-0.0039821717256607325,-0.0038060183360686395,-0.0028207448689504533,-0.00304853720640319,-0.0027702039274101198,-0.004064306835159681,-0.0028207448689504533
2023-09-19 00:00:00+00:00,-0.0008567339516508676,0.01538945214430254,-0.006124414778455933,-0.007310856920904829,-0.009110551199845274,0.0016554486192510431,0.003475971858830418,0.008241240294901697,-0.008457177998617116,0.0016554486192510431
2023-09-20 00:00:00+00:00,-0.004154652186301955,6.766063409102685e-06,0.0006137867256619245,0.0005436816246424669,0.0019237958936957344,1.7327828233160147e-05,-0.0017664346638271988,-0.0006240649062656534,-0.0014237614582893743,1.7327828233160147e-05
2023-09-21 00:00:00+00:00,0.002315964824675776,-0.004925982602853818,0.0011564861920279057,0.0006811646786923919,0.006350023177405406,0.004930382225941221,-5.8197367915679976e-05,-0.00330462864078207,0.007203890216482156,0.004930382225941221
2023-09-22 00:00:00+00:00,-0.0006809654432247125,0.0012112048599988157,0.0019880231463287323,0.0005668334484199011,-0.005178673527890365,-0.0003954857519018473,0.0004181682109891671,0.004465056420110969,-0.004963813521521088,-0.0003954857519018473
2023-09-23 00:00:00+00:00,0.0015580216441413164,-0.004264933131399307,-0.0002449853017892911,0.0023016401515290053,0.00018356998701340999,0.0013170094971362012,-0.0003827014979099763,-0.00044141388269691717,0.0012316386288124814,0.0013170094971362012
2023-09-24 00:00:00+00:00,4.620129095767034e-05,-0.00046598980141876467,0.0034281596495111533,0.0021735363683035303,0.0029487758797814845,0.0021408558947093592,0.002747476773196089,0.0014107680240000864,0.002778727146089288,0.0021408558947093592
2023-09-25 00:00:00+00:00,-0.0009195368293554163,4.77162311853796e-05,0.0026143416683079845,-0.0015203283021045788,0.0036305116651715874,0.0027967926999350468,0.0009435606445098443,-0.0004931488501703774,0.003264118717941633,0.0034109783993594434
2023-09-26 00:00:00+00:00,-0.0011475859466982818,0.005824449794327613,-0.0015411645148377673,0.0014362678589143751,-0.004027295457718627,-0.0007124152220613356,0.00012247020962985466,0.002519500122933671,-0.0032045463616036107,-0.00014585554561385994
2023-09-27 00:00:00+00:00,1.1357127543965007e-05,0.007102341367390297,0.005098905755933636,0.006814477176809053,-0.0003788991221074234,0.0077457871221060515,0.008852641881693879,0.009056348391994984,0.002123632047688284,0.00848310503792371
2023-09-28 00:00:00+00:00,0.0015851646663951335,-0.004770964435345526,-0.0032370927039663266,-0.0018500834079072659,-0.0008069682935488709,-0.0049583053171293745,-0.0062346644185882205,-0.0059400700055678435,-0.0003716529607417085,-0.005197875573118904
2023-09-29 00:00:00+00:00,0.001854822180497262,-0.0024832819722103716,0.007119113581496972,0.009265512150385291,0.0001603839253578876,0.004360149096770627,0.00616539840200514,0.004799191347498288,0.002236875379733272,0.005428610927213695
2023-09-30 00:00:00+00:00,0.0013633420377461292,-0.002342949588258647,-0.00019210823942916733,0.0004023348704487173,0.001960240393181767,-0.0011059254001590801,-0.0012725433836664468,-0.0027229594227908827,0.0017224011161007802,-0.0010235615803794174
2023-10-01 00:00:00+00:00,-0.00040731538893767905,-0.001029001836879706,-0.020609323280190606,-0.015324807843702049,0.0008535113182539522,-0.009363020926897891,-0.012189007607369406,-0.01373322556270018,-0.004282742393870165,-0.011447216659700388
2023-10-02 00:00:00+00:00,0.003561879799313772,-0.0011566174170206667,-0.004728149531835424,0.0029419770729122163,-0.007029213400388534,-0.007405599256774531,-0.004505636264415136,-6.0558015939293774e-05,-0.005916505783728265,-0.005337582734765811
2023-10-03 00:00:00+00:00,0.007298968981371168,-0.010416530977293559,0.011152611148455671,0.012978690635801593,0.007542154028226111,0.005685892225566924,0.008202464948578125,0.006220998988560655,0.009003816470157133,0.007268242884499898
2023-10-04 00:00:00+00:00,-0.00032115952535760606,-0.001460369977640985,0.006225972647813771,0.003577131715880144,0.001017841645753581,0.0008557530596033924,0.0032658468924997575,0.0007430071032319407,0.002488328352587388,0.0032799070531055463
2023-10-05 00:00:00+00:00,-0.0012742763819859615,-0.0017921372468621133,0.002353141871850095,0.0022579010134997635,-0.0024194615375029427,-0.0012263646025489905,0.0004884274043721604,0.00047345974649859457,-0.002154542861440345,-0.0004346751714554564
2023-10-06 00:00:00+00:00,-0.003840974883005721,0.004401952364319062,-0.0023183254685832377,-0.0033015333327628404,-0.0011691277782337473,-0.002611999466068271,-0.004319354082635729,-0.003537435765326724,-0.0022242031447441413,-0.004486712196398401
2023-10-07 00:00:00+00:00,6.849844238221436e-05,-0.001964138806726634,0.0035415635989286542,0.0009359018556485132,0.0053007455603413245,0.0031285545580459484,0.0021830452729905137,-6.0990150508311025e-05,0.0048791522525888364,0.002351412416923937
2023-10-08 00:00:00+00:00,0.0032229209596332797,-0.0018239064010332484,0.0011085682580891376,0.00035793458231814235,0.004793564697268993,0.0036837153042079684,0.003438034583560734,0.0012920623934020714,0.005439432096904451,0.003211963619650371
2023-10-09 00:00:00+00:00,7.354408915638544e-05,0.006704416290487458,-0.002466464878263186,-0.0033667888169798266,-0.007969951517912244,-0.004605177873163169,-0.002704542660808329,0.00017359347231571398,-0.004309472007438475,-0.0027953264044082715
2023-10-10 00:00:00+00:00,0.0025375163490934938,-0.003240875739575211,-0.0009310769898114302,-0.004257012426797213,-0.0007670676806658117,-0.002097584001222619,-0.0022765835814371194,-0.0031601990626524135,-2.2538318545706204e-05,-0.002166639042852747
2023-10-11 00:00:00+00:00,-0.0010389680658862144,0.00200935782099676,0.0013168622441031008,0.0017912405225479766,0.0008237171194349635,0.003200275309461542,0.002375269766708099,0.0026167959034202326,0.0015214463169650472,0.0024718407219175287
2023-10-12 00:00:00+00:00,0.0003896815089892147,-0.003496000687015499,0.0004163821442269011,0.0017392495893935322,-0.0015904034743340345,-0.001512336989129559,-0.0006565568456233795,0.00035207711688545196,-0.00178274442851456,-0.0003763383175579005
2023-10-13 00:00:00+00:00,-0.000518542258306387,-0.0024335230605165847,-0.0005406435962275191,0.002069575839257265,-0.00039748028749886366,-0.0022804550044824845,-0.0026545943119596904,-0.0035932352326747408,-0.000567533659753594,-0.002823968424857992
2023-10-14 00:00:00+00:00,0.0012291090286864481,0.0008738920655191329,0.0017673354152207832,-0.00039749528365751186,-0.001288311962621247,0.0021853389671133705,0.0030576954659544686,0.0024105824003624043,-0.00038850822491154346,0.0018796431258853996
2023-10-15 00:00:00+00:00,-0.002382124885104364,0.006461058593185687,-0.001658720927698254,-0.0053469218016516384,-0.002493450233089778,-0.003506273686884498,-0.0035074179344661838,0.0004173425184779145,-0.004645218948173935,-0.002862804864757762
2023-10-16 00:00:00+00:00,0.0029929100309757928,0.004396995362472289,-0.0031541097385238137,-0.003578315017512046,-0.005666819128162914,0.0007412754710003355,0.0020633926868718344,0.003212620579142289,-0.0032057699124200534,0.0022708834263096556
2023-10-17 00:00:00+00:00,0.004514891809175969,0.004033007031533531,0.0012757008517836343,-0.0011214479602792427,-0.00013132427717088557,0.0015993890210423967,0.0033442023286018863,0.005858143677866412,0.0030019156282126147,0.003582995190402727
2023-10-18 00:00:00+00:00,0.004422881231804565,-0.003739801110747676,0.0075614825839760424,0.00812955585210906,0.004267898493959699,0.007883736891104665,0.007056725063516067,0.00442447831241588,0.005937792045388024,0.007705255062986804
2023-10-19 00:00:00+00:00,0.01178188090865584,-0.001915503783536665,0.0036226769972353967,0.005676999449077513,0.00345396605956938,0.013409739450035874,0.012897306920073737,0.012387329721003315,0.009788732230319397,0.013458575831566844
2023-10-20 00:00:00+00:00,-0.001097970202791565,0.0006257703724290575,-0.0037818216624861956,-0.0025779110246160197,-0.0036644572484679783,-0.00032021649674740527,-0.0024104816818620867,-0.002014131672227637,-0.002581608630605192,-0.001702270818448981
2023-10-21 00:00:00+00:00,0.0017236390363828402,-0.007465732321034202,0.0016858849996723713,-0.004148028915470947,0.004461885070220495,0.0017733517864091386,-0.0013374791830196298,-0.003055710718968818,0.0034847782707549957,0.0009008346443775128
2023-10-22 00:00:00+00:00,-1.9015841708269754e-05,-0.00202863299855649,-0.0005293584819895392,-0.004093980303628619,-0.002422798715388752,-0.0034918073445968645,-0.00203257887924424,-0.0033787150178401504,-0.002501420377651442,-0.0012806598826394788
2023-10-23 00:00:00+00:00,0.011627556314071308,0.0157220042528603,-0.005099215626269804,-0.0033622926622031146,0.0021089649625603,0.01981650809669744,0.019797545262327132,0.011233633999030879,0.013912238434624191,0.01818572588128009
2023-10-24 00:00:00+00:00,-0.0017107982615038875,-0.011129514181375866,-0.007474191615995163,-0.014228507519196687,-0.005467281865378704,-0.017496159405847034,-0.018646220145627224,-0.01801525248149982,-0.01035108189631695,-0.01993148975341774
2023-10-25 00:00:00+00:00,-0.004580708144184431,0.0010686078745953953,0.0028988876593127877,0.008260379904553528,0.006260730053296415,0.004738440939760613,0.00304327609142252,0.00012079833586708943,0.004681796282368866,0.0039430691002559914
2023-10-26 00:00:00+00:00,-0.009643336754567633,0.0032639410966863736,0.009512848737657675,0.008949953069552707,0.012373767279161507,0.006462350067960587,0.004279362413668553,0.0028122874633313977,0.004384726055908228,0.002032194845069668
2023-10-27 00:00:00+00:00,-0.0028601835577394263,-0.0032712091389026643,-0.0016477700158948894,-0.0026074442050858515,0.004670183622127011,-0.00039678749263016844,-0.002752009900086172,-0.0051557930550267805,0.0013368259449111353,-0.0041882833333294345
2023-10-28 00:00:00+00:00,-0.008544551327719141,-0.005182515660330789,-0.002616282816815474,-0.0021916332156443064,0.006359301770647807,-0.004036814285069856,-0.006741592747310343,-0.0084632935664255,-0.00077558302759273,-0.008668486736823078
2023-10-29 00:00:00+00:00,-0.0026763439852053317,-0.004965196492332513,-0.002251464989573404,0.000647454327431074,-0.0004135255238569835,-0.0029607152663866376,-0.005059303006252347,-0.0038354992082181294,-0.004723885646211179,-0.0035868923603135094
2023-10-30 00:00:00+00:00,-0.010267523610279494,-0.00531889666835772,0.003257332989837103,0.0007462513619698186,0.003189337193922226,-0.003997314102427207,-0.005651923600907494,-0.007269880886099811,-0.005566380379439573,-0.008028631436123201
2023-10-31 00:00:00+00:00,0.010352392246781417,0.010884572677023918,0.0064185893821853135,0.0014752832341651256,0.0015060206215911087,0.01501877244134886,0.01696493251469411,0.01616393962000684,0.008604960471352507,0.017396732297500606
2023-11-01 00:00:00+00:00,0.007249216047136464,0.00521740626143119,-0.0038525582043976714,-0.007855102069666886,-0.008730256072928655,0.0023142433467111534,0.0027722824479206043,0.004550275320489794,-0.0020330319339393332,0.00567736808106134
2023-11-02 00:00:00+00:00,0.004579575557829951,-0.007271535547166641,0.013608856162759198,0.013970427089423643,0.006759949127805864,0.01016678252378056,0.009889713768486352,0.007549595958558086,0.011976510012633002,0.007022126949867813
2023-11-03 00:00:00+00:00,-0.006407348624727471,0.004565154784384573,-0.011790067191310594,-0.01574887061679686,-0.007924402610218761,-0.011752440604176684,-0.009943537522687618,-0.00635283732495584,-0.010294811467331244,-0.008282728155299401
2023-11-04 00:00:00+00:00,-0.0028699758802904762,0.0037180072419387145,0.0017923233666452543,0.00474860241280739,-0.0007813467659797402,0.005826625209335079,0.00588715945387186,0.004227635875569069,-0.0007660621027432146,0.003594006896899149
2023-11-05 00:00:00+00:00,0.008848166295445159,0.0060038398427786355,0.0017270838788865372,0.0018150574341302406,0.00861933144337712,0.012652803326988371,0.01091681375976683,0.007950426326457594,0.016019080429798604,0.007764240344137141
2023-11-06 00:00:00+00:00,0.002171028316586332,0.0062330522479296935,-0.005222346611354234,-0.010157321837427347,-0.0026839911237042102,-0.0024377183004057335,-0.0019156109630159568,0.00044183212740267486,-4.0091789307084014e-05,0.0005727293031609904
2023-11-07 00:00:00+00:00,-0.0013850511002515553,-0.011728133974619248,-0.0042127570022753025,-0.001386602153397365,0.00503815738862845,-0.004658270562560629,-0.005701417434733735,-0.00888259630508259,0.0035973952992709446,-0.008675840161574855
2023-11-08 00:00:00+00:00,-0.010156246015661119,-0.005716882143932289,-0.008352990682455319,-0.005891605970032798,-0.0031677263229347163,-0.008563313245908533,-0.01412554392405252,-0.01611580320472794,-0.012619153819921958,-0.01640733046629428
2023-11-09 00:00:00+00:00,0.0011891499431815333,0.004921255460947904,0.0026705353331946124,0.004599553229620135,-0.014454853553402258,0.002227043892989,0.00448824380700974,0.007948923631038607,-0.00465732886689918,0.006243344671926776
2023-11-10 00:00:00+00:00,-0.011738613881192905,0.011296492132286673,-0.003941232378942505,-0.0005887989434149032,-0.006939167002034563,-0.004726791402486996,-0.002408075272262944,-0.0032541838887076846,-0.01101097600695189,-0.0036802443547795383
2023-11-11 00:00:00+00:00,-0.000939675222469849,0.0004059411261623236,-0.004926884104922369,-0.0032656876669847623,-0.007255800306993576,-0.004176352671418804,-0.005218815171781022,-0.003318548369899088,-0.0052099193476514705,-0.0035637709976044096
2023-11-12 00:00:00+00:00,0.0037021821278537814,0.00815823755751377,-0.004519369988924882,-0.004995810240434273,-0.0043404650510168175,-0.0027387498792385,0.0010135925067045193,0.0031158040133436593,-0.002794205819140805,0.003946722542508052
2023-11-13 00:00:00+00:00,-0.008240098331089518,-0.017170014876702555,0.005793335850778014,0.0032351512924264636,0.011294656193182595,-0.005629366248441681,-0.010839852796596161,-0.017303309041157067,-0.00035123236400058655,-0.014830977939346068
2023-11-14 00:00:00+00:00,-0.010384454844615365,0.00046202696287256373,-0.0032401859715956993,-0.008627823879294061,-0.005638627322697598,-0.010624715587375655,-0.010336298510665753,-0.0101214207155218,-0.010540483704422177,-0.009136243336235306
2023-11-15 00:00:00+00:00,-0.00012161021752588042,0.002060732627730877,-0.006207984731223082,-0.0010057476955366296,-0.004397831731892121,-0.002393122995961061,-0.002962515021621148,-0.0021309829195540475,-0.002319397984054228,-0.0025809161730658836
2023-11-16 00:00:00+00:00,-0.0023816831563273633,-0.005252291001263676,0.005817858290951161,0.010026525147735388,0.0007533036608717847,0.00010735499544800575,0.000373501634816531,-0.0006756705431730792,-0.0010731406278970956,-0.00038677196741110365
2023-11-17 00:00:00+00:00,0.0029310130091644293,0.0008066291563582073,-0.0008853326723758936,0.0011613946126993735,-0.00066038572014393,0.0013313966889545448,0.0013199724352919162,0.001416823305956827,0.00302670439109054,0.0008355165000362152
2023-11-18 00:00:00+00:00,0.004086161893392948,-0.007185463331990993,0.004231555700680456,0.0014462708136118163,-0.000658610116466285,-0.0014854461125295426,-0.0013553013008196224,3.2044945646347855e-05,0.001262533644813102,0.0001295001892636094
2023-11-19 00:00:00+00:00,-0.001139400334998597,-0.000622219219571174,-0.004552136885625391,-0.004607124200347479,-0.005578399674254886,-0.005638383496644139,-0.004167743364042686,-0.00453805376846228,-0.005916006777655025,-0.004589092280117613
2023-11-20 00:00:00+00:00,0.002056250966217421,-0.004519132365220058,0.008762450564720359,-0.0006213379608690506,0.009381226259610687,0.005191837511080877,0.002067676382738748,-0.0006354042891887346,0.008955822896710153,-0.0009737964948079991
2023-11-21 00:00:00+00:00,0.004123185045413091,-0.003434524236971548,0.0022839430395766858,0.0003947015618721572,0.0016450401322747332,0.0037557298686865526,0.0019129350936062384,0.0024457472178069928,0.0011366920845368167,0.002376182760321255
2023-11-22 00:00:00+00:00,-0.0029999286709819772,0.0054167530040625245,-0.012640964723021564,-0.006919805069467322,-0.00517240264892882,-0.004613049242068401,-0.0026725953214669085,-0.00496224740742468,-0.0060002269312182666,-0.004312282647860655
2023-11-23 00:00:00+00:00,-0.002246390717128066,-0.0015793141241116082,0.002286913646664779,0.000502152416056667,-0.0032446095143416898,-0.004494565118498661,-0.0020840977143488093,-0.0019217521525138892,-0.004074759875671963,-0.001800641462265884
2023-11-24 00:00:00+00:00,-0.001431325500713343,0.0046939721572496484,-0.013386837750532843,-0.010937391591872458,0.0039935700594808665,-0.0019690712133205723,-0.0017684170945977407,-0.004708616795103704,0.0010834009695881441,-0.004258612073725798
2023-11-25 00:00:00+00:00,-0.005276769066395626,-0.004162668697301308,0.0021381416926946617,-0.0022493790504412026,0.007165078665032132,-0.0009987968736091535,-0.0024185382978310077,-0.005554422192574848,0.003506510548199504,-0.005658611704039362
2023-11-26 00:00:00+00:00,0.003138417791964887,-0.003027134556330191,0.0026347303870202232,0.0027631605940707793,-0.005694176481515267,-0.0030711493464011808,-0.00226428873092821,0.002082332874402848,-0.004246774797986519,0.002055232603063617
2023-11-27 00:00:00+00:00,-0.00024211981923250026,0.0013895216608532657,0.001862667684996655,0.0014547532386335327,0.0022220152572165475,0.00013496774080667961,0.0011139405220654819,0.0016055152697167507,0.0013729377078133265,0.0013785640624039974
2023-11-28 00:00:00+00:00,0.0010263613528262994,0.005721066675381303,-0.0017589859638464933,-0.0017319709865184496,0.0049139073427717506,0.0059176230541386765,0.005160111908023346,0.002838277399423328,0.004214150044128839,0.0033294818300502182
2023-11-29 00:00:00+00:00,0.004372833122422204,-0.011994573320543322,0.011195259235084354,0.013902500771821424,0.002304540924388254,0.0031353871932349175,0.0025956539899394393,0.0026811676618458957,0.003950463310198549,0.002468309575094363
2023-11-30 00:00:00+00:00,-0.0017059314870353504,-0.002137590499369013,0.001979781764977373,0.0028843967183311836,0.0027363965139473034,0.003093557182134221,0.002592529215112549,0.0008073599346436477,0.0015496502135616819,0.0011753617114000914
2023-12-01 00:00:00+00:00,-0.0059864888300191765,0.0014380245321494733,0.0012213339056441619,0.0031537567293464797,0.003938413723442391,0.0011057606553475097,0.0008323198692388178,-0.0016850490459212608,7.76877739179227e-05,-0.001585100018493879
2023-12-02 00:00:00+00:00,-0.020338479217651084,0.002790338299629047,-0.002223718972992672,-0.006492994541738684,0.0005710690226481407,-0.008931648949392024,-0.009158153651982248,-0.0099278702636737,-0.006981794745991476,-0.010230193866632376
2023-12-03 00:00:00+00:00,-0.003519170937353766,0.005550257584670648,-0.009922545046627373,-0.003611738360703498,-0.0008797339347942357,-0.003542731669688881,-0.003804087711665516,-0.0032617454863970163,-0.002356106164123517,-0.0036202596030908696
2023-12-04 00:00:00+00:00,-0.01605658101004659,0.01474544484569762,-0.008480280247062821,-0.00876040920692056,-0.0035200522087511787,-0.008983244727256978,-0.005614157254117846,-0.006954958050046978,-0.0076812864761612865,-0.007271020186575217
2023-12-05 00:00:00+00:00,-0.008873980547015825,0.0014697417283149328,-0.01238199299667575,-0.01175734834195119,0.0022379699622911975,-0.01413602596604091,-0.01101973442026083,-0.010969247048589925,-0.007890575587666038,-0.009655500337818479
2023-12-06 00:00:00+00:00,0.01116153041406287,-0.010973261421367786,0.017000034300419298,0.015224611964228751,0.019728892472512083,0.023720975455163718,0.017534176180937555,0.01068477817402802,0.026435011496617422,0.010696522045281265
2023-12-07 00:00:00+00:00,0.00421881863720186,-0.008575777379231764,0.005052855330600181,0.005554561053993101,0.004891400685438807,0.0008175180431000406,0.001860419973065408,-0.0010420679223116514,0.006523015310205604,-0.0016219840733343593
2023-12-08 00:00:00+00:00,0.005385931137522837,0.0020382963658389652,0.0045293416738827474,0.0052305507396082085,0.004570659841759861,0.008301096143030984,0.008369310832873733,0.010318299748852233,0.00621155788122385,0.010333899393482726
2023-12-09 00:00:00+00:00,0.0001581395212351122,0.000339385503458578,0.00805635343012523,0.010736988006467163,0.00451613042289889,0.009987177181192797,0.00967339260509159,0.010359845569819948,0.005190961394521798,0.010501990318968701
2023-12-10 00:00:00+00:00,-0.00255276029543694,0.00191993290803949,-0.004142785037018704,-0.004054708218458325,-0.011201074249435172,-0.008715767888979209,-0.006482991227100832,-0.004368104163542386,-0.008931815285607714,-0.004208890089179351
2023-12-11 00:00:00+00:00,0.003651095208631716,0.005864662008966848,0.0022115320717217557,0.0008133813351023367,-0.0011535728346270258,0.0065725072076003865,0.006278405916920526,0.008057056143932595,-0.0005691713876513349,0.007036370320009588
2023-12-12 00:00:00+00:00,-0.006587099979909361,1.6666890960248537e-05,0.003263294532062977,0.0023424820347781594,-0.002427570222699238,-0.0011370077527016464,-0.0010830123041007944,-0.0006197222603250285,-0.004611285536705201,-0.00025270418325984423
2023-12-13 00:00:00+00:00,-0.0004914869002454747,0.0015832319303614728,-0.002238721740034477,0.00019573424076568813,0.002485450550354429,0.0019672783442516995,0.0006370597155864743,-0.0024333676453894837,0.0011726757441967717,-0.0025240345464847547
2023-12-14 00:00:00+00:00,-0.0007964792253531972,0.0031002983885222157,0.0005880912616240686,-6.0374128840190444e-05,-0.000577251564457093,0.0007876383320033487,0.0017340637279299465,0.0019501484609860675,-0.0014526134009699154,0.0022180719397211224
2023-12-15 00:00:00+00:00,0.006270192907959826,0.0015666209013744936,0.002974867017727423,0.006746993364069587,-0.0006690999044492996,0.004865266105974708,0.006357306724737777,0.009839772596382135,0.003028613551757875,0.009323768384055908
2023-12-16 00:00:00+00:00,-0.004631829212175087,0.00022775271485953041,-0.00484326679031688,3.587268814086997e-05,-0.003204020854084888,-0.0037644384622739224,-0.003801349384482844,-0.0036620605719698274,-0.0046804024791253784,-0.0036575459721670533
2023-12-17 00:00:00+00:00,0.0024021232980850904,-0.0017390913570060063,0.0005821706184085951,-0.0013803964171883454,-0.003152372779584467,-0.003224911341099479,-0.001794983018056917,-0.0002017516409651421,-0.0025653310555767694,7.213725553523176e-05
2023-12-18 00:00:00+00:00,0.00685252640700007,0.0065294790418644055,-0.006178796475993398,-0.006994726619715896,0.002422914280766575,0.004769990955030723,0.003105729655063172,0.0017980202415959212,0.0044022910131811255,0.002180802659542902
2023-12-19 00:00:00+00:00,0.004716815071222902,-0.005048803303530192,-0.001311155684885934,-0.004441359093757424,-0.00901527698233906,-0.005761711511418577,-0.006032859373112154,-0.0035370904886820043,-0.00641304239664664,-0.0035472335760475815
2023-12-20 00:00:00+00:00,0.0012388434565682171,-0.0002717002510035371,-0.007462229209619697,-0.003618666891824329,-0.0027175866542876737,-0.0031972742883620286,-0.002363485400617815,-0.006755590816495904,-0.003187418693127886,-0.00662350392635902
2023-12-21 00:00:00+00:00,0.003786206481639409,0.0031349700258231916,0.003177172407671014,0.0050124861062923465,-0.004991173227312573,0.0031156696529963668,0.007109552931245933,0.006848462132870381,-0.0008500201860459633,0.007302606734154393
2023-12-22 00:00:00+00:00,0.004782211504100298,-0.013821092247942701,0.005069404950550638,0.00010908998973824247,-0.004613653553630415,-0.0022824393829312672,-0.0038385962533160622,-0.004622719037973622,-0.002984587321937071,-0.004853269034241103
2023-12-23 00:00:00+00:00,9.221057454755766e-05,0.007943356757757813,-0.0009671810318225837,-0.0023934026088721083,0.000978105201961288,-0.0014063863934138388,0.001371717399610839,0.0015080858188158963,-0.0019635332086334056,0.0019385080714235947
2023-12-24 00:00:00+00:00,-0.0008143045894865031,0.009015911927188425,0.0030782567731670873,0.0013783842236523292,0.0032594756732433616,0.00596044878537505,0.008219044163736422,0.007277446276301447,0.003491189586817489,0.007714176129199668
2023-12-25 00:00:00+00:00,-0.0068612421100111565,-0.0023326493964901385,0.0017656730416313327,0.0008847519123185155,0.0060120693297505134,-0.00198468278709929,-0.004004519992541478,-0.008500240118322178,0.001266661450641804,-0.00851326355807136
2023-12-26 00:00:00+00:00,0.004355184698225489,0.006298732368001714,0.0003924354023809862,-0.005715851092300439,-0.0007091468924419475,-0.0007515833735080024,0.004384270431376569,0.006111736779700561,0.0031083492093215703,0.006405214646750812
2023-12-27 00:00:00+00:00,0.00398110171768562,-0.011970338733865438,0.0090681432208648,0.011973153240796064,0.013739130254360798,0.006992885755433997,0.005687778610330874,0.0022134929209838283,0.011897818244143155,0.0020961519430648945
2023-12-28 00:00:00+00:00,0.005547859057717375,-0.0008527867419048096,0.0019252382342700436,-0.0004317979496438751,-0.0023855558555059275,0.0020154854830665148,0.003519755076969444,0.00471443032541341,0.00030932103440117764,0.005035759716799815
2023-12-29 00:00:00+00:00,-0.0011881324624954948,0.0045838383985421505,-0.003224670276332109,-0.005094125369039193,-0.0007875557507318609,-0.0021330664698386848,-0.0027893131938520055,-0.0023978678883156412,-0.0007351440225144001,-0.0016767080504281884
2023-12-30 00:00:00+00:00,0.0019435791372521827,0.0028227672146277083,-0.0009078048022796992,0.0022284942339969582,0.0007888166218525949,0.00536625429811477,0.0044383929066074135,0.0030768835322210197,0.002469794871657882,0.0033106528342501385
2023-12-31 00:00:00+00:00,0.0050255996243635526,0.0006937833558466888,-0.0032116837422757616,-0.002064291607361657,0.003347225137937171,0.0070282462890221,0.005060312243051923,0.0029292892908023838,0.004090161157137784,0.002918648449729888
2024-01-01 00:00:00+00:00,-0.0007010422404402084,0.005759639890761781,-0.004371466926072931,-0.007131192555462129,-0.002647211068105726,-0.0024734973906186397,-0.003108346249997229,-0.0028256654722753627,-0.0006990731796385763,-0.0026449232553628077
2024-01-02 00:00:00+00:00,0.0029151430296796566,0.00544619105835964,-0.005279485249360616,-0.006359285621658217,0.005026935585656478,0.0021383665322969314,0.0027975687101013946,0.0035578122522592626,0.00551087664867822,0.0033853168929816047
2024-01-03 00:00:00+00:00,0.012745178293830817,0.011258224677819006,-2.971514941674247e-05,-0.0022705720643620975,-0.007028473148913639,0.009372770649695328,0.01580314254272408,0.017166549243150975,0.011016095005631499,0.01630823713687768
2024-01-04 00:00:00+00:00,-0.007591289012848557,-0.012211151851898583,0.00045294204327372967,0.0015976897631191367,0.004994548307042157,-0.008190964565693126,-0.00805877790263565,-0.011635671785593882,-0.010565477122690847,-0.011939168522927535
2024-01-05 00:00:00+00:00,-0.00038831209551981605,-0.0003000476599611668,-0.004320040694411498,-0.0006106976910992268,5.879700323441206e-05,-0.0022344226424498848,-0.0027107793761230736,-5.5497122672609756e-05,9.982997500279644e-05,-0.001334229682781407
2024-01-06 00:00:00+00:00,-0.0029113738073783813,-0.005718046781798325,0.01242738582856795,0.008600652216175009,0.013909365315423194,0.007139118256273003,0.0015278305628245725,-0.0020540240718822655,0.002369676798084752,-0.002107380101059819
2024-01-07 00:00:00+00:00,0.0107176860168543,9.061421878198139e-05,-0.0020576437671109282,-0.004281567196026237,0.00803048320374078,0.009975106036056003,0.006975081697762731,0.004301002667050691,0.00961301822889804,0.003527343867972821
2024-01-08 00:00:00+00:00,-0.0013326947384363352,-0.004918121136162967,0.004266214491787768,-0.0023337295947966075,-0.006636420415964572,-0.0074763385494487355,-0.00997206236781678,-0.0050371072234352,-0.006649442693327456,-0.0056789745774796785
2024-01-09 00:00:00+00:00,0.012473320634271978,0.0010470002455298388,0.00373393445919179,0.008941927749202438,0.0026568603961591997,0.008724419333536293,0.010622317517712698,0.01079412153739101,0.009132193896178364,0.011206264570200908
2024-01-10 00:00:00+00:00,-0.006735577736752263,-0.0004261418484611257,-0.008117052922215318,-0.0104426760609303,0.004541612433954567,-0.008059255640523788,-0.011207347637937848,-0.008730761226976802,-0.005835783102855929,-0.010196386686083025
2024-01-11 00:00:00+00:00,-0.007571337127541655,0.00041158701033650047,-0.013264888050852686,-0.012158210003460512,0.0029188181871195873,-0.006672919919242681,-0.008634293578132612,-0.009708009784585858,-0.0053348851193836255,-0.010154089297676028
2024-01-12 00:00:00+00:00,-0.004831804860489508,-0.00019866598179696382,-0.005319819897914857,-0.00790311414152467,-0.004984923581710765,-0.005484801422389718,-0.004948623236265992,-0.004612040300379094,-0.004196625420685884,-0.0045252345881534595
2024-01-13 00:00:00+00:00,-0.009247166555040542,-0.001692469316153189,0.004919313629163868,0.0042767582511882285,0.0020739639178193325,-0.002322914022277689,-0.0033087061404402096,-0.003981423458205624,-0.002610387719716112,-0.003366787747337341
2024-01-14 00:00:00+00:00,0.00030559523187068116,0.00016917118981218948,-0.0005878554462860341,0.00018712546178023537,-0.002698436880166799,-0.00046950662240607954,0.0005924885554930981,-0.00012720911804031676,-0.0012898308257973667,4.0761108965892134e-05
2024-01-15 00:00:00+00:00,-0.0011280261496989796,0.0015924668409541543,-0.006517985674945659,-0.005370090800913885,0.004924587660372737,-0.0008558998815422214,-0.0026116453309392718,-0.0018981563866141693,0.0004563357488209796,-0.0028288218403281773
2024-01-16 00:00:00+00:00,0.0027616520395310484,0.000669701472922446,-0.0008222864628554261,-0.0009293003399574173,0.0008995613420377246,0.0012173887584017162,0.0020365515526696853,0.0014084129740665752,0.0025910048665536145,0.0016430878540236726
2024-01-17 00:00:00+00:00,0.0004107487732325499,-0.006494829998910379,0.0037520431204778326,0.001545780750865644,-0.004290520006893339,-0.0053640038122499956,-0.004217446672371117,-0.0034076822485669123,-0.004127857041335559,-0.0035878066721061197
2024-01-18 00:00:00+00:00,0.004499857263911888,-0.004040733434159227,0.009775077161916723,0.006512388470307329,0.009642230151845066,0.00978929935957873,0.0063814440672440575,0.004397137699977627,0.006306617422412675,0.0048381783410629264
2024-01-19 00:00:00+00:00,0.005528663855199678,0.008482611499445403,-0.007101734469771914,-0.00909684374418962,0.009211934042709702,0.008316403714291543,0.004712662860254069,0.003720139478129214,0.00838578392412992,0.004172701729166617
2024-01-20 00:00:00+00:00,-0.0015730132657295615,-0.00326145473883821,0.015103242693052188,0.013612790472135039,-0.0004501031608186157,0.002288045146467743,0.00261635992147502,0.0032797483879845046,-0.0008189970246849088,0.0037255917823586504
2024-01-21 00:00:00+00:00,0.0005032255796806329,0.0037294325000714057,0.0029995463090439767,-0.0010831211466518775,0.004758073670940277,0.004533546953189971,0.004062155516060928,0.003112345604155964,0.004833112848212862,0.0031613083104709006
2024-01-22 00:00:00+00:00,0.0017889408725522138,0.0025405584528459535,0.0015799552864006472,0.004639311444647243,0.002209179010089768,0.005618815337417704,0.003781926671941216,0.005418809175837369,0.0055082643527086805,0.004965660641842895
2024-01-23 00:00:00+00:00,-0.0015380992143368966,0.004954720840182114,-0.0030076966478748135,-0.0011968641909287925,-0.0008794355711967405,-0.00046391855782623725,0.0010695881655595763,0.0016670020409323971,0.0013282804560552641,0.0018894529838635599
2024-01-24 00:00:00+00:00,-0.0051795546305460904,0.0021048406073733705,-0.005358124758509719,-0.0014177614290580287,-0.002263968760042201,-0.0051706467320342675,-0.004901578746804969,-0.005145115233451292,-0.0034698946877042003,-0.0039044709693204505
2024-01-25 00:00:00+00:00,0.0031504996662212736,-0.002899874546440473,0.00540941039753795,0.005014563813531936,0.001063609397556231,0.0033415267992091824,0.0032278001880126084,0.003625924077212961,0.0017482231907628432,0.003613694028994141
2024-01-26 00:00:00+00:00,-0.004641020190070622,-0.0020688665244553706,-0.0059742051348909975,-0.005933059630631399,-0.0034012645303800326,-0.005414304958277549,-0.005239673466841177,-0.00502608470317345,-0.004110800834877137,-0.005010108532597868
2024-01-27 00:00:00+00:00,-0.0025532664285904394,0.0007505639568401445,0.0042127439026176106,-0.0036837558259519287,-0.005488267918626888,-0.002134024655199407,-0.0018913432044401768,-0.0014666407334262832,-0.0021680888627971795,-0.0017817186734977453
2024-01-28 00:00:00+00:00,0.006418629550523303,-0.002647639154982784,0.0013932925631079396,0.003007618823479108,0.005510755700934622,0.0064231837212263,0.006067622162436059,0.0043922280240338285,0.006621987784183103,0.005789148314163661
2024-01-29 00:00:00+00:00,-0.00300830996004553,0.004693810821444044,-0.0031582166820953717,-0.003750993638338751,-0.000766949393561478,-0.0006439100720309066,-0.0004689994756791327,-0.0011283942976596517,-0.00035067778229280755,-0.0004459800412335291
2024-01-30 00:00:00+00:00,0.002437120535633275,0.0010896361940071486,-0.001299015679889215,-0.0052359555451817474,-0.0013663466482992659,0.00020320430253395472,0.0003883244163696009,0.0007621242086000013,0.001570705133537853,0.000567660774248191
2024-01-31 00:00:00+00:00,0.004522545926454402,-0.0005817052348010554,0.006222961586719311,0.00796677750356345,0.0049871136163202046,0.0063338648050528246,0.006350666236351943,0.005257713776353201,0.0054480460837693645,0.00472390006578105
2024-02-01 00:00:00+00:00,0.001674629118752824,0.003948778877967518,0.002165583635408641,0.0002057175404279743,0.00018921488624412675,0.0029583053013428895,0.0032929853029786127,0.0027504355044056794,0.0019962859707414182,0.002523274851113033
2024-02-02 00:00:00+00:00,-0.0007530266781249351,0.00328069216304705,-0.006343962144614745,8.849571349811569e-05,-0.004828303433177195,-0.0017716910829843613,-0.00020169702239836163,-0.00022646870150822007,-0.00052858963585245,-0.0010700682793719496
2024-02-03 00:00:00+00:00,0.0030113735242431883,-0.0012405284726098031,0.00306245217513057,-0.0007366487154804036,0.0011728332005549458,0.0027755117875614133,0.001960366925577217,0.002021655951672585,0.0011607160653701598,0.0020979523361419616
2024-02-04 00:00:00+00:00,0.005076445484192282,0.006485132228711166,0.002381320572339529,-0.00018444218797308842,0.002625973362790246,0.005703755303020364,0.00660869162364186,0.006364853408930227,0.00567981580954835,0.006333204286945282
2024-02-05 00:00:00+00:00,-0.0015668667610813092,-0.001306992556990294,-0.005517148232017988,-0.005425660884068706,-0.0013346930823726622,-0.005314214643736048,-0.005324575987068592,-0.004511251474816014,-0.0027391907822769124,-0.004447397951394705
2024-02-06 00:00:00+00:00,0.0024811929580479397,0.00012559066820538867,-0.005910988518779692,-0.0065907907722564385,0.0025468804117454447,-0.00017244108086966747,-0.0008615966578395806,-0.0014305412211570445,0.0018168249159593586,-0.0007263473202632209
2024-02-07 00:00:00+00:00,-0.0030935858884233447,-0.012073067281539784,-0.0006496460901942447,0.004083649464795336,-0.006173107731771377,-0.007473077607583978,-0.006925842084456013,-0.007751379214121945,-0.009655463543976617,-0.006604059788584582
2024-02-08 00:00:00+00:00,0.003880224666529264,0.001513449265007294,0.003026822972387988,0.0026067091961112787,0.0031754007070452506,0.005499883329281197,0.0037972779017976244,0.0035503677225783292,0.0038780518905963124,0.0040522604760226955
2024-02-09 00:00:00+00:00,-0.004398453736762287,0.0050535088444809695,-0.009177678549969648,-0.008228622908874383,-0.0018078377468315754,-0.003949777905371654,-0.007362293180962154,-0.006442224752239767,-0.001777982635409514,-0.005347214579723647
2024-02-10 00:00:00+00:00,-0.007278935999497471,0.0006748384952317554,-0.0007701375364188578,-0.0007261151906534646,0.005162122622960785,0.0005885110139414174,-0.003022768484476579,-0.004352131739237541,0.003931785910795016,-0.0029214810866668994
2024-02-11 00:00:00+00:00,-0.008359723112606798,-0.0030344239696563635,-0.00028441196789574796,-0.003630999658756795,0.0010860543789177335,-0.00528948398176976,-0.005960587415724805,-0.007056152754765788,-0.003007850986574412,-0.006973206276752242
2024-02-12 00:00:00+00:00,-0.007880366393958727,-0.0011704619174228714,-0.0062836659685286955,-0.005224536038155647,-0.006509432667848536,-0.00730551833614701,-0.008892194979491008,-0.004942082752866117,-0.006214800884978944,-0.008791789781723347
2024-02-13 00:00:00+00:00,-0.009637449698052025,0.014409468005464943,-0.003121475343508151,0.006187016397504408,-0.0011530867354133667,0.0031629095611152014,0.003049078539848482,0.005414405074275486,0.00549425653240232,0.0025159631929665416
2024-02-14 00:00:00+00:00,-0.009458636023816247,0.0077309183258942316,-0.0012606271210038322,0.0016693947419257338,-0.007501322740321781,-0.0029848953424946867,-0.003803306967194997,-0.002146996648935917,-4.455973716532835e-05,-0.002631132529544833
2024-02-15 00:00:00+00:00,0.010819134338759362,0.0034649903188184172,-0.0021828281804482375,-0.0023428418686044505,0.007917866777399363,0.011522399733361555,0.011349235746928255,0.008143219742257513,0.013249627123341101,0.010703363775983243
2024-02-16 00:00:00+00:00,0.0014197479386510725,-0.008155250723652308,0.0031257960411088526,0.01625084882817429,0.0023481265391127604,0.0021818982088177563,0.004619628263835107,0.0032986402641164148,0.0006496020922104329,0.006137714502084224
2024-02-17 00:00:00+00:00,-0.0039341054512006535,0.007181680031021376,-0.006484984717048281,-0.005603394943587747,-0.012356149581967735,-0.006640010092147874,-0.005272873529749145,-0.0036808090752905587,-0.0013630885111707292,-0.005095122893650328
2024-02-18 00:00:00+00:00,-0.01172752584642145,0.003291927112515358,0.0020591550875641573,0.002236018474547574,0.003276899065062455,-0.003746980362265062,-0.005607365940647369,-0.008248599394971579,0.004371440802476201,-0.006926345513717069
2024-02-19 00:00:00+00:00,-0.006346109587245796,0.008603891525236884,-0.002471805530176119,-0.004926847688343061,0.0002507139810381531,0.0021304889491360335,0.00021434322491953317,0.0010747850730536967,0.004469651139392683,0.0013163563652744958
2024-02-20 00:00:00+00:00,0.00531694297873142,0.0016572037111621807,0.0021765970545324365,0.007026052226265067,-0.0043657960074776625,0.0014198324981431476,0.005065012808044722,0.007000706881479024,-0.0027044974725393134,0.005508811935489133
2024-02-21 00:00:00+00:00,0.00660896014822665,0.017993115515459346,0.0015613766900468562,-0.0017132848678550472,-0.00023772005537381347,0.009850019658975473,0.011490655577324427,0.011576745604059191,0.012728518364633512,0.01171536756572844
2024-02-22 00:00:00+00:00,-0.0015545101212010026,0.007483467111853992,0.004062899885279414,-8.885175574069315e-06,0.004246290479351877,0.004779488579010005,0.003615014459292132,0.00245551075323025,0.00874383352575303,0.003916253155941796
2024-02-23 00:00:00+00:00,0.00512709618760443,-0.008868328776607926,0.023783892469196877,0.011379494676112323,0.013481757885653645,0.012252851312134494,0.0091970212660335,0.004265766354187406,0.00850388024434312,0.009185137359103424
2024-02-24 00:00:00+00:00,-0.0011215352987531402,-0.0013081242299010087,0.009309944435047735,0.0038480473757998013,0.009749327111886696,0.004293606598910538,0.003914629548344095,0.0018281568900757605,0.008285999487192885,0.0043730956439902435
2024-02-25 00:00:00+00:00,-0.002684226911536469,0.009798816874781568,0.00045386962417826027,-0.0034179293544004397,0.004295330454240354,0.003811509217777953,0.0021270834595537025,0.0011388804572176614,0.008347696838724161,0.0017354994111331568
2024-02-26 00:00:00+00:00,0.0011847817054433385,-0.00430319288334291,0.007379416571080766,0.0023120579979871714,0.0003323863754338685,-0.00078423822158602,0.00021013762955535142,0.002126447961467104,-0.004479131274980119,0.0002649771011642432
2024-02-27 00:00:00+00:00,-0.0010960058523191707,-0.015969321523576108,0.00283170034088287,-0.0004109124960087751,0.00048008028000112724,-0.009377280592791193,-0.010214148487579733,-0.010836537315529915,-0.012922209855731226,-0.009406300446115679
2024-02-28 00:00:00+00:00,0.016916167404331883,0.02344337733558688,-0.0192274786351182,-0.027307313987379178,-0.02421565694094474,-0.0010038395996381233,0.005573099109926982,0.01248671031064097,-0.003782939516592032,0.005128642342225431
2024-02-29 00:00:00+00:00,0.002461808884623995,-0.004852118597004407,0.012890882413665095,0.002108284160778906,0.008155925447105972,0.004893016991542876,0.0014866519975655912,0.0033182475973962955,0.003066075528575851,0.003294738668582431
2024-03-01 00:00:00+00:00,-0.012895379102932258,0.018429795167840712,-0.016079089544901226,-0.010048438455193542,-0.007396923895978791,-0.009625066648387581,-0.004942243377062172,-0.005389311447592804,0.00762621980899314,-0.00670035559183324
2024-03-02 00:00:00+00:00,-0.003616353718438492,-0.0033022172823100604,0.0001728358872166158,-0.0036394072897453222,-0.008424898433472494,-0.009285532545077024,-0.006169955312078534,-0.005611545187992006,-0.00973620107860207,-0.006941435846116839
2024-03-03 00:00:00+00:00,0.000677537547701057,0.012355276148557026,-0.004903990896807153,-0.007535707734100172,0.0008094410289425369,0.005056320613400445,0.004836936361882316,0.00466941032425483,0.01283971890872726,0.004002246364683382
2024-03-04 00:00:00+00:00,0.014230530762535665,0.012076349251182394,-0.0040318536475685285,-0.003132684879822323,0.008559271518786105,0.015691615968221884,0.01715861736280133,0.01430336071555316,0.02056899365740472,0.016738369313584744
2024-03-05 00:00:00+00:00,-0.00995745854547081,-0.0025812390491083415,0.00870508406032,0.00645193821075174,1.432166134640589e-05,-0.005408535928132618,-0.004962735611582225,-0.007431031074789263,-0.003948936248194368,-0.00425473951470412
2024-03-06 00:00:00+00:00,-0.007811360310740034,-0.0011571471982316783,0.004760143005778206,0.008325777775032961,0.0006350953930627234,-0.00413878521938249,-0.004300119434350491,-0.0007395923153022954,-0.0032331285310830404,-0.005653885402410519
2024-03-07 00:00:00+00:00,-0.00285581041414229,-0.011272658105314637,0.003858026752658006,0.004570178405808312,0.004796973900296875,-0.005620311437419034,-0.009308336478432433,-0.009352174180617623,-0.009442933931750996,-0.008420984291668154
2024-03-08 00:00:00+00:00,0.0005410308961542043,0.013122760652708898,-0.016062835686391663,-0.015403059290262089,-0.005517410880512386,-0.0038647657286589032,8.041688826398996e-05,0.0028424182669515297,0.008840456893117743,-0.0006311318215328487
2024-03-09 00:00:00+00:00,-0.01395128215255037,-0.0034154860886224103,-0.0038450512457905983,-0.005948029401481092,-0.00597155578165387,-0.0115286108963919,-0.015023809965098556,-0.014322250103651957,-0.010315816411161194,-0.01389684045431927
2024-03-10 00:00:00+00:00,0.001928122504602836,-0.00210652235523745,0.000462250432623712,0.005996184694544215,-0.0006195304392099255,0.002351001709733236,0.0018405515441823894,0.0016552388017316844,-0.003003365629153598,0.0012883079446026624
2024-03-11 00:00:00+00:00,0.008158066635685302,-0.001487821011696977,0.010133831040192831,0.011024063848488419,0.006234236119272429,0.01241815994647033,0.010334240840967457,0.010911606745602986,0.0024062166956067,0.010532201364562344
2024-03-12 00:00:00+00:00,-0.001186941433927613,-0.0024099761363122196,0.001984754899747143,0.00010714166722336493,-0.004074472830335241,-0.004937283761168643,-0.004504302735081178,-0.004166433248171342,-0.004398558106173289,-0.004522433887878541
2024-03-13 00:00:00+00:00,0.007674669157957448,0.0032564813999844677,-0.0017627603086541876,-0.001955983010666018,0.0009928556061487015,0.004251047792338758,0.004910040509564784,0.006622510601671738,0.0039560481850493545,0.005170111664436039
2024-03-14 00:00:00+00:00,-0.00017036558158411985,0.008685710495492271,-0.006841627800177941,-0.0029203344071492277,-0.0058913769539135075,0.0006232650173525478,0.0017554147112412988,0.003969793478000749,0.006245518576968756,0.001664229680364837
2024-03-15 00:00:00+00:00,0.008942808963023241,0.0013438303145338892,-0.0005187697966070326,0.004052651562059584,-0.005690754190873282,0.006727059778925959,0.00860929993064552,0.00981197912311882,0.0036435071413545295,0.007430019231531526
2024-03-16 00:00:00+00:00,0.0008753470400173491,-0.0033836589889073565,0.0015371918755675562,0.00366875057082372,0.004324982827999646,0.0028146989588644367,0.0030347750875669988,0.0018278672286218267,-0.0009708732805638887,0.0038855561899517888
2024-03-17 00:00:00+00:00,-0.007104571022318762,0.009744724780923697,-0.006420447583445177,-0.002092790649963483,-0.001044282259196616,-0.001045057441566355,-0.001136307302140649,-0.0002815729218442753,0.007711261522490576,-0.001851683798732906
2024-03-18 00:00:00+00:00,0.010709811479975517,-0.0014259274229778685,0.00570042365987522,0.00467604890437312,0.0018596838176458963,0.00791850022599494,0.00922348150934571,0.010491024385476777,0.0005226338792883034,0.00981183674559083
2024-03-19 00:00:00+00:00,-0.006411465014412476,-0.0035679909837635915,-0.005178167728802308,-0.005894878902650058,-0.0040655494611738785,-0.011977510640148292,-0.0110062392875373,-0.012823757717868478,-0.008404346018500597,-0.010249974183130561
2024-03-20 00:00:00+00:00,-0.0032958990041170866,0.0002656107796410456,0.005673404971871188,0.0040201387812977,0.00216714756621994,4.975233744541896e-05,0.0026912997941999084,-0.0029326860422042023,0.005123328286904316,0.0005334677724007086
2024-03-21 00:00:00+00:00,-0.0015693619569339123,-0.009402197174548599,0.006805188772613713,0.007272845095697367,0.003651555587778077,-0.0018567605971079315,-0.003348858082597106,-0.004644620829378665,-0.008764210974264164,-0.0026880642033491053
2024-03-22 00:00:00+00:00,-1.9652734749464607e-05,0.0015833988087008422,-0.0028782731858283395,-0.003368530783596113,-8.824940352369914e-05,-0.0019705270091489036,-0.001551593440375587,-0.0014475353230566368,0.0015285052683813305,-0.0014235133818967238
2024-03-23 00:00:00+00:00,0.00016368695126955934,-0.0027725789439358994,-0.002437782504789543,0.003154027761803402,-0.00038060793457606046,-0.0012957519144299878,-0.0010112804334817538,-0.0015223860743676099,-0.0047655105148936006,-0.001157275155455162
2024-03-24 00:00:00+00:00,-0.002184372372252219,-6.85402376265909e-05,-0.0007482367943644208,-0.0021976808679919912,0.000198065883552756,-0.0036696582094448704,-0.00307137488905207,-0.0037336066592731365,-0.00047724551052930053,-0.002417669061280825
2024-03-25 00:00:00+00:00,-0.002575496082381945,0.007528656336777351,-0.007423700639819786,-0.0030802427761763562,-0.001805040374698419,0.0007917870030942353,0.0011548455438443739,-0.0005080223121087801,0.008324350711908624,0.0020182457508606255
2024-03-26 00:00:00+00:00,-0.0035797264129284745,0.00148782307988915,0.0029647541993500504,0.0030053014368127684,-0.007137081797940925,-0.00087994704853811,-0.0009319675954824191,-0.00020667074953262254,-0.0005030696647164712,-0.0011115909396240964
2024-03-27 00:00:00+00:00,-0.0037249321249294143,-0.0011815211686201366,-0.000752081913117153,0.0019617055108385184,-0.003912530953915527,-0.005569234721230498,-0.00505963737806181,-0.0044677232172486425,-0.004133865193362785,-0.005104659999082384
2024-03-28 00:00:00+00:00,-0.002737769098500098,-0.001837235203179577,0.0036901954499861667,0.001342511427597337,0.0025818680295097707,-0.0028868806352523313,-0.0030636938013328674,-0.0023664202921028776,-0.002694295552160497,-0.0028217124257248205
2024-03-29 00:00:00+00:00,0.005755332984088923,-0.0005683700027184768,0.006243180355232525,0.005027384764643372,0.005803409765253287,0.0073916690250688255,0.0066818005838358285,0.0065637294543015035,0.0030552678186834825,0.006741854754419796
2024-03-30 00:00:00+00:00,-0.0022930464411076157,0.0025846192659155776,-0.0040461671433200674,-0.007314371000606945,-0.00027953538287572854,-0.0016270420585727807,-0.0017544272864710164,-0.002807323160900488,0.00300092030083543,-0.0019776738307726305
2024-03-31 00:00:00+00:00,-0.0008564447275313247,0.004939654176882913,-0.0045192652717253035,-0.0029959118600548784,-0.002460129097607955,-0.0009768245122021568,-0.00014756163666052036,0.0011896371025077457,0.00314690566867859,0.00046368075401859166
2024-04-01 00:00:00+00:00,0.0008261494113517287,-0.00016823742016713883,-0.0026217777932225905,-0.0007556888437623144,-0.0023908031141558483,5.59236297497101e-05,0.0021439727473968606,0.00036664435018152197,-0.0005312850451166806,0.001846885599072312
2024-04-02 00:00:00+00:00,0.0019839825710621373,0.0012718680094980783,0.000518984729019234,0.0036960929992704283,-4.460675224149391e-05,0.00413504783575247,0.006786559834922601,0.005480426163702701,0.002807185098893328,0.005693093054795373
2024-04-03 00:00:00+00:00,0.0037993684395276617,-0.0026563615323719203,0.0051724775377308685,0.004075581175275289,0.007285206208279549,0.007823407799240956,0.006532736259633243,0.00405455733470661,0.00020162039349136407,0.006279584909615332
2024-04-04 00:00:00+00:00,0.001777804817136186,0.0013183125789901773,0.00260700382145318,0.005284783979975449,-0.002014017606011498,0.0048080121609217485,0.005837838485133862,0.00526819582958149,0.002520857636366669,0.0059711645355371434
2024-04-05 00:00:00+00:00,0.002540519673023489,-0.0006270857099119898,-0.00016140780545537137,4.324209818951097e-05,0.0024604843120490383,-0.00038217581017241375,0.0007228590912751187,0.00023525466921281435,-7.270218833721476e-05,0.0004072534677215245
2024-04-06 00:00:00+00:00,-0.0024392378355238,0.003431584025031853,-0.005306621773033204,-0.0047166930384081596,-0.0028671563816193846,-0.00042267499501635886,-0.0005106533051040252,-0.0020108157658554893,0.0031418122438464646,-0.0008153789474352191
2024-04-07 00:00:00+00:00,-0.0024888373647987683,0.0013385908133873858,-0.004023042722594017,-0.00588832633980596,-0.0034420364665960212,-0.005408498017253849,-0.005116766075003443,-0.0052256587409899025,-0.0012537060791054655,-0.005556207840468508
2024-04-08 00:00:00+00:00,-0.0036898983954897213,-0.005870805384588507,0.007474689889479524,0.0029619650633749828,0.012828475919987481,0.002968770829677725,-0.0003764802476119433,-0.00487557450476328,-0.003110964031293628,-0.001118713781488645
2024-04-09 00:00:00+00:00,0.009219070333042811,0.004741420516035211,-0.001517531476129319,-0.0007736123109052251,-0.0011695941288266676,0.006453965631622927,0.007813106026558492,0.010613118622662121,0.01009100268476959,0.008193010609678364
2024-04-10 00:00:00+00:00,0.0012717314230774601,0.0007413353378984411,0.000505232952069834,-0.000891895861114822,-0.0029305069150631358,0.0008691690344118097,0.001673858465303102,0.0014235697378803813,-0.0007884180730828305,0.0017038938238598256
2024-04-11 00:00:00+00:00,0.0029087024884626445,0.0010588016395487454,0.00010940928813241158,0.0003726968020989485,0.0020516334911448997,0.002758290054847512,0.0032831957400054623,0.0013078500978174201,-0.00196299071192918,0.0031821654250441256
2024-04-12 00:00:00+00:00,0.018572324994276856,0.004442445405489437,-0.00010263137618549134,-0.004938318895995053,-0.004134434160613543,0.008755874496085614,0.014611113169197276,0.016679830785509164,0.004773645483367783,0.01367201858141609
2024-04-13 00:00:00+00:00,0.005450236025394517,-0.006117450674013036,0.004126871791023667,0.0004148681520763642,0.00219352064185685,0.001939271922711816,0.001992945112478939,0.005785403025300617,-0.010215272337978476,0.0033746380365973216
2024-04-14 00:00:00+00:00,-0.014087883131566836,-0.0030167673154052332,-0.0026751970631813116,-0.0026369898436005013,0.004558473305455557,-0.00823869042623504,-0.008797467000250525,-0.010267806240513488,-0.006763009245774665,-0.009226933570461449
2024-04-15 00:00:00+00:00,0.005630498162507713,0.0008903322084261589,0.0011207809387725476,0.005047854394387263,0.008021158137275552,0.010755294665988568,0.008252076494529526,0.007161346590037088,0.006214458440707338,0.008911918138462704
2024-04-16 00:00:00+00:00,0.002442419164132126,-0.003131843909128129,-0.004726370899182819,-0.004016398212299044,-0.0006548191157621508,-0.0056410586258500706,-0.0027709964613449323,-0.0017673358804243255,-0.004354287022665937,-0.0027140668440563953
2024-04-17 00:00:00+00:00,0.0033410419182344775,-0.006166881630876753,0.009169350140904475,0.0049993119508571215,-0.004605827211951907,0.00017625696771572663,0.0005611721043661255,0.00047884355967964254,-0.006059751791034129,0.001104923389536383
2024-04-18 00:00:00+00:00,0.003635036177526141,0.004096502183805528,-0.007474143254882493,-0.007200798446006185,0.0025242624563011073,0.00286588435809354,0.003208104741865725,0.0027366884499029354,0.004694842767051899,0.0031312633769624565
2024-04-19 00:00:00+00:00,-0.00553238836524006,-0.005208436970477237,-0.0025201200463106366,-0.0015347590328275151,-0.005172176070327272,-0.010728887014726407,-0.009174910283229809,-0.009029948700579604,-0.008061996937116511,-0.009942497906162528
2024-04-20 00:00:00+00:00,-0.014945777198272059,-0.012206498640601415,-0.0007429726281712457,-0.006621841229966119,-0.005304496540751935,-0.021165670053195695,-0.018821287948244336,-0.017645331737997427,-0.023720374479331063,-0.021188260115457158
2024-04-21 00:00:00+00:00,0.006514421713496699,0.001717984976675302,-0.003161480848467124,-0.001779394033889381,-0.00422811045039484,0.0010864492440372242,0.0015999128794288442,0.0027013980222523326,0.0016369894350412029,0.004062694089149721
2024-04-22 00:00:00+00:00,0.001188259340859421,0.003932886336655006,-0.005782403107150724,-0.0011649462426793766,-0.004388936946463917,-0.0031213653117334594,-0.0010026339950837126,0.0004398596916215247,-0.00020542586325711376,0.0019268730447530302
2024-04-23 00:00:00+00:00,0.004743664494136768,0.0006666425827590583,0.0029234042096664137,0.004144626761239056,0.009178919559994059,0.007955624507270942,0.008433204790075699,0.0036113185903754452,0.006333760895019802,0.003516433975249589
2024-04-24 00:00:00+00:00,0.00723516040273231,0.004154806382808074,0.000970046920075518,0.002301561533885277,0.001505677317481302,0.008018084803028236,0.007744224270744837,0.0064509399219712105,0.004465971693365267,0.0077555245454721256
2024-04-25 00:00:00+00:00,-0.004121733352687729,-4.4150336813264524e-05,0.003206434516115131,0.00426277566854516,0.0043124038253636865,0.0017946097226708702,0.0006912645633079251,-0.000970223769181433,0.002243342198840592,-0.0011223236708401974
2024-04-26 00:00:00+00:00,0.01014103713373804,-0.005822926072825418,0.00856563917615949,0.010348562475424705,0.005218841083011183,0.010519454702014652,0.010005651839974927,0.009820535466531943,-0.0007528966117268387,0.010547813563717368
2024-04-27 00:00:00+00:00,-0.004050351773959071,-0.002175386362091025,0.005693827182909672,0.0024716627244161238,0.0021415917714022736,-0.0005862268613715527,-0.0014680539929141645,-0.0013563405327212674,-0.0018390885913976973,-0.0019253006745524326
2024-04-28 00:00:00+00:00,-0.0026723990776093,-0.0004946356392282469,-0.005612267911973445,0.00021994967828375955,0.00025392427777637394,-0.004566653630898809,-0.0037599529581828772,-0.00467693066042274,-0.0021430789010837836,-0.004001076487322508
2024-04-29 00:00:00+00:00,-5.4938431828244205e-06,-0.0006324502774183172,0.0021142870418342508,0.003955298392785078,0.004245142021793047,0.003556313438529246,0.0022517794290355386,0.001930180569603479,0.0008153416664460345,0.0020598923155623616
2024-04-30 00:00:00+00:00,0.005500655605849225,-0.002164730326359776,0.013720484473988437,0.01108710503134458,0.010339921888455672,0.012240078643893648,0.009254855473432855,0.008182232413625146,0.000595076919391424,0.009950623253354607
2024-05-01 00:00:00+00:00,-0.0019086141462516526,0.0006658631475782162,0.0024570892331243765,0.0014033857622406387,-0.001490632271437864,0.0007321056327291853,0.0011517623393411114,0.00136987392899246,0.0021049259909626805,0.0005611387035218129
2024-05-02 00:00:00+00:00,-0.0018154828692518166,-0.0010018601142530725,-0.0011560411373583435,-0.0024668990455782858,-0.004599630516938458,-0.006111835392634712,-0.0043302023180327165,-0.0018670312096064068,-0.00786953865480211,-0.001993676375827702
2024-05-03 00:00:00+00:00,-0.002952956510404059,-0.006984364735013071,0.003676254203146989,-0.004284919386525532,0.0021366411948446906,-0.0040998496833700715,-0.0033323213775506844,-0.006101662975763533,-0.0031473626529707754,-0.008711434021413389
2024-05-04 00:00:00+00:00,-0.0007510721464296655,0.00656062791404044,-0.006583473058695333,-0.004034009407147043,-0.0058893876810756085,-0.002655102448222535,-0.0011251008036001764,6.687121802606555e-05,0.001578396539205551,-0.000157177558819388
2024-05-05 00:00:00+00:00,0.0009297036738116216,0.0013494981817583351,-0.003077185702760832,-0.000991810132085158,-0.003934562425333854,-0.0024338173947974218,-0.00015160398212588078,0.00010475100749496313,-0.00202928421182913,0.00019252335898189976
2024-05-06 00:00:00+00:00,0.003618978192555078,-0.004142099253589104,-0.000680648621238289,-0.001535371746521963,-0.0011873049732002983,-0.00035217697173228757,-0.001116107384785181,-0.00024135912660372405,-0.0017557622153211438,-3.541612650825865e-05
2024-05-07 00:00:00+00:00,0.002817938216204574,0.0004712097764916212,-0.007230318856970008,-0.0030028797936116902,0.0023964819950403893,-0.0007017598250551593,-0.0017250767593224303,-0.0007381937363264424,0.0010380060241339528,-0.00013758915716810538
2024-05-08 00:00:00+00:00,0.002979001763272704,0.0071570531759794775,0.0024300893982578398,0.004192563147362716,0.002121320902211732,0.006276841137556666,0.007209210792043841,0.007534545764125378,0.004972915503993036,0.007615250306970633
2024-05-09 00:00:00+00:00,-0.003387228391010244,0.008049364482209942,0.003643123095843581,-0.0010021288900630143,0.001130962704019689,0.0008059535405726681,-0.00014305938826608688,0.0007473567469871156,0.0049390559745987606,0.0015094774875499262
2024-05-10 00:00:00+00:00,0.00040884447428690684,0.007219532597598555,-0.0011414411908766686,-0.00020273395054837273,0.003072121016655327,0.003565660040904417,0.005018597937033409,0.004104083031766459,0.00587015551078407,0.003045606628525377
2024-05-11 00:00:00+00:00,-0.002109646936073517,-0.0008241240207621514,-0.005114087422936953,-0.004530723313469265,-0.0028708550138261124,-0.0036885873605039254,-0.004914814323425332,-0.0038499175956300258,-0.002101401085588983,-0.00425186317796955
2024-05-12 00:00:00+00:00,0.00015389189819248195,0.0041081814971009045,0.0020521684685725905,0.002740590066352855,-0.003987710327713168,0.000870735585678073,0.0022171830275214965,0.00332928328513038,0.0008147445730541936,0.0033896247613536268
2024-05-13 00:00:00+00:00,0.008842072054733974,0.0014886491257812828,0.007645697213749969,0.006205915102077242,0.003968940567705692,0.010143293840170653,0.009262505642367858,0.011469574403740301,0.0059208969557902336,0.011811832124808408
2024-05-14 00:00:00+00:00,0.0042746369169190945,-0.0015172867367346798,0.0034880810800272943,0.005674968484214116,-0.0017724119873043787,0.0022135737877091444,0.0025372590677092965,0.004550623377504337,-0.00107051897504018,0.003147956869253843
2024-05-15 00:00:00+00:00,0.000577861464127194,0.006282814971015016,-0.008464482869485646,-0.0132038391868734,-3.1696423705707133e-06,-0.0013462448320933351,-0.0005526048942902095,-0.0011722379946708106,0.004269781367525427,-0.0017367839464411672
2024-05-16 00:00:00+00:00,0.005209879203152301,0.0033259593641667973,0.0029239962025440214,0.004776114864604164,0.0010836662151028076,0.005128541545502907,0.005777644440881469,0.005546918075262752,0.005158602175353577,0.005136294196069535
2024-05-17 00:00:00+00:00,-0.002603176163587073,-0.008694831031833772,-0.001377090707020301,-0.004779135222168107,-0.006494056707376128,-0.007453854846764529,-0.008051989257880976,-0.005917338900745861,-0.009724361295680994,-0.006570633756113109
2024-05-18 00:00:00+00:00,0.0020912219362219098,-0.00306615926247511,0.004907547256708833,0.0020171685203345113,0.00034885192231026707,0.00039523403636532173,0.0008323194684958235,0.0003658869814628929,-0.0011164808160992745,-0.0001250774846361935
2024-05-19 00:00:00+00:00,0.007695830120639124,0.00784389406181285,-0.003405699771278692,0.0007263644037427408,0.0006285725877999138,0.006739269539647319,0.006551931245103004,0.00667241075787639,0.007120553701567056,0.007448964994861473
2024-05-20 00:00:00+00:00,-0.005646758785587291,-0.017747308228566072,-0.002167217083784645,-0.007523360763085796,0.0013938900826209188,-0.011590548482519836,-0.012738982262263998,-0.01468027249155035,-0.013144464165011915,-0.012257380405764184
2024-05-21 00:00:00+00:00,-0.0044504431103078446,-0.006776687376969237,-0.005148098994457229,-0.010661182280030435,-0.010407675876736633,-0.01191878410084335,-0.012040291061631403,-0.01065591101938368,-0.011837070662854443,-0.008607171736390917
2024-05-22 00:00:00+00:00,-0.0015803237968614603,0.007662434077225777,-0.01053648002688179,-0.008950373572497616,-0.009290419581180931,-0.0065631630008911035,-0.0048738228223838,-0.00309996541194113,-0.002118319423087711,-0.0038560349387342097
2024-05-23 00:00:00+00:00,-0.00443432148257239,0.012680371120832312,-0.003664940544198969,-0.006830552970972015,-0.0031540587311648105,0.00041493770682410336,0.0010583386486926472,0.0007117522334054716,0.006292842086109696,0.0006954276823234462
2024-05-24 00:00:00+00:00,-0.0034210849831759482,0.00042017910663005864,-0.00045464630699276753,0.0030362957852798633,0.005193813016856952,0.0011174608877648762,0.0002464943026099231,-0.0011477455658827074,0.0019244701549527843,-0.0012435264676041724
2024-05-25 00:00:00+00:00,-0.0143200994683097,-0.002994889823671465,-0.00022951743703825134,-0.0005257682883360593,-0.002161321555619433,-0.005744735977899373,-0.006992226342464325,-0.006466638367385036,-0.002821743100575924,-0.006681470759003272
2024-05-26 00:00:00+00:00,-0.009223767193628163,0.000685193458708655,0.00024290937972848425,-0.0018355497267446008,-0.003646395970323235,-0.004062575486863285,-0.003649937598859232,-0.003616904754978112,-0.0002514160078204153,-0.003910979293233696
2024-05-27 00:00:00+00:00,-0.012934098170720665,-0.009170404800816656,-0.0007424713882624445,-0.00012991667062722811,-0.005088186438565234,-0.007984717267899288,-0.009759698490033886,-0.008851395777968007,-0.008995021862018171,-0.008380489879477149
2024-05-28 00:00:00+00:00,0.002298674490774477,0.0018875901410035922,-0.0062691765941707,-0.004380567759916798,-0.01023824935866513,-0.003975230919979755,-0.0028839479040414506,-0.0004873088700598771,-0.003343338237420501,-0.0006039472681125257
2024-05-29 00:00:00+00:00,0.004399519756011827,-0.008960603822638857,0.00842054941537329,0.007251239248272423,0.005012485857730731,0.0015027511483423073,0.001179696706308686,-0.00029335439410216324,-0.002482789023489862,-0.00015337346172794586
2024-05-30 00:00:00+00:00,-0.0006828033789912924,-0.004078071708127129,-0.004337644446378741,-0.006607041720231632,0.0005276275412495757,-0.0017037978334040194,-0.002390275152022725,-0.0036237957551297217,-0.002074122124970157,-0.0037749649944300856
2024-05-31 00:00:00+00:00,-0.0031264672059129195,0.005422854739054683,-0.0035971655410105274,-0.002382235705772673,-0.0055954226519201455,-0.0015705219687806027,-0.0009241197766196585,0.0006118781442783217,0.0012757986910800767,0.0005686635497950121
2024-06-01 00:00:00+00:00,-0.011679867363566632,0.008727791818770925,-0.00032430685061191067,0.0017322241554280637,-0.004136396996063274,-0.0004929038126164631,-0.00022910227289008045,-0.0008300295342191788,0.003646236539445624,-0.0007371789127974537
2024-06-02 00:00:00+00:00,-0.012423168957566233,-0.0009608630330659729,0.008752552083164389,0.009373194693679698,0.0039606575217148166,-0.00021440988686216578,-0.0009587301049491792,-0.003528854331139031,0.0011063231996961687,-0.003558541074827226
2024-06-03 00:00:00+00:00,0.002969937036306103,-0.002435156840634778,-0.002026632087804958,-0.004691154481608839,-0.0008382758847743643,-0.0010354048185720055,-0.001449363948302973,-0.0015208364257006668,-0.003601507965745765,-0.001628446317306964
2024-06-04 00:00:00+00:00,0.00809951977979706,-0.010779348363702979,-0.0017627057102046484,0.000770396791521355,-0.0036140086124358817,-0.00674187347846289,-0.005764608111106795,-0.003853035216138778,-0.014865779019113012,-0.004588988248805381
2024-06-05 00:00:00+00:00,-0.00409096524031094,-1.0035597016178066e-05,-0.005375185043362318,-0.0046429335697216745,-0.0021449733452980624,-0.006547805206493118,-0.005306671904048543,-0.0049157416807980026,-0.0022599285045474815,-0.005222919373764401
2024-06-06 00:00:00+00:00,0.0004462266422706751,0.003327328875867286,0.001087273619691409,-0.001363411971693873,0.0011873202714012265,0.0025114048414527357,0.0031897156969036278,0.0022961264046461594,0.003980126533761341,0.0022734678770477412
2024-06-07 00:00:00+00:00,0.012920208306901992,0.0024868175958161487,0.0022322494964672757,0.0050098457949154795,0.010136790780259197,0.009987733309139601,0.008600455418404929,0.008145036738292921,0.0029577171501096178,0.009379838912281002
2024-06-08 00:00:00+00:00,0.004931640625068789,-0.0030888079913696798,-0.010989414355360605,0.004352960021936081,-0.0029624208450177436,-0.0006684139659751676,-0.00025382675830309953,0.002494643203154734,-0.004509002250641658,0.002414923015449766
2024-06-09 00:00:00+00:00,-0.0015002625048059492,-0.00011615541145482133,-0.0016217042516253333,0.0014214304369895014,-0.004824182433685875,-0.0033360881606125936,-0.0023031998220189864,-0.001484645570618337,-0.0006180599341925053,-0.0016796454815569684
2024-06-10 00:00:00+00:00,0.00933212063654354,-0.005292749544031139,0.002480532937061408,5.8286625471248854e-05,0.0007425669321765582,0.00135712510869479,0.0030566842491097646,0.003511417757005697,-0.006056945057262064,0.0030073889500357165
2024-06-11 00:00:00+00:00,0.002186362196038516,-0.006522648518311525,0.0050084764997222475,0.0094682421678276,0.0014380387744570289,0.004511014699851046,0.0036358409171293182,0.0033870052652997806,-0.005514712087013818,0.003390993002165832
2024-06-12 00:00:00+00:00,-0.00023191065869199168,-0.00474677691284453,-0.008496188944259075,-0.007711582682821905,0.001871617549123128,-0.004310761555354037,-0.006337111620334568,-0.00776353906627103,-0.005215590498838241,-0.00816599865238854
2024-06-13 00:00:00+00:00,0.0006937661919301785,0.004526086351720915,0.007068473831173039,0.008492713690920972,0.005451241442689936,0.005369067695850216,0.0069964634487453825,0.0056594801928564475,0.0049153757221693795,0.006081916141764676
2024-06-14 00:00:00+00:00,-0.001783469870241805,0.002387054233592645,-0.00975209719903447,-0.002558658104849232,-0.001855827729492221,-0.0003703871042383122,-0.0028508797450030876,-0.0026238898950393663,0.0016445990300575364,-0.0033601194916440535
2024-06-15 00:00:00+00:00,-0.0018909130639681582,0.0009074352556646126,-0.008413202190926894,-0.005068372426810908,-0.0069505043721078685,-0.004808927920360029,-0.004279574143721709,-0.0037174436345331907,-0.0005149821833692059,-0.003881460117535207
2024-06-16 00:00:00+00:00,0.002751201737025255,-0.0022727280755165946,-0.001847186146007207,-0.0023366749912506757,-0.004683772146089393,-0.0024478467013210325,-0.002156843015237664,-0.0010480947269779772,-0.00273919541484946,-0.0014705429147039428
2024-06-17 00:00:00+00:00,0.01354114956032304,-0.001372911014779321,0.01760235443742686,0.01575209295344382,0.009441122553807801,0.01370278900171562,0.01463184766199177,0.0127782878563234,0.003244613366162552,0.013082453047759346
2024-06-18 00:00:00+00:00,0.004715009271759829,0.00864594150643394,-0.0011100635347626175,0.004690622129109201,0.0009784943680937186,0.007941529671234848,0.00982135582401944,0.008009521241957529,0.012870282938199029,0.009233487446419497
2024-06-19 00:00:00+00:00,-0.0033254698745373013,-0.0068711828729586255,0.005871094288775414,0.0038510055424920697,-0.0050514788066194916,-0.005205898651504004,-0.005085185937850123,-0.00428441985068051,-0.009002421699589647,-0.005125884150033233
2024-06-20 00:00:00+00:00,-0.0003933798461310811,-0.002030473112272113,0.0004586940386219762,0.00036100682664108596,-0.0013428628466136683,-0.00043233362541172937,-0.0007881902527505646,-0.001516431453997047,-0.0025104028769404874,-0.0011011942677998654
2024-06-21 00:00:00+00:00,0.0014519073720782316,0.0013952593366379773,-0.0013607700561544256,-0.001817006556987355,-0.0022174775479347764,-0.0002065906342273438,0.0006190333450724061,0.0016051174623119557,0.0005174179439748627,0.0014595134338901694
2024-06-22 00:00:00+00:00,-0.003256175011946305,-0.012934932994890125,0.01264589125911142,0.014376454794622573,-0.007362434381204985,-0.0045975307908382446,-0.002615153033239226,-0.001485130217541264,-0.014174485159840877,-0.0013610262766110548
2024-06-23 00:00:00+00:00,0.004628232323109049,0.00020462822037381478,0.005406863584589416,0.004915011483706211,0.007222222943558787,0.009306032144428267,0.007545108158276692,0.005822789611187762,0.0016297205318926977,0.006481378161326434
2024-06-24 00:00:00+00:00,-0.0044530773670228285,-0.005049705191725762,-0.010700158276160776,-0.01150193219943274,-0.01190524036865781,-0.013005605245564156,-0.012911205368807854,-0.011097159869555173,-0.007636880866237483,-0.011042647318122989
2024-06-25 00:00:00+00:00,-0.0026494423137461975,-0.0030093864948395055,-0.002548605031971629,-0.002474818490215802,-0.0006725859448859506,-0.0029819864898097403,-0.003044660837313029,-0.005416525605189237,-0.00294504874514967,-0.006058963160003872
2024-06-26 00:00:00+00:00,0.002807077080655196,0.009798952352264356,-0.000567883119331758,0.0014125150419559418,0.0023554611684317717,0.006714321170754323,0.007405610458437462,0.008392513069067187,0.009899371456997486,0.008938073976765937
2024-06-27 00:00:00+00:00,-0.00017009289932512495,-0.005112875783658599,-0.0030595545122920065,-0.001984353101415981,0.0053610832794679375,-0.00015920564707050389,-0.0006149532135346636,-0.003964439471394132,-0.0026893015732920578,-0.004355494698249696
2024-06-28 00:00:00+00:00,0.006298280471670026,-0.0020172176643230566,0.008363995263352741,0.01386805137469227,0.006775643092922223,0.00722046047455116,0.007130460408324657,0.006353594407803476,0.0012954715296498165,0.006855769825083069
2024-06-29 00:00:00+00:00,0.0018861064920805415,-0.001789453635925753,-0.0015032929408524964,-0.005912976118716218,-0.003763360600935739,-0.003540767222973029,-0.002819478530856956,-0.0024081108074532898,-0.0028710172855015426,-0.002804594372374458
2024-06-30 00:00:00+00:00,-0.011344105513562797,-0.0013893803053554032,-0.0009210462273969711,-0.0008129776138215972,0.00031405898900005447,-0.004231668155611268,-0.004748353432947661,-0.009417824169322908,-0.004212489924433571,-0.008734102896885698
2024-07-01 00:00:00+00:00,0.0025219952731130313,0.0030511029485020824,0.006388991765029273,0.01076112262712492,0.002475116738271277,0.005899422603979021,0.0069504472801644734,0.007705108673009109,0.0036353575720025066,0.0075944860112608925
2024-07-02 00:00:00+00:00,0.0026425898809374626,-0.00018543543561877485,-0.0036387668867713385,-0.00034065276419115165,-0.003749921554160096,-0.0008136463981638364,-0.0009534091591476557,-0.00018543469909293453,-4.252845531493854e-05,0.00031525698121215306
2024-07-03 00:00:00+00:00,0.005612374706572165,-0.005045881752061554,0.011340628552048537,0.009046618417863472,0.00428894585069628,0.005019823365282061,0.0033084507802174645,0.0058379521760847375,0.0005970090070137601,0.0064813562331556
2024-07-04 00:00:00+00:00,0.015007437771177079,0.001329420716858376,0.0025673296550767777,0.009977321673056982,-0.002336624019811384,0.004705237290404396,0.009406765489107238,0.009873913308350524,0.0028866057790235544,0.011642861333543086
2024-07-05 00:00:00+00:00,0.00665843818487688,0.02251223126848556,-0.005813539812637769,-0.0036130107925479438,0.001459561274209209,0.004551381604201321,0.006879407118480119,0.00965859299932914,0.012812803358349,0.010602215075726562
2024-07-06 00:00:00+00:00,-0.019808014419110065,-0.013202242696331634,0.00787486769166601,0.0018915046032801364,-0.0029149330146346353,-0.009381541693376794,-0.010356420773153241,-0.013851017424516554,-0.014050069846177848,-0.012268283316106965
2024-07-07 00:00:00+00:00,-0.00213702176418884,-0.008832960005624946,0.009186429671914409,0.010868440193785966,0.0007399116232680303,-0.0005778288606175241,-0.0014455859143206462,-0.0022738440249415737,-0.005116989041669573,-0.0015453446572685214
2024-07-08 00:00:00+00:00,0.00029283838158433717,0.0008064593334080605,0.007023183852296944,0.0059232707408727325,-0.004113895156743541,-0.0001552764677327234,0.0027825767444227267,0.002145061913584545,0.0003459284063038748,0.004236196843749207
2024-07-09 00:00:00+00:00,-0.0005668156812685954,0.0007840666511143013,-0.0036462050375843935,-0.007317181167882825,-0.0020401862834289464,-0.0025277419161440218,-0.0026711035220993162,-0.003391560398141258,-0.0006247894477811045,-0.0030689668129847414
2024-07-10 00:00:00+00:00,-0.0012387811695373507,-0.0016334977294407693,0.0006936645879571657,0.0012455588903859116,0.00025567341928156573,-0.0011022684405361804,-0.0004095126468108834,-0.0016669023973182595,-0.00033495775146663576,-0.001495840744523469
2024-07-11 00:00:00+00:00,0.00394862990595124,0.0014349845382837234,0.003968179842111175,0.007689379322162626,0.0029456651370003417,0.0073113592226388135,0.005256144296556631,0.006314143962347307,0.0037362443076627283,0.006319390264580171
2024-07-12 00:00:00+00:00,0.0016057304857701737,-0.005460381210403598,0.002503594220745642,0.00387298238196343,0.0017152310848300711,-0.0006067809737293484,0.000323226878145233,-0.0002788762184565696,-0.0029288300605986306,-0.0009984364368906817
2024-07-13 00:00:00+00:00,0.003942333908136142,0.003961277566202792,0.002947153463202179,0.0037289880229480765,-0.0030055057239468663,0.0039274572598031465,0.0036509096853920564,0.005001457921587793,0.004817597185513778,0.004734688868103465
2024-07-14 00:00:00+00:00,-0.0020279033089365406,-0.005291022217150165,-0.005093394922441652,-0.007248748220709533,0.0037501642064976526,-0.0036062321860852453,-0.006071112441816462,-0.008488575917744767,-0.002978505704889889,-0.008318668988351985
2024-07-15 00:00:00+00:00,-0.0022045328776006956,-0.013808408961807683,-0.007280475804289921,-0.006502691291945029,-0.0012181828951816076,-0.011774239549958487,-0.012159627690404684,-0.014616379708893401,-0.010099835119729783,-0.013813398324975634
2024-07-16 00:00:00+00:00,0.00430003036455906,0.0037851340939056843,0.0005145318744355087,0.002846674918311365,-0.00043530315138262665,0.005140193040955365,0.0038849222026102748,0.004200710589328471,0.004366938470689252,0.0035599365052252363
2024-07-17 00:00:00+00:00,0.0008414892585728584,0.0018469599694281857,-0.005603640455957404,-0.004650468703271682,-0.010177054316594769,-0.0044302045829311965,-0.0025955442859113553,-0.0008131478252718649,2.964651553294395e-05,-0.00023290741198134235
2024-07-18 00:00:00+00:00,-0.002319622591746451,-0.000910076310069341,-0.0024180362476929895,-0.006968081469901133,0.0002149299708398278,-0.003219675352726492,-0.004355714483930795,-0.004587512814649974,-0.0013100409503074006,-0.00464342478218327
2024-07-19 00:00:00+00:00,-0.0032003895337421318,-0.004305858051304456,0.00813365025182522,0.007148805474946007,0.012211988343267866,0.0035642430486244603,0.0012174413939860518,-0.0024221125555438094,-1.6005582362477178e-05,-0.0020622287344852497
2024-07-20 00:00:00+00:00,-0.00870443552143818,-0.005260700703241139,0.005249195609410284,0.0039063746051730686,0.00309552994532436,-0.0031259326752721694,-0.003696299132147196,-0.006573277568586167,-0.0046440237314536725,-0.006290774876032357
2024-07-21 00:00:00+00:00,-0.0036903401875481023,-0.00423507584329097,-0.003008858634940159,-0.003212102667013883,-0.000931441184459314,-0.005966985347666598,-0.006715780482018374,-0.004523100945523217,-0.004674992250520593,-0.00472360672402683
2024-07-22 00:00:00+00:00,0.005681013366787058,0.002364568620019103,0.004732661672118832,8.190974249910887e-05,0.0043694608442401695,0.005730195164885599,0.004974487764334734,0.004434691103785138,0.0036056575683705017,0.003987560623884612
2024-07-23 00:00:00+00:00,0.00037035496097215237,-0.008305221679620667,-0.001551093226762168,0.0018345555240553146,-0.0022874111002574304,-0.005376343150487406,-0.003076572394743682,-0.003492885410657509,-0.004899817963840869,-0.002915057260082121
2024-07-24 00:00:00+00:00,0.0023928006589168938,0.00690461347657001,-0.00048344548186274316,0.0007523191162401854,-0.0020234733505141156,0.004141411576203291,0.004899024022605891,0.004979433439575409,0.005555503152029351,0.004486362888155071
2024-07-25 00:00:00+00:00,0.0025732323279077374,0.004977764799584339,0.0012843451660109473,0.00574547663823588,-0.003224611536612354,0.005074645127096877,0.00640573540276379,0.005112982980949754,0.0033289954147992518,0.005809423515745316
2024-07-26 00:00:00+00:00,-0.002625609700178666,0.003757982708608276,-0.007347247353364339,-0.009422377506550061,-0.00438494214007934,-0.005078044968968576,-0.004958679528346499,-0.003476518243095139,0.001158944853928201,-0.003400237675472595
2024-07-27 00:00:00+00:00,1.3949051199002582e-05,-0.006002281533823428,0.007740431283511429,0.00624372384571803,0.001748868076054677,0.0004349001555776777,0.00012772049033094035,-0.00025587050096431696,-0.0034528169396390584,-0.00033444330201437555
2024-07-28 00:00:00+00:00,0.004698893000489646,-0.002518716474031124,0.0002450617216676054,0.004795259778422656,0.00044500575603279025,0.003102557972266995,0.0028258797361708776,0.0024804253372576746,-4.827097161741456e-05,0.0025604810665693645
2024-07-29 00:00:00+00:00,-0.0009223885583822256,-0.0010687939139181202,-0.004952500031872753,-0.0010958627936478171,-0.004035772291294593,-0.004256591195396564,-0.0029515768444760004,-0.0017405429174914833,-0.0015373200317381208,-0.0014141218955936452
2024-07-30 00:00:00+00:00,0.004051503884910268,0.003476522219433731,-0.002831199921826899,-0.006916035012928812,-0.0041556921249332746,-0.0012818790155645354,0.0004105640409879374,0.0033865424259607035,0.0016815523888416006,0.003160642580945394
2024-07-31 00:00:00+00:00,-0.0008934415479344704,-0.0013195024416962076,-0.00034473161208115055,0.0024112992149518675,-0.0016083992551583215,-0.0007548415246574347,0.00012185245617346574,0.00069310373651299,-0.0024398909966973914,0.0012739128056120652
2024-08-01 00:00:00+00:00,0.0023343693897650564,-0.0028944733405715795,0.0031388380878571986,-0.000686601447298596,0.00677845863414106,0.004991896763080428,0.003516448289916374,0.001177253970567893,-0.00029390589976985293,0.001612771301987781
2024-08-02 00:00:00+00:00,0.0015109365500673988,0.0021335737174343894,0.004466174554328184,0.0018890289223407741,-0.005423558635150205,0.003204187043837292,0.005427363907811955,0.005334136322435734,0.0012850972323086296,0.0049446035443607705
2024-08-03 00:00:00+00:00,0.0037514048353703977,-0.0013615275310518982,0.009688773657460237,0.00788292539068558,0.005786079306613345,0.008120928826503837,0.0076784306744563935,0.00654651603358003,0.005144618879607155,0.005682769306055713
2024-08-04 00:00:00+00:00,0.0006240125524228368,-0.00916354761232252,-0.0006840743362304114,-0.000539814856866272,0.0008830963437702621,-0.005261611480195105,-0.008003031337914357,-0.0022356391774908113,-0.006377115870349281,-0.003718959083441664
2024-08-05 00:00:00+00:00,0.003898946861659036,0.011727357006659611,0.007239371575873177,0.003028608205926986,0.00418930400734685,0.012159934178220144,0.006881340047081963,0.009934201057864689,0.005225935326312436,0.00876363130937352
2024-08-06 00:00:00+00:00,-0.007827540821594425,-0.0005167674440088588,0.010891075387791993,0.004442395219165229,-0.00187048955239133,-0.0005663153450706782,0.0032700487775076947,0.0011103434094867914,0.0016115043088507086,0.001073783409242246
2024-08-07 00:00:00+00:00,0.010474435990698305,0.0012905874397715067,0.006038883696692254,-0.00216546187775557,0.007888623045781085,0.01001413081759317,0.013550897529732264,0.0062034889926774195,0.006438661128314926,0.006035110076656469
2024-08-08 00:00:00+00:00,-0.007641080366680875,-0.018606727601765072,-0.002389078175795256,0.008819170735547832,0.00278166085240783,-0.005055641342058603,-0.011173392768697554,-0.011418221360747105,-0.00482156881664475,-0.012185173308436714
2024-08-09 00:00:00+00:00,0.0019625467445691935,0.008835412914703022,-0.009350918434051114,-0.009882882524995695,-0.010560741130349549,-0.0050028241298529785,-0.0006276585576806548,0.00022262311940801638,-0.0019338118656279102,0.0010065990596730412
2024-08-10 00:00:00+00:00,-0.0015529871205332002,-0.0041277485792051705,0.004442669786413944,0.0036835101432750594,0.0003543496821682979,-0.0025247977726005066,-0.002004858588191105,-0.0014535189232219858,-0.001863600806479293,-0.001532804776070651
2024-08-11 00:00:00+00:00,0.004656421577636349,0.0033470514884335056,-0.0007591938006363819,0.0005864013932441736,0.001614034152357391,0.000810199590665972,0.0024569963400897787,0.0019803014683674736,0.0012130857625349822,0.0021747886246039627
2024-08-12 00:00:00+00:00,-0.003137658462760484,-0.0035002223078725025,-0.0062221676421049255,-0.0008375131337583497,0.0032256335264206903,0.0018856579658905748,-0.002652217939728807,-0.005653791597943658,-0.001814303464014344,-0.004681766111189312
2024-08-13 00:00:00+00:00,-0.0007560798305245031,-0.0014824597695201058,-0.003429125951452283,0.0029136439766233035,0.0010129107598797482,-0.0002599843376697164,-0.0022903621884537984,-0.0033693728648825916,0.00027580160794937747,-0.0036336140320276655
2024-08-14 00:00:00+00:00,0.0009445445911384631,0.0032065086471433357,0.0017943290228805697,0.0012420764349416746,0.0018915130000995983,0.004618254818666401,0.0035668242965660735,0.004086423788250526,0.003874869921293822,0.00431608927870486
2024-08-15 00:00:00+00:00,0.0021621670026408246,-0.00146737676525166,0.0038789493836737243,0.002898766914740447,0.002901217203240769,-0.0005368571238281161,-0.0007252348543981268,-0.0002894736366527706,-0.0004579878034433049,-0.0002831224260202436
2024-08-16 00:00:00+00:00,0.0006033093449679949,-0.0008667715160987077,0.005574039583255308,0.005116487208479903,0.0013372357378929056,0.004493390982895029,0.002351479359445241,0.0031371615803164055,0.002244413376887966,0.0036450366310949445
2024-08-17 00:00:00+00:00,-0.004654902916574111,-0.007664738557043083,-0.006655058465068975,-0.002425396947547065,-0.004066577395287485,-0.010373151755384669,-0.010854749538241504,-0.00962917018856213,-0.010144309808902241,-0.010220823342237173
2024-08-18 00:00:00+00:00,0.0004644107547757681,0.00022823541758443255,-0.001349293837649479,0.0017221546675436628,-0.002799592916015392,0.0006674008508444906,0.0003699656343101321,0.0015422035479433216,0.000358117609429609,0.0015672944203914962
2024-08-19 00:00:00+00:00,0.002450752627104924,-7.327209435814552e-05,0.006288756514848837,0.003827316161598926,0.0069772297191248445,0.008369079398758972,0.005108503513143514,0.004878092983213955,0.005146673522264722,0.004329204991561086
2024-08-20 00:00:00+00:00,0.0017053444057473222,0.0038755374084278316,0.008835217663082373,-0.0011271505065879595,0.00429036085243828,0.008833399979906176,0.007059428851486693,0.007923831975479967,0.00756785457989495,0.007899944532745451
2024-08-21 00:00:00+00:00,-0.000802061557352185,-0.00019047457939069812,-0.00277131243595774,0.0007653433739813753,-0.0006254415125849233,-0.002615548125911582,-0.004871272917676417,0.000158130125941236,-0.002914054075191963,-2.8106103030278717e-05
2024-08-22 00:00:00+00:00,-0.004637650542996585,-0.0068694057449388835,0.001757675956095106,0.0018848182740904829,-0.0014353932908848233,-0.005173177725256495,-0.0041006141163046905,-0.006722148094269298,-0.006136574444905563,-0.004981861148411371
2024-08-23 00:00:00+00:00,-0.007301901281267287,-0.010105095289605237,-0.004984911434984918,-0.011562266006210242,0.002882793296360431,-0.01560441530165213,-0.018088904540367712,-0.016026984160578905,-0.013230876022626292,-0.017955286014739835
2024-08-24 00:00:00+00:00,-0.0012590887071872725,-0.0016078812726509906,-0.001340930442178645,0.0006611307398702859,0.0029993258102942733,-0.002685560595886538,-0.0013729059113143371,-0.000860574160440053,-0.0005496251145028497,-0.0026844348637850013
2024-08-25 00:00:00+00:00,0.001419527771835405,0.006350144385808276,0.00657262807833936,0.0033388905442190975,0.0020936317210844546,0.008194440533827452,0.008002236796643691,0.00904900514534357,0.005654501599630768,0.010086656913790737
2024-08-26 00:00:00+00:00,0.006248215212960151,0.0016619260713854889,0.012694496835893299,0.013811728884087549,0.010158805513253988,0.013810112768403604,0.013868285058630248,0.011595949263764727,0.015826100669315224,0.013159211662792103
2024-08-27 00:00:00+00:00,0.002901235077002795,-0.00330574306028375,0.0051843063547920565,0.00397495900164424,-0.003946113655411643,-0.003013773867059255,-0.002626138171149317,0.0003028155773681096,-0.0013564422377007057,-0.0006478158027648506
2024-08-28 00:00:00+00:00,0.005810481240361209,-0.0024209920940476692,-0.0010453878931189209,0.0028079595234729027,0.0015106168283862687,0.00040575064643610936,0.0001397150731758945,0.0017401383015462901,0.0005859705101389778,0.0006680816258604061
2024-08-29 00:00:00+00:00,-0.0013787639725432177,-0.001100900417043138,0.00212551637156122,0.004721255883403996,0.0005957927021436049,0.0012625935516610287,-0.0003229484238647107,-0.0013501246296089287,0.001523471844129931,0.0001544225655767395
2024-08-30 00:00:00+00:00,0.0018670924234465147,0.0015061689402113831,-0.002461277234859338,0.0005870030517196589,0.0005682138380664892,0.002065168671232964,0.0031482069904371635,0.0016889713303100962,0.00249922501249622,0.0028791910247383257
2024-08-31 00:00:00+00:00,0.0036126039553754374,-0.004155540760515941,0.003276247119182507,0.0010019690581626328,0.0005802543652053682,0.0007039448981378538,0.0007851194851218324,0.000855828574382711,0.00039374636735423074,0.0006307912036382923
2024-09-01 00:00:00+00:00,0.001877645239083403,-0.0013496335675534654,0.004714619049336566,0.0035397609060243695,0.002992108656090231,0.0008899780545184033,0.001106104104619865,0.0021649943844794795,0.0034254841232153055,0.001017041504292493
2024-09-02 00:00:00+00:00,-0.002212194605207274,-8.515304377587629e-05,-0.006201093682502212,-0.00739346654434947,-0.006813666812145014,-0.006630042166977712,-0.0064274070902534675,-0.0065967332675686,-0.006320802413211646,-0.006067972269324318
2024-09-03 00:00:00+00:00,0.005563754980441482,-0.004324398442699939,0.00019145517836127723,0.0024378468883232696,0.00023301204370529405,-0.002566405609329414,-0.001616822765378556,-0.0005784954811184351,0.0016830582312399311,-0.0009909263527246859
2024-09-04 00:00:00+00:00,6.394385929642254e-07,0.00019004454626569967,0.0003585340920400082,0.0008900726929703673,-0.00016445066966142008,0.0007560404243449614,-0.00040441313472106,0.00030875424281928687,0.0020292849899685717,0.00027253870159982263
2024-09-05 00:00:00+00:00,0.000498758843815228,-0.0039255775330353515,0.000197052487197924,-0.000865334313912447,-0.006131063429964723,-0.003675242763769182,-0.0013433663516990713,-0.0019407505835555838,-0.003826371635327952,-0.0009861258146981466
2024-09-06 00:00:00+00:00,-0.004412392006013288,-0.0008417611255211455,-0.0009391809188730171,0.0006918057326719129,-0.00017622387943505569,-0.0020660654886544005,-0.001090263825821003,-0.0031098054602402003,-0.0044723529636980786,-0.0018347364568570557
2024-09-07 00:00:00+00:00,-0.0022494116444983225,0.0002324823731096881,0.004288416937269446,0.006769517299682226,-0.002787612025024311,0.0016289702326395261,0.0009726795687701184,0.0025095351207420347,0.004902357298791182,0.0014738256330242283
2024-09-08 00:00:00+00:00,-0.0012565771854659014,-0.0016519095830561659,-0.004599064824741372,-0.0066315439490359784,0.00160347895184354,-0.0011127571392807178,-0.0032419866902446692,-0.003869361265431026,-0.005059489776504833,-0.002491009213953954
2024-09-09 00:00:00+00:00,-0.0023784759606587658,-0.0016602126115612403,-0.006639239921400031,-0.00860141880370191,-0.002849558432962307,-0.005507842970901677,-0.007646407160986524,-0.006660328225199796,-0.00866008335458568,-0.0067243391719356005
2024-09-10 00:00:00+00:00,0.001785427445156973,0.0033308776040261723,-0.00912100744807065,-0.010285747145919455,-0.006589698722217485,-0.005767447637839984,-0.0058615300226743106,-0.0026455293778188116,-0.011141059523775532,-0.0057517760500404025
2024-09-11 00:00:00+00:00,0.003443302273759219,-0.005643248216447683,0.0013332090918865003,0.008048211875975042,-0.008034665906162863,-0.001975699446455703,-0.0009071529645647836,0.00010796187012318548,0.004054136867408964,-0.0014365716947537521
2024-09-12 00:00:00+00:00,-5.513827496805845e-07,0.003484068956633557,-0.006499305989232984,-0.008194174525762543,-0.00323425128999566,-0.0038420165542388807,-0.0029583568787395764,-0.00337117699091527,-0.005435737712603195,-0.002493255158555252
2024-09-13 00:00:00+00:00,0.002019075153844474,-0.006046518433969639,-0.002094633116234257,-0.00405520385042113,0.0037655334099340187,-0.0014281292081175234,-0.0035839522908391874,-0.004407251458796946,0.0010930619695439514,-0.0035885121144902943
2024-09-14 00:00:00+00:00,0.00536245639469124,0.0032586773625802312,-0.008631287121619757,-0.008372480072302735,-0.0032741081658832494,-0.002492901216142651,-0.0015466392100549342,-0.0010872264990379188,-0.0057650531658280935,-0.0020589838667381954
2024-09-15 00:00:00+00:00,0.0020527498186093673,0.006303515307316765,0.005027796882006719,0.006141968041284196,0.002930170782908581,0.009663874584062482,0.010646689703074141,0.010472111161566877,0.008808252924789928,0.008991971902019724
2024-09-16 00:00:00+00:00,0.010829592620301254,-0.0008891707249663039,-0.0037698855058917458,0.00038326152054923845,0.0020319088386437922,0.003341915382692573,0.00399143239128974,0.004948455066190682,0.0015970914319429763,0.00326188137507355
2024-09-17 00:00:00+00:00,-0.002517960159076904,0.006732783300712253,-0.005804257985076777,-0.010640875487404444,0.0063222523164199185,0.005163358207218138,0.0027132909448812637,0.00041954650604880683,-0.004724467073460303,0.0036537176865423238
2024-09-18 00:00:00+00:00,-0.0026672263282562225,0.013797805152941933,-0.008125227734371743,-0.012471209519046123,0.00011837601372222117,-0.0007626685646678899,-0.0008781476064030347,0.0012065232477298515,-0.0075160732034254,-0.001583562977033881
2024-09-19 00:00:00+00:00,-0.0038505438658317237,0.009994352729274958,-0.014949250709501705,0.002651649499437081,-0.0043298304681710365,-0.0013700932196744064,-0.0038515656469572113,-0.000776010900614188,-0.00020546664154474925,-0.004738832781645663
2024-09-20 00:00:00+00:00,0.005824543545944749,-0.00917765317780117,-0.002321365335351988,0.0011193894942027605,-0.0018415720779549893,-0.004082549938721924,-0.0035241483394057305,-0.002162678074809743,-6.957923745187777e-05,-0.003081464277862378
2024-09-21 00:00:00+00:00,0.0005777649410247943,0.00010076629590294317,0.005135784452177772,-0.0016765480993823356,0.0006883736132614615,0.0036036824693943537,0.0018838186529483991,0.002076081785819195,0.002445549781517453,0.0012469335553402239
2024-09-22 00:00:00+00:00,0.003612848256765444,0.0014775938624833618,0.00048331493899467226,0.005391496782360949,0.01033201199166589,0.0066137877587009175,0.004286807387833713,0.004943412989501628,0.006803754871527623,0.004806169406256444
2024-09-23 00:00:00+00:00,-0.004526735116486824,-0.00265931978455769,-0.010958072284998233,-0.0074658410649180995,-0.008005969096782639,-0.013362675036268534,-0.012563183943092415,-0.012907149111717975,-0.008611279633775504,-0.01142740218542182
2024-09-24 00:00:00+00:00,-0.0006587959155884837,1.8061327505591862e-05,-0.0004011879714266309,-0.0039012018143087523,-0.0013448346982916082,-0.004102868170938745,-0.0024107182642088,-0.002303941761582662,-0.0009971361016773983,-0.0014634938952667875
2024-09-25 00:00:00+00:00,-0.0008339594587449817,-0.007797981606084803,0.00881204485667042,0.0045736880697784255,0.00731951171714762,0.004859866946274494,0.0015008000912954955,-0.0014335592383997176,0.007252906097833911,0.001009489015299625
2024-09-26 00:00:00+00:00,0.002576579630777287,-0.008643968957892434,0.004057800860424177,0.004287286921419442,0.003355831985374369,0.0019367850818912125,-0.0013060194120689816,-0.0025741643191898866,0.004635985880775184,-0.0003974847484784494
2024-09-27 00:00:00+00:00,-0.00206587692596627,-0.0057119817205742995,-0.0088302025188578,-0.005650311833924171,-0.007138533917899981,-0.013121745726042966,-0.011717994732767911,-0.010855152998734852,-0.009327960082076148,-0.011472776845586341
2024-09-28 00:00:00+00:00,-0.0011628420954540308,0.003516318184199063,0.0017394208489587282,0.003721762158382047,-2.2036231267730244e-05,0.003365070165857631,0.004186246236281388,0.003602989752141683,0.00386341632803755,0.004095468873642538
2024-09-29 00:00:00+00:00,0.008083115676548625,0.0038455797793461866,0.003962282921101679,-0.0045528646296245645,-0.0005822384657853119,0.0057949620238717525,0.009169902375687489,0.010209757967815092,0.002641296521953551,0.009877801306364953
2024-09-30 00:00:00+00:00,0.0030664456444768895,0.005993318116819246,0.005394012703409112,0.0067034895983149045,0.003617070263522093,0.009706112380203802,0.01025788110475645,0.010598811419735288,0.00838466097077517,0.008682199468206697
2024-10-01 00:00:00+00:00,0.011728490037155925,0.01020256086596305,-0.0004118200746555667,0.007506627621936213,-0.0004792134019551142,0.01329627261042532,0.011990793602321359,0.016418240883159907,0.011451043948887074,0.012706985406212512
2024-10-02 00:00:00+00:00,-0.0046627730976694926,0.0007372202588196153,0.00196097789958527,0.00389821571085025,-0.006168479198373933,-0.004488947390169473,-0.0025392290106777127,-0.0011729586053762509,-0.0021416589066314273,-0.0023154974405205087
2024-10-03 00:00:00+00:00,-0.0032737068612304077,-0.010290155805346868,0.016631908900700543,0.020111415339808314,-0.001787742404907089,-6.0715018865287185e-05,0.0023700114152636065,0.0002198155905566157,0.00624197386281633,0.0016405027698160879
2024-10-04 00:00:00+00:00,-0.0007231281940388579,0.005893196936358258,-0.0071630142850317435,-0.006890375678491489,0.008213363381136096,0.00668156116651053,0.004221619450394343,-0.0025121785961075283,-0.001345062480282988,0.0051044186534146
2024-10-05 00:00:00+00:00,0.008708425728410685,0.0012456772928239879,-0.0004466793474167119,0.0007510776747854386,0.0006551236136012051,0.005788677839968059,0.005425611996998425,0.006329273054510809,0.007586193268934949,0.00514728374382889
2024-10-06 00:00:00+00:00,-0.009527924543555444,0.00679892148803507,-0.007044489945644772,-0.00944768467837298,-0.008105724197443376,-0.01157398231961726,-0.011098425330926531,-0.009950498419731946,-0.013827837869087256,-0.010235616001781134
2024-10-07 00:00:00+00:00,-0.003397335475048835,0.0015674904828337777,-0.003428419489325041,-0.007547806761382225,0.002688369491218756,-0.0007527760209644629,-0.003218223785714347,-0.005003629071951954,-0.006337517513422819,-0.0031958439202549593
2024-10-08 00:00:00+00:00,0.0003201524235272313,-0.006304873981837322,0.002564241666318967,0.004731798823558897,-0.0005867290063737984,-0.002160996253523506,-0.0012118660197110165,-0.001058485300073908,0.0021881998054835705,-0.0010129751354015504
2024-10-09 00:00:00+00:00,-0.001068987392735532,-0.0014484672202030868,0.004754239463436338,0.004689272278065149,-0.0008774324531555244,-0.0010816679332212864,-0.00013190857489875363,0.0011976579692780653,-0.001986582804786474,-0.00044538951572981045
2024-10-10 00:00:00+00:00,-0.002551918099658823,0.0005056827696967581,0.0022443518173504984,0.0006947915872639321,-0.005027049035866593,-0.005519837182249132,-0.0012250458983534829,0.00015807686043478597,-0.0038245716775274774,-0.0033964653552394086
2024-10-11 00:00:00+00:00,-0.008997881220170534,0.005898380697291872,-0.007131506501011353,-0.0073161517779962715,-0.0034515624260483824,-0.0019078924092572613,-0.005263619669273467,-0.004864998999354109,-0.008095565300798802,-0.004365299342509288
2024-10-12 00:00:00+00:00,-0.007618095761636745,0.007080018261405918,-0.002919480009860531,-0.006402820453918712,-0.007573476084657305,-0.006856112114875024,-0.00495391654605537,-0.0042717915380116045,-0.008207901617329205,-0.00419882388839099
2024-10-13 00:00:00+00:00,0.0032323784102219477,7.883685373788474e-05,-0.0033423776974780273,-0.0007951438840910763,-0.0018332239745467716,0.0013021453428327945,0.0012907004665447808,0.002223331278259577,0.0016968094612854756,0.000905399500698234
2024-10-14 00:00:00+00:00,-0.00043613484767923705,-0.0008678483952878624,-0.02507527783886565,-0.010991437938846271,-0.014779866055039004,-0.011384261668484275,-0.015087389112599547,-0.009336923826156251,-0.007613752417475861,-0.009618909708938861
2024-10-15 00:00:00+00:00,0.012174936541038184,-0.01596299529236045,0.008420082176578525,0.00492670410667273,0.004437084823126325,0.004786190690134973,0.0026188106363156383,0.0007276731034366879,0.012143657705385724,0.002348805359585482
2024-10-16 00:00:00+00:00,0.009628112675881928,-0.0040437271189078805,0.005955005844969996,0.0038505304110796335,0.010830616145665939,0.009893524950010057,0.007519677397032298,0.005715401990921798,0.012023313754655929,0.006326350064250752
2024-10-17 00:00:00+00:00,-0.0022373546534056876,0.001963901144888869,0.0011407897488460161,0.002340731669390861,0.001315584080332055,0.0016413820720677652,0.0018393319737803893,0.0031238135921169974,0.0001808796615350161,0.000774613464280538
2024-10-18 00:00:00+00:00,-0.006042852560578571,0.00392063451047564,-0.0062468928182009,-0.007260439403099728,-0.0006339052955928182,-0.0028188388575153267,-0.006877757835945242,-0.006133907987558418,-0.009140648156321318,-0.006917301282318933
2024-10-19 00:00:00+00:00,-0.0018647963725966221,-0.0008189292737056375,0.003509752677461675,0.0030126753012911234,0.004998002083441699,0.0041152238844544,0.0034729592824269684,0.0018707528392143402,0.0019679802293772752,0.0027911514953493644
2024-10-20 00:00:00+00:00,0.0029918819898959725,-0.012451540399083805,0.004304733276258466,-0.00036100312961429015,1.866823908969195e-05,-0.0020650324254015695,-0.003736857298035412,-0.0032101977543291804,0.0017459535058048647,-0.0033275383262559854
2024-10-21 00:00:00+00:00,0.006076166813734352,0.0014341671295814429,0.0027734089411164398,0.003069240250947569,0.01211746367942923,0.011762216279236792,0.009407087255077995,0.005405097411687043,0.0085276530747036,0.005768400814236463
2024-10-22 00:00:00+00:00,-0.0027334645414807124,-0.0009172937745621779,0.0013499546144022379,0.002865057684306116,-0.003866901082052898,-0.003012826631529575,-0.0027482286169296932,-0.0019981325094455826,-0.002050102541560128,-0.0016163807283090526
2024-10-23 00:00:00+00:00,0.011317855173061275,-0.0005903508036815275,0.00452979433473244,-0.0012008889600086947,0.007583214484968348,0.009387019314337053,0.009929289324528634,0.00864304948168293,0.00876416052011919,0.008452505354416662
2024-10-24 00:00:00+00:00,0.0022461963369495574,0.006141067353258034,-0.00020726155156569614,-0.00136132979763115,0.0031948845157017125,0.005788315550159462,0.0032194060888972587,0.004955548304185209,0.002365771838034103,0.00546801344737835
2024-10-25 00:00:00+00:00,0.014733966175369151,-0.0009357370373047624,0.009054421048036332,0.00897239717882381,0.00878523699903,0.013314506922217362,0.012453491406105632,0.013363198258458109,0.015969748970679376,0.01457448856828858
2024-10-26 00:00:00+00:00,0.0010278480705931958,-0.001712650466908161,-0.003937027138950389,-0.003133312319379411,0.000756862022317506,-0.0009867118747231007,-0.0019297326452043517,-0.0036884395544311,-0.0013351012197299061,-0.003423344567212938
2024-10-27 00:00:00+00:00,-0.008737801967798053,-0.006487416694804682,0.0007955745348773302,0.0007447895919643344,0.00367861447194473,-0.0074049932214459435,-0.009229230219493179,-0.010844012649354307,-0.008062477902645138,-0.006983315272064083
2024-10-28 00:00:00+00:00,0.004881168466686736,-0.001593012480168965,0.004474100772490663,0.0030013646223159274,0.009256672623658924,0.007610227808561909,0.004576603004639024,0.0035663879669487475,0.005282982273816295,0.004001563279389719
2024-10-29 00:00:00+00:00,-0.0030435168273951207,0.0005449862063207078,0.0009148557867859619,-0.005191060541304471,-0.005242171989612521,-0.0019531245914012896,-0.003513716520818111,-0.0021326799364729254,-0.0036547793537953233,-0.0019689229968330446
2024-10-30 00:00:00+00:00,0.0011996991196379092,-0.001144770844352272,0.0005966058171305022,-0.0009205033817996089,-0.0013285131978387765,-0.0005128379937311411,-0.00036804080192731625,0.0008922173032090974,0.0007696635717799882,0.0008429383143551128
2024-10-31 00:00:00+00:00,0.007737158341640571,-0.0003732763078831969,-0.004263939353463031,0.000131055594057905,-0.003297117688392137,-0.0021158167678408946,0.00013178826523785325,0.0034284483317692516,0.0031682037764029225,0.003961765624677538
2024-11-01 00:00:00+00:00,-6.133324488699632e-05,0.0010760777473814986,-0.002527777126679842,0.00032746014992324213,0.0006599463785676996,0.0022108106638016878,0.0012219120062650912,0.0010793392790418022,-0.0005614505628892541,3.2276255368612894e-05
2024-11-02 00:00:00+00:00,0.009908696053267718,-0.0028268553199094493,0.0023289465713787205,0.003910595433528563,8.638106815839208e-06,0.005566591778312535,0.006049157507302727,0.008159157873676826,0.01196750898337795,0.00943136136096756
2024-11-03 00:00:00+00:00,0.001557853228068673,-0.004412106255248571,-0.002452016005917046,0.004150563014200026,-0.00014999476245791676,-0.0007499956789674966,-0.001756314312091778,-0.0009507199274236822,0.0009880735584937295,-0.0007210322555460946
2024-11-04 00:00:00+00:00,0.005935595897513357,-0.002716493808209819,-0.0008852751220610466,0.0018498085341036585,0.00463734048222908,0.003820601692484882,0.0033475843950574458,0.002181575710695993,0.005901805573556684,0.0022332996898570823
2024-11-05 00:00:00+00:00,-0.007808701182999811,-0.0009690071499011133,0.0010225925199640606,-0.0013229524117172042,-0.0056826737507893466,-0.006680109822321145,-0.006549409536471318,-0.006217639290194699,-0.00809342309331551,-0.007290765816533207
2024-11-06 00:00:00+00:00,-0.029102272401123952,0.012963253230235505,-0.004934452272692402,-0.009165161362987617,-0.005971121631896503,-0.01659574122777019,-0.018037188561058848,-0.016407592235410773,-0.027287896678642287,-0.017265685686204568
2024-11-07 00:00:00+00:00,0.0016039481646414888,-0.0018171407655658278,0.0035171539507159455,0.003950676053274815,-0.00038222889125472115,0.0005515288852493416,0.0001644622586780553,0.0015997783929222464,0.0023118193377187346,0.0015372435593647982
2024-11-08 00:00:00+00:00,0.0008255882142456095,-0.0009754762117051285,0.012040646816809941,0.011689200705849556,0.004738888782632511,0.006720798002119777,0.0051437444675532795,0.00493692394277323,0.00406073509439886,0.005333400529886179
2024-11-09 00:00:00+00:00,-0.014492328981525637,-0.019648079732604073,-0.005781741345825431,-0.0074868082577727035,-0.0007399923346746995,-0.015222674549540072,-0.02040619772516783,-0.022124271678953145,-0.016295885261189413,-0.024270159134733182
2024-11-10 00:00:00+00:00,-0.0025808698302143274,-0.004544911340650271,0.0027321105264028755,0.0063882013060725384,0.0013103972490708937,-0.001736846070278797,-0.0011179850393727708,-0.0014795073861222363,0.0006679896702546095,-0.0004843248519134091
2024-11-11 00:00:00+00:00,0.012862296562208275,0.0015197500820365306,-0.002366913665364012,-0.0027512242374005957,0.007270808333101453,0.011185922315083419,0.008256176209731958,0.008154816760821415,0.009589068402289014,0.009502411081769413
2024-11-12 00:00:00+00:00,0.010740861293276671,0.004016244623825438,-0.0027014737558882507,0.002036127310151681,-0.0048915041028329,0.0033260515491388976,0.004266702842125936,0.009364875444596299,0.007834797677291006,0.009596286219433203
2024-11-13 00:00:00+00:00,0.006873468408280292,-0.003738004548663354,-0.01422670992245123,-0.015536533072975756,-0.02010176820124787,-0.007978260617579003,-0.0060367291553818925,-0.0036343727222588607,0.0001521214287762973,-0.004969201977373938
2024-11-14 00:00:00+00:00,-0.0005982317253140357,0.00377908792169257,-5.647808934627907e-05,0.001501052279196502,-0.0074604887455849145,-0.0038794012604381756,-0.0027929783773756878,-0.0018357105751651837,-0.0015514899842844487,-0.0022184412163861467
2024-11-15 00:00:00+00:00,-0.0025483618185973,0.009942814999197802,-0.0095123544625626,-0.00719925823015044,-0.0029673833132281002,1.7515173605264778e-05,-0.0007588036213526106,-0.0012149010990623044,-0.004009995654533416,0.0002555534757788802
2024-11-16 00:00:00+00:00,0.0075958944613836454,0.004995392352478589,0.034734686550044636,0.02921622697870241,0.003846283928497618,0.014477601540158869,0.015003215864773045,0.015414502416938314,0.012451124925945356,0.014157467099133791
2024-11-17 00:00:00+00:00,0.0003568862242795401,0.0059778573259920975,-0.017833271561499053,-0.012074209485219645,-0.01375817110458799,-0.007010008037855009,-0.004803476188606992,-0.0028778278360434006,-0.0038486311152985397,-0.0017715572257313017
2024-11-18 00:00:00+00:00,-0.001884060427745804,0.0066393337690753285,0.011641221680598557,0.007417780100430482,0.013791099170845644,0.011985069313710461,0.008770804927908493,0.005716227903304505,0.0029168853027605746,0.005893979299433472
2024-11-19 00:00:00+00:00,0.0029553072411878656,0.007351717453017548,0.003834565125266476,0.0055428303059441575,0.0026119425568653654,0.005226159017891696,0.005120625623644237,0.0056755880998060615,0.00504455735679854,0.005411592735992787
2024-11-20 00:00:00+00:00,0.015416426060655075,0.0073549523946125905,-0.001040015666664007,0.005312541673443194,-0.00489384593842912,0.009674912618997222,0.01194409712644351,0.015004379109033072,0.015421026479891964,0.013494825143880673
2024-11-21 00:00:00+00:00,0.00027446641399375693,-0.0035674295673605583,0.007534037302223018,0.0028425957085023157,0.011471932457381318,0.004335928895783825,0.0035887937166669825,-0.0013876160525448933,-0.0006115806760701448,-0.0011138419332626937
2024-11-22 00:00:00+00:00,0.012971297083189226,0.02160602130904432,0.007781901930005608,0.009683174493816393,0.001543510397837622,0.013541770661443131,0.016593452375197604,0.016895276626789357,0.013616027790892327,0.017849360238034517
2024-11-23 00:00:00+00:00,-0.0036018679259602893,0.00768199023223759,0.0002714863359654096,0.003965097927723482,0.004617871976580146,0.002579912389570227,0.0020799978022734145,0.000684661068705239,-0.0018292981809822084,-0.0002924207756382913
2024-11-24 00:00:00+00:00,-0.002218643077429139,0.003733547174250562,-0.0029032364936042443,0.0026053483065588967,-0.004116420713632718,-0.0004413721983483887,-0.0006708964018681263,-0.0020188297098041597,-0.0016778396717397337,-0.0008656981185882762
2024-11-25 00:00:00+00:00,-0.0017279135548832203,-0.009400368794025393,-0.0005633745269735257,0.0011447394666548316,0.014772832689853743,0.0018782029442812043,-0.0009154222832015169,-0.003287912642428892,-0.0006247493381230651,-0.0031026666947115977
2024-11-26 00:00:00+00:00,-0.001558991653149655,0.0025090002159060543,0.011895630649224387,0.008164749913698088,0.005584960336773026,0.006892664381710878,0.005204811067819115,0.0036362794625979245,0.001973358266684766,0.003662462194618854
2024-11-27 00:00:00+00:00,-0.0004847789789029777,-0.0034996376492286707,-0.004854639345625689,0.0012171387746111595,0.003744982891916715,-0.0016529704200094475,-0.0017572870565849552,-0.0029002663100842208,-0.0016102999758755843,-0.0025063548268947633
2024-11-28 00:00:00+00:00,0.0010130778082835246,-0.0016205288861669276,0.0008382342295956136,-0.0014530757309518805,-0.0023089628263043283,0.0001169712957385105,0.000828646630699037,0.0007964173682888376,0.002147306233869939,0.00020139031529087248
2024-11-29 00:00:00+00:00,-0.0019855135572190985,0.008758747251329302,0.005257653474112889,0.0025860821320111693,-0.0002417013176759797,0.0009219713244168481,0.001806895672591624,0.0014892874735741302,0.00012848864493397727,0.0011825027091434404
2024-11-30 00:00:00+00:00,0.003825951268955352,0.004689798527533151,0.0025949921861943004,-0.0035261387795673116,-0.0013971715821219366,0.003133270235955221,0.0040655853497357786,0.002732350971477615,0.0029142619059627783,0.004069692226560173
2024-12-01 00:00:00+00:00,0.004021194125610084,0.003919597944167519,0.0019108176660096454,0.0018193688128933516,0.004982055066033109,0.004258578251974399,0.005100442875364264,0.002825286035426755,0.0025440686860105366,0.002700650193898202
2024-12-02 00:00:00+00:00,0.004845583339460724,0.013041413052914841,0.00854246956045479,0.010866627431249887,0.013650266013778056,0.014634521356121422,0.012973757856130197,0.007879503670565668,0.007112448430665941,0.008132777526081103
2024-12-03 00:00:00+00:00,-0.0009895019616725786,-0.0018581314395829107,-0.0013558681490614122,0.0018997409618803918,-0.009425648120676144,-0.006060140284180893,-0.005186046327519067,-0.0026079306572674987,-0.0032514807369092846,-0.0029571402412302827
2024-12-04 00:00:00+00:00,-0.0013071090425932352,0.0014606440808031529,-0.000381155660828969,-0.002806262713507812,0.00805924209421005,0.0013761334783923829,0.0008275851547088209,0.0008202116642914703,0.00020118594998019823,0.0009413768532462452
2024-12-05 00:00:00+00:00,-0.006761698676075678,-0.007585382160669063,-0.0036256335202430323,-0.004192196796232062,0.0061319412566414044,-0.004168640267993018,-0.0052014419037828,-0.008130457782312916,-0.0048720411988441015,-0.007798219207785451
2024-12-06 00:00:00+00:00,0.004506181938086051,0.004083378229957413,0.008717047562102787,0.0023933277590904023,0.007659035331009756,0.009899617019977436,0.0069661845613153695,0.005919917430106558,0.004629955439310773,0.005725797498539187
2024-12-07 00:00:00+00:00,-0.004660376265380406,-0.010605335101602109,-0.009948297978642495,-0.008084479292154279,-0.0069464225144112435,-0.010452824953804174,-0.009005813860472833,-0.008971344059312214,-0.006149879339905184,-0.009262433661820113
2024-12-08 00:00:00+00:00,0.001563162678478669,0.002968822480116984,0.0006325866872696206,0.0006530152530350719,-0.0054443914379478375,0.0011484454412897804,0.0005169706064480639,0.001901137541476583,0.0005600509267680298,0.00180426550622248
2024-12-09 00:00:00+00:00,0.007811749620002306,-0.0006903146432041263,0.0033052545700618108,0.005742435210442709,-0.0053784446862227275,0.003357103710300624,0.0051096399068220055,0.00475164164555153,0.0060789671291408,0.004721320397108819
2024-12-10 00:00:00+00:00,0.004660627234702286,0.0037404479114202527,0.0030367659519456858,0.0006904756515109245,-0.0034050331891912755,0.0027696329826172317,0.0022440972888231325,0.003301536826550766,0.002086102601943418,0.0031189685411006085
2024-12-11 00:00:00+00:00,-0.008540552601531859,0.0010667690880299396,-0.0004586159294982517,3.322298704766524e-05,0.002020278494945238,-0.002482412209711571,-0.002931568040749677,-0.004226879127487315,-0.005943595476999297,-0.004360415963085229
2024-12-12 00:00:00+00:00,-0.0003130554718103751,0.00022172217438187758,-0.000759797235948767,0.00024283013222370364,0.0006951503132448522,0.00039136573749387615,0.0003165754854543845,-0.00021376695849606442,-0.0002367517617991588,1.7469423064797596e-05
2024-12-13 00:00:00+00:00,-0.00028228929192619656,-8.549474294272663e-05,0.0002601785630693687,0.001417613728050382,0.002261487109182836,0.0007886317745873228,0.0001318782840942223,-0.000422684348175828,-0.00017434974631413969,-0.00039388447457078257
2024-12-14 00:00:00+00:00,0.004070165814125781,0.0015321086252273464,-2.4234170040715597e-06,0.0010466098928927359,-0.0005681676876232444,0.002253678843307183,0.002743838490377515,0.0023571385644682863,0.0033398541950708793,0.002296239256092125
2024-12-15 00:00:00+00:00,-0.004714088867449284,0.0038125932195307577,0.0009861487114708467,-0.0012500757694668962,0.0007821986344223042,-0.0010155395453905758,-0.0006888949353436313,-0.0011983099258057184,-0.0029839470352303055,-0.001256390564074672
2024-12-16 00:00:00+00:00,0.0070614768414216655,0.00010529948567006286,0.0006485693117130875,0.0005778435733718723,0.005169484543091629,0.0052825564421594695,0.005030508521109089,0.003688958877702042,0.0046049157352536785,0.003807643583802811
2024-12-17 00:00:00+00:00,0.009194743819545659,-0.004544864609383192,0.0015125040021104486,0.0020548162956148808,-0.0027332820092541565,0.0028778542801282114,0.0026692171974249668,0.0034600938338571474,0.006902292766116647,0.0031366664041363457
2024-12-18 00:00:00+00:00,-0.0002382394348957595,0.005439349751336975,-0.0004272743454025729,-0.0013177460489220971,0.0016262883390714133,0.004394918584305518,0.0018695103786281475,0.002477555895143091,0.00024526235697486243,0.0021663166872705197
2024-12-19 00:00:00+00:00,0.0028445506781507035,0.004719243129749806,0.0009290165853264032,0.0010046413957101041,0.00030018096794437454,0.0062342831610289196,0.0042978245638753965,0.0044895943158280716,0.003464186728613816,0.00426085748545324
2024-12-20 00:00:00+00:00,-0.01262522032886726,0.0054492406953590145,-0.0032707902551771806,0.000333837874303633,0.009145225280354996,-0.0003022969179334867,-0.0027375221331223942,-0.005585398242579531,-0.009415031675133467,-0.004352685684507862
2024-12-21 00:00:00+00:00,0.0075681942595478,0.0019814598538361317,-0.0033157465147520826,-0.006816990074636542,-0.0007443092241914417,0.0028907426571909145,0.0026243114497546127,0.003501277646019485,0.003556479114802169,0.0033196819816474488
2024-12-22 00:00:00+00:00,-0.005310529466562075,-0.005952810932355002,0.005387030821737415,0.007966164652058794,-0.0010460365720885711,-0.0040129699312084766,-0.0028752524189725737,-0.0025002180204604096,-0.002954536266427943,-0.002909403142296152
2024-12-23 00:00:00+00:00,-0.007695949261520063,0.0016334146352758872,0.008140102191463772,0.004487252259405716,0.000490382288989899,-0.0014166703930257318,-0.0016143475707309785,-0.003726894765614719,-0.0038649360295263113,-0.0034054135886274484
2024-12-24 00:00:00+00:00,0.0008624932433516364,0.008773125292353967,-0.01156165273634735,-0.01974778134334465,-0.005473415478087773,-0.005850223479523464,-0.0035372252724347186,-0.0027354383157502937,-0.0037006556866133744,-0.003011530111634131
2024-12-25 00:00:00+00:00,-6.709562247830814e-05,0.010495029765856367,0.004031982896316899,-0.002325041008217954,0.00014220330823810912,0.0039002919721098372,0.003592659014084898,0.003844134813865363,2.1293720166459806e-05,0.003972718110518025
2024-12-26 00:00:00+00:00,0.00047748143975478996,0.0003716048843660502,0.0009892760754866003,-0.004894816633913557,0.0066065217815887145,0.0031710672422800013,0.0019124418390727982,0.0008263440041966774,0.0010087326399097485,0.00079097602962519
2024-12-27 00:00:00+00:00,-0.002588576018037747,-0.010067885034045654,-0.0007904413704045155,0.004258179365263182,0.0018096378565253257,-0.00396722592940324,-0.0045275889946807535,-0.004318577649829125,-0.0013076670053243644,-0.005016211110265734
2024-12-28 00:00:00+00:00,0.004366980071784932,-0.0022444965278193285,0.008891098446780932,0.013328908155188168,0.0022057184013952735,0.00508633343391196,0.004276811337707187,0.00462022607250101,0.006932049712155441,0.0042313471992134755
2024-12-29 00:00:00+00:00,-0.0003414800106433802,0.00596180220854392,-0.00014888168582039008,0.00028786579862116746,0.001891217913124743,0.004090314189737709,0.0033019962063103314,0.002626442552241981,0.0011256968460164885,0.0030667198480407443
2024-12-30 00:00:00+00:00,0.0004571245712494676,-0.005793507585549529,0.0037911667018808437,0.0026871968238528776,0.006270108407196329,0.0017388428620956908,0.0006021292965530112,-0.0010017462488310924,0.002416438167119228,-0.0007330203628390652
2024-12-31 00:00:00+00:00,-0.003019864398484229,0.004079236952845067,0.0028694099742538892,0.0018652615231005143,0.0012870918231360218,0.002111131715771375,0.0016485336738942813,0.001333527155592984,-0.002634765811041162,0.0009742214463868137
2025-01-01 00:00:00+00:00,-0.0005245402441230729,-0.0070404833852883986,-0.0013202096833508925,0.0037738448174300387,-0.0032298378541960604,-0.0024114228548376415,-0.00411325099044102,-0.0018651369724651534,-0.001313732192214645,-0.0015721805411480494
2025-01-02 00:00:00+00:00,-0.0008559990896604974,-0.00351064043093674,-0.0015861015842482118,0.0006617656630512059,-0.0005648609772189728,-0.003109780724199762,-0.0033812148537869513,-0.004294200351387167,-0.000810748962851382,-0.0037127686087433664
2025-01-03 00:00:00+00:00,-0.003548254891185487,-0.010369084781652438,-0.0017284939454069725,-0.002346074929444164,0.003802488949294025,-0.0031878950686321517,-0.006677432344847745,-0.006508840112078418,-0.001703714392020883,-0.0077478667944604895
2025-01-04 00:00:00+00:00,-0.00024186092225297884,0.00029414311135056437,0.0026246378716217045,0.0020496004634320553,0.0029029861186395944,0.0025251407395443515,0.0015439194689452762,0.0006357430096124439,0.0010611960738440285,0.0006967588176662876
2025-01-05 00:00:00+00:00,-0.0038010868784026375,-0.0008746628023552638,-0.002103962833017725,-0.0036849308819972837,-0.0036256353997533575,-0.0067913353227929685,-0.005240174901749106,-0.004350143802313022,-0.004538008126044657,-0.004314950163839426
2025-01-06 00:00:00+00:00,0.005455252503393293,-0.0029076578534088515,0.0030553990303456846,0.0035566776854034643,0.0026132756933394674,0.004794073277897715,0.004489906161640134,0.0026288325055625616,0.004635816918544977,0.002914971194945881
2025-01-07 00:00:00+00:00,0.006474795278400336,0.004828704607054535,0.010345740203710818,0.007585350310891359,0.006567304368081617,0.011438384316695638,0.011523541459061537,0.009260375433502555,0.007566094961994008,0.010355544384251347
2025-01-08 00:00:00+00:00,0.008735208941647032,0.0030770991450626006,0.0013019387139325822,0.00552529422617698,0.0012502358686810044,0.010365847976762765,0.009963429714108907,0.008067607036400082,0.006572472839313059,0.009118126664711568
2025-01-09 00:00:00+00:00,0.006967942551997286,0.003292090730467212,0.0019645103147283294,0.00024031723602435662,-0.000782816923045937,0.0046564205621886234,0.007240001459670964,0.006685138669445756,0.0036168079019931465,0.006895509050727
2025-01-10 00:00:00+00:00,0.0011490761177856967,-0.002505318714413285,0.0057016329576136116,0.005464565230530738,-0.005056830028157155,0.00017844811704059715,0.0013545252102646899,0.0033671125992775774,0.00046928892833664193,0.002760670754676564
2025-01-11 00:00:00+00:00,0.004620871544286809,0.0021956932196305345,-0.0002060812192029582,-0.00017472603951718124,-0.0001748112525421508,0.00614009542810634,0.005401803804691463,0.006265421115465575,0.0033213374362699444,0.005828175998477514
2025-01-12 00:00:00+00:00,0.005427670740347557,-0.0013496389086197214,9.055829330661957e-05,-0.0006267300242120966,0.00045784439751894723,0.0019717527823079894,0.0016952878059515175,0.0024606299147929,0.0023273704522634997,0.0019053924453724669
2025-01-13 00:00:00+00:00,-0.0005919195804502397,-0.00137358160859824,0.004550087195422714,0.003946309511810853,0.003982159247885475,0.002307532677882307,-0.0007694475607671336,-0.0024795260533297947,0.00038388449348425446,1.6041693455814965e-05
2025-01-14 00:00:00+00:00,-0.007366364205084852,-0.0036435391272017226,-0.004437065666642592,-0.0069394772361072166,-0.005824836680951462,-0.012993616531403185,-0.011186036590691395,-0.009104173172257424,-0.009198391999002076,-0.008771828004500493
2025-01-15 00:00:00+00:00,-0.0031377390736511135,-0.0039443635712849145,0.00941532150144031,0.006988055806481652,0.008834681106281606,0.0034655723194993993,0.0010240343436844768,0.002081666572511409,0.0033321361027283114,0.003414336548700936
2025-01-16 00:00:00+00:00,0.010027532896163427,0.003993723637606195,0.0013538883413084513,-0.001316230108211025,-0.001018371782093852,0.008074564406832518,0.01043681416628095,0.009182513243111368,0.00433935901532867,0.007046591288751403
2025-01-17 00:00:00+00:00,-0.0012544114265773398,-0.007189964266885451,0.0056349689991954666,0.002485068029814963,0.0006510050013812663,-0.0013912049627593515,-0.0032535569897712557,-0.0046431567869410495,0.0018165350381929013,-0.0033188681704970913
2025-01-18 00:00:00+00:00,0.019773237741425476,0.013203692259444066,0.01164468083308412,0.011693094816955574,0.005671374852052047,0.024850145092067955,0.025693792646556357,0.027295588122294268,0.017656436321501934,0.01960327700342379
2025-01-19 00:00:00+00:00,0.008797989252868677,0.0072746551601969855,0.005138803330221986,0.003722485818750121,0.001041900219923786,0.011690462453782136,0.010984099452363116,0.010703477995478439,0.0069859047485427705,0.00954470943304253
2025-01-20 00:00:00+00:00,-0.00380724472167715,0.008065790614167456,0.0056616537260192334,0.004071038934472027,0.0022277027223633894,0.00434875985390204,0.006563154301135521,0.004998621145384297,0.001834785666296579,0.003936713074907505
2025-01-21 00:00:00+00:00,0.0011028250972551223,-0.004167040573143321,-0.0022582823060358637,-0.0019458925815161177,-0.0018662271803451258,-0.0020527377832345595,-0.0013888324763455806,-0.0014186557187200188,-0.0011005851845733439,-0.0021939049549491996
2025-01-22 00:00:00+00:00,-0.0004463381881811834,-0.004331125086497467,0.002401639849763937,0.004074909643845714,-0.001864327958527423,-0.0010427378854308555,-0.00111228604707303,-0.0009947664097392783,-0.00044039059726352914,-0.0011035842897644255
2025-01-23 00:00:00+00:00,0.005374442481910657,0.0003515132824170042,0.003377405960205637,0.0034925317390563926,-0.00044444832921075594,0.0038693446451461,0.003961235683423325,0.00487890693314097,0.004163218403590019,0.004202551602108251
2025-01-24 00:00:00+00:00,0.011911796743428127,0.005585438304956281,-0.0002659191111836767,-0.001601434124408052,0.0028376049569107664,0.007951845788342737,0.009047047356820936,0.0077043971321320015,0.007814513249848387,0.007347876975880574
2025-01-25 00:00:00+00:00,0.0008482773185884973,-0.00453333314917459,0.0020945012647348715,-0.004690642049911986,0.002924441105206288,-0.0014123645805148577,-0.0019519453577484525,-0.002355763230889818,-0.00038029824996077544,-0.0015811114823305328
2025-01-26 00:00:00+00:00,0.005276969059659908,0.0012540124922664209,0.004888304177459002,0.0065335946973152925,-0.0014947432499553548,0.0015346135216649515,0.00363693128919107,0.002214178939736522,0.004316944501915554,0.003297384287385796
2025-01-27 00:00:00+00:00,0.0031043722539934038,0.0018535762186386862,-0.013154888608559068,-0.010369322111121959,-0.006433824992315262,-0.003324207215381958,-0.0030007112029493133,-0.0016993921824253189,-0.005078018545645602,-0.0026199363969134914
2025-01-28 00:00:00+00:00,0.01725097134302178,0.014665048604988185,0.013579202420494374,0.008906627546289902,0.0039631363120542495,0.01894696910275928,0.01916964706272628,0.017431816570192327,0.014626907506826603,0.019267413470467787
2025-01-29 00:00:00+00:00,-0.007526384872475367,-0.0007477981304421233,-0.004196146400538225,-0.010576115994944346,-0.0022851575503322064,-0.005916837854738732,-0.006200993776590891,-0.005037495603629538,-0.00568737308581635,-0.005519736979164858
2025-01-30 00:00:00+00:00,0.002487748070731266,-0.0008890697541950043,-0.005754232118739266,-0.009203338937588845,-0.0020542230434135167,0.0019814747246018616,-0.0009285554949597374,0.0021115206796002983,-0.0014741995056294366,0.0014897969805034439
2025-01-31 00:00:00+00:00,0.002845376329811744,-0.009768092993007071,-0.0012422605821246213,-0.0017741999574939493,0.0053402935530442175,-0.0015464120751623733,-0.0022553038510209067,-0.00327647041667678,0.0024225586681074773,-0.002442415700439904
2025-02-01 00:00:00+00:00,0.015699200171876315,0.011371832778356294,0.012021821237577779,0.011845282661656409,-0.005355081789701566,0.014861555002599447,0.01673541252084565,0.0168682276438199,0.014102709048205098,0.015937589387668094
2025-02-02 00:00:00+00:00,-0.0013374610625896954,0.002955890815803164,-1.9245571005077622e-05,0.0029594569271205184,0.0009504476405659545,0.0009594779285266863,0.00029175926593727475,-0.0008378648097882024,-0.0008640475731250818,-0.001439999247815349
2025-02-03 00:00:00+00:00,-0.012549570184287595,0.0001747565509575555,-0.010928005723076173,-0.007051958812638981,0.00626653695854662,-0.009669601851362009,-0.006875321594475348,-0.009240203070050801,-0.012325099182518562,-0.010442509946336331
2025-02-04 00:00:00+00:00,0.006725675450256263,0.0023438964548374575,0.002074400245746011,0.002302587668788769,-0.004992529574776916,0.003368928732027321,0.0031816121249190754,0.003457376975372739,0.0026186872656475124,0.003160913486436101
2025-02-05 00:00:00+00:00,0.00516607778082423,0.0008521323324339747,0.0006358472830141348,0.0014140401789601853,-0.0011783846300071898,0.003129888077035625,0.002957068525711426,0.003125805100606449,0.004425858864475218,0.002699978594397079
2025-02-06 00:00:00+00:00,0.008438996321200376,0.010066874431780004,-0.0008843659520569869,0.0026310223783372333,-0.0026101252503539785,0.007342382573772399,0.009275437144082854,0.008873528676931697,0.009284946769406277,0.009587610368952726
2025-02-07 00:00:00+00:00,0.002815689507930763,0.00038118495654448914,0.00026764148645952446,0.004748895932294994,0.0018430510820606205,0.003204323330818548,0.0029985931185232406,0.003100258925213817,0.002959918621071589,0.0032107631884836785
2025-02-08 00:00:00+00:00,-0.009196012573950751,-0.009700533570222158,-0.0035348342404522004,0.003379345210822393,-0.0004185648477584847,-0.010126095085815412,-0.010265747818575588,-0.010769547532177182,-0.010342805922614273,-0.010951520272062587
2025-02-09 00:00:00+00:00,0.0052280916271680855,0.005752805822244245,0.005140699091159551,0.0032516526994852413,0.002475402492690959,0.006634798882394266,0.00720522670891488,0.007971570852187915,0.0066691986975024875,0.0073629193427589
2025-02-10 00:00:00+00:00,-0.004783941153656546,0.0016475642991622408,-0.002965573412340383,0.0015735507499674561,-0.0016578695668533205,-0.0022819676893079954,-0.0032675033775625417,-0.003974276438799329,-0.004818196391373375,-0.003851056490472904
2025-02-11 00:00:00+00:00,-0.0025789127657124267,0.004691163622284833,-0.007662932258029054,-0.0028084780589389124,-0.0074775681583735265,-0.0036835813226615555,-0.0004032063488721427,-0.0007749906317180422,-0.004870019827947547,-0.0016812763782031448
2025-02-12 00:00:00+00:00,-0.0009078031276017473,0.003337842934983959,-0.02913355466511569,-0.009431151528227377,-0.005227403991126978,-0.0034824901196444102,-0.002242350195744147,-0.0028012690923531203,-0.004365076152962333,-0.003482076650055288
2025-02-13 00:00:00+00:00,0.0056972898087517265,-0.005517671763034193,0.015722610271991844,0.010393122780893327,0.007875969480011458,0.006711415861472503,0.0053556197116571,0.004998284911531092,0.007797325017288248,0.005783398936676898
2025-02-14 00:00:00+00:00,0.00056829638644329,-0.008675399527178218,-0.0022152677206594973,-0.0024956920225438495,-0.0050771544899067544,-0.005366038968238729,-0.004137680546716371,-0.004234719560505473,-0.0027994321418539636,-0.004466221813424154
2025-02-15 00:00:00+00:00,0.008763568307696756,0.004732686262711949,0.0024892236859319627,0.0036888722610275426,-0.00011505144215340213,0.009114730986206743,0.009467574767670017,0.008891790280270095,0.009916119637960907,0.00959769063746041
2025-02-16 00:00:00+00:00,-0.0021577608399532267,0.000553225296867188,-0.002833261472075854,-0.003926743296237767,-0.0019254885600272775,-0.0029931840308088375,-0.0021319653489658696,-0.0018181289474745732,-0.0028609163839709018,-0.002426733499208522
2025-02-17 00:00:00+00:00,0.003273947006850131,-0.0036962563432824114,-0.0016370766178461782,0.00031164279310846865,0.004438770956543214,-0.0006223389629459453,-5.688945378889976e-05,-0.001364214092871796,0.0020503908693025874,-0.00024776974815021724
2025-02-18 00:00:00+00:00,0.0018595845499964625,0.0014427301933310765,-0.004605942416621933,-0.007258514892476753,-0.0006328814800576898,0.00025235643146936937,-9.963095170828495e-05,-0.00015918084626065365,-0.00025606353136575777,0.0005028059203915358
2025-02-19 00:00:00+00:00,0.0040309864260836825,0.009687622802589946,-0.0031793879469527164,0.002999704103247014,-0.0037686766985146614,0.006049946604797185,0.00720354480232599,0.007297761539461156,0.004866517587884589,0.007008960746401227
2025-02-20 00:00:00+00:00,-0.01000688222745838,-0.003430379275491724,-0.006411946262848911,-0.010164715674238045,-0.005170084870977809,-0.013110423544818839,-0.01203400793824938,-0.011041463323568146,-0.012899859431956262,-0.012286903971357899
2025-02-21 00:00:00+00:00,0.0045907761945558345,0.004294438280626256,-0.01569387617460294,-0.01613527641193424,0.006466690062403746,0.0019106694674764224,0.002398178159714881,0.0007831063524006421,0.0026614037728420747,0.002875326094737618
2025-02-22 00:00:00+00:00,-0.014069449324503491,-0.003271927283261533,-0.017450339406457682,-0.01923835778365257,-0.004114448674580995,-0.01754538069371714,-0.016706199733472316,-0.015880236782686463,-0.018469675701737964,-0.01704754081190385
2025-02-23 00:00:00+00:00,0.006783220965698833,0.005476654159812577,0.010502229625990012,0.01111634502567882,0.004099657685320945,0.012486945570532537,0.012303771159370314,0.010982580462260527,0.011596687961376473,0.01245646410790302
2025-02-24 00:00:00+00:00,0.000359259639613585,0.00313210446209089,0.0018600154020591564,-0.0007686128396662273,0.007868340160828158,0.0023144655263265257,0.0004343276536762364,0.0008776150272791217,0.003435244617558064,0.0011665311533175515
2025-02-25 00:00:00+00:00,-0.00994240324572182,0.0026448699946401977,-0.01558681270164708,-0.02164350185169761,-0.0031375794327940243,-0.010031617737397247,-0.010247517796658667,-0.00999637602698189,-0.012660449632469373,-0.01002141007053614
2025-02-26 00:00:00+00:00,-0.015364051730625716,0.0013826568856891708,-0.011568720095124663,-0.013854961955191758,-0.003749525240512308,-0.014905630730224328,-0.014148229986661542,-0.013111313532607527,-0.015761118017672993,-0.013836398446966824
2025-02-27 00:00:00+00:00,0.004840660819053433,-0.009230327452927067,0.007274773563426207,0.012729844402438184,0.004916280083830271,0.003244929118581652,0.0037822831925378164,0.0033232011794879224,0.005197336782977624,0.003298733542965726
2025-02-28 00:00:00+00:00,-0.004366001886810356,0.006786267739347984,-0.00783359093975744,-0.009728694140951233,-0.0015906928952217347,-0.0016904767174483748,-0.0012148201450821183,-0.0025530836228288,-0.004333095285509292,-0.0011841532708125602
2025-03-01 00:00:00+00:00,0.008807853938998411,-0.011097447419304851,0.016369435955702505,0.014071471781373912,0.006108998688341805,0.008659789050946776,0.007465522731153085,0.007324703858612391,0.007982191840236519,0.007369397515429865
2025-03-02 00:00:00+00:00,0.0025773511300652974,-0.01566486240885523,-0.000853791790893732,0.00015887092559041527,-0.0161019301980887,-0.008286150318436936,-0.005532962461398783,-0.0013811871061684133,-0.009481012207875561,-0.006108170165314397
2025-03-03 00:00:00+00:00,0.0024864172498455517,0.006935613315294242,0.0016934926100227177,0.0047910639245403175,0.008037775006106918,0.006163462264677566,0.004885876417822788,0.0046700086679405395,0.00726219555905927,0.003707220093416508
2025-03-04 00:00:00+00:00,0.005443346364252699,-0.0028875549488550645,-0.0015835087778764967,-0.001800222529924289,-6.66523847007161e-05,0.002187492077069031,0.0018239121883467657,0.0018835799965000177,0.005304578996676135,0.0016713258509257756
2025-03-05 00:00:00+00:00,-0.0005763781469214635,0.000578932214180039,0.0009136419200286294,0.0014015787648034017,0.0014628362096804626,3.05382859331349e-05,0.001234221936107227,-0.00013178594338247862,0.00022727313936909965,0.001626889514222185
2025-03-06 00:00:00+00:00,0.006321462366795538,-0.0025076278999174306,0.004979253985197607,0.007225753283746972,0.0039368803547794595,0.006172256037351165,0.00501186289186939,0.004979303932699519,0.0059992135259674395,0.005549956525039645
2025-03-07 00:00:00+00:00,0.0007466340774699987,-0.0027708658236008654,0.002923628971973846,0.0038976323280366376,0.003456733750541341,0.0019109802587675695,0.0013717687414538382,-0.00042910354190428546,0.0003050426762030156,0.0011602392766427716
2025-03-08 00:00:00+00:00,0.004397177632237126,-0.0012316510794738722,-0.0015570883771036659,-0.00097526625003308,0.0010668689705943812,0.001724775509905463,0.0026061025277424044,0.0019639437946263882,0.0037155599075291423,0.0021738901175003544
2025-03-09 00:00:00+00:00,-0.0019817525986456364,0.010508810426457238,0.0014913385669350632,-0.0009626174598147408,-0.0010674836719816172,0.0009836153477060794,0.001152027585707538,0.003123117019206756,0.0014706188466169223,0.0004296771573097935
2025-03-10 00:00:00+00:00,-0.0035637615105602594,0.012823662499077626,0.0016491227014028276,-0.004444035356785836,0.004263295484908669,0.004208426248218489,0.0035776704164027784,0.0026959712958938287,0.0048162878758108985,0.003167823454903518
2025-03-11 00:00:00+00:00,0.0004259691105623631,0.004273740180472219,0.005383182341899717,0.0023547655530420375,0.00874992770288574,0.00860169756331497,0.006152057252546417,0.002820517488523855,0.0040264367252880184,0.005341772031906
2025-03-12 00:00:00+00:00,-0.0037684381015862245,-0.006641784754645941,0.003046111437665422,0.005264188799577907,0.003337859680381694,-0.0010057815152653138,-0.0018339501747797193,-0.002481702119121243,-0.005966211701021962,-0.0018033175895041387
2025-03-13 00:00:00+00:00,0.0030731769657261765,-0.005012459078823306,0.005793229205344197,0.005245398381722222,0.005329206214801152,0.002761330132389661,0.0034266113937433396,0.0022156208536614486,0.0010715100308558156,0.003206150422248033
2025-03-14 00:00:00+00:00,0.0011229213260290916,0.0010711075856935093,-0.002344568418971016,-0.0014767065700991289,-0.0030409396443144,-0.0024390253923152194,0.0004689082280533441,-0.0011394325493210289,0.00022305006794920423,0.0002565715983022798
2025-03-15 00:00:00+00:00,-0.0021970674946097946,-0.004430158146199736,0.0024111522055001444,0.0013435991302359618,4.2330787507260936e-05,-0.0022363954265623986,-0.002301004388220451,-0.002887553658567965,-0.0043525644052304635,-0.0017612377338512841
2025-03-16 00:00:00+00:00,-0.0033334307278731767,-0.0001958547377388653,-0.006071208350219015,-0.005463578403444469,0.0010094399134585874,-0.0033400222679027536,-0.0032581930812743964,-0.0038558791539933246,-0.003180011532790683,-0.003182846711920484
2025-03-17 00:00:00+00:00,-0.0009387558596937184,0.0014108716656542342,-0.008111481705520451,-0.004632393935913748,-0.008469355277475166,-0.007851889389735245,-0.0060371856816942016,-0.004031846122236615,-0.002405932942739941,-0.005882800911013231
2025-03-18 00:00:00+00:00,0.009994626604889367,0.007653873711188419,0.00015979351632555705,0.0005846820482056092,-0.000980241944723459,0.008230588409095851,0.009166933980091718,0.009992332454798358,0.010901138181515613,0.009830789529369888
2025-03-19 00:00:00+00:00,-0.0017180610943885455,-0.0044176804689310956,-0.00022054209525645962,-0.0008779875254816272,0.003300773241279975,-0.001815520409276905,-0.0021069854627284723,-0.0033146576371423375,-0.003964712963883343,-0.003785056500795969
2025-03-20 00:00:00+00:00,-0.0014433143614067667,0.005425663917590029,0.0010830752109529662,0.0024833460912325744,0.0039619038186748945,0.0036834555987876882,0.001903515824517088,0.003327263556169191,0.0017292514252582603,0.0030526953442389093
2025-03-21 00:00:00+00:00,0.0005356516696850555,0.00219644037836364,-0.004325202612041945,0.0013491355014743078,0.004326258865630761,0.0018636256664210649,0.0019248210681710454,0.0012678263325447414,0.0023876913737179706,0.0022485237425282634
2025-03-22 00:00:00+00:00,-0.0005381093567772277,0.0023645272327248446,0.0021184959688451688,7.184790705605515e-05,-0.0024353100582624743,0.0017349679457092648,0.0019979554785214404,0.0010545137918500647,0.0005848942901336418,0.001981554639664873
2025-03-23 00:00:00+00:00,0.0017985235058024518,-0.00461266604528765,0.0017242634273015867,0.0013544223350230311,0.0035686928681026853,0.00021929315145796657,0.00021289115065958875,-0.0008482880213305233,-0.00016620709241788045,-0.0002242048336783542
2025-03-24 00:00:00+00:00,-0.009208041062971795,-0.006184939876013762,0.0010459840261782816,0.0011263027942089998,0.0008793429238307393,-0.008319209384803572,-0.008854834397346911,-0.009672992742917552,-0.010020762461711241,-0.008695339114437206
2025-03-25 00:00:00+00:00,0.0003832729770880672,0.0011358637024996288,0.0004718908757959106,-0.001353353886317854,-0.000733249056008467,0.0010356946293446079,0.001010708451443021,0.00028136066413075866,0.0012884774759664985,0.000775162718591238
2025-03-26 00:00:00+00:00,0.0031964323332347444,0.0037436912314621207,0.0011225471747655646,0.00036154937395549425,-0.00034971026967112184,0.005382643276494736,0.004922876117272601,0.004844548053860587,0.005208913763107725,0.0054636101422487204
2025-03-27 00:00:00+00:00,-0.003376227178662594,0.0005501122826752081,0.0015754666524865346,-0.0007733789758834764,0.001639201179236549,-0.005459309097561316,-0.007489435129265587,-0.0066039251289686796,-0.008940686653941099,-0.007958389399638999
2025-03-28 00:00:00+00:00,0.0014123005335135996,-0.006460342099932848,0.0073353475287960546,0.008726040981936078,0.010087174908564256,0.002765705197917967,0.0030910150887559773,0.0014492373916075163,-0.0004246632979639786,0.002882132780600344
2025-03-29 00:00:00+00:00,0.0025098031968944223,-0.002546037429734249,0.0053920875797421886,0.0012640469799771736,0.0036599322719941263,0.0015120563661952247,0.0013488954741514014,0.00022761544212057672,0.0021575175848926875,0.0022475985777596907
2025-03-30 00:00:00+00:00,-0.004843394997727457,0.004599124871188742,-0.0038638910782338165,-0.002121293423532511,-0.004093960152888765,-0.0016366583919633637,7.837679330591207e-05,0.0001481383647901069,-0.0005991510808298628,0.00021768105090314016
2025-03-31 00:00:00+00:00,0.0033126306536737093,0.0075816159141823825,0.007339219136623276,0.00494067851014468,0.0035083797307713382,0.010715738055284696,0.012073887731074207,0.01133370444314341,0.009462184482045721,0.012561166428708193
2025-04-01 00:00:00+00:00,0.006652943051150162,0.004031893019732058,0.00953381571210743,0.009613689398732195,-0.0015951372816398468,0.006442746592524751,0.008102480468734186,0.010437948111923667,0.004280742170798435,0.008476429374887351
2025-04-02 00:00:00+00:00,0.006081630611805222,0.00653361468098379,0.0009300360356123694,-0.0009107543257158568,-0.0012467418950695697,0.006599661380032762,0.005587484703173384,0.0062186520692835145,0.0037338205843497896,0.006191509935698614
2025-04-03 00:00:00+00:00,0.006923569014908759,-0.0013397616104072751,0.0003247258625218574,0.004438314329219262,-0.004718726621927516,-0.0006556037963091343,0.0012610816111673362,0.0030288034628993543,0.0005418324323986923,0.0024712392358952062
2025-04-04 00:00:00+00:00,0.006049845809528609,0.0037313476866480677,-0.001080099987140537,-0.0008692119080223604,-0.002065730549595246,0.005389113142078683,0.005736190614495484,0.006581656988646767,0.004293204769538539,0.006045821016461117
2025-04-05 00:00:00+00:00,0.0010361223405188635,-0.003378754758697311,0.002086255901248224,0.0013283364083467308,0.0011698678860154743,0.0007065618656176831,-0.0016768687863774057,-0.0019048675937904935,-3.7554016779406396e-05,-0.0009825616794721936
2025-04-06 00:00:00+00:00,-0.003481432766521797,-0.0024208025879273176,0.0008179470987357274,0.0028888394499932968,0.010293233523096301,0.0011142798475893834,-0.000938001631138996,-0.0032912495851099566,0.004939413486386268,-0.0008782971638753301
2025-04-07 00:00:00+00:00,-0.003513124584951788,0.0014430119490778104,-0.010278995088548126,-0.007596162092984193,0.0019990339905424648,-0.0048619358911147215,-0.004686896492440695,-0.004234635278833387,-0.0019177831099344012,-0.0038107392836447262
2025-04-08 00:00:00+00:00,0.009061646251127042,-0.00026491970524156194,0.013499202151815881,0.014576064452911153,0.013655112888375731,0.01091194901290038,0.012448798854079568,0.007855533033223283,0.010753314509580392,0.011726127830691713
2025-04-09 00:00:00+00:00,-0.011308691363675738,0.0059396294656182125,-0.014671089121152447,-0.017596537171218896,-0.01481369056352011,-0.010009578955702647,-0.011154349121190066,-0.008094499589198834,-0.01102379350451177,-0.00972924848382617
2025-04-10 00:00:00+00:00,0.007431287957701427,0.005637995427891562,-0.004325603221748353,-0.008539972618057168,-0.0018663539266093876,0.0027080569020905276,0.005526476921944967,0.005771890179005368,0.004089216183854827,0.005171522927050587
2025-04-11 00:00:00+00:00,-0.0030017224627544303,0.0023647223224083636,-0.011484814548158195,-0.0070198726333691175,-0.007998457917854918,-0.008980001418613992,-0.008061681942457155,-0.005786761498219994,-0.0064747140229883815,-0.007654169289228241
2025-04-12 00:00:00+00:00,0.00025853221779637003,-0.006847022518698953,-0.0029369794544747974,-0.018454058508140636,-0.011768036740959498,-0.011483282204537426,-0.010926091210316624,-0.010142638488610745,-0.010164268025928735,-0.01170017130188239
2025-04-13 00:00:00+00:00,0.008316959612911123,0.0061712182133140114,0.02062037231474556,0.017186749798306256,0.007699132483095283,0.016210143757850792,0.015771209684680265,0.013882542577935197,0.011568921232634422,0.01601622975503103
2025-04-14 00:00:00+00:00,0.006138420699400626,0.00571168393594812,-0.002441234815446558,-0.0028951728074860794,0.002409385040615941,0.00392773091923182,0.004736762627489899,0.005556205751479526,0.003543761332045925,0.003445908380842022
2025-04-15 00:00:00+00:00,0.0010814320392491528,-0.008138195508172408,0.010294239629615065,0.011951785133869741,-0.0032545365044250874,0.0005462188642477717,0.001319525894416529,0.002312146977628604,5.861057970513173e-06,0.001166935124111479
2025-04-16 00:00:00+00:00,0.003771436832278985,0.004583384482015562,0.005366659408487573,0.0004112834973313273,0.0008496072378318953,0.005340786285092491,0.004900836698114475,0.004196861016585229,0.003411068475296153,0.0046382396396744685
2025-04-17 00:00:00+00:00,0.002418156535068494,0.002916366977712137,-0.012502116844592903,-0.010870461343155724,-0.0029435906165162784,-0.002776250254353241,-0.003460332327260729,-0.002740388654867698,-0.0018989142911253198,-0.0025480914933579957
2025-04-18 00:00:00+00:00,0.0034962466062533615,0.0009565013048318249,-0.0014663404133502533,0.0012457306368878207,-0.0013677303357146897,-0.001088315313203303,-0.00029067434217966426,0.001088284710227816,0.0006710970698322605,-0.0007258286998822472
2025-04-19 00:00:00+00:00,-0.0003698308552108065,-0.006950096224415225,-0.018213219346522203,-0.01800864935685842,-0.005191612729386175,-0.011424672750138032,-0.0131552588780115,-0.011449188315843184,-0.008230751893094745,-0.010837565436487728
2025-04-20 00:00:00+00:00,-0.013168374313121123,0.005034196079661157,-0.025920699306549277,-0.021303969766912623,-0.01729093277185767,-0.021742613483243356,-0.018633824540636335,-0.016531748027156623,-0.01581155508785237,-0.020526755117586948
2025-04-21 00:00:00+00:00,-0.002047098928451896,0.00038074587967051876,-0.0003354498746991341,-0.002939723728031862,0.008242653532648525,0.0005155697131655756,-9.310097325099242e-05,-0.002700262492390859,0.0005890541896982349,0.00012834754411805704
2025-04-22 00:00:00+00:00,0.0075170900962919784,-0.00413120535606315,-0.01696506698567546,-0.02429520899455284,-0.00706235515138387,-0.0064722861328097014,-0.008626960507564618,-0.005633429521340827,-0.00436873119277037,-0.006026156647002345
2025-04-23 00:00:00+00:00,0.0037909882987079424,-0.011100282983734666,-0.011676929519760293,-0.00938926090592418,-0.016675133037621914,-0.011307448574344292,-0.009251642177244945,-0.007009816956738857,-0.009805902621869644,-0.01090957452622432
2025-04-24 00:00:00+00:00,-0.0015097772989901559,0.010934513479879726,-0.008104528387586907,-0.0030022701400750362,-0.009703386002864245,-0.00382243602621557,-0.0015119693370931886,-0.0012947506497524852,-0.003911752274872171,-0.004565723498953345
2025-04-25 00:00:00+00:00,-0.005685048655558966,-0.004754593439863619,-0.015123854159524663,-0.007006067454018439,-0.009212490831261522,-0.011024321698085315,-0.009123876541385245,-0.011224586699524863,-0.011399565913275178,-0.010484827590597767
2025-04-26 00:00:00+00:00,-0.00877633398372124,0.002099854314706384,-0.009681716161984322,-0.0061846714153149795,-0.012026374711178622,-0.009699132818327683,-0.007620453249723935,-0.006174969527232732,-0.008563953284573045,-0.008210213898353746
2025-04-27 00:00:00+00:00,0.006300208752967329,-0.0014023119858340705,0.007714085312366281,0.006428976618547244,0.011675135623874455,0.00830206883276996,0.006468469717514802,0.004956883188292238,0.00776697524402703,0.007382676041398195
2025-04-28 00:00:00+00:00,-0.004305543022149916,0.011892389220904409,-0.0020707156048329622,-0.005083707067605414,0.00041634940166135337,0.000236985417791713,0.0003227532504652686,0.0002763274892245704,0.0010083411037498102,-0.00020090363364100305
2025-04-29 00:00:00+00:00,-0.0008216678501891117,-0.005991176815479671,0.0057868932763018854,0.0056059477391974255,0.008395727989618518,0.003779720032915268,0.00278378320174566,0.0012811669188845798,0.003649337829711552,0.0039065202422639
2025-04-30 00:00:00+00:00,-0.004831231969363747,0.06507940577613192,-0.022228173212487934,-0.019539924378665252,-0.019338876671441074,-0.004699166444681158,-0.002156252772121836,-0.0009670849695567751,-0.0043520645100668665,-0.004717763677967501
2025-05-01 00:00:00+00:00,0.007896299369783533,0.0008099725975341254,0.00102886208722075,0.00034102956519066474,0.01045226383132225,0.006660388191719324,0.0050378355387716844,0.004430784852305969,0.0066815071607531085,0.00678134286462484
2025-05-02 00:00:00+00:00,0.005193717188483937,-0.0012622939453624804,0.0014487911126974673,-0.00042222783526157937,-0.0003845280362649861,0.0014996062501553276,0.0011165229683169908,0.0008984676844707717,0.0010935752512457597,0.0011483975929351686
2025-05-03 00:00:00+00:00,0.0109084925728129,-0.003812596662063017,0.0060163256317715685,0.00450506604520351,0.006866674206639889,0.007418286312628641,0.005753774850980609,0.004868112980486394,0.0029273411172126007,0.007329828143920247
2025-05-04 00:00:00+00:00,-0.005588177060530608,0.0010795718217444517,0.0005075672463106251,0.0011626258785577548,0.0007693391256879956,0.000456305005094082,-7.44989572091237e-05,-0.00039708974702645783,-0.0011869668598089023,0.0003475377384831724
2025-05-05 00:00:00+00:00,0.0002656222852506218,0.00361917387850208,0.002538017157711625,0.0037623589434270244,0.0003834675400808951,0.0037811401003999823,0.004245707552857914,0.005216619366897435,0.005541718017324282,0.0038389441283790404
2025-05-06 00:00:00+00:00,0.01627104660731038,-0.004277573825582692,0.003656547458378956,0.0020503505840130387,0.0033746734096575803,0.006595523023549932,0.005485793635816361,0.005640341572174412,0.005785205691536399,0.006493859650956724
2025-05-07 00:00:00+00:00,-0.004173368511580122,0.0008032394099914963,0.0011838248917175331,5.923491409043358e-05,-0.00010063706519258808,0.001410836694537343,0.0006807304621967436,0.0011943848560687087,0.0012057299917187514,0.00121497749225008
2025-05-08 00:00:00+00:00,0.013537345866692752,-0.0024713484974088207,0.0003535901864271107,0.0055749635602060366,-0.0016640285961450063,0.003202347492869073,0.0020162978786208985,0.002824644950984778,0.0008086115785321812,0.0038208759122169145
2025-05-09 00:00:00+00:00,-0.0124937954205665,0.001219535340426292,-0.008908782063648646,-0.005901165621911897,-0.00467454363206421,-0.006274290294290941,-0.007088748234157727,-0.009870323789913926,-0.007087734345053831,-0.0054762042084970375
2025-05-10 00:00:00+00:00,0.004976402733202878,-0.0036139514962643116,0.0025464918180839735,0.0021017140793468947,0.0027750318536277074,0.0023949362745723235,0.0004209759675137814,0.0003406511280612534,0.0027596928191826464,0.0019522326235683618
2025-05-11 00:00:00+00:00,-0.012316451418433405,0.00880191337772196,-0.00573954010839528,-0.008207224147690817,-0.002314740506998758,-0.00313632825896748,-0.002598115950029456,-0.0029592271308547247,0.005140110353873739,-0.003701567885338264
2025-05-12 00:00:00+00:00,-0.0025797904864974797,0.0018629825041327486,-0.0036353186597095632,-0.003946599266391071,-0.005795743595572667,-0.002954831880859321,-0.004608710275031513,-0.0029596067732230447,-0.00083365981707062,-0.004586302034407019
2025-05-13 00:00:00+00:00,-0.0001545173528254562,0.0045639988468795245,-0.009961754816989354,-0.010107539263731313,-0.003764379967570508,-0.004177996821144281,-0.0032810972356538404,-0.0033743524858690366,0.006377634836641111,-0.003044008921859409
2025-05-14 00:00:00+00:00,0.005968150475631706,-0.0012897511258880279,0.004542807543227445,0.004927904774198355,0.011873467776566837,0.009069397781340083,0.006893896725384874,0.0059840362360688015,0.00396944498961771,0.00706528455426203
2025-05-15 00:00:00+00:00,0.010641919256088705,-0.0021194612358174103,0.007197591368381495,0.005130445725006982,0.003860270649338915,0.007226468390182816,0.008032129556236445,0.007664414382263063,0.0058069560846698565,0.007244949507866361
2025-05-16 00:00:00+00:00,-0.0007149759679853096,-0.001276951553849881,0.0032618300982074633,0.004423132589078005,-0.0009738142194092303,0.0014414819704320347,0.0018601516919611871,0.0017953729114017491,-0.0020154027561756216,0.0015766595804764805
2025-05-17 00:00:00+00:00,0.00518350474344853,-0.004008887730598598,-0.0004889954810900488,-0.00013454591539296956,0.0007592976078436564,-6.395042363527281e-05,0.0004379037810784414,0.00036988971327445164,0.00010186289003355498,0.0005714422313214396
2025-05-18 00:00:00+00:00,-0.004175272371931049,0.008308459662678791,0.0021999402452230754,-0.00194804579545782,0.0011697647637802788,0.005673820512424488,0.005234794823272049,0.005345365508144795,0.009729333377668237,0.0051967664610483855
2025-05-19 00:00:00+00:00,0.002037067180891805,-0.0002505109444845832,0.0016914094725397621,5.861898509551544e-05,0.0004064883123784391,0.00016035573712525064,0.000902951011321429,-0.0004592963885600154,0.0017203986261549176,0.001179123196561882
2025-05-20 00:00:00+00:00,-0.006701158443384703,-0.0010269902515673834,0.0030356250337115753,0.0018353859844328912,0.00285405831519725,0.00022420286805147072,-8.59255494652933e-05,-0.0011734650214720865,-0.00445863331892149,0.0005422921815005921
2025-05-21 00:00:00+00:00,0.0035472334847255205,-0.0006418076152392427,-0.0022342061795072032,-0.0017989596767499227,-0.005820403898713744,-0.003017955591019472,-0.0025549570780144526,-0.0008156283141854681,0.00140684992707385,-0.002596056116828449
2025-05-22 00:00:00+00:00,-0.0012929648829791418,0.003976075078249153,-0.002842404623126127,-0.0029898344817713696,0.0008079453630505107,0.0003301855577351187,-0.0007939277302250192,-0.0030617267558533667,0.0017707657421421885,-0.001594106297432285
2025-05-23 00:00:00+00:00,0.003012676713858964,-0.0031721670027737847,0.006159322407721435,0.004553736993190283,0.005815321972026721,0.004927544704616649,0.0040626134282995,0.0020425038233760073,-0.002262882149044465,0.0034545953389968354
2025-05-24 00:00:00+00:00,-0.0006757272507253997,-0.0004580297677487799,-0.0010037116374423949,-0.00026557178367503376,-0.002659923818347232,-0.003555914330639509,-0.003094070526830639,-0.0023816545891244267,-0.0022891692218853787,-0.0029383446890247633
2025-05-25 00:00:00+00:00,0.001895931906674253,0.0029174087421235395,0.002479092493991919,0.002254604313463471,0.003881794809038608,0.00693955308925398,0.00820679211283215,0.006779078937283245,0.00879407138698407,0.007210249078002606
2025-05-26 00:00:00+00:00,0.003273854143141408,-0.00039935908681187904,0.0007058211115771318,0.0012040755070539255,0.004429900295812805,0.0034702898808238736,0.002528475540954478,0.0034173363813028157,0.0021232719088153384,0.0031902176689642125
2025-05-27 00:00:00+00:00,-0.0036315541462194068,-0.0001856871603390653,-0.007658649977560161,-0.005834847737401505,-0.005191753749319128,-0.010407332223527521,-0.01188744008941034,-0.010107654945046174,-0.005666476557777855,-0.010582219297489703
2025-05-28 00:00:00+00:00,-0.0001208266782245504,0.0009707333596806755,0.003098394044372288,0.0034085230993741167,0.0019485313351976785,0.0043534045027207036,0.004090325841428211,0.0031717532375501456,0.0007248029771960152,0.003801895540494593
2025-05-29 00:00:00+00:00,-0.0004012778787740867,0.004258049786636242,-7.668111667480382e-05,-0.0006110200394656706,5.6600816746854576e-05,0.00199514166736825,0.0043666432571305425,0.004236141121108261,0.006132164417561814,0.003960454556026782
2025-05-30 00:00:00+00:00,0.01261289524821807,-0.001278741682374851,0.011119789683363912,0.011254950496090821,0.012760455678340499,0.01613412287150684,0.01627283596503948,0.01467635721095406,0.008386773826995153,0.016029264255832176
2025-05-31 00:00:00+00:00,0.004409495177564837,-0.007127229192069873,0.0018348298802874918,-0.0003956464793793968,0.006825437204871276,0.0014572355190050068,0.0005759558896054617,-0.002170301364524674,-0.003374498728092812,0.00018455944191253515
2025-06-01 00:00:00+00:00,-0.005666247454661821,0.002293130790603337,-0.007108967858506676,-0.006551407721602787,-0.0028069316052152793,-0.005818878342702227,-0.006130591972294486,-0.006645916756625958,-0.005135608527281232,-0.006549560684923517
2025-06-02 00:00:00+00:00,0.000942735690734775,-0.0006869968312830377,0.003671141121797561,0.0012945791829135356,-0.0061875267596283035,-0.0013990225278439627,-0.0002430779607707212,0.002117440166534701,-0.0015603292648643796,-3.4294722375038944e-05
2025-06-03 00:00:00+00:00,-0.0013704446657764047,-0.0011368831069215046,0.004063418812383368,0.0036661177035339776,-0.0005260688667291236,0.0005073037429919047,0.0005591191637530635,0.0009552971824231538,-0.0026236203903946542,0.001220120612871467
2025-06-04 00:00:00+00:00,0.0041479709751595095,0.0036535280156404504,0.0037334734538418957,0.0017573211643444608,0.004164771792488642,0.007186694517945069,0.007291346973098856,0.008064341247735696,0.007758776178907301,0.007935290382543592
2025-06-05 00:00:00+00:00,-0.002386865542564731,-0.0022084069118295524,0.0009027709989251065,-0.0001822717116022332,0.0025538258749786547,-0.002188628072862797,-0.0022768144920324307,-0.001192340830330818,-0.0037945679071461624,-0.0015133603849586397
2025-06-06 00:00:00+00:00,-0.000374876737427865,-0.0071094800191262575,0.003781140362247415,0.003929596957755299,0.005738062036244829,0.0027281935671870094,0.0007879220386111108,-0.001262466481262381,-0.004738660517026871,0.0006537450033299308
2025-06-07 00:00:00+00:00,-0.003461720088631659,-0.00032890985088840363,0.0006509840512582965,0.0016406748820623207,-0.0011623203506397894,-0.0009943068387539,-0.0009208850426414283,-0.0005495930798744553,-0.0032360718067114824,-0.0012202220747902226
2025-06-08 00:00:00+00:00,0.005788328476816984,0.0030254562618905467,0.0007643100293248661,0.0018987673064014832,0.0007234493055734426,0.004566703602458588,0.005497213424642267,0.0067090559108136105,0.007076014975773592,0.005655165517336469
2025-06-09 00:00:00+00:00,0.0026200682943826603,0.0029222909720225676,-0.003119243061673771,-0.003007730564705491,-0.010402130563657463,-0.005318446124201626,-0.001224403142194408,0.0017376374773729886,0.0006062695056594514,-0.0023563734184566254
2025-06-10 00:00:00+00:00,0.0010589800110538672,-0.0029980384051944142,0.0011044431367470686,0.0026261084278709212,-0.002347304872214573,-0.0023767599668347295,-0.0015855570502824046,-0.00040485470631412834,-0.00408204759215014,-0.0004872632693125878
2025-06-11 00:00:00+00:00,0.006288867320305425,0.008006978726117664,0.009241727768370955,0.011329121233977224,-0.00014530451518879328,0.013927377848671263,0.01590554139235989,0.02149808784375362,0.010421752096497094,0.02155940299149961
2025-06-12 00:00:00+00:00,0.003968409312979704,0.005826789879042282,0.006175617842782977,0.008312235419370761,0.0016882567377889401,0.011041291951368937,0.011949510739351021,0.01404771834753804,0.007351908352863035,0.013592103630509556
2025-06-13 00:00:00+00:00,-0.0029401003788362967,0.00011445081219663145,-0.0014917168330327302,-0.003192698375549363,0.0012526878617187265,-0.00020591193090091497,-0.0012327169698723717,-0.00212404773999586,-0.0004963455771301861,-0.0014671597616653376
2025-06-14 00:00:00+00:00,0.00275793136370317,-0.002563592357335165,0.004670028878377641,0.0023292747803287384,0.0014281669787690188,0.0020694730686461327,0.0022162018611657786,0.003033521623774238,0.0009670001756811875,0.002163131056581502
2025-06-15 00:00:00+00:00,-0.0006902420490679795,0.00502635371404514,-0.00157316162384602,-0.0005980902652427122,-0.00037316519737640164,0.0015772710316339644,0.0028624867274471555,0.0028246383220784654,0.0038841096001669406,0.003213996595116564
2025-06-16 00:00:00+00:00,-0.005695035842478102,-0.0024719730607540846,-0.0014894342489484291,-0.0022743640387324904,0.0006757052174248823,-0.0026225972916833484,-0.00402840525880499,-0.0058840522209823165,-0.004398826748454487,-0.005004209146211469
2025-06-17 00:00:00+00:00,0.005810798748979051,0.0016879664873896694,0.0022253628585158225,0.0029078848306434146,-0.0004675806874590016,0.0028444385675285844,0.0035333817089469033,0.006025289675832823,0.0064461040841112816,0.004318610462859418
2025-06-18 00:00:00+00:00,0.00257796446591696,0.003080828681646386,-0.0034550695188100278,-0.005403687294646464,-0.001990232328141106,-0.0005102641268908137,-0.00022324335637002868,-0.0009861940230715405,0.003925764046353475,1.1964447789836186e-05
2025-06-19 00:00:00+00:00,0.006545098523822901,0.003942116392352535,-0.0014598162142221982,-0.0007869068743932006,-0.0003070530887773204,0.0022890557797436983,0.002633335888026389,0.004612208849869459,0.006278377881217212,0.00444441403673701
2025-06-20 00:00:00+00:00,0.003310619972587192,0.0035273783228004785,0.004712083946926571,0.00409382818763615,0.0006003477603149232,0.007257031418174575,0.008658419759207225,0.006516332430231309,0.006466412137873689,0.007961183423963902
2025-06-21 00:00:00+00:00,-0.011550997343316438,0.009088062546999787,0.0038625053694050226,0.004136884659049711,0.00026134291568413737,0.004110903136020028,0.004990458230525796,0.00376635784996604,-0.00033107067697890624,0.004207573451939561
2025-06-22 00:00:00+00:00,0.0034091399744506923,0.0070372777216698434,-0.0023852833605489954,-0.0016218351221085614,-0.0033502234347750903,0.0008361069618698647,0.003007059166297621,0.00446230063735209,0.00712417855486569,0.004645960034758589
2025-06-23 00:00:00+00:00,-0.014397344504259557,0.0008862247279255442,-4.0490647267521496e-05,-0.004075061700293259,-0.001507467162975118,-0.006023787460219698,-0.007321922164559513,-0.00879903468689236,-0.011371207408824913,-0.006727319082966199
2025-06-24 00:00:00+00:00,0.014226272273396567,-7.794500870639265e-05,-0.002630382567974987,-0.0037580544470933175,0.001359271116649463,0.0030172987928578365,0.003373846786828727,0.0031801388779595374,0.009527489254559374,0.0033846051479267114
2025-06-25 00:00:00+00:00,0.005977041897456958,0.011635848897091128,0.00602924974315866,0.005682484915007224,0.005122734249557004,0.013168810055234292,0.012951869065950916,0.014496164854774563,0.016434941901763755,0.014260638173342333
2025-06-26 00:00:00+00:00,-0.0010401257727800095,-0.004573580975804181,0.009306029612366595,0.007012612501188675,0.004055878207721353,0.004632746668460586,0.0038850991332533003,0.0037325692319605253,-0.002526839498407263,0.0031816472859163003
2025-06-27 00:00:00+00:00,-0.000826787436628007,0.006588615876655712,-0.008485301220776731,-0.0031095686736408723,0.0007220243997305698,-0.00022542537812864083,0.0010537703809763155,0.000570063802448173,0.0039095069148222805,0.0008350542041086761
2025-06-28 00:00:00+00:00,-0.0014902562952757714,-7.588843903794107e-05,-0.003339698797245827,-0.004049044045254746,-0.00019923064411642155,-0.0027512942674431384,-0.0018550372526446868,-0.0028993353574688907,-0.00015662734225674324,-0.0036623820731958023
2025-06-29 00:00:00+00:00,-0.009209697331619804,-0.0034205644775298083,-0.0010007244942953353,-0.0016490399127545574,-0.0010136954937512987,-0.007121953223545474,-0.007836271920635074,-0.009031886343372042,-0.010613763261689724,-0.008606989409892019
2025-06-30 00:00:00+00:00,0.004733460788359789,0.006262148576217319,-0.001187647160295846,-0.003114487569553792,0.01247507621442856,0.009864473788572914,0.00799462680090568,0.003543781423401393,0.010626333579773828,0.004790789347481894
2025-07-01 00:00:00+00:00,-0.0007569291428474179,0.004398805786451021,0.002234794117019545,0.0034589361729702173,0.002042237637332134,0.00584043196459616,0.005898270517159521,0.004419556079005238,0.004087335927162927,0.004682550465825885
2025-07-02 00:00:00+00:00,0.008619070299158427,-0.007519021649566748,-0.0052996553482870246,-0.01061443656684391,-0.005256475042919151,-0.0017837143243462084,-0.003471554822226164,-0.0019335019978347079,0.0029731531699712654,-0.0017189350085101696
2025-07-03 00:00:00+00:00,0.009133021393518792,0.006190988160692745,0.0027900442372696954,0.002786694131587497,0.005756034177723857,0.010008245243280811,0.010486117743093937,0.009537789499392879,0.013003154240802228,0.010798401937291535
2025-07-04 00:00:00+00:00,0.00031784136919088546,0.005394349028255974,0.005974910378952147,0.005680685132793295,0.011906062378979287,0.00918610097494943,0.006754282944563039,0.004951414306923141,0.00704665813522265,0.005316134865094746
2025-07-05 00:00:00+00:00,0.00024207761763683777,-0.007381933848011002,0.004055711547736207,0.00041466624096675453,0.0017992676613587388,-0.001970606412102671,-0.0034626131958003237,-0.0031763696367826944,-0.00575226966133302,-0.003719742692981698
2025-07-06 00:00:00+00:00,-0.0149462019147375,0.0008792349840900382,-0.00159330451410844,0.00060492381569488,0.0009379919084500088,-0.0015226175510575368,-0.0035899575275339934,-0.00341818607329325,-0.0046288214319276655,-0.0037761250434548144
2025-07-07 00:00:00+00:00,0.003977796298766378,-0.006381220976597102,0.003931928116322814,0.004183581118536228,0.009925272151315445,0.005226407736187211,0.0034937146398872354,0.0008677105685717112,0.00033617669632568514,0.0013277513538585417
2025-07-08 00:00:00+00:00,-0.00046029236345923596,0.006765478628811161,0.0015514346767648846,0.002420188822092051,0.0018538998153472264,0.004423420077650286,0.004995986042994449,0.0041547165614830295,0.005449073721120357,0.0042097138102894505
2025-07-09 00:00:00+00:00,0.002549470902288631,-0.0020978086965263154,0.0006538445291677242,0.002446052325105086,-0.00143976308343019,0.000286765940647582,-0.0008895081973735453,-0.0011879975293469514,-0.0006245209541727581,-0.0011847958620783139
2025-07-10 00:00:00+00:00,-0.03661552584810002,0.009440641901020896,-0.007562967520057584,-0.002686872877336932,-0.018636203586470557,-0.011810865639783952,-0.010192318439842585,-0.008194307223177932,-0.01268861438365354,-0.009665425144130158
2025-07-11 00:00:00+00:00,-0.004029153001912089,-0.006598406364356935,0.001970916245545018,-0.0016981320068787387,0.001508047001638646,-0.0027628872408200777,-0.005492684244500667,-0.008677140691294993,-0.008904338420805624,-0.007777917186197469
2025-07-12 00:00:00+00:00,0.0037896617657651177,0.0018160374184210681,0.0080455508151267,0.00911682433961647,0.002997467861061809,0.006997146820090894,0.006762362745575068,0.006481790187088388,0.002979763105338984,0.0068305036540070585
2025-07-13 00:00:00+00:00,0.00457213769984155,0.01027633080480439,0.00812413290159908,0.006766991491620633,0.0051253302508154075,0.008870284192383338,0.009473402492879313,0.008503099182928686,0.010484614372705092,0.008493532559206152
2025-07-14 00:00:00+00:00,0.004108869496529222,0.0021817798284498036,-0.00288367139803547,-0.0035295725787023446,0.0016026534342266086,0.001450289399668625,0.0019415099908508537,0.0014918347134398324,0.004276923108485375,0.0017351316261180472
2025-07-15 00:00:00+00:00,-0.0012930015762040448,0.0005795622467990036,-0.009109815576971991,-0.003518205275899411,-0.004782007009433764,-0.005967787072830744,-0.004999950862490943,-0.003573788479285356,-0.0009258309371313889,-0.0031168452736096697
2025-07-16 00:00:00+00:00,0.005904551244501732,0.0023285469648648416,0.004587692583652547,0.002752021007213834,-0.003132842493271837,0.0032207944251585463,0.005554925083919748,0.006577550142317756,0.0069248839182480815,0.007310376705428334
2025-07-17 00:00:00+00:00,0.010797691896878181,0.007601188172084994,0.012985241041705953,0.014367968285173616,0.006155614275334287,0.014869738851179815,0.015625053643353315,0.015201518102488043,0.014417234072228391,0.015973230972345265
2025-07-18 00:00:00+00:00,-0.0007780748975084739,-0.001644119389147769,0.016011947496261225,0.013919507370573347,0.011311003312017398,0.009993493688367883,0.00837351950940346,0.005397561050083377,0.0005392737835367978,0.005423564252923896
2025-07-19 00:00:00+00:00,0.001746685452024499,-0.002158219293595942,0.004310819176081004,0.0083674306017405,-0.005682591979569773,-0.0014497162837369126,0.0010969528995172784,0.002813712895026299,-0.0004915004729298955,0.0024279869002448162
2025-07-20 00:00:00+00:00,-0.004416589378644864,-0.0021796623748631117,-0.006395776585329971,-0.008363580733049547,-0.009079240105243636,-0.007127534500005583,-0.0077328726493801625,-0.006635188695451322,-0.004481039364620076,-0.00701230159445243
2025-07-21 00:00:00+00:00,-0.0036278792170187923,-0.005419357829444249,-0.002705242532595742,-0.003981689133407129,-0.0043297434061895235,-0.004452792812812856,-0.004490783903405848,-0.004153019711917949,-0.0068125568801942205,-0.004666514569952596
2025-07-22 00:00:00+00:00,0.0002691578161131414,0.0017182442194112468,0.00162586650646257,0.0034738741935085304,0.00029771807356770985,0.0029479951435722462,0.0026948076641752916,0.0027405616547946376,0.000692007818109186,0.0030175038620807726
2025-07-23 00:00:00+00:00,-0.024734859084209804,0.00031111300624075966,0.0034912725232596475,0.002691337637526603,0.006767047798167614,-0.006221269968903043,-0.00795791631022047,-0.011782923499678577,-0.014691576957156949,-0.012967652737960522
2025-07-24 00:00:00+00:00,0.006619857333540979,0.004592169065605223,0.00872779889669184,0.00818778077967397,0.005969046171519832,0.007497927204731525,0.008197418318446559,0.00716871721074841,0.005399142853754313,0.006590683951336551
2025-07-25 00:00:00+00:00,-0.0008500256625009195,0.0032722754180800617,0.004896617248548951,0.0019566008942353275,-0.0004748391420064113,0.0006770318542108633,0.001964459320565215,0.0022013875502862046,0.0003733899646776173,0.0022835614545009264
2025-07-26 00:00:00+00:00,0.001994123759721189,0.0013333185252690782,0.0007608346398366717,0.00267645548675266,0.0028513620466730227,0.002681826492684669,0.0026682294877522494,0.002637936948115094,0.0013393477809435783,0.0025809849894760095
2025-07-27 00:00:00+00:00,0.0014133717568665105,0.002660900484646511,0.001796615493098619,-0.0008651474296440531,-0.0028457955886466157,0.0014768208411444217,0.0026241747890569656,0.0028876415508130027,0.0026947168767124108,0.003641417705605221
2025-07-28 00:00:00+00:00,9.28688135473088e-05,0.0022481404241991854,-0.0024394216850313066,-0.0028921806567546726,0.0016254634324708306,0.0016901100877040331,-0.0008366475077286051,-0.0012045428095681654,0.0008079263463121045,-0.0019493763615727744
2025-07-29 00:00:00+00:00,0.00205880285950788,-0.01647600905409241,0.00010228122286659591,-0.008343546720804063,0.004755272280434264,-0.00438250367912385,-0.005800661151752262,-0.004226025311487525,-0.005502275578671556,-0.004612062922841109
2025-07-30 00:00:00+00:00,0.0009068345282599033,0.0036785061199968716,-0.0010537097481684299,0.003758264581691151,-0.0014037789881586882,0.0012457799621832244,0.0019840688248726757,0.0021224355609199552,0.0017377765792545574,0.0018872675382088921
2025-07-31 00:00:00+00:00,0.0010352168646079463,0.0008708859048005557,0.00384517079634783,0.003049530404907852,0.0015118309415438347,0.0017801155696792748,0.0009255074897109861,0.0021587952368744556,0.0016633558261411885,0.0017000140660876628
2025-08-01 00:00:00+00:00,-0.001501862256968134,0.0011667561348733813,-0.004658071805861197,-0.0023452126211664925,-0.0011563074987261945,-0.001397163425877479,-0.0018337468737896767,-0.0013907661553577144,-0.0004195956295766079,-0.002032175878564413
2025-08-02 00:00:00+00:00,-0.002532235733941457,-0.007521959309819803,-0.0014001272977951507,0.004230564213292931,0.00016885138433053726,-0.003489472657986714,-0.004448108225340475,-0.00471238589186751,-0.006482401195832432,-0.005110725777296654
2025-08-03 00:00:00+00:00,-0.0017204193348283603,0.004393948531502323,0.004997166078295701,0.0005433144884234853,0.002011001583479999,0.0016211953635079102,0.0012422462194336958,0.0009819672174913308,0.00283400863329053,0.001702667401602076
2025-08-04 00:00:00+00:00,-0.007129831416591292,0.014142487867315978,0.008358532933429696,0.0062136800215515375,0.0006669931094358539,0.0037599699376127393,0.004175824469578426,0.0038332250299395465,0.004843024725067924,0.004188237872783107
2025-08-05 00:00:00+00:00,-0.0016927173810030727,0.037236298805721546,0.0002429235387482187,0.0038410980981815612,-0.0010844798283877743,0.008214296293463264,0.009807480661203849,0.01264134373918635,0.02263419974907399,0.012076567478193079
2025-08-06 00:00:00+00:00,0.003920396267656834,-0.0016999285672441022,0.009645249111829513,0.008591402815772753,0.004460981057388347,0.0067285606545506305,0.006405636458922004,0.006916677256047388,0.0037784377812986047,0.006633383742692844
2025-08-07 00:00:00+00:00,0.00017911369055734205,-0.005749019349424067,0.005799499957914955,0.006085077351284163,0.00083183409726173,-0.00011694659980576727,-0.0006481089039140908,-0.001807952638919752,-0.0060355529623742354,-0.0014626136170821091
2025-08-08 00:00:00+00:00,-0.0014487061552563851,0.006007434184250426,0.00399833153682394,0.00026185798828803897,-0.0015076454602561684,0.0019876633331730176,0.00242810058627585,0.003569311448324397,0.0034006101905705854,0.0035849880884351037
2025-08-09 00:00:00+00:00,-0.010355549273869058,0.011760151394238028,0.0003951164867537216,0.0006676095830993045,0.0022970056127185057,9.568646845092843e-05,-0.00010622799170667552,-0.0005628212555647272,0.004946467902499974,5.64016960558078e-06
2025-08-10 00:00:00+00:00,0.004034410969407487,-0.00568753367695618,-0.0016836645290162489,-0.003062162904351795,-0.001959573856141761,-0.002318250500977004,-0.0010621195208743162,-0.0013787502912210314,-0.003848785601168081,-0.0016218783314944085
2025-08-11 00:00:00+00:00,0.003285053938494986,0.011988740298577216,0.0021863776440453897,-0.003943263739466074,0.004693694227200007,0.00515575687062797,0.005456570180646825,0.006235170982044069,0.009003091365315186,0.005384439707501354
2025-08-12 00:00:00+00:00,0.006208175038504127,-0.009840052865859983,0.016455267026668885,0.009494263549431503,0.005018292458023987,0.0069760687787281395,0.0058976949469813356,0.004569612328025441,-0.0008017330856415761,0.003540178793385751
2025-08-13 00:00:00+00:00,0.0023784702929381396,-0.0015955757455045072,0.006304391257038855,0.004909924620166484,0.011296860715433343,0.006765465596381137,0.005535615355202417,0.001553315831312796,0.002562200311321483,0.0016043756138657272
2025-08-14 00:00:00+00:00,0.008306148426291848,0.008008993466233072,0.006098834755972504,0.00030290039244440514,-0.002550084911721595,0.007535056346427371,0.008829818010984036,0.01167346317788076,0.008115486623386792,0.011707341382478864
2025-08-15 00:00:00+00:00,-0.002273316945873849,-0.0006543235101849065,-0.002273139123872836,0.0011812714281993486,-0.0005034338598030041,-0.002191916893517276,-0.001999506230930481,-0.0005058421846690919,-0.001646619112894876,-0.000594478896133066
2025-08-16 00:00:00+00:00,-0.0013868482814084482,-0.0004112984833237743,0.0012200772287931372,-0.0004993483753387151,0.004364298691148072,0.0023182338843903416,0.0007630003218153103,-0.0008561889857181537,0.00024429236547263145,-0.0007498182202554382
2025-08-17 00:00:00+00:00,0.0016763431518369565,0.0028831810302842875,0.0020622400942373886,-0.006577520944534343,0.004986189812498321,0.004368696336654931,0.0036539668625679145,0.0021665700069870564,0.004517008494406394,0.002109564735779612
2025-08-18 00:00:00+00:00,0.0025700820668439484,0.002629303567405872,0.004621574551894492,0.0036644489323087726,-0.0020908684379318254,0.0027376806619872074,0.0045529771337240454,0.005991878393492023,0.0031602734140530053,0.005625868057023808
2025-08-19 00:00:00+00:00,0.004454241509013412,0.0021602876289545936,0.0023182714959431028,-0.001604671002118363,-0.011921593367049566,-0.00045285147063267583,0.0034025471763083903,0.005598121428697089,0.0015142170690893852,0.005328318545688937
2025-08-20 00:00:00+00:00,0.002324285199175602,0.0013286009544477562,-0.0014139201871682383,-0.00432501831915133,0.0013896537007704879,0.0028702535854183697,0.0026959833174085013,0.0007410249508734701,0.0015905836466514334,0.0015586426917886254
2025-08-21 00:00:00+00:00,0.0005835981883244301,0.0023688546704103697,0.003326427459495518,0.005145011535127475,0.0020573236554888297,0.005283329072514942,0.004691692139654036,0.0035416585191583305,0.0033901756458738497,0.003288748935863506
2025-08-22 00:00:00+00:00,0.003938724071395949,0.004968834160596458,-0.006259185389082211,-0.012051119411436884,-0.001997450548344437,-0.004256720320301888,-0.0008032922407144039,0.0014742572113777275,0.0021774178758500184,0.001891468977273325
2025-08-23 00:00:00+00:00,0.006424934438770569,0.0006057926351181742,0.006380776601283111,0.00717231261773299,0.002873711847374061,0.0073775781137987995,0.006786463708480905,0.006297358374476092,0.002870279787468011,0.006354445854069857
2025-08-24 00:00:00+00:00,0.0025843872155362213,0.0033723980511819462,0.007878930037703125,0.012530638339733668,0.0023412659239776534,0.010419821906872073,0.011300100250392964,0.010922718214859906,0.005627736401505379,0.01160332813750653
2025-08-25 00:00:00+00:00,-0.004137548526376489,-0.0002438159204037893,0.0007856382752504665,0.003952381505251568,-0.002659611347984092,-0.005722725561490893,-0.001448777740804541,0.0020210939072231593,0.0011767205638355538,0.0012678905807992358
2025-08-26 00:00:00+00:00,0.004263652017384212,-0.007018293246030427,0.009378353264450467,0.003706995400546864,0.006421733509778704,0.0022240733108613853,0.0018999337066374355,-0.0011504554586334592,-0.0035639158889577693,-0.0002674643821350964
2025-08-27 00:00:00+00:00,0.00209776595937905,-0.0021916498025155162,-0.0074517506934767,-0.005803138036189259,-0.0014786931251659086,-0.00568782878767371,-0.005693162602145252,-0.005371190068722775,-0.0016000301865034539,-0.005428014636380651
2025-08-28 00:00:00+00:00,-0.004090164797085349,-0.0053040630784465526,0.013657460019157908,0.010205584804264145,0.010432397695915752,0.0010842847050522852,0.0005632773714168149,-0.004584404120815955,-0.005029849305636547,-0.0036190447750246157
2025-08-29 00:00:00+00:00,-0.002685115365912649,-0.0016797613988248639,0.0014243126205686352,0.001423919039812871,0.004897585747825506,0.003255847528049749,0.0011982675720683122,-0.0017282500765765096,0.0006981015786498013,-0.0029918393539494215
2025-08-30 00:00:00+00:00,-0.0027032092586005696,-0.002198398807554236,0.005641947318679508,0.007986691250096989,0.0006299108514935536,0.00041116931753060193,0.0009319054571306218,0.00028377727701078825,-0.00350673801579926,0.0007628238413595056
2025-08-31 00:00:00+00:00,-0.00037790568397444435,-0.001080791311662721,0.004049258999240912,-9.819616413220267e-06,0.001268071121337977,0.0006412738056895684,9.546870433219112e-05,0.0006217488545763317,-0.00026770206614490366,0.0004037500553262241
2025-09-01 00:00:00+00:00,0.010975439437417078,-0.0045070829371159915,0.0006494819159348353,0.005375698447859012,0.009142820304545607,0.007232946380707039,0.008713612927627068,0.0033602568717590042,0.0008938256724215776,0.00380566069065269
2025-09-02 00:00:00+00:00,0.001095634553880842,0.00041453145897674126,-0.006355251955658003,-0.007591996728285699,-0.00038315845114533786,-0.0021758077525095842,-0.001881629496175985,-0.0019825058016958996,-0.0013449575206568865,-0.002773394850826061
2025-09-03 00:00:00+00:00,-0.008849726656459,0.00831174749657948,0.0024700094692327035,0.0007343453706150083,0.002548191641608133,0.003797904508040739,0.0035563364775257345,0.0010298064537042073,0.004050502567871428,0.0015091061392278338
2025-09-04 00:00:00+00:00,-0.004837653004839404,0.007305475954869856,-0.0032666085144104073,-0.002606710364392417,0.0046875036016280625,0.0018735710300739061,0.00018013248356751888,0.0011357135112990413,0.004094195898357356,0.0012604914307534631
2025-09-05 00:00:00+00:00,-0.003375966143511877,0.002840897794817332,-0.0037302441549316168,-0.005302610009673248,-0.007489378933479007,-0.008768058488003772,-0.009820334228138106,-0.007362227166968771,-0.0054745940323917,-0.007218124669725823
2025-09-06 00:00:00+00:00,-0.017906125123088312,0.0037105440155955627,0.00015448594604094978,-0.0050279633246812505,-0.005384201635960095,-0.013337029478039608,-0.014322943290055568,-0.012481760924627605,-0.00542702597734479,-0.0129477609190356
2025-09-07 00:00:00+00:00,-0.03446941326544284,0.02184989226447298,-0.010618456097577278,-0.010423624170352586,-0.004879959921644694,-0.00937310676319969,-0.010777941268629743,-0.012902652078059074,0.00015803506547684698,-0.013568844291946935
2025-09-08 00:00:00+00:00,-0.015850604721895922,0.021207792564540418,0.0182713482689969,0.025204831859647392,0.0043025492068726745,0.012117122200653307,0.010159988698190014,0.011312806306355894,0.013870126724546017,0.009386060023788279
2025-09-09 00:00:00+00:00,0.004304772680786995,0.007636080247581667,-0.000904534713474181,0.001717243008898084,-0.0037396808694262207,0.005683108917908797,0.00904393616628818,0.011896193869520344,0.006696099327583305,0.008675684507424064
2025-09-10 00:00:00+00:00,-0.00400747692575576,-0.004370978640371059,-0.035022909853633544,-0.026156280135467114,-0.017483404424164184,-0.024804857099276267,-0.016034037412307134,-0.01473893642381885,-0.016384559834628498,-0.015023744524957028
2025-09-11 00:00:00+00:00,-0.0007965067781684487,-0.009092592530369425,0.0021027087334206662,0.0037310144073696705,0.004062717922757697,-0.001953844652230141,-0.00373529857619026,-0.005644881795888845,-0.004073738102815305,-0.0032055801098178627
2025-09-12 00:00:00+00:00,-0.0007516337106960869,0.0011146356563376258,-0.045308283060049415,-0.009348075542728318,-0.007982392934300364,-0.008694712571694185,-0.006895314310433331,-0.004691565697863775,-0.010331260317170354,-0.006327990630667468
2025-09-13 00:00:00+00:00,-0.011654836345862507,0.00815453095971197,0.006096442781882816,7.248139933402342e-05,-0.0038614312744990054,-0.007340584705915254,-0.01042710082343068,-0.008938684832408783,-0.0061412799773837845,-0.01018578317199681
2025-09-14 00:00:00+00:00,4.588150723616735e-05,-0.000778196764673833,0.005664875079674392,0.00546969295004085,0.009364093248873662,0.006530428865227034,0.005521583856690215,0.0031068702075516264,0.005357316757530484,0.004602439735051478
2025-09-15 00:00:00+00:00,0.003686902391984992,-0.006737008940740696,0.007593482451999645,0.008114471533870349,0.008252236954007452,0.0062181925514699365,0.0060452437986580065,0.005811851978082538,0.002857398560637714,0.006468837054302901
2025-09-16 00:00:00+00:00,-0.00045163764740729917,0.0018811165955257003,0.0024644336409582746,0.000993224932022807,-5.022405328036772e-05,0.0013255038187074408,0.0014438731249510894,0.0019151620706934214,0.0012872041314127003,0.001614547070721839
2025-09-17 00:00:00+00:00,0.00023322693575389408,0.006924159374853023,0.0027019583112390944,0.00033412453599113157,0.0008319569677257554,0.004324733877729026,0.0061953677231252335,0.007509633045334363,0.007086673434031798,0.007730809863661259
2025-09-18 00:00:00+00:00,-0.009860629299951018,-0.0005104638491606472,-0.002698158630440095,-0.0030589128734312965,-0.0012558583784408883,-0.007706307957684011,-0.009643972058385186,-0.011535980543533109,-0.0058573023852039885,-0.009392449146937376
2025-09-19 00:00:00+00:00,0.005408809071405063,-0.0025931960800811282,0.0016487297506579957,0.00045421661386457757,0.003067820008461508,0.004546419126385981,0.003735136370029979,0.005609028782654013,0.003276112054425573,0.0037931911658382056
2025-09-20 00:00:00+00:00,-0.0009447760110876668,-0.0007224017819666972,-0.004331389966350518,2.5881690836282445e-05,-0.015365023950512091,-0.010564307208190904,-0.010791085549210822,-0.005096399846814315,-0.010816169570363798,-0.01047504776586139
2025-09-21 00:00:00+00:00,-0.005223276265683974,-0.00012154594013036313,-0.0052210526058595885,-0.006853104549709332,-0.0008961092558453787,-0.0056586594676142354,-0.008360884877499308,-0.009987944399481585,-0.009095983329865942,-0.009579575350192382
2025-09-22 00:00:00+00:00,0.005595436309659085,0.000705173619685473,0.006671231709854508,0.007920563780672296,0.012937827553983317,0.014262867412041302,0.015159403979942088,0.017116327728235792,0.013835179099157768,0.015593381928479033
2025-09-23 00:00:00+00:00,0.00122509538216109,-0.001136833548978533,0.0012053145154466982,0.0014962452996798437,0.0065595512405483,0.0049999263607458655,0.0048813776871938774,0.003279776379970567,0.004288254070347497,0.005443961358082783
2025-09-24 00:00:00+00:00,-0.0025291871316417414,0.00500885457683764,-0.003051858664269602,-0.0006389242213505897,-0.0046249543047978126,-0.004493927616810667,-0.0019101369709445537,-0.0018499638074795932,-0.0012655169967578095,-0.0017772128588616765
2025-09-25 00:00:00+00:00,0.0013250348544939783,-0.008025746775571663,0.002914585512430401,0.003087577890756199,0.0036177165866995153,0.0008891855293795548,-0.00245914506314715,-0.004421192374810423,-0.0013944719198270006,-0.0017862133498609545
2025-09-26 00:00:00+00:00,0.002957949933518833,0.0038052669778723125,-0.0038712960462028434,-0.0054383386603301664,-0.004559274821851922,-0.001682634530771776,0.0020564539835274953,0.002696848089910331,0.0009031096274518813,0.0020254011478855194
2025-09-27 00:00:00+00:00,0.0006418369641874033,0.005004560702725369,-0.0007600021263817203,0.0005606914324354229,-8.374873014682649e-05,0.00327597074443009,0.003636541514696612,0.004763516385605238,0.004209971076005958,0.004078816554554665
2025-09-28 00:00:00+00:00,0.0026397037867522677,-0.002959539636022135,0.0002969376726631445,-0.0016620081922126273,0.0002540577368446151,0.0016001260146658591,0.0009887859549417843,0.00020725749988770303,0.0009309271304114297,0.0021168981167885015
2025-09-29 00:00:00+00:00,0.010368485188514853,-0.0002968853569784713,0.0053873760764213685,0.007441510656975847,0.005372880331772523,0.011702203758052754,0.013234010153504672,0.014681959633612296,0.009286539570809493,0.013728806248988645
2025-09-30 00:00:00+00:00,-0.0009270358536512813,0.0015573249140126144,-0.005021560749028375,-0.003141134315474692,0.00024155584026996912,-0.0010300903080066037,-0.0027984590787931696,-0.002425489062157782,-0.0009673148570825685,-0.002805748741872005
2025-10-01 00:00:00+00:00,0.0039553876815401345,-0.007527828623210553,0.006552798342638111,0.01202071862371179,-0.007988228892251592,-0.0009353126985283122,0.0004082857913128013,0.005691810791006002,-0.008987902749617582,0.0014093225582469948
2025-10-02 00:00:00+00:00,-0.001446243570286776,-0.007120989979528036,0.003608027903343247,0.004249760473856501,-0.0036534214436629853,-0.0036100035549918585,-0.0029301919877259275,-0.0001201353518341941,-0.006905673068784424,-0.002721293861683849
2025-10-03 00:00:00+00:00,-0.0028335899571694245,0.0006292983286246834,0.0038971295796663696,0.006634445757762064,0.003405200352926352,0.002748628626931815,0.0019491724994287196,0.0014058554093834275,0.001254232730484084,0.0025011143075641673
2025-10-04 00:00:00+00:00,-0.0026376068963367416,0.0035258198163596877,7.136826259546147e-05,-0.0011214168918785017,-1.7222967396812727e-05,-0.0016691570667167754,-0.0018226336922682052,-0.0018372172133296338,0.0046758574569061295,-0.0017642590131298208
2025-10-05 00:00:00+00:00,0.0003300908353589538,0.00048522393028838096,0.004215166980851004,0.0033614506731074467,0.003195796191951761,0.0027299073476823033,0.0017064118013714324,0.003986454478147827,0.00036838538603900517,0.0012015345490670182
2025-10-06 00:00:00+00:00,-0.022230607728348728,0.0007849282914642597,-0.0034658386285533194,-0.0015471661748661658,0.00016460920908212273,-0.011898860384262688,-0.01589993011168145,-0.01769223051292912,-0.0037695122631870026,-0.015507030730481985
2025-10-07 00:00:00+00:00,0.003407974384379786,0.005941503369425005,-0.0011787508685441317,0.0037738791564700946,0.001327731516842956,0.005473599360196424,0.006351985336233268,0.007022855457103017,0.008225884612258483,0.006907225644917636
2025-10-08 00:00:00+00:00,-0.001140420123191821,0.0006503124888297407,0.0005178203025459904,0.001751775981887027,-0.003745265907797113,-0.0017208105040418253,-0.0014283376302174355,-0.0026074248063199246,-0.0037719847184028987,-0.0014454429520875944
2025-10-09 00:00:00+00:00,0.008219052059468046,0.011148469461657928,0.0010888888545097508,0.0034912904896438057,0.0029450731576761147,0.012997848353291763,0.014773680072967421,0.015506091957850687,0.014738036343994398,0.014238286989812332
2025-10-10 00:00:00+00:00,0.01441965628463815,0.025616820324901424,-0.002664890541893117,0.0013701139578443655,0.008743017871990943,0.02402848497339294,0.028747645267465982,0.027345501768755387,0.03176828497574147,0.027643296034436604
2025-10-11 00:00:00+00:00,-0.003778979810105332,-0.004384648296163807,-0.0006241851959002398,0.00034023642433944623,-0.0010057578543234413,-0.004760712119362132,-0.006585305089511162,-0.006853822408900756,-0.00821156916130139,-0.006189020641409582
2025-10-12 00:00:00+00:00,-0.0028750432606169385,0.00429523343595406,0.0038950511889497275,0.00041700847509229533,-0.008529134005633932,-0.0009601952806129743,0.0012926509848105727,0.00039639242373712413,-0.0006244456160495737,-1.1919171122976024e-05
2025-10-13 00:00:00+00:00,-0.00017516508771919792,-0.003275443936329836,-0.0007934320625849756,-0.005198384532419276,0.0030290153062255687,0.0010311238182285631,-0.002486217865559359,-0.004965532080804302,5.596734924373514e-05,-0.001873527943690445
2025-10-14 00:00:00+00:00,0.0006736706841570239,0.003304668585490944,0.002537404529872278,-0.001313386510367054,0.0007892382854473023,0.0030626974536582807,0.0031630056358991077,0.004086332535381931,0.006860054844169516,0.0026903828393685103
2025-10-15 00:00:00+00:00,-0.011167286890192418,-0.0062011191631116125,0.002877965537607219,0.004737176250363184,0.005655006164047682,0.0019179733246152963,-0.002402112399918499,-0.005199043784996027,-0.00184353742981902,-0.0029230808615569037
2025-10-16 00:00:00+00:00,-0.005337933227420599,0.011929636838492241,-0.0014260862862157664,0.002378805748338264,-0.0013055774147168187,-0.0014805108377450305,-0.002043310920510799,-0.0016123036907512711,0.005943569464899268,-0.002383404914348186
2025-10-17 00:00:00+00:00,0.003519765991974788,-0.0013852445366279165,-0.0019910663847145793,-0.004310202470301228,-0.0007712690771647379,-0.00045079207254972165,-2.291927127417992e-05,-0.0011017109332999153,-0.002195326191400837,-0.0004346787396024565
2025-10-18 00:00:00+00:00,0.002148423509127362,-0.0009706943464511397,0.0041255945978577735,0.002428367427879774,0.0016088675123284712,0.00275491414843243,0.002336640917536714,0.0032645352061437816,-0.001014774630549109,0.002890673543042732
2025-10-19 00:00:00+00:00,-0.00025694996566416606,0.0007006458765685952,0.0013282301683772424,0.0030837221425814576,-0.0006361795278371218,0.003116981602113267,0.00246179908898414,0.002150858000699918,-0.00022518696367612723,0.002315583000866761
2025-10-20 00:00:00+00:00,-9.686210979731324e-05,-0.007693349799881233,0.011277313120393373,0.012748374330108003,0.002372378817575127,0.0022057805391322294,0.002662923689013885,0.0024731405839173437,-0.00613587103248292,0.003060464203971325
2025-10-21 00:00:00+00:00,-0.004817660249721745,-0.006778633418320079,0.008305676697150544,0.010733420487564205,0.010713237625027405,0.00044823954371842056,-0.0024755569390013665,-0.00566881266295205,-0.0027113450197230327,-0.00228995841452051
2025-10-22 00:00:00+00:00,0.0007627051235978843,0.006383600540200263,-0.006327563814526593,-0.009879533797384044,-0.0005517220586598315,0.00127359000519367,0.001616641548231712,0.001850455771203574,0.009628070710351544,0.0019240976742611604
2025-10-23 00:00:00+00:00,-0.008272900071444655,0.005757062736049479,-0.006324712679146138,-0.009970973077866985,-0.003118219248095966,-0.004795867850106106,-0.005068773409177441,-0.0059581891712482404,0.005161921681264836,-0.005368203886087941
2025-10-24 00:00:00+00:00,-0.0035986365135344256,0.01907951882259451,-0.017206569181312803,-0.01649095751665075,-0.0046097169376073666,-0.0016278666875521042,-0.00038834251645814,-0.0005930078872870004,0.017962910772526985,-0.0004911216156793241
2025-10-25 00:00:00+00:00,-0.005169979419299975,0.00013634352961022778,0.002787025433113266,0.005514379364171429,-0.002510983223638852,-0.0016101570619899697,-0.0016441476346799044,-3.294095829720067e-05,0.0007296042494688848,-0.001419794175630873
2025-10-26 00:00:00+00:00,0.0010438852862166836,-0.00782163945826464,0.0077558581767060986,0.010331729603717976,0.007028674498943621,0.0036261820287557534,0.0018759835888511045,-0.0007029529752293762,-0.006233408475852742,0.0017432474234331252
2025-10-27 00:00:00+00:00,0.004650609289119867,0.0004943242681847426,-0.0007078585973813167,0.0061338740881558,0.0017791272298792737,0.005564161785487354,0.004820094061429359,0.004066553755344593,0.0010656928190122539,0.004786775754414441
2025-10-28 00:00:00+00:00,0.00033538263064492035,-0.004443705629486483,0.009426510298989443,0.01136895838693075,0.007549851244358363,0.004386026689655154,0.003698092686347243,0.0017045163953564035,-0.0027348880826687516,0.003999845943043034
2025-10-29 00:00:00+00:00,0.0011762746935506385,-0.0005015056165049714,-0.0017042971563518972,-0.0018125390934853325,1.6182037671397254e-05,-0.0016427546946563565,-1.2341886056477236e-06,-0.0013478483466389246,-0.0005824465184668393,-0.00010284076611088988
2025-10-30 00:00:00+00:00,0.0064356582687228325,0.004298182981066878,0.0015331094098345321,-0.00147498866454987,-0.0024489718012348227,0.005586619878604759,0.007286417440848014,0.01188337604451939,0.003059170173887349,0.008117477485463098
2025-10-31 00:00:00+00:00,0.0025561808874567937,0.0035444643150506217,-0.007814347139543876,-0.0051203898545412185,-0.007880068358522951,-0.0025362897498091286,-0.0017275915766618022,0.001964890022147836,-0.0009335907944583166,-0.001787426875155429
2025-11-01 00:00:00+00:00,5.701361674526062e-05,-0.004494017277323681,-0.004240566358363895,-0.0072406024590372375,-0.011321619998778898,-0.012291502485789807,-0.010294085877617043,-0.006914949724149078,-0.009507085683414296,-0.010560312862608279
2025-11-02 00:00:00+00:00,0.002879572321475621,1.7189655691973726e-05,0.0027874060500618913,0.002923894742975275,-0.005343529414432724,0.0024871303252032018,0.0034518903676552526,0.0053994084033424095,-0.000623439542974058,0.003462585417787878
2025-11-03 00:00:00+00:00,0.0046102162607848385,0.005007121434831507,0.01781134484606728,-0.004600342429721627,-0.0024847227876002576,0.0026029391744291086,0.005057353671877651,0.011422350263979197,-0.0007249724857461004,0.004536694064979141
2025-11-04 00:00:00+00:00,-0.011242219277757926,0.010389859401998214,-0.005829324398314184,-0.008596090251314914,-0.003658855594635857,-0.00768901445243908,-0.006417039903579447,-0.007474020072488985,0.0006206146618514818,-0.007245517255863532
2025-11-05 00:00:00+00:00,-0.001284769419670706,-0.007061537987497313,0.004342459623611017,0.0015958188457605438,0.0002997463542278034,-0.0033957003364445404,-0.0038756777123335473,-0.005997559676090947,-0.0021650299223355818,-0.0034831998091618965
2025-11-06 00:00:00+00:00,-0.008872708356969405,0.015629775869123952,-0.01605844667902656,-0.020232960467230554,-0.007895850454465725,-0.014463170116264523,-0.011579329531106852,-0.011525246930370159,-0.007762138043997502,-0.013125696677626753
2025-11-07 00:00:00+00:00,-0.0031089988972479166,0.005932012901612493,-0.007158673292715689,-0.008730612861515774,-0.003001287843865441,-0.008200158785543255,-0.007830027164640097,-0.008314804331765902,-0.0033586695232601382,-0.007290150289825048
2025-11-08 00:00:00+00:00,0.0005801337858069022,-0.007806192694868042,0.004864970147089753,0.003889190804262199,0.00540417894055234,0.0013929855443171046,0.000742968846553671,-0.0019545850643662988,-0.00044072548556728375,0.0007938097759383478
2025-11-09 00:00:00+00:00,-0.0002946218907152742,-0.0036990649097722317,0.002509234352515044,0.002949367499892608,0.00578742705932922,0.005131871150964917,0.00250902778988471,0.002277010080551589,0.0025502120909683956,0.0031161138848156966
2025-11-10 00:00:00+00:00,0.005819664250534151,-0.00914300469891327,0.0012298148940443898,0.0030691456099491976,0.0032862734378420466,-0.0032365624069246035,-0.005256975508296513,-0.007537047414624687,-0.004827979884510003,-0.004471678136830803
2025-11-11 00:00:00+00:00,0.004391927215630087,-0.00017441250106331463,-0.0031127527411377587,-0.0012360832024710389,0.003222978566748802,0.0036547603078620483,0.005346768095628063,0.004607716821821262,0.0006229187207420495,0.0030519423062178586
2025-11-12 00:00:00+00:00,-0.00214525497265583,0.00016549431520807012,0.0005148119024642739,0.0007101878396273964,-0.0008062110142180723,-0.001549912961015587,-0.003155797480943856,-0.001287478817984411,-0.0003770542213406003,-0.0028634471637676295
2025-11-13 00:00:00+00:00,0.002947728927956028,0.0028383916635079665,0.0006381028453001925,0.004453930931527905,0.004909287767215664,0.008688606207605476,0.010614444606371398,0.009287734421386862,0.0039692020785231374,0.010871963431093201
2025-11-14 00:00:00+00:00,0.0004508610748048536,0.0021829615208499575,0.004388050935608456,-0.004376781017387588,-0.002955086523220407,-0.00035889553399026664,0.001868279870205214,0.002828536447715191,0.00015394010539870884,0.0015826632987419043
2025-11-15 00:00:00+00:00,0.0007116522709476047,-0.0018402575118481312,5.94467651995334e-05,-0.0018870944150214397,-0.0027515909984004994,-0.0042292910873225065,-0.0040395825019236,-0.002872244243757094,-0.0030138294180940273,-0.003793075980607963
2025-11-16 00:00:00+00:00,0.001511209087059262,0.0014113578201810917,-0.0003669746068569735,0.00010339922001145752,0.0011709265547812375,0.0014426462924057581,0.0030023854966221286,0.0027740574605372714,0.0019006927050533307,0.0032400141461648158
2025-11-17 00:00:00+00:00,0.002375939052185805,0.0009016037307749691,-0.002103273061590971,-0.0049265198578631875,-0.004068896532649968,-0.006187590336535709,-0.005215167283103117,-0.00218001721820249,-0.0043897705496088735,-0.004676255655328587
2025-11-18 00:00:00+00:00,-0.00036439454838432805,-0.006150560908618874,0.002335744312194743,0.002778838634804215,0.006033734235949106,0.001308928279523336,2.6831713637598398e-05,-0.004297941917055459,0.0009274975901367721,-0.0006098688603918268
2025-11-19 00:00:00+00:00,0.001647368725983922,-0.0006749470852319694,0.0027989579461382696,0.003092820956289488,0.00046826313918546525,0.005028855000540178,0.005056700342934706,0.003414576512583034,0.001772163327853793,0.005438070138996887
2025-11-20 00:00:00+00:00,0.0009092484199428874,0.006741638668872785,0.0014912299422609188,-0.0029146406272619885,0.006476579253878789,0.0073592371667468015,0.010939031330984506,0.009039038590917592,0.005684588335812091,0.010424555028856197
2025-11-21 00:00:00+00:00,-0.012098177707860147,-0.005415438920091331,0.00975285694801542,0.0070517609079574495,0.007102427401191491,-0.0014950606764810859,-0.0028568900623979765,-0.009427856772864507,0.0042060849239056175,-0.002277834743363294
2025-11-22 00:00:00+00:00,-0.0005503691398083266,-0.008023744511265418,0.005503720980733595,0.005094700435768651,0.005554325064062171,0.0032788535302556987,0.0004401026572078415,-0.0025290986050190423,0.00045344700872163024,0.000645519899836744
2025-11-23 00:00:00+00:00,0.004351721792806851,0.003478595313691546,-0.000608664437875106,-0.0024971555423954905,-0.003190761220332572,0.0006286962465946733,0.004221153439476932,0.006035201651140465,5.465402882598447e-05,0.0038777796348903326
2025-11-24 00:00:00+00:00,-0.0009151913951057633,0.005711309884840476,-0.011451161373649987,-0.01025801708518892,-0.004966967287195256,-0.006949649166143268,-0.005798083026524736,-0.004896128443896752,-0.005391163571038637,-0.005216978226692315
2025-11-25 00:00:00+00:00,-0.0003997553849531821,-0.0009748043663972972,-0.0008848522305139328,0.0004483754596604772,0.0020675693944776086,-0.0016021117043657496,0.0003933500902875142,-0.0006438872839782395,-0.001467986310017988,-0.0009582531588332444
2025-11-26 00:00:00+00:00,0.0061804904012963124,-0.0046508055848182295,-0.001505639749432075,0.003149560802689022,0.001365672812872587,0.0017120577806231108,0.003948280550746697,0.0027755127500452836,-0.0013816490974355444,0.003993731541034995
2025-11-27 00:00:00+00:00,-0.002835527179675057,-0.0023655041770056506,0.0014396156882370281,0.0026765641696904208,0.005889621817181778,0.0039871090393053255,0.0018356148238138914,-0.0018235454445887367,0.005184988472521024,0.0016371592526895906
2025-11-28 00:00:00+00:00,0.0032867260742326376,0.003839064434625339,0.0016378177640143932,0.0031194925171904586,0.0031456179359208303,0.01005133656163526,0.011837990714473001,0.009626600490688642,0.009650533292532737,0.01115475608143468
2025-11-29 00:00:00+00:00,0.00047093355044869334,0.0011117825254280955,0.003877562627226938,0.004417787712136967,-0.0009691017314144013,0.0031239836382892516,0.0034740673437634317,0.004351169329923854,0.004488935218488699,0.0033159221954577323
2025-11-30 00:00:00+00:00,-0.00466610521362798,0.008566782145563057,-0.0020962837720928107,0.0030165724942621264,-0.0018814755845742992,0.0016633546493265428,0.0032016801283172303,0.0032053939662235464,0.006956237405969734,0.003103796312839524
2025-12-01 00:00:00+00:00,0.012895553172330043,-0.00035253933842605,-0.0004215768669522113,-0.0028930173448104,0.005288508889506716,0.008405920306895576,0.008192871380518385,0.00909087090566385,0.00021653157941337042,0.0076784400404286135
2025-12-02 00:00:00+00:00,-0.00046210394791401654,0.002368130089097198,0.010310800403363851,0.007362111405878169,0.0131781981886272,0.012190335683261333,0.01123653564278193,0.005834240142579716,0.015589374259953104,0.011713059666806469
2025-12-03 00:00:00+00:00,-0.0013756053047938588,-0.0038069639754078066,0.00538035588662189,0.0021075384091053806,0.004425697895892755,0.00254064993964076,0.001529289566750025,0.0003231961430969488,0.001471289272197751,0.0020290961574471744
2025-12-04 00:00:00+00:00,-0.0028984766982120824,-0.0008899629493730465,-0.0012375319541434449,-0.00021882328771360982,-0.00021710449367107199,-0.0014598790275101026,-0.003940214983393586,-0.0031505086202010535,-0.00026215149629649215,-0.004072444228484184
2025-12-05 00:00:00+00:00,0.002940389184903136,0.003437329351675178,0.003224264500134577,0.00248748371260743,-0.0072311362053617545,0.0012407221593704332,0.003356818900094094,0.007835022290279658,-0.00055815011667526,0.0028945540882363563
2025-12-06 00:00:00+00:00,-0.003666974985863991,0.004593796632692104,0.008239960199867058,0.001242489757848908,-0.006500413405223893,0.0027287668262461207,0.0052555837186079035,0.004670589348878096,0.003951621297964447,0.004824937472472701
2025-12-07 00:00:00+00:00,-0.0009762623090959766,-0.00514456501286642,0.016397091665824925,0.0166968474830973,0.013582100295857158,0.01183693141743114,0.010772095520775071,0.00309290258909245,0.012342167179082653,0.012409554437867731
2025-12-08 00:00:00+00:00,0.0037069481166560614,-0.0019604625696763023,0.002718432422556649,0.002423820611688443,0.0012605703269188417,0.0019510913300524457,0.0008068197209556427,-0.00015316808010512606,0.0008997784650488505,0.002859111264236436
2025-12-09 00:00:00+00:00,0.009345424613248943,0.010068751256825381,0.0008642655061203985,-0.002434897795706825,0.006865677278557136,0.014072021461504436,0.0141203768391569,0.01207690254589866,0.01099769381902882,0.012419469577134468
2025-12-10 00:00:00+00:00,-0.01643222846774861,0.001776995742567955,-0.003050127257537061,-0.003936656320397636,0.0010624276234325603,-0.006246428606350718,-0.00802175602132893,-0.008756349381101147,0.0016187691026794404,-0.007031601274219534
2025-12-11 00:00:00+00:00,0.010221155451853647,-0.002885591831229828,0.0007782195782657375,0.00328724437217498,-0.004510186240203717,0.0014659182415321936,0.002741520619552462,0.004919060589403168,-0.0030001910844068558,0.0019810908815942607
2025-12-12 00:00:00+00:00,0.0005688321922079353,0.0009201966780545412,-0.003916526681405741,-0.0029541609755029397,-0.0010719571929654892,-0.003288144260331971,-0.002894050483082111,-0.0012914870757907426,-0.0026289233472719387,-0.00345447050612524
2025-12-13 00:00:00+00:00,-0.011530420815531683,0.011033078469079083,0.0003476735217537996,-0.002208456547341142,-0.006159540567957089,-0.005540031901250297,-0.005487759250050739,-0.0030241438480530514,0.003905933800105066,-0.005897127903576327
2025-12-14 00:00:00+00:00,0.001793281980532635,0.014050887754425201,-0.022275228380916334,-0.020734962581044236,0.0011485200986403044,-0.0037765908072058263,-0.002835318788852459,-0.0020111556866915237,-0.003061922394794081,-0.0034455371887431863
2025-12-15 00:00:00+00:00,-0.009104055440884329,0.003232045441461162,-0.0032775589705785757,-0.005492851374405583,-0.007234547917983725,-0.007647727933891901,-0.0073365778685451355,-0.0054219618959052696,-0.0022376601801022966,-0.007375304969613916
2025-12-16 00:00:00+00:00,0.006919774276215929,-0.006625502989815124,-0.008259594541721649,-0.007176564455064538,-0.0038096687184029365,-0.007391994408508906,-0.007486243264421266,-0.005048066915538163,-0.012811184620919902,-0.007621153937270697
2025-12-17 00:00:00+00:00,0.0026860384256941483,0.0009077519333240414,-0.003055480438971303,-0.001225578138718375,0.0059722641531940734,0.0051741420174471475,0.005003489747431589,0.0009898668778904884,0.0035707342677631093,0.005074097990617643
2025-12-18 00:00:00+00:00,0.0017880250830957234,0.006949419756950848,0.0013934038693710349,0.006185311676418781,-0.00044453752811979275,0.004777717355286981,0.007529822140485143,0.009463838487695053,0.005717061178559524,0.005053433633227078
2025-12-19 00:00:00+00:00,-0.005960789230210151,-0.004011828536717443,-0.0016875686634102438,0.0012284185870186093,0.0010670067257472216,-0.004734725330224787,-0.005452705448900641,-0.004545861965254194,-0.001496364633093994,-0.0046215837227663314
2025-12-20 00:00:00+00:00,-0.009671356434296285,0.003217471509882275,0.0019132824141183669,-0.003761298800337931,-0.004386409956472548,-0.005292627958243923,-0.004979609599545243,-0.0031790592659715067,-0.001482774136031928,-0.005089371209901272
2025-12-21 00:00:00+00:00,-0.008896208748004009,-0.0017654682961539825,-0.0011662164141628129,-0.0005471952581117545,-0.0013882174703799821,-0.007286575908006521,-0.0081884178658016,-0.008240905826093936,-0.0038024409933317127,-0.006721292656126421
2025-12-22 00:00:00+00:00,-0.0073184376902613035,0.00756213749498591,0.002111886871611679,0.0008709820352068576,-0.0009207617841229254,0.0013852495859474345,0.000816325618907543,0.0013460486297169894,0.005703296781008227,0.001003673639944136
2025-12-23 00:00:00+00:00,0.0066468171723268465,-0.0006414774114700261,0.0063193609170244525,0.0038363086197250595,0.005111149663218795,0.0070375399689508455,0.007027572821984185,0.0063920228616680674,0.00554262528342675,0.006610088242011036
2025-12-24 00:00:00+00:00,0.007777707216936713,-0.0067889936963442254,-0.0009806592391533586,-0.006820050896969576,-0.002734947552592515,-0.004707674652314586,-0.0043127733853122185,-0.004139183395311163,-0.010082705733354902,-0.004492461276400239
2025-12-25 00:00:00+00:00,0.008834206313348636,-0.003918912135664865,0.0006719157405312703,-0.0012253079126259836,0.004140919153816869,0.003520371187003768,0.0029931428744716104,0.0024814739124501273,-0.0017599332103734877,0.0035697628895021705
2025-12-26 00:00:00+00:00,-0.007110350004078669,-0.0055618317617026625,0.005153971202540353,0.009476916542835445,-0.002844381171112742,-0.005266887917978247,-0.005585164389632746,-0.006443351563706345,-0.001882286715859327,-0.004707547150762603
2025-12-27 00:00:00+00:00,-0.0032603832359674456,-0.001810505062146861,0.003838346399021031,0.001513522126056932,0.000871881855251555,-5.4245353809823094e-05,-0.0010089638944684731,-0.0027697498325941483,0.001837320081564009,-4.9286417867278054e-05
2025-12-28 00:00:00+00:00,-0.0004286857720393611,0.006667069258556868,0.0009652751550544014,0.0023709374610167977,0.00151111635517176,0.004160580549526616,0.005082677858825768,0.005691348494525794,0.006406178191289191,0.004118631385858329
2025-12-29 00:00:00+00:00,-0.008646264256629288,0.0051532103285214514,-0.006262206308693008,-0.005580770190512174,0.0017674371202465178,-0.0045391392592116775,-0.00561471076076181,-0.009032200466300933,-0.0004050872820676732,-0.004423353330347157
2025-12-30 00:00:00+00:00,0.0045162063401880115,-0.004289957318205029,0.0029897617004885912,0.001318534338492272,-0.002629544419248453,-9.566642234060119e-05,0.0014169785796263046,0.0018566199873844003,0.0002672231906115652,-2.8671105206878877e-05
2025-12-31 00:00:00+00:00,-0.009794935552543071,0.0005663791125503082,-0.015249467270923134,-0.013671681803669955,0.0004289629544385054,-0.0032967139934148015,-0.0056995157157418985,-0.007370448715497968,-0.00110176446416832,-0.0034713235756829164
2026-01-01 00:00:00+00:00,0.0011451497988446135,-0.0021168376952812595,0.004547749894778352,0.009274462110832937,0.012645419252550694,0.010087576621526262,0.007768309533124906,0.003789904402559774,0.00773804065382544,0.009705035008430896
2026-01-02 00:00:00+00:00,-0.0005298961002185854,0.0011073631935010209,0.0014566566911329293,0.0020962852373733742,-0.00799655931509824,-0.0007230819530927857,-0.0017877096146537985,0.0026117286353835034,-0.0014023289023394891,-0.0016930628707371165
2026-01-03 00:00:00+00:00,0.0009877316506812228,-0.004564962542090489,-0.0008658822814505696,-0.0014682311907219248,0.004484977932182055,6.011482929002554e-06,-0.0018855447041440376,-0.0030950256097027617,-0.0017157372401112037,0.0002176005442500184
2026-01-04 00:00:00+00:00,0.005630666944199225,-0.006466895033257258,-0.0007484597953821837,0.002339137071304398,-0.0026370761817026134,-0.0004023186325584627,0.0011717698062858606,0.001677722337883214,-0.0040806645429408706,-0.0009711147790923969
2026-01-05 00:00:00+00:00,0.0035327037577448372,0.004235397742477609,0.010495129650212487,0.007162275038392396,0.008574462735825295,0.014133458110634045,0.014191020646539654,0.012279153164589385,0.016531150649917503,0.01455384459914022
2026-01-06 00:00:00+00:00,0.0011490670290075222,0.005136485100510679,-0.0040824642804153655,-0.006205026740924824,0.0017370492343213861,0.00032960465743125944,0.0007718921222199526,0.0025619053978187534,0.0015016175989863711,-0.00027921486286131003
2026-01-07 00:00:00+00:00,-0.0012693848912020966,-0.002088175952867033,0.005318464589804117,0.007711029432919458,0.0022843409597834707,0.0013929820375930824,0.0008120860710132405,0.0007810232938370021,0.0016000165609706407,0.0014546260984515946
2026-01-08 00:00:00+00:00,-0.0006922019094809384,-0.002328533439334146,-0.002876242323667455,-0.0018314990406732568,-0.003514148132384043,-0.004410976128768063,-0.0038594721531554077,-0.0023360636638199983,-0.006154591515485586,-0.004692365408154209
2026-01-09 00:00:00+00:00,0.0014121476381485643,0.000977303126646012,0.0013037633900994106,0.0017424064097217862,0.0005643828757602165,0.0034013143938398382,0.0030302219554592114,0.004441555868060387,0.003537162067548838,0.003431213692175472
2026-01-10 00:00:00+00:00,0.0028053990520806593,-0.00026195625305525105,0.0013257789096987604,0.004459156914850215,-0.0010616018478765143,0.000644974922240138,0.0009128381723377821,0.0022100029820830702,-0.001989051489855176,0.00040038216424131967
2026-01-11 00:00:00+00:00,0.0013728220858413298,0.005572380661390319,0.002872448888513679,0.005651410181940042,0.006745581134146139,0.008331114151236774,0.008661060030985324,0.009036499132968334,0.009835995271186837,0.00842181113438878
2026-01-12 00:00:00+00:00,-0.0020083581377315918,-0.0010619606727906294,-0.0005413223666410616,0.0010970686659286244,-0.0036146818134132896,-0.0019282692964419645,-0.002850112323222964,-0.001266953230034007,-0.001805411194143014,-0.0016577804499454674
2026-01-13 00:00:00+00:00,0.0007524141483661317,-0.0012860409115562632,0.00710299514004431,0.005405520910354733,0.003632659620433909,0.003703054677695272,0.0069356356482559445,0.004685154624640031,0.0033941771265773024,0.004078526985402453
2026-01-14 00:00:00+00:00,0.001188311039789669,-0.00468928738522334,-0.006862225080408346,-0.0033327698195648736,-0.006705774839960932,-0.009201079196534234,-0.007361377274002434,-0.0070087223961350364,-0.008873526833648948,-0.00845189939592983
2026-01-15 00:00:00+00:00,-0.0026321756569508414,0.00010929100106316092,-0.000584498403437661,-0.0011679514542461966,-0.002873573038923216,-0.0020366249556716953,-0.0023707214137660415,-0.001165509278281851,-0.0002323050364172463,-0.002760967030835948
2026-01-16 00:00:00+00:00,-0.0015800460890335044,-0.002783911307267295,7.308893516655424e-05,0.0018613240650871,0.0019998179913449654,-0.001211958166990601,-0.0007670579847549597,-0.001984484244495599,-0.0012521402679004368,-0.0007672011055515071
2026-01-17 00:00:00+00:00,0.0007979121864338801,0.0018858441344529187,0.0031892984785151235,0.0018487451632827057,0.004873645018638406,7.064843617810013e-05,0.0016511824132263708,0.0011772663990357035,0.0015036040067932799,0.0003523033854131441
2026-01-18 00:00:00+00:00,-0.0008309775492245652,0.007182924147707714,-0.009146115059533444,-0.010671347211200666,5.798423069514058e-05,-0.0031115663980426644,-0.0021092977593873963,-0.0030885954970915064,0.00021015417300840333,-0.0033683793379805094
2026-01-19 00:00:00+00:00,0.0016918957499534315,0.013874345959393741,-0.001087559269785321,-0.0007842505492797747,0.006395454026426384,0.006745970344818275,0.006356499018268513,0.00736398808935701,0.00801421362210708,0.006350609973239996
2026-01-20 00:00:00+00:00,-0.0003979791035443325,0.012859801756027744,0.000458802228671118,-0.0033819501407872377,-0.005096211834681119,0.0023533486974878226,0.00533453452041055,0.007023677428574349,0.004357083813811391,0.0025869473219886086
2026-01-21 00:00:00+00:00,-0.0008075285181343705,-0.0025763442329218567,-0.012178374433461925,-0.01677617995726377,0.004681720383439281,-0.003764697920163984,-0.007004551104465406,-0.009265325205792596,-0.00420725095807295,-0.0034937772358190067
2026-01-22 00:00:00+00:00,-0.0042691905751433,0.004499482270399202,0.0031209872228743496,0.0033319780813505506,0.007489994059599159,0.0061815030807259586,0.006982096162265972,0.005788468588795004,0.009611341700128673,0.005633915063023798
2026-01-23 00:00:00+00:00,-0.0012065668036734811,-0.0031799592417992573,0.000519024519997302,0.000922487474760203,0.0013440678240554949,-0.0015354249115082652,-0.0013543482547999641,-0.0027695870317407945,-0.0012995655340035661,-0.0011380068112440966
2026-01-24 00:00:00+00:00,-0.0030850245715172697,-0.00044703717540872656,-0.007466206164486677,-0.005437301068705436,-0.0011608391884569969,-0.006191459757479811,-0.007618865278693265,-0.00795819703156131,-0.004765710118498356,-0.006006303487162801
2026-01-25 00:00:00+00:00,0.0051629743952439355,0.005278826167353978,0.012308519001844598,0.017134927341432737,0.008993964093815032,0.015703164269740277,0.019548380796847953,0.018787129837450678,0.014016466541979744,0.015868459806855695
2026-01-26 00:00:00+00:00,0.0016005839304666925,0.0027331211541781197,0.0033516024311304182,0.0005519563128246752,0.008982083027612164,0.007253373193712109,0.006844846347483724,0.005690235623591278,0.0073316560906466766,0.007179047928125737
2026-01-27 00:00:00+00:00,-0.0026266595012257588,-0.0043003696673376,0.0012470295408733012,0.0009088894336179987,-0.007549656623670797,-0.006891261877668753,-0.00510315435889841,-0.004148499642728454,-0.005049589695685253,-0.007300504235295491
2026-01-28 00:00:00+00:00,0.003499388028639583,-0.013725160472926046,0.0045328799775739,0.005300297226082273,0.003147593605995924,0.0008030162090142401,0.0002570720557857342,-0.0011075230355508392,-0.001492840767503556,0.0009437126845555088
2026-01-29 00:00:00+00:00,-0.0027475309338144127,0.001205647718220959,0.0060251237158626125,0.005945509859870857,0.001928563361314417,0.004730927984025524,0.006903125322839543,0.0074750963110006285,0.004613201252322785,0.004860258648664351
2026-01-30 00:00:00+00:00,-0.0005453878085555086,0.0063695092365188,-0.008036774270370417,-0.007381351613134468,-0.0004798211385838025,-0.0011762879786619829,-0.0033009174231037886,-0.002673738213140986,-0.0003819033347801648,-0.0015932210818198067
2026-01-31 00:00:00+00:00,-0.014568789462691023,0.02070958534636813,0.008744835645767113,0.010026228573348783,-0.00021580262271547745,0.010227220197227549,0.012943203397480785,0.015168500102424876,0.015135902651260968,0.010257258267596159
2026-02-01 00:00:00+00:00,0.0072223406047542404,-0.01894320748594258,-0.0006058178479099174,0.0026194045899579077,0.005368999573825084,-0.0029792891833827495,-0.006735579455463547,-0.011194268746654301,-0.00894643236968895,-0.0033201881068022354
2026-02-02 00:00:00+00:00,0.004217454719610103,-0.001597450027631897,0.005326284402401127,0.004364842746180209,0.004927168741770682,0.004031543748906019,0.004041315754897745,0.0033643615641536506,0.0024548101484191953,0.004428995464615948
2026-02-03 00:00:00+00:00,-0.0008773756168414248,0.0029324480806074416,0.007173901266085414,0.006244595323637636,-0.0037002623386604983,0.0012901504753564108,0.003766273372597606,0.00736217625577229,0.0015401171206406161,0.0021010279524638076
2026-02-04 00:00:00+00:00,-0.012889709103659941,0.0026799761632203545,-0.0037210677024331895,-0.006382471498652675,0.0011035822238596449,-0.005140556657305062,-0.005981485235350026,-0.008685680924775285,-0.0006676455179770446,-0.004414281607377557
2026-02-05 00:00:00+00:00,-0.01938489444232394,0.011671343729436678,-0.0031557843044607292,-0.004276009753841903,-0.007444950125805927,-0.008741508109939677,0.0008827689428887453,0.0015038190018892283,0.0013119668867462853,-0.008341339711937068
2026-02-06 00:00:00+00:00,0.004390078212062942,-0.011532584108120747,0.008815112943694858,0.009110700558590201,0.001150197267260289,0.003972844984452939,0.0032740766258037013,0.0019559434190359326,-0.0001053305195714005,0.00366581480708561
2026-02-07 00:00:00+00:00,-0.001107106610037878,-0.001139039955391885,0.001265247770820599,0.0005570149333480323,0.0009840592137568827,-0.0006224562856808058,-0.002332874437521393,-0.0018453489284964153,-0.0004377824942635167,-0.00043930451861318165
2026-02-08 00:00:00+00:00,0.004562491274650471,0.0013345948641334537,-0.005142446528379696,-0.006213980068116909,-0.00575606133426787,-0.0068696068206921534,-0.004402603166666297,-0.0019774918520326645,-0.003333183428569697,-0.006818042443715755
2026-02-09 00:00:00+00:00,-0.00678224661037663,0.004450092623493607,-0.0057044577608789115,-0.0057253303629508645,0.0005353134296870454,-0.0009375387700183424,-0.001030963753712033,-0.002024514515261089,0.002062337688605531,-0.0007711662117582119
2026-02-10 00:00:00+00:00,-0.010856841636373349,0.008777876409344909,-0.007882667842713409,-0.006579424026522007,-0.01828143368287405,-0.009568133463337514,-0.006867160433799979,-0.0031370805651463884,-0.006029205631586598,-0.00986335426071383
2026-02-11 00:00:00+00:00,-0.0037166967669320927,0.00042575801551625325,-0.0060336038436363815,0.0009312492126225536,-0.012357770643471322,-0.010114924253974533,-0.009620301644928553,-0.007766019649905753,-0.01037531329701924,-0.01019371182450135
2026-02-12 00:00:00+00:00,0.006981977136429451,0.0003020197654342027,-0.002428609301616702,-0.00256115294291015,0.005377100652147027,0.004164933087355882,0.002386372226801825,0.0008978106528578778,0.002589106613940073,0.0034276854355281827
2026-02-13 00:00:00+00:00,0.007363352527118172,0.00018870617747812624,0.005671780103840396,0.005920003551916908,-0.0006060426934112462,0.005671859089273035,0.0061027146888146255,0.008695089167471526,0.0040733698921080475,0.005654872022215596
2026-02-14 00:00:00+00:00,-0.003932365293326079,-0.005937917866623343,0.006739962771006969,0.007486578127072985,0.008642460609111557,0.005592007711364921,0.003182876033318127,-0.0001941029497944946,0.0049153823496732585,0.005809535720126435
2026-02-15 00:00:00+00:00,0.0012473900110585578,0.005015484464360842,0.005014126476866387,-0.00041705613542486475,0.0031774167924829566,0.005746904938919606,0.007742292655267713,0.008067929456154754,0.005393956953289036,0.005732252860185971
2026-02-16 00:00:00+00:00,-0.006801508757561581,0.0015468950787338454,0.0001035769345023585,5.352288935522864e-05,0.002224071387967319,8.017206423072132e-05,-0.0013616439668442393,-0.0045647526562573315,5.7406459480269234e-05,0.00036870837997571293
2026-02-17 00:00:00+00:00,0.0022031688575743225,-0.0016656154159720993,0.006787415425720367,0.001751457932559486,0.00023498627308837783,0.003400652502180801,0.003460650465674231,0.0038812708370645765,0.000801273133713698,0.003591071793002998
2026-02-18 00:00:00+00:00,-0.009191517575403041,0.0043806166542235125,0.005639188531305628,0.007404582252601211,0.003023152174942423,0.0050719899631792575,0.004652447470065546,0.0055446300300519,0.008362200510315887,0.005382374910494869
2026-02-19 00:00:00+00:00,0.0010205820602178228,0.002552181880384863,-0.0027046256295681914,-0.0020419284351566036,0.003758673940438939,0.0018615720616426135,0.001996959243784291,0.0014131612339260968,0.002250116244588929,0.0014090401512780737
2026-02-20 00:00:00+00:00,-0.0035128919650615487,0.001028684944107905,0.0010244004406974039,-0.0013076517665094878,0.0028238794169055392,-0.0003988208803245019,-0.0022749660128746907,-0.0011048023696385023,0.0006626832281366735,-0.0008896275006319287
2026-02-21 00:00:00+00:00,-0.005290938237669018,0.0018991061854731761,-0.00026024379334155245,0.0029802563026570805,0.0029435244486903933,0.003059073521589406,0.0025688511982202566,-0.000228317262121136,0.006499509886665811,0.0030081155019390238
2026-02-22 00:00:00+00:00,0.00011404841307793845,0.007598182042989343,0.00042251105305557424,-0.0030252136308958066,-0.0033214426757937066,-0.0009062761781359896,0.002624091319412214,0.005142338988525674,0.0005826213269186642,-0.00087795856752515
2026-02-23 00:00:00+00:00,-0.0053240263700333745,-0.0017202956298765226,0.0065047580251225146,0.007588187344871988,-0.0008807446261088758,0.00317231727184053,0.0017626526081517824,0.0011791866237569337,0.0009018000936427129,0.0032135691197283656
2026-02-24 00:00:00+00:00,-0.014644687603096673,0.007517504160697852,0.006152855138674029,-0.000299012189967085,0.0015936257102182605,0.0012363399040031808,0.002071007468392283,0.0020049784600901788,0.00817513908812284,0.0013377062584327692
2026-02-25 00:00:00+00:00,0.005862447678678162,-0.010614268757708434,0.013790059430137891,0.014681916424132302,0.008175676065124371,0.006897673764379775,0.008513765665305817,0.007511787844843187,0.003254818992169062,0.007405424178558828
2026-02-26 00:00:00+00:00,-0.016982578456652186,0.008557893270180639,-0.013830322076254009,-0.008486345579848953,-0.0021109746376123395,-0.004874689817747746,-0.003817406893984243,-0.005846087949881729,0.001835438072111506,-0.004948131678168988
2026-02-27 00:00:00+00:00,-0.0018505666898225304,-0.0019221373624842553,0.010133345456270204,0.011606215756266414,0.006659617317342104,0.009924417531686602,0.008874210850387643,0.008176341624495986,0.007724702525235161,0.009301228317885712
2026-02-28 00:00:00+00:00,0.0005352136746219482,-0.0029977953476678643,-0.006471362144316095,-0.00446146219800847,-0.007043077406568621,-0.008532008872847663,-0.0062053067179410615,-0.006642051699585316,-0.010687873561538552,-0.008481259662168839
2026-03-01 00:00:00+00:00,0.0003244145075682603,0.001640160272235569,-0.006057925774165085,-0.0056023457318996606,0.0012924477641980125,-0.0022385058126226376,-0.0030686119906265796,-0.007071992454609655,0.0006399477194209968,-0.002114631945213996
2026-03-02 00:00:00+00:00,0.0029332589960395783,0.005388369739252052,0.0014026682939165536,-0.006152353764161789,-0.0059228669662946265,-0.0034847677088054585,-0.0016708021480561497,0.0020609904896804476,-0.00024991086079328984,-0.003494668197126183
2026-03-03 00:00:00+00:00,0.013341528024234828,-0.009064036663342323,-0.0009434092927154136,-0.00018708173255321814,-0.006899144929853995,-0.007078980718713268,-0.0037300558254800276,-0.00043007651660742496,-0.018571449428056663,-0.006997270674924616
2026-03-04 00:00:00+00:00,0.005130309870422289,-0.008768690909421673,0.0019397710415554048,0.0029090688547952492,0.005012577660840956,0.002659789481012087,0.0005522607650618738,-0.001661383959068674,-0.0033540980536246323,0.0023332310445163262
2026-03-05 00:00:00+00:00,0.0033918783403383834,0.004582630699851986,-0.003523623554235078,-0.0006720001536633102,-0.004809825655066047,-0.0018743488589361146,0.0005995465237731423,0.0032894541467940464,0.0034330694174571352,-0.0019798490742581887
2026-03-06 00:00:00+00:00,-0.0012442435760298132,-0.0026250667694052154,-0.00747742056753542,-0.0033387097014649925,-0.00478447071791166,-0.00906169188457151,-0.011226712171701902,-0.009479686849150126,-0.00727669468084613,-0.009609045877584932
2026-03-07 00:00:00+00:00,-1.1740557771311444e-05,-0.0014754017285356635,0.003274269801543106,0.004984843450482002,0.0007185013727117884,0.0031939774578544355,0.002170316835835795,0.0035153715526858864,-0.0004314437744323829,0.0032093564151312037
2026-03-08 00:00:00+00:00,-0.0017933878684304183,0.004749282113452491,-0.006205413678267657,-0.008897364411870168,-0.0068652067135326345,-0.00932466868056503,-0.008010610153700526,-0.005346605246074887,-0.002318407278368073,-0.00917222933840145
2026-03-09 00:00:00+00:00,0.002044251459902169,-0.0017780970362138993,-0.004619057898958223,-0.002896103905378755,-0.002724474347070016,-0.0047693148230923965,-0.005176712449732057,-0.005337997644030867,-0.005302993467714234,-0.004287547277835535
2026-03-10 00:00:00+00:00,0.0005740391334243533,0.00269398160208123,-0.0006984726981342781,0.0033741014555404014,0.0017130013905435337,0.0033323692268338867,0.0036544071116360044,0.0036362674890557667,0.0035269219345481773,0.003304143547487648
2026-03-11 00:00:00+00:00,0.0038394333944617998,0.007104376167100357,-0.004077609871962484,-0.0028460503816868377,0.0023349959259226782,0.0035423601560267137,0.004354932526118738,0.002954573014226858,0.006386505211300353,0.003551682944886947
2026-03-12 00:00:00+00:00,-0.005933667901102724,-0.009587736476640574,0.009864344831221006,0.004140239247987232,0.010090704123266958,-1.1390946434319815e-05,-0.0030317518121421028,-0.010796255690444623,-0.006968684122476199,-1.949856604044342e-05
2026-03-13 00:00:00+00:00,0.0074273968449976024,0.0015512186655897153,-0.003092724726086238,-0.006153063479087839,0.0027755780403182495,0.0018324514517387147,-0.0003550156413200112,-0.0009019734913585653,0.003327718573068461,0.0017926486233836858
2026-03-14 00:00:00+00:00,-0.0038864637997828577,0.0020530852915963127,0.003524276954828487,0.002037350793527626,7.655503993864166e-05,0.0013335611741351894,0.003025277084681255,0.0036839357296436503,0.00383017392648366,0.001384531785720844
2026-03-15 00:00:00+00:00,0.005601093870541973,-0.00453155405557637,0.00994226169201995,0.012276763955292092,0.008444316519384154,0.011050890648025558,0.013149785056035146,0.010366780821586152,0.0026462354477652106,0.011015001222984822
2026-03-16 00:00:00+00:00,0.0005226980808563653,0.005288305037876917,0.016137398769817235,0.013531963557770421,0.006155457301994405,0.01751102307720709,0.0192869328450187,0.02099991733455364,0.011378547751547119,0.017560983425235488
2026-03-17 00:00:00+00:00,0.003880789572638488,0.006270516221545286,0.005130386967524547,0.0059620375901994205,-0.0008696012781163054,0.00684448024831541,0.010091822750431634,0.010770016119649117,0.007596375391525356,0.0067468968427866205
2026-03-18 00:00:00+00:00,0.0018006160327506127,0.00026241398643800373,-0.005429271078164821,-0.004385200886227403,0.0032428101547974375,-0.0012707217696606987,-0.0017066087102102223,-0.0007218035405380796,-0.0030981688112422523,-0.0010454287592115419
2026-03-19 00:00:00+00:00,-0.0032140922494925395,-0.006054534566683478,-0.009157186521624006,-0.008995571934234059,-0.0019547364538347045,-0.009869005496254024,-0.012624010033530975,-0.014534474513470674,-0.009140787745141155,-0.00976672357972197
2026-03-20 00:00:00+00:00,0.003301266625191257,-0.005110873773240376,0.005386403706698406,0.0047771146615389615,-0.0022217383255132006,0.0048218896425082924,0.00661006601609615,0.005656449722381662,-0.001873562654838512,0.0046663992653523945
2026-03-21 00:00:00+00:00,-0.0005779106836940606,-0.000746530572901305,-0.001170403890897842,-0.002864310057157038,-0.001481599846199888,-0.002941007971380083,-0.0036254813798748398,-0.0018781940081027404,-0.002784570682540344,-0.0029536441390799473
2026-03-22 00:00:00+00:00,-0.007169286940723163,0.020138695257425177,0.0004239050004275491,-0.013937417544274466,-0.02654560782852966,-0.006192182666919677,-0.007274969921185037,0.0010347257417526734,0.005455109548132997,-0.006430175272906902
2026-03-23 00:00:00+00:00,0.0062663948015597715,-0.0023187713253713937,0.006156297029557001,0.0071271973490321106,0.007287076785684743,0.011412941924542563,0.00941262096526252,0.007165233909526281,0.006236055607376612,0.011796349478266022
2026-03-24 00:00:00+00:00,0.0058366051671538965,-0.011619727741522534,0.003581305180986538,0.0032742408196493322,-0.005941818985320646,-0.003667361577988859,-0.004340663730484584,-0.0026498837372459505,-0.010673983960727496,-0.003699979713016388
2026-03-25 00:00:00+00:00,0.0008189740915722776,0.007821736526939516,0.0005757008819995413,0.0010448463606460567,0.003637708883684976,0.00643624357446404,0.007142781572419876,0.00676541170849676,0.013167914884371745,0.006457712450231634
2026-03-26 00:00:00+00:00,-0.004097974747464872,-0.00021845751773841293,0.0013311684774124366,0.0020917454398017288,-0.0020296163046156224,0.0001674650705403291,0.0007562014335285028,0.001156288881219547,-0.0007335662914134122,7.847694406692973e-05
2026-03-27 00:00:00+00:00,0.0021235076910981476,-0.0016381834541711049,0.0008179864221888877,0.0008859237556966271,-0.007422626241319175,-0.005700744056275853,-0.00381247195995138,-0.002529233988761148,-0.007657821541918741,-0.0056490940988754845
2026-03-28 00:00:00+00:00,-0.0029660543284507623,0.0014900769106347411,-0.0008914169732794353,-0.0012861903292544774,0.0035783140858958173,0.0010021564051065912,0.0008550821452604218,-0.0021274134692255142,0.004559772338805557,0.0009731379950235208
2026-03-29 00:00:00+00:00,-0.0016941896210616036,0.005911622765776725,0.00020863836089790588,-0.00105381904564128,0.0002362574413865559,0.0021078325612542415,0.0021416839932630882,0.0032901411888741627,0.0050183121074294235,0.001977763626769713
2026-03-30 00:00:00+00:00,0.0020736209330023403,-0.0013246818199696975,0.0018647705634584621,0.0008381733907245614,0.003404523124847625,0.0009433507469971403,0.001004554324886886,0.00018669453529129854,-0.00014252798926606136,0.001353959058284726
2026-03-31 00:00:00+00:00,-0.0007990487763379628,-0.00733482357393711,0.00746411382661627,-0.001395623267464341,0.0029229259146310582,0.0034872903897473773,0.002094492990845076,-0.002744530249283783,-0.006057062546340974,0.0034433277765724135
2026-04-01 00:00:00+00:00,0.0007470397684237184,0.011809204874928092,-0.002872230487905414,-0.01564348370889479,-0.007079745094025758,-0.00516887537977484,-0.0030039292745455137,-0.0020609876239079394,-0.002723982483382681,-0.005149354059467592
2026-04-02 00:00:00+00:00,-0.0030542888820426217,0.0018327743939745567,0.00017256951290844924,-0.005514569747968823,-0.014313160233487943,-0.010000045022883208,-0.007341181207360381,-0.0019549320487669553,-0.005388761839299261,-0.010255813651092405
2026-04-03 00:00:00+00:00,-0.008370196946967723,0.0012450236100869372,0.005855674290038193,0.00644773147941935,0.0075538001181714165,0.0070023953873348255,0.006846790349013032,0.0026682520917213903,0.007633576964305888,0.007008606942268125
2026-04-04 00:00:00+00:00,0.004532096820105247,0.00381537923794939,-0.02147754631963117,0.0017750525461341926,-0.0077287065610606165,-0.007014150333619629,-0.006158347653269058,-0.004071897400869662,-0.00885958805284337,-0.0066715075269299096
2026-04-05 00:00:00+00:00,0.0012123020952741204,-0.008334724561678164,0.003974887735045174,0.00524179781944234,0.00017867332911003508,0.0019045838711231333,0.002031404356329647,0.0009778980143362315,-0.0027637812608851675,0.0018017281419542286
2026-04-06 00:00:00+00:00,0.0018216029974884584,-0.0014833457244458614,-0.0018935052015220943,-0.002770974168023521,-0.0029893624473221747,-0.003021909452760041,-0.0034924930520171538,-0.0021445063079890136,-0.004074786067473801,-0.0033137520623588435
2026-04-07 00:00:00+00:00,0.003050122612593409,0.00174309709517817,0.0030877336055255,0.0015890824019977323,0.008770016634651157,0.008713328122173847,0.008648336479133212,0.004968721523806563,0.008104707464484884,0.00786867526608881
2026-04-08 00:00:00+00:00,0.0014710276611018536,0.003971146106631851,-0.0002685384367037136,-0.0018726739103714918,-0.0027684281613469253,0.00037818730582950266,0.0014446705527744186,0.0027937309777974484,0.0013142639258014732,0.0008974292273595808
2026-04-09 00:00:00+00:00,0.002366257751566847,-0.0007739798115664609,-0.0068061948345735646,-0.005045568237890263,0.00718432125360402,0.004135294216140117,0.0006931403212242504,-0.003179701662155643,0.0030783629682789027,0.0008199249590934432
2026-04-10 00:00:00+00:00,0.0016132027467661292,0.0016020794763265123,-0.00019894871962822247,-0.002385038185008681,0.0007563282670710603,0.0011789413044618335,0.0008745108521024392,0.000933130248101044,0.004673983029864548,0.0015595820051836906
2026-04-11 00:00:00+00:00,0.0003319153339449432,0.002949742653429066,-0.0060143640796297415,-0.00993116284424922,-0.0056079181036645664,-0.008565870925333674,-0.00475233459733071,-0.0019064735976657143,-0.008356280710767328,-0.00624249151062739
2026-04-12 00:00:00+00:00,-0.005949481852744021,0.017240504589002947,-0.015269528657233078,-0.004979029296865334,-0.001659643472108785,-0.0011282565740580175,-0.0010736569813375452,0.0015766015831633062,0.005306192001075072,-0.0003767876055454922
2026-04-13 00:00:00+00:00,0.003294603332972157,0.005413772086207969,-0.0064575031132025895,-0.006097046064539757,-0.003748983834701125,-0.0031447680914261644,-0.0037429998647164897,-0.0007104783834901429,0.0006040238539537501,-0.002504271500332944
2026-04-14 00:00:00+00:00,-0.003545616461826051,0.0020211241407344094,-0.008501316247111701,-0.0036065263873440445,0.0049392887452877066,0.0012158691893551232,-0.0011235409016544518,-0.005463312792608699,0.0003616749911219408,-0.0020533000046926153
2026-04-15 00:00:00+00:00,-0.007388792227145724,-0.0012275699831454379,0.0007893283251820815,0.0016398627550187062,-0.0010730608157368815,-0.0016254445404592088,-0.0008893585216021016,-0.0010345939340966614,-0.000756687812020651,-0.0009459374832642142
2026-04-16 00:00:00+00:00,-0.011801376612844083,0.0014743848849845254,-0.01157930580148736,-0.003952925733439083,-0.02428361049588812,-0.025562734873961324,-0.02504222736878914,-0.01520577259256406,-0.020307567884711886,-0.024238375081836017
2026-04-17 00:00:00+00:00,-0.0015856705072263555,-0.0025182897906900203,0.014218370284500903,0.01332211489925128,0.009006759468624947,0.012468614478728934,0.011734269855506518,0.013274373125966576,0.013656496512498117,0.010740940808075417
2026-04-18 00:00:00+00:00,0.005701341165537777,-0.004838849337662321,0.00365932907589106,0.008218719461626556,0.01581430229866232,0.012447579596163383,0.009419450907436122,0.0022193115309938616,0.00319808541491029,0.008473302237692604
2026-04-19 00:00:00+00:00,-0.00334033898284003,-0.005323964652840241,0.0002510240508386552,-0.003029053406168769,0.0034625426382330904,-0.0016582824608233349,-0.005829210721086997,-0.016831270688421718,-0.005453925924629011,-0.005118674773356036
2026-04-20 00:00:00+00:00,-0.003907483477939788,0.008755455270122559,-0.00027673265666861013,0.00267335152096404,-0.00393901773587213,-0.002085077259448065,-0.0008551213070696617,0.002277769812025099,0.0009594791468570119,-0.0016116204728053862
2026-04-21 00:00:00+00:00,-0.006155677419451,0.00040119840851460253,0.0005198887732642543,0.001001290921609277,0.0033528340050144045,0.003349695025589128,0.0017355119440778388,0.00020801381631141425,0.0030969803144289543,0.0009849499028682374
2026-04-22 00:00:00+00:00,0.003999679188730454,-0.007188480496054139,0.0009213921389681357,0.001811803126396061,-0.0006855213992923437,-0.002215965975905787,-0.002205164178346042,-0.005875996817650053,-0.004207739141331213,-0.00267467894778195
2026-04-23 00:00:00+00:00,-0.004529248139344744,0.005766481067344786,-0.0013336345027998853,-0.000698399989307541,-0.0002658348268946842,-0.0005796592934258493,-0.0009016019765782923,-0.00023473105676041772,0.004329641622954572,0.00033856221041062007
2026-04-24 00:00:00+00:00,0.0002026984893395145,-0.004928503081284008,0.00895291120537034,0.008886825116593,0.0028829084031858354,0.0072224291714546585,0.008365199040684557,0.015626491071839776,0.004737540127673023,0.007905676637687709
2026-04-25 00:00:00+00:00,-0.002149196849010937,-0.0006159465511429429,0.0018302780619670056,0.004332061296153933,0.0020959827744346793,0.0030145412380984116,0.0026369278100590865,0.0031807740744982382,0.0026943236134109316,0.0027633982822279357
2026-04-26 00:00:00+00:00,0.0026849441732470503,-0.0039194363883464645,0.0007186714497202651,0.0023349594449861844,0.002709921413809324,0.0019399823805956729,0.0016534836945247822,-0.00023125968105985883,-0.0005353281367872498,0.0020333615500567337
2026-04-27 00:00:00+00:00,-0.0013869665915124951,-0.0023569418512754403,-0.0023589339283077715,-0.001684855571738253,-0.0024734277099821567,-0.006057979686857506,-0.004669911365752566,-0.005129524156982979,-0.010675518747422563,-0.0044384136639825655
2026-04-28 00:00:00+00:00,-0.00185464195669105,0.0022353206332932363,-0.0008464375864822848,0.00014549635730820576,-0.0023428575789703476,0.0008812934977235898,0.0013949072595049739,0.00113695959692528,0.0029631785568364766,0.0015393153152591932
2026-04-29 00:00:00+00:00,0.004224594041023932,0.00040419114912815246,-0.00041026166044755286,0.0032765304465702805,-0.00010438190632355848,0.0008398294594591516,0.0019705828292806427,0.0030696044971108005,0.002025367109297349,0.0014379041405632176
2026-04-30 00:00:00+00:00,-0.0010965190991729656,0.008793894423414939,0.0004179870272389419,0.000711203617429712,0.0017792346661347214,0.0041200487587373935,0.005360319889721854,0.006589087669086169,0.009945378484276679,0.0053831055724480326
2026-05-01 00:00:00+00:00,0.001252346871442711,0.00216496087600504,-0.002108951493535627,-0.0007138447249359636,-0.0003307257160167776,-0.0010602730573728847,0.0008060983509416975,0.000619202170251798,0.0013340400567538602,0.0006648546624865581
2026-05-02 00:00:00+00:00,-0.007104584060176888,0.010625776949274357,-0.004367960238265578,-0.007531792572760931,-0.004439348492156214,-0.003944251797819653,-0.003753768995176987,-0.0006311826584057822,0.0042432993691423615,-0.003460543929758031
2026-05-03 00:00:00+00:00,-0.003450490053405697,0.001667828865732579,0.0028829280252880007,0.0019638759813707107,0.0012458385709830377,0.0029382913817279643,0.0035243431972222794,0.002907962528336805,0.004773089910845352,0.00308419604498833
2026-05-04 00:00:00+00:00,0.0035253117119939947,0.0016502898310506442,-0.0009649420928424801,-0.001076940592030451,-0.005061956059721373,0.0008615504145190744,0.0010526981145329017,0.00533777685255532,0.0017096657545223604,0.0006758930887238446
2026-05-05 00:00:00+00:00,0.004001770038795982,0.0007517608815759136,-0.0029885339157479374,0.0007813901790876265,0.002072952167869291,0.0021517868612659363,0.0029044113842313646,0.003593501668893495,0.003535793412008381,0.003065266581444792
2026-05-06 00:00:00+00:00,0.0029494281337900663,0.00023223548076889422,0.003740519289117339,0.004337851975123375,-0.0025060693023476466,0.001184793294645603,0.004040616164403765,0.007316187499055715,0.0010279221842079966,0.005016403609880982
2026-05-07 00:00:00+00:00,-0.0014365690790313357,-0.0016633279027904457,-0.005552296137753321,-0.0029193220842693712,-0.00888090487981441,-0.010389116781298169,-0.010757129319331149,-0.008141490749147495,-0.010592142838381613,-0.008034130848946996
2026-05-08 00:00:00+00:00,-0.01174169887074783,0.0008928605333629047,0.0025838404077476174,0.003246251261900035,0.0022484539163440953,0.0005022244072268034,0.0010540113560559838,0.0005252597202844989,0.0035849182580731664,0.00021689285925763357
2026-05-09 00:00:00+00:00,0.002457271049567389,-0.0003787537792957485,-0.0003609136358084797,0.0009784891275019802,-0.0010330471715117584,0.0003832215734542732,-6.628086401694322e-05,-0.0002973103989860615,-0.0004301375433031218,0.00017295944673234587
2026-05-10 00:00:00+00:00,0.005609642522898195,-0.0030266974618152753,0.006214174620774893,0.00857058168034186,0.003758917537564077,0.005472084144263256,0.005789312953933701,0.006252627554312884,0.0023656517917889364,0.004987553179034654
2026-05-11 00:00:00+00:00,0.0001255688557584289,-0.002515562424722173,0.0025137637146193104,-0.00021461013943102625,0.0003148828797321368,-0.0009929273929939475,-0.0013606563767267765,-0.000360007637257187,-0.003044285190987317,-0.0017047162607427557
2026-05-12 00:00:00+00:00,-0.002094005377413999,0.0032206018901344002,-0.0039432762498372576,-0.0034804439733765458,-0.006955764696799149,-0.006062224365347868,-0.0038769884451098635,-0.002108859112361583,-0.002990468463350826,-0.0014343154236265976
2026-05-13 00:00:00+00:00,0.004669834499053449,0.003709160279699253,0.003952857931260434,0.004005661742147781,0.00296727067157887,0.0038189900992562364,0.005901693793964435,0.00689298347772449,0.0049012879043266455,0.005076491443220421
2026-05-14 00:00:00+00:00,-0.0021026983658503084,-0.007442499299956773,0.0031133377166940868,0.0009484591637614059,0.007038620333767565,0.003235897282846345,0.0007060447465303543,-0.0024737562878044406,0.0029214854415859914,-0.0032061716201354784
2026-05-15 00:00:00+00:00,0.0019071687564959916,-0.0012913340316740296,-0.002231427159983368,-0.0028194898509434907,-0.006202893787946362,-0.006177301003733371,-0.004446453882850032,-0.003633319655260814,-0.004590510544454363,-0.0033892428398734076
2026-05-16 00:00:00+00:00,-0.001473917844666106,-0.0013276562729148678,0.0014994535827854705,0.00413045217860919,-0.00023898334407446153,0.0003726179563132703,0.000680057809630874,0.002519032419825429,0.0002516266839733827,0.0016817368993273796
2026-05-17 00:00:00+00:00,-0.006176270549770768,0.0024431781301585964,0.0012806444636994652,0.001288210111553889,0.004121522436937752,0.003213094126842453,0.0022368098270502124,0.00016059862891570909,0.0039378056265770844,-0.001443932655563307
2026-05-18 00:00:00+00:00,-0.0017237297776409033,0.003346650515511085,-0.0005357869337220267,-0.003762267274482811,-0.0002196176652066173,7.245252408050185e-05,-0.0008620280794698898,0.0008621298362350149,0.004723318606558058,-0.0009341535137755708
2026-05-19 00:00:00+00:00,0.0007517202602742579,0.007865420142960433,-0.002574764367551774,-0.0037728543493528166,-0.005623456402255256,-0.0001771983783385167,0.0003462419475563916,0.004252979918636823,0.004935431565132431,0.00392688616993464
2026-05-20 00:00:00+00:00,0.0031703704037249203,0.003345074037147233,0.002077863550819403,-0.005497367702327893,-0.0005089798388628886,-0.000584978064601116,-0.0009995601927909048,-0.00016141621196330558,-0.0007081004289132276,-0.0015115844800335232
2026-05-21 00:00:00+00:00,0.0010009618446287227,0.004649179858054575,-0.0017817427241823003,0.0026156098715923726,0.0007407738943665532,0.0031951232608671276,0.003240525060938415,0.004079496008487782,0.00552974450212651,0.0032393514398221246
2026-05-22 00:00:00+00:00,-0.003772822593616665,0.003573839810081525,-0.00020254271643904698,-0.0035189841415766976,0.010568951962419693,0.006286022739102837,0.0054413115909730525,0.00016860206443136683,0.008673760116423734,0.0009083730929531075
2026-05-23 00:00:00+00:00,-0.0027715307557049096,-0.0009128631026730227,-0.003571292865191311,-0.003733448564604447,-0.004605626464613821,-0.005751282472703845,-0.0056001819722245605,-0.0032712689604638134,-0.004543948694160416,-0.003926473764567895
2026-05-24 00:00:00+00:00,-0.002569063027447527,0.0008272852261352881,-0.001841555384686111,-0.0026284167072866405,-0.003345161676479358,-0.003935493320566086,-0.0022005937627775918,-0.0015582784049992249,-0.0017822182454501068,-0.001417742092220231
2026-05-25 00:00:00+00:00,0.011991343373118468,-0.008552092682268309,0.00848045447712864,0.00615494310111786,-0.00226562796037455,0.0014986768775944181,0.0037365209048578762,0.0069775365731181704,-0.007242490293120518,0.007031799160405416
2026-05-26 00:00:00+00:00,-0.0044653628356579045,-0.009858062813593693,0.00975296982396956,0.005829351543524153,0.000506811255888362,0.0016955641537725885,-1.8762582561726582e-05,-0.0019725083887207617,-0.0058532336332539625,-0.0013630999261556864
2026-05-27 00:00:00+00:00,0.0038372278248928193,-0.0073627078617820585,-0.005257266525050763,-0.003644427385272153,0.0015263137397498738,-0.0034828359280931753,-0.0037697441488665495,-0.006778712100741657,-0.004661450464997996,-0.005460749913745677
2026-05-28 00:00:00+00:00,-0.0039081347165074165,-0.001274666146749981,0.0012874148982850997,0.0030248358787527962,-0.005490606155986066,-0.001573504840553075,-0.0007846501642077008,0.00011526726896371464,-0.0058793367541348784,-0.00013273591045681599
2026-05-29 00:00:00+00:00,0.008592849552447435,0.005707121632109624,-0.014330346447733122,-0.014692669808390568,-0.0009326898838749598,-0.0047282055232092945,-0.004800155612103674,-0.002998709312848402,-0.0001441384885584318,-0.0023056697095765744
2026-05-30 00:00:00+00:00,0.006564455102546551,0.00406378692801912,-0.0037664595770536824,-0.005033320354708937,0.00046130027059243517,0.0003179078921440315,-0.0004584138204237753,0.0008429895785020403,0.0003326862107311257,0.0002736005922303608
2026-05-31 00:00:00+00:00,-0.004300145393582144,0.00923096879021812,0.0008773311922591898,0.0018056035145010974,-0.007560648721413155,-0.0009379408740005646,-0.0007906150105716492,0.004251551313295021,0.004926406387760762,0.002751633069682846
2026-06-01 00:00:00+00:00,-0.0076643571736485505,0.005324049336754566,-0.004158105059451689,-0.0010308666341696249,0.0039814364973431715,-0.001563416811666829,-0.0010697265615126073,-8.599878584603093e-05,0.006740909472854328,-0.00424118959508013
2026-06-02 00:00:00+00:00,-0.02570949066682604,0.007247329642670941,-0.008964263960398844,-0.0016229333776236476,-0.0034014790562335584,-0.007598650537275153,-0.011088509105923405,-0.009067673404976606,0.004877285137770526,-0.01277955900596317
2026-06-03 00:00:00+00:00,-0.002421352011323985,0.0062649718832983314,-0.006666433561347107,-0.0037528619361271165,-0.004366474359904227,-0.003950987206362999,-0.002786500658065183,0.0009755891188460986,0.002327596125753839,0.0005638150274747122
2026-06-04 00:00:00+00:00,0.002424445064366676,-0.004936259878156379,0.005640882410538506,0.005543899046663192,0.001969377130691452,0.0023760523922649046,0.0038605897927448396,0.0011664264130029078,-0.0036990694886228637,0.0016508157844159488
2026-06-05 00:00:00+00:00,0.006820667931005442,0.011862324633276078,-0.011978319329499443,-0.01487599478715207,-0.010136825345735567,-0.0056360096915312186,-0.0038883470711946755,0.001031493031595332,0.01391285913498197,0.0023738139173850037
2026-06-06 00:00:00+00:00,-0.0029337066763743813,0.0224526663470328,-0.01911354867313675,-0.019372501915867146,-0.013869252556121259,-0.010238056337441681,-0.010166006554300555,-0.0017595925801004997,0.01808164997230688,-0.0006505866285864137
2026-06-07 00:00:00+00:00,0.006961469243182972,-0.0016930925027011101,-0.0042783060375789495,-0.007760290350608212,-0.011179461281044967,-0.01425739902468881,-0.008062086029256621,-0.012501484881897063,-0.005254834176839807,-0.009953358944995161
2026-06-08 00:00:00+00:00,-0.0034754833733382506,-0.0074601236983347086,-0.0033863230428801128,-0.004746918775199727,0.0009957577887613756,-0.0020035514252814135,-0.011876505355659206,-0.007633282437387923,-0.015593340437888847,-0.007325576236540843
2026-06-09 00:00:00+00:00,0.0008777097711334392,-0.0005507891503047091,0.008646226745925967,0.0033983380200095503,0.0007137430556627411,0.0013942706797518412,-0.0012397410729571012,0.0006275978084260281,-0.0026104143821112924,0.0011489082257774008
2026-06-10 00:00:00+00:00,0.0067548648316861915,0.017720103414765154,0.00897331087143427,-0.00927582210475597,0.004369589808988605,0.016166383069891044,0.021782769636595534,0.01885009479460753,0.019772946934622393,0.018310770351925187
2026-06-11 00:00:00+00:00,-0.012944351597717785,0.020909896928592575,-0.020228580226936854,-0.01800514749698645,-0.007013729006601133,-0.006636984237418875,-0.006428424363256968,-0.003858557921949557,0.01654363434616002,-0.0036576799751797395
2026-06-12 00:00:00+00:00,0.0013434856677134732,-0.004830015212761718,0.01161532459430803,0.011328305584339837,0.008575866152251477,0.009197255307658914,0.008880754798652246,0.006539056386837716,-0.005810273059203008,0.005957817709378199
2026-06-13 00:00:00+00:00,0.0015100879638552112,-0.0104411266190082,0.017848822527936736,0.019442954758081,0.008313393026102123,0.01125493441574199,0.010852721108600027,0.010946967532091678,-0.00809314753910051,0.009230516571757663
2026-06-14 00:00:00+00:00,-0.005986201071682462,-0.0016508138653699156,0.006207864979057565,0.007032498937371123,0.0004598385826732887,0.001625095652812103,0.0029623507517893,0.004658795226320844,0.004114714530648378,0.0053356561582269535
2026-06-15 00:00:00+00:00,0.0018422707682985706,-0.004501883565391607,0.0007486885778835717,-0.0023322931928571045,0.003156421954147337,0.0012383453387267984,-0.001357912078694845,-0.004912052676188328,-0.005165045401689716,-0.004461670693061248
2026-06-16 00:00:00+00:00,0.0038932183603928028,0.002363585599737039,-0.002099216105836521,-0.003329508070583076,-0.0007834067206504702,-0.0020497552697078536,1.3119197584732234e-05,-0.0018158912618162493,9.712999853661586e-05,-0.0018167246805839143
2026-06-17 00:00:00+00:00,-0.007797285684549848,0.004477193931363255,-0.0030689842942994705,0.006456224914732633,0.00028383760265082714,0.0007207818196885984,0.0029676139489358544,0.002426762790626924,0.007050742147272526,0.0025796864880658354
2026-06-18 00:00:00+00:00,-0.012616239877147772,0.00294254791912385,0.001313475510146489,8.282678077931038e-05,-0.0030018452165417875,-0.0035447868335067856,-0.0024674160916338117,-0.0008992895481344521,0.00018516190370743146,-0.0012790204582254772
2026-06-19 00:00:00+00:00,-0.007233042926925171,-0.0002164863127540606,-0.0017851450371905164,-0.0014676532625831351,-0.0006278039937844815,-0.0053312600295080115,-0.004847517065829421,-0.004835211440226139,0.0019296468236909003,-0.006373202961223123
2026-06-20 00:00:00+00:00,0.005140793768442231,0.003211033182375367,0.005346835072816303,0.004262253886848866,-0.0039900700185521165,0.005634773386779424,0.008388151472768168,0.011423383975712964,0.005083615119538587,0.011046091548132297
2026-06-21 00:00:00+00:00,0.0005536672786048413,-0.0024807537191059437,-0.004524829681212261,-0.0013311976557551786,0.005492602396808044,-0.001497449223102354,-0.004229768304643278,-0.01057252769682182,-0.005600397501676957,-0.008988630306379197
2026-06-22 00:00:00+00:00,-0.0013677543767297573,0.003606790770126267,-0.0012190577143511572,-0.0006550614076399341,0.0005895871141807785,0.003495952442158723,0.0035024999343278296,0.004071091945438754,0.003555404157872699,0.003491245977126578
2026-06-23 00:00:00+00:00,0.009039502721621906,-0.0075674573645628795,0.0009399589197305325,-0.0022455452948469956,-0.0011618082767954618,-0.004873011537600669,-0.0076078760331586,-0.011167357534528577,-0.010871872172408037,-0.010427435306419208
2026-06-24 00:00:00+00:00,-0.01281161694258759,0.005779800663762158,0.005206981914414044,0.0022907897556407875,0.008072138995645073,0.01018755022665152,0.009528253559478506,0.0077032450126233165,0.006767842960097914,0.007611950129412737
2026-06-25 00:00:00+00:00,0.0033058313899114733,0.003578922962001352,-0.00501869984010872,-0.006715632677023575,-0.009031744689128596,-0.0073467020408686246,-0.006013885682295661,-0.0005197610736364933,0.002263183576643346,0.0006460666431231665
2026-06-26 00:00:00+00:00,0.013578561416446089,-0.003911787741926576,0.005759068360435826,0.0058168492997556775,0.0027620818562998917,0.009430563947104842,0.008928490338758976,0.0054703456915823345,-0.004115898232619153,0.006228012933192417
2026-06-27 00:00:00+00:00,-0.005418769574965898,-0.0018852657766371683,-0.0033709567605016977,-0.00468001437738419,0.003775109932616205,0.0012523482516719753,-0.003720214666486088,-0.007491766579686532,-0.002602399350025264,-0.007334220250931001
2026-06-28 00:00:00+00:00,-0.00022158693994456247,-0.001524852106975394,-0.0022487575579723806,-0.0010523279147527376,0.00216058125089158,-0.0014222305107328692,-0.0027276054947845685,-0.004818282550576813,-0.002612064949996773,-0.004428951632743483
2026-06-29 00:00:00+00:00,-0.000385767587562702,-0.0002575438628028559,0.0016980438610334492,-0.0014575255650249863,0.0005845229612395642,0.000835621718416002,0.0005979341086479462,0.0008209544614854458,0.001050922803654597,0.001596126044911994
2026-06-30 00:00:00+00:00,-0.010864071429429911,-0.003856624124698893,0.0005769176344356808,0.0013373103301554945,0.005117373066853448,-0.0016544008566867774,-0.004064880700792806,-0.00876275181724151,-0.0038773209396852915,-0.00864642987079256
2026-07-01 00:00:00+00:00,0.021286233223291484,-0.0072897668622651235,-0.030311881731931778,-0.027241171965349142,-0.026756515823359694,-0.03791357551934604,-0.03281975401805548,-0.02162315588502739,-0.01574399264180848,-0.02084649697832408
2026-07-02 00:00:00+00:00,0.017452015634744855,-0.009159876682879653,0.013781619118880428,0.016986366540050035,0.006590741393747601,0.007712095179511325,0.004757414695282458,0.0005712546064529089,-0.01263623412197823,0.000806297460948846
2026-07-03 00:00:00+00:00,0.0028090878345214954,-0.0029531952244536974,0.004475589880094999,0.003234659496990977,0.004648247109380943,0.0045027971471836015,0.0055841562722194205,0.0016441756333132052,-0.0019372025620485456,0.0025689874728005435
2026-07-04 00:00:00+00:00,0.001475863945862077,-0.006705406721371987,-0.002180838116354278,-0.001570131434192601,0.003642349347238616,0.0009876825983612392,-0.001926163744612297,-0.00745771289401187,-0.008067842062047137,-0.008619089526861079
2026-07-05 00:00:00+00:00,0.0016691417042262735,-0.0011710028921961824,-0.00015840237697861692,-5.210941147226755e-05,0.0063582661636536475,0.003428764105342985,0.0022243092408877896,-0.0015668813217508681,-0.0005426255119270751,-0.002235670264130629
2026-07-06 00:00:00+00:00,0.006837223979178297,0.002356192121679701,0.00017131268043080183,-4.1186626866807075e-06,-0.0009226945210937254,0.003414312242167483,0.004091361173163444,0.008770275432501196,0.0019461646701395274,0.008542175397565632
2026-07-07 00:00:00+00:00,0.0074048681823106755,-0.0021655453542840375,0.012131036648931781,0.012647228122958376,0.011663943906897067,0.017233315699045848,0.01915219025344861,0.014703307978430669,0.0013827590147876823,0.01631652917251314
2026-07-08 00:00:00+00:00,-0.008517601328953739,-0.0026335777201581534,0.003924101134634483,0.003904331583738596,0.0030890203545290706,0.00039857536127474447,-0.0018539571954795386,-0.0007939783761344854,-0.0017107930697304319,-0.0006121837891867044
2026-07-09 00:00:00+00:00,-0.004236669159698114,-0.0020734922932644784,-0.002832420722367557,-0.0034654867948545887,0.0012267921925694925,-0.005859017935766375,-0.006401464655019784,-0.009090540000378677,-0.003333015279844087,-0.008869393273697512
2026-07-10 00:00:00+00:00,0.004162802214596972,0.001899354633736694,0.00536012527992491,0.0015462687370610961,0.011618301725111246,0.0105321634155493,0.009471233094957343,0.007991724993444027,0.0041014244828656565,0.0077472175685806555
2026-07-11 00:00:00+00:00,-0.0006475522465839711,0.0016244648264505113,0.0050511304754350395,0.006957153958839557,0.005207497830950425,0.009337955584039381,0.01039071641744127,0.010200032103176992,0.0016913557391617928,0.009684592341153708
2026-07-12 00:00:00+00:00,0.0028493730638881054,0.009185166794390742,-0.00569835341163305,-0.006810332326553925,0.0042508973919064275,0.002070744852120887,0.002168069149963925,0.0005165892272269712,0.009357129231171823,0.00041021155537812604
2026-07-13 00:00:00+00:00,0.005053326605339636,0.00020429997051785165,0.007517968964830368,0.006365514650558568,0.0016519490297817185,0.007882085259960148,0.009160408616445181,0.010452655403540678,-0.0005538149764665601,0.010286738028698839
2026-07-14 00:00:00+00:00,0.0023571202871781605,-0.0027479563120611505,0.001537961017522127,0.0012174046155706275,0.008815378463485679,0.0039326621331226,0.0025925901355465797,0.0015012532056060124,-0.0009944206011889278,0.002034328913087302
2026-07-15 00:00:00+00:00,0.022527906537877174,0.005907215717233072,0.0007371398164739418,0.0018348960288459004,-0.0005159828019076773,0.0070158571992846586,0.010793817829461982,0.012876288009816994,0.005702826591053922,0.012990552756780405
2026-07-16 00:00:00+00:00,0.0073714487772389425,0.00773743381991987,-0.0028350420271869847,-0.0023083703079299633,5.0928589335308416e-05,0.0038732759152320106,0.006848787105812937,0.009543882635719925,0.0074366336773317165,0.009041417694846343
2026-07-17 00:00:00+00:00,0.0005467742815628007,0.006369851236686763,0.0017182316097108519,-0.0016321397757066425,0.0020575320028932698,0.003865614762764036,0.002685281355351954,0.0027284824590640966,0.005923176431663846,0.0028504214276465767
2026-07-18 00:00:00+00:00,0.00292947861166426,0.0040327962581949706,-0.004385175437289335,-0.00462060446016932,-0.002577162702630975,-0.0014245480751499118,-0.0002666052497087845,7.404646235675827e-05,0.00418845925898359,8.175274148025657e-05
2026-07-19 00:00:00+00:00,-0.0010748973093254177,0.005658082079820659,-0.00838589914401433,-0.004946574961809169,0.0005367607672850383,-0.0011156361107808044,-0.0014551528471743458,-0.001463816021576081,0.0047962971402710775,-0.001537075633659013
2026-07-20 00:00:00+00:00,0.002847846454596681,-0.0001673414010886498,0.00048549273408937665,0.0005016589634565527,0.005729447944499144,0.0032043325776640597,0.0015684204716830408,0.0013964710072482678,-0.000654386244710925,0.0012154327315003766
2026-07-21 00:00:00+00:00,-0.012328102572077837,-0.012589774971803136,-0.0015669266500891732,-0.00017260250576200953,0.011977878412169796,-0.0013958261567678099,-0.007728981632538101,-0.01751791722808116,-0.012124182535762529,-0.016997450518851043
2026-07-22 00:00:00+00:00,-0.00019796898281043696,0.003859234750084539,-0.0032460882020378667,-0.003975784073444788,-0.0019042152478947472,-0.0014693910817827893,-0.0019149431938000339,-0.0026877391005751816,0.0016426721194768845,-0.002092992312372699
2026-07-23 00:00:00+00:00,-0.003240218135529327,0.005223510421362265,-0.006190945789282254,-0.002103579992354443,-0.0034807919986495905,0.0004320573185092602,0.00025955412642830744,-0.0022236024156047085,0.003800022735660713,-0.0017248902063430327
2026-07-24 00:00:00+00:00,0.01150284076786412,-0.006838871715759365,-0.012606605550172123,-0.012138866013271743,-0.012584825847814285,-0.013757553075378737,-0.012048180490961458,-0.014231839621293818,-0.011649461659456017,-0.013935470339171196
2026-07-25 00:00:00+00:00,-0.00022399445246645833,0.00020025392525857555,-0.0003066826595162775,0.0011030052517113642,-0.0005920402063525065,-0.001801240477924848,-0.0010235871869639368,-0.001734104702452166,-0.00140850410000104,-0.0018906417209041404
2026-07-26 00:00:00+00:00,0.0013585280430146174,-0.0005369680372643293,0.0052794889526111,0.00424935625747036,0.0006961796415199117,0.0035539141187339585,0.004361253332687776,0.0047800892861151745,-0.0005342007725668285,0.004185083136755807
2026-07-27 00:00:00+00:00,0.005728841361325232,0.004907948729606648,0.009014098386146197,0.00925012742645226,4.502141563911266e-05,0.010306390079712457,0.0124615478147736,0.014153052411983502,0.007271902130407293,0.014491050749322554
2026-07-28 00:00:00+00:00,0.006314453208075443,0.00226004478207531,0.000984616685829831,-0.0021049918424632663,0.0036526469525872685,0.0038750750469060957,0.0038142963295511034,0.0016649574372071818,0.0007418853998091279,0.0020911719222029834
2026-07-29 00:00:00+00:00,0.010166735078397826,0.002686616139693232,0.0024786354768935315,0.0017651948219363778,0.0011475494078339032,0.007158134381314296,0.008813861305928317,0.009508872059155848,0.0029978478097376637,0.009995612749304383
2026-07-30 00:00:00+00:00,-0.025203003789534772,-0.013564500790415268,0.0017396541296779144,0.0007205889278532052,0.0062511946738113,-0.011076428039983988,-0.014445188007381482,-0.017945462412622515,-0.013373171901078562,-0.01856355549599431
2026-07-31 00:00:00+00:00,-0.0007630114609289418,0.0059192213802317095,-0.003753472006686076,-0.0049275666673053165,-0.010876752801191825,-0.005229640934370172,-0.0023672558292683332,0.0008779413115034274,0.003783456797904483,0.0008356857112874483
2026-08-01 00:00:00+00:00,-0.0003574130157703026,0.0015768535791473859,0.0030620262794347486,0.003575960634605746,0.0062225355715297415,0.005703243389283852,0.0038972272456745394,0.0026591796308355065,0.0034470687783878518,0.003182684498166388
2026-08-02 00:00:00+00:00,-0.0009258483082166258,-0.003610227432957469,0.00011505383663812374,0.00046169845702914714,-0.0033218133407134642,-0.004006582400498004,-0.004117755558057934,-0.0014000235377482628,-0.003671975486236989,-0.0016059774570603702
2026-08-03 00:00:00+00:00,-0.0037218583012607054,-0.0040265762843525454,0.004706337589136522,0.0049342708515425215,0.0032462177665779635,-0.00021282031924196865,0.0003973755642998622,-0.001784460953950462,-0.004238025510743482,-0.0013870896201734206
2026-08-04 00:00:00+00:00,-0.006095292075228964,-0.004892850930562576,-0.0005616901788479955,-0.003147511636617306,-0.0026497879089697474,-0.00639167930093032,-0.0069512453710212085,-0.006391897376779143,-0.006923646326094879,-0.005936792790904977
2026-08-05 00:00:00+00:00,0.004597307926581751,0.010916968916886871,-0.005516462849500692,-0.003543147611200781,-0.011186556506401213,-0.0026484540338574947,-0.000542351348295611,0.004684138876699828,0.006193238196798179,4.235519256723386e-05
2026-08-06 00:00:00+00:00,-0.0022680091908398037,0.009560394827021312,-0.008954946159973165,-0.006897185528922933,-0.014585324442253134,-0.007009689555599552,-0.004307502375417438,0.0015295178055376724,0.007695988139786225,-0.004119184609676307
2026-08-07 00:00:00+00:00,-0.0034514918554219287,0.002608539111823349,0.0024495139157612034,-2.073261323809472e-05,0.006548425288891879,0.004478432584536396,0.0030575214361512337,0.00027861143178764536,0.00320313647450976,0.002869166550398372
2026-08-08 00:00:00+00:00,0.0013260189027177738,0.0026923643137410913,-0.00482274807356553,-0.00522517271063172,-0.0011779005334847659,-0.0009655055477880703,-0.0028546061108786214,-0.0026689360726354083,0.0009450092492477857,-0.001793542057766273
2026-08-09 00:00:00+00:00,-0.0008162659293158292,-0.0007523373158231372,-0.005324010349373576,-0.005537049032104502,-0.007371786546553349,-0.007772325510644329,-0.006334869595777448,-0.004816543384476901,-0.0009509997210531695,-0.00573100684660055
2026-08-10 00:00:00+00:00,-0.0010298696563488807,-0.005444349709174956,0.00925270144785717,0.00763436221113567,0.01178544329666198,0.010118496170172797,0.006472512590945501,0.0015114865992473803,-0.004235078570117512,0.00548880006719199
2026-08-11 00:00:00+00:00,-0.0018676882565293873,-0.005332899806011593,0.009890902641524146,0.0116157369623473,0.01003409876351169,0.0064175789601581545,0.004127885727082781,0.0009625201637559755,-0.004649818362653546,0.0034165644572254905
2026-08-12 00:00:00+00:00,-0.007055062249279431,0.0024051344300517474,-0.0019355361091172307,0.00016065256340369594,0.003224661097111614,-0.0023938777017932233,-0.0017683021727177284,-0.004067839975213983,0.001958428501894094,-0.0017192848878323508
2026-08-13 00:00:00+00:00,-0.004711507724848185,-0.004280604932821563,0.008124223716674761,0.010477956312626935,0.005886245331145901,0.006558463517850166,0.0035252537176984067,0.002381312925936463,-0.001845390931898061,0.003318757040829068
2026-08-14 00:00:00+00:00,-0.0016035081528325001,0.0015956672334029864,0.0023392392737353607,0.00676959187059234,0.004847062463279039,0.005866037110696443,0.003237862124080282,0.0013962329389862749,0.003928686225909361,0.0020227351734793952
2026-08-15 00:00:00+00:00,-0.00014352082969293356,-0.0025965683311909293,0.00805717463307043,0.010761661212582707,0.008368812107967694,0.00864676818395882,0.006500012563370072,0.0035103640255631507,-0.00044332503179234095,0.005982047705080706
2026-08-16 00:00:00+00:00,-0.0032009440153654145,0.0034766515176751778,-0.0014360653585522298,-0.001962817788621618,-0.004879017294268095,-0.0025919329976813454,-0.0030500953850441936,-0.0010781457090758284,0.0023951552121148634,-0.0024712344293756905
2026-08-17 00:00:00+00:00,-0.0015775487828429968,-0.003486625315426095,0.007872884707684547,0.0076657804423627685,0.0019431498011839299,0.003806718611368831,0.0034481665194856514,0.003142356884442643,-0.002873997439511,0.0036679825315451
2026-08-18 00:00:00+00:00,0.008535507621791893,-0.00274188550611687,-0.0028282341381082876,-0.002843492138683845,0.0014104652826907316,0.002043418736974001,0.001468281043203179,0.0009209662084521675,-0.0044432647797865155,0.0014970835569261265
2026-08-19 00:00:00+00:00,0.00991316514889995,-0.005625364035403924,0.009371103378941426,0.005079993965170004,0.01640041991930885,0.0146349018089591,0.010684252888680135,0.0044680714088385365,-0.003030211129076199,0.00969494159713502
2026-08-20 00:00:00+00:00,0.006976820668739059,-0.0002040063090289479,0.0026753521361528865,-0.0015693577613511422,-0.0018076145897604201,0.0016997525476205588,0.002377768145107373,0.004291045597972554,-0.000368190790852041,0.0017935973004501449
2026-08-21 00:00:00+00:00,0.009029199068795846,-0.002046092229841534,-0.007449039532221424,-0.00512844477921226,-0.001697009979376829,-0.00437238030146192,-0.003962659051228168,-0.0019601463015148646,-0.0015406178213102084,-0.002891187383804894
2026-08-22 00:00:00+00:00,0.00037318195161217815,0.0010538708270326769,0.0015469769880647188,0.005540714227511012,0.005532125466205073,0.005010026596910411,0.005470334316699743,0.004219408270634606,0.0018408964060951938,0.004175251006199199
2026-08-23 00:00:00+00:00,0.0009698450657518176,0.0010885231703139375,-0.0004909764295020214,0.0021453719608766075,0.0020994889546441797,0.0015696738711361569,0.0017436938875181607,0.0019097863206298804,0.0019344649729562402,0.0013683031729969652
2026-08-24 00:00:00+00:00,0.004269274418349678,-0.003619356326905021,-0.0001682270825831278,0.0016712985360591848,-0.002390108692068127,-0.0009151418508828169,-0.0008317312493543172,-0.0009397522672027758,-0.005074798620711585,-0.00027927002955518976
2026-08-25 00:00:00+00:00,-0.003157489146342063,-0.002072254502201165,-0.0005850571095448176,-0.00022003623933819494,0.0013053147135582144,-0.00031528888436627156,-0.0010367900061888369,-0.0029137942743250322,-0.001776450614913383,-0.001154521502584771
2026-08-26 00:00:00+00:00,-0.00143530708630768,-0.004162389396651589,-0.0002593415980961522,-0.0002654283977028271,-0.005820255775396466,-0.006530931272947016,-0.005246714491702109,-0.0020182410558122754,-0.004898312430592688,-0.005150228756173325
2026-08-27 00:00:00+00:00,0.005520926830828721,0.00398199146605438,0.0,0.0,0.0031100611058996197,0.00398338726534031,0.00484491986407054,0.004068934114436873,0.0035767013889422827,0.00446578919043783
2026-08-28 00:00:00+00:00,-0.00138492229241316,0.0001357480652082188,0.0,0.0,-0.00042589074954879624,-0.0003647214459668868,-0.0004153433326267164,-0.0014770363519299723,-0.000971380199200178,-0.000878130753143358
2026-08-29 00:00:00+00:00,-0.0004613663985161276,0.000808780142787402,0.0,0.0,-0.0004756061360760011,-0.0003643587403977522,-7.152662959686307e-05,-3.0816852449100374e-05,0.0002565045726792281,0.0001364252073150496
2026-08-30 00:00:00+00:00,0.0008941043554662187,-0.00014158465622537975,0.0,0.0,-0.00019300988460280166,-0.00046749249031818874,0.0010780535790231305,0.00038785505050586977,-0.0010407781161135832,0.0007030157533718384
2026-08-31 00:00:00+00:00,-0.0009294328797877505,-0.0018614448978097053,0.0,0.0,-0.00019226366732139066,-0.000277019554664637,-0.0005524355037008766,-0.0008422076058106631,-0.0037407724898127492,-7.36901151974223e-05
