,btc,alt,spread
2022-01-01 00:00:00+00:00,0.03232572814525514,0.05161376029425119,0.019288032148996048
2022-01-02 00:00:00+00:00,-0.008895415197985312,0.0064076269474981525,0.015303042145483465
2022-01-03 00:00:00+00:00,-0.017643612521150542,-0.004389712066694077,0.013253900454456465
2022-01-04 00:00:00+00:00,-0.013185042956511572,-0.00364927425336402,0.009535768703147552
2022-01-05 00:00:00+00:00,-0.05261946413773966,-0.07681400491577504,-0.024194540778035387
2022-01-06 00:00:00+00:00,-0.007868878433796689,0.0006873546295880118,0.0085562330633847
2022-01-07 00:00:00+00:00,-0.0354259434944425,-0.059151192033228946,-0.023725248538786443
2022-01-08 00:00:00+00:00,0.0032293028854604167,-0.043632003108976594,-0.04686130599443701
2022-01-09 00:00:00+00:00,0.003914071298609434,0.021734945545582834,0.0178208742469734
2022-01-10 00:00:00+00:00,-0.0011868232276145418,-0.04485632084886773,-0.04366949762125319
2022-01-11 00:00:00+00:00,0.02150948948065312,0.05592101808322117,0.03441152860256805
2022-01-12 00:00:00+00:00,0.02763515709820097,0.06412775099514322,0.036492593896942246
2022-01-13 00:00:00+00:00,-0.030683179309728414,-0.04036330011567268,-0.009680120805944263
2022-01-14 00:00:00+00:00,0.011945177447294952,0.02625199969637743,0.014306822249082477
2022-01-15 00:00:00+00:00,0.00065307696596828,0.012073220174599476,0.011420143208631196
2022-01-16 00:00:00+00:00,-0.00022869476121878396,0.004350793880817731,0.004579488642036515
2022-01-17 00:00:00+00:00,-0.02053661044675159,-0.048720178389859786,-0.028183567943108195
2022-01-18 00:00:00+00:00,0.0038229964951910222,-0.018755954142110783,-0.022578950637301805
2022-01-19 00:00:00+00:00,-0.016054058829059303,-0.044191043036328675,-0.028136984207269372
2022-01-20 00:00:00+00:00,-0.023913837210669864,-0.04240607990690766,-0.018492242696237796
2022-01-21 00:00:00+00:00,-0.10416955124098404,-0.1373561609516125,-0.03318660971062845
2022-01-22 00:00:00+00:00,-0.03794681707945846,-0.10284142301508169,-0.06489460593562323
2022-01-23 00:00:00+00:00,0.033851419355188206,0.042940989812466794,0.009089570457278588
2022-01-24 00:00:00+00:00,0.011545677188607106,-0.043984680224725056,-0.05553035741333216
2022-01-25 00:00:00+00:00,0.007802542600190643,0.01572844216246138,0.007925899562270737
2022-01-26 00:00:00+00:00,-0.003975441771407073,0.007496406507360493,0.011471848278767566
2022-01-27 00:00:00+00:00,0.009339331396621686,-0.0062650581716366385,-0.015604389568258326
2022-01-28 00:00:00+00:00,0.015222051654951274,0.024127344010210834,0.00890529235525956
2022-01-29 00:00:00+00:00,0.01203834549945526,0.03473164251266362,0.02269329701320836
2022-01-30 00:00:00+00:00,-0.007339447617444872,-0.02022746988546345,-0.012888022268018579
2022-01-31 00:00:00+00:00,0.015025874035945241,0.030262373603530776,0.015236499567585535
2022-02-01 00:00:00+00:00,0.006281894657097942,0.009965605747493942,0.0036837110903960007
2022-02-02 00:00:00+00:00,-0.04623723937455859,-0.05115215707836032,-0.00491491770380173
2022-02-03 00:00:00+00:00,0.010783629960183339,0.019986021675693376,0.009202391715510037
2022-02-04 00:00:00+00:00,0.11424392582862986,0.08511298971819822,-0.029130936110431632
2022-02-05 00:00:00+00:00,-0.004219253910951015,0.028415736221303434,0.032634990132254446
2022-02-06 00:00:00+00:00,0.023846946043583506,0.035956579529846724,0.012109633486263219
2022-02-07 00:00:00+00:00,0.034669338913891456,0.04972920304353828,0.01505986412964682
2022-02-08 00:00:00+00:00,0.004370979778913986,-0.026887754676439442,-0.03125873445535343
2022-02-09 00:00:00+00:00,0.007644207146632054,0.02932147753709803,0.021677270390465977
2022-02-10 00:00:00+00:00,-0.019991622721271862,-0.04857161287510728,-0.028579990153835416
2022-02-11 00:00:00+00:00,-0.025425746509937786,-0.07047477004434587,-0.04504902353440808
2022-02-12 00:00:00+00:00,-0.003921304819902827,-0.0017145900277045312,0.0022067147921982955
2022-02-13 00:00:00+00:00,-0.003761622962346056,-0.030590463875811002,-0.026828840913464946
2022-02-14 00:00:00+00:00,0.011512773324599213,0.015116515884995758,0.003603742560396545
2022-02-15 00:00:00+00:00,0.0471358824450665,0.08240970392404944,0.035273821478982934
2022-02-16 00:00:00+00:00,-0.015021468865653365,-0.011647504918831724,0.003373963946821641
2022-02-17 00:00:00+00:00,-0.0768113595998241,-0.08655654716950512,-0.009745187569681013
2022-02-18 00:00:00+00:00,-0.012963150472813156,-0.020796156011159556,-0.0078330055383464
2022-02-19 00:00:00+00:00,0.0021467818289171436,-0.001982165170094473,-0.004128946999011616
2022-02-20 00:00:00+00:00,-0.04205719478885217,-0.06485445498468093,-0.022797260195828756
2022-02-21 00:00:00+00:00,-0.03601168679189193,-0.0816466663284203,-0.04563497953652837
2022-02-22 00:00:00+00:00,0.03313650422858139,0.05249233902201082,0.019355834793429436
2022-02-23 00:00:00+00:00,-0.02575630691929265,-0.035955946554913194,-0.010199639635620546
2022-02-24 00:00:00+00:00,0.02920666813510331,-0.0024550917521673553,-0.031661759887270664
2022-02-25 00:00:00+00:00,0.023236269773535767,0.06441755986736863,0.04118129009383287
2022-02-26 00:00:00+00:00,-0.0027062598519586034,-0.0012545835419397978,0.0014516763100188056
2022-02-27 00:00:00+00:00,-0.03650448985020227,-0.0465431440134599,-0.01003865416325763
2022-02-28 00:00:00+00:00,0.14554576343172676,0.11847801407327922,-0.027067749358447538
2022-03-01 00:00:00+00:00,0.028712779515698283,0.022145201191158145,-0.006567578324540139
2022-03-02 00:00:00+00:00,-0.01145197222153338,-0.014299222542468945,-0.0028472503209355654
2022-03-03 00:00:00+00:00,-0.032725922111302874,-0.02732487466903556,0.005401047442267316
2022-03-04 00:00:00+00:00,-0.07825298295621874,-0.06871736080080408,0.00953562215541466
2022-03-05 00:00:00+00:00,0.006322886343945289,0.01862265668149063,0.01229977033754534
2022-03-06 00:00:00+00:00,-0.024736445113790362,-0.055335455996758626,-0.030599010882968264
2022-03-07 00:00:00+00:00,-0.011387694623331002,-0.006906341235508254,0.004481353387822747
2022-03-08 00:00:00+00:00,0.01965293253046263,0.03161799111294632,0.011965058582483687
2022-03-09 00:00:00+00:00,0.08337918723633986,0.06473301855698305,-0.01864616867935681
2022-03-10 00:00:00+00:00,-0.06033502235469468,-0.0444158241478999,0.015919198206794778
2022-03-11 00:00:00+00:00,-0.01761607015976785,-0.030634721128985912,-0.013018650969218063
2022-03-12 00:00:00+00:00,0.0020561568465373714,0.0029469489948008875,0.0008907921482635161
2022-03-13 00:00:00+00:00,-0.027038662012858428,-0.03055734640897818,-0.0035186843961197527
2022-03-14 00:00:00+00:00,0.05060712118843669,0.03386283314019463,-0.01674428804824206
2022-03-15 00:00:00+00:00,-0.009653551488129852,0.0025151926917751175,0.01216874417990497
2022-03-16 00:00:00+00:00,0.046721499325201865,0.0657139714225574,0.018992472097355537
2022-03-17 00:00:00+00:00,-0.005052814931226557,-0.001778262286346105,0.003274552644880452
2022-03-18 00:00:00+00:00,0.02086649502055149,0.041533247499119234,0.020666752478567744
2022-03-19 00:00:00+00:00,0.010459504448941948,0.042819704400712894,0.032360199951770946
2022-03-20 00:00:00+00:00,-0.021977709406895918,-0.030972487031576755,-0.008994777624680837
2022-03-21 00:00:00+00:00,-0.0067618332081142984,0.013089184739585681,0.01985101794769998
2022-03-22 00:00:00+00:00,0.03337562832463048,0.03472334114002141,0.0013477128153909293
2022-03-23 00:00:00+00:00,0.012233824008613947,0.038167357139959196,0.02593353313134525
2022-03-24 00:00:00+00:00,0.025788527079702916,0.018525023540066594,-0.007263503539636323
2022-03-25 00:00:00+00:00,0.007213451768569579,-0.01510115055783591,-0.02231460232640549
2022-03-26 00:00:00+00:00,0.004484021440214869,0.03100437392916846,0.02652035248895359
2022-03-27 00:00:00+00:00,0.052408224917508406,0.061267381124598626,0.00885915620709022
2022-03-28 00:00:00+00:00,0.006430902504870106,-0.011852919118079135,-0.01828382162294924
2022-03-29 00:00:00+00:00,0.0062943132598640705,0.05247608135480242,0.04618176809493835
2022-03-30 00:00:00+00:00,-0.007703744319200512,0.036632210847235475,0.044335955166435986
2022-03-31 00:00:00+00:00,-0.032881929390562115,-0.014826214222934326,0.018055715167627787
2022-04-01 00:00:00+00:00,0.016705489386015016,0.0377556477734338,0.021050158387418784
2022-04-02 00:00:00+00:00,-0.010193186386605713,-0.0031777349809649813,0.007015451405640732
2022-04-03 00:00:00+00:00,0.013053940857656432,0.03354628989647651,0.02049234903882008
2022-04-04 00:00:00+00:00,0.004063165518489731,-0.03199540182404879,-0.03605856734253852
2022-04-05 00:00:00+00:00,-0.02368996734713147,-0.040389464647161824,-0.016699497300030355
2022-04-06 00:00:00+00:00,-0.05096377541372232,-0.10238296373382078,-0.05141918832009845
2022-04-07 00:00:00+00:00,0.005963896876021169,0.040294641532424944,0.034330744656403775
2022-04-08 00:00:00+00:00,-0.02736018757586356,-0.05578371390824529,-0.02842352633238173
2022-04-09 00:00:00+00:00,0.011804628077255241,0.03142896358794767,0.019624335510692426
2022-04-10 00:00:00+00:00,-0.013745181697119024,-0.03520395405086203,-0.021458772353743008
2022-04-11 00:00:00+00:00,-0.06252432345207926,-0.09202496644530851,-0.029500642993229256
2022-04-12 00:00:00+00:00,0.014051172492001163,0.037854591780379955,0.023803419288378792
2022-04-13 00:00:00+00:00,0.026687002473745558,0.03452448983966381,0.007837487365918251
2022-04-14 00:00:00+00:00,-0.029513880446780938,-0.023745022259976017,0.0057688581868049205
2022-04-15 00:00:00+00:00,0.015372320303437492,0.013576447997871452,-0.00179587230556604
2022-04-16 00:00:00+00:00,-0.004157465549784911,0.0006949142975659062,0.0048523798473508175
2022-04-17 00:00:00+00:00,-0.017638314214216244,-0.03735974069102443,-0.019721426476808183
2022-04-18 00:00:00+00:00,0.028663954541213066,0.03918223512300346,0.010518280581790392
2022-04-19 00:00:00+00:00,0.01685153583617849,0.04091134168323806,0.024059805847059572
2022-04-20 00:00:00+00:00,-0.0035010814290774572,-0.006464270868145461,-0.002963189439068004
2022-04-21 00:00:00+00:00,-0.021242411264115635,-0.042162814449131704,-0.02092040318501607
2022-04-22 00:00:00+00:00,-0.019174384051342752,-0.0020544531774761843,0.017119930873866568
2022-04-23 00:00:00+00:00,-0.006530692490333778,-0.006769738609947047,-0.00023904611961326865
2022-04-24 00:00:00+00:00,0.00046428906688089633,-0.016768225182990024,-0.01723251424987092
2022-04-25 00:00:00+00:00,0.024791166878838755,0.007133722986187464,-0.01765744389265129
2022-04-26 00:00:00+00:00,-0.05734329761698509,-0.07986298265258916,-0.022519685035604073
2022-04-27 00:00:00+00:00,0.02927780709146144,0.03638949026448791,0.007111683173026469
2022-04-28 00:00:00+00:00,0.0133515264352575,-0.0003806194755025383,-0.013732145910760038
2022-04-29 00:00:00+00:00,-0.02920279368275347,-0.0662935165068525,-0.03709072282409903
2022-04-30 00:00:00+00:00,-0.02482876268400569,-0.09675764801513186,-0.07192888533112617
2022-05-01 00:00:00+00:00,0.021959616637200474,0.04933729286451466,0.027377676227314185
2022-05-02 00:00:00+00:00,0.0022138109545919438,-0.01862448592960261,-0.020838296884194554
2022-05-03 00:00:00+00:00,-0.021095064061298907,-0.010828220749810873,0.010266843311488034
2022-05-04 00:00:00+00:00,0.05226593552869119,0.112402279360139,0.06013634383144781
2022-05-05 00:00:00+00:00,-0.07935943957262381,-0.10757315208601341,-0.028213712513389597
2022-05-06 00:00:00+00:00,-0.01476404623549643,-0.009007166930504748,0.005756879304991682
2022-05-07 00:00:00+00:00,-0.01468525057438097,-0.047653585715795505,-0.032968335141414534
2022-05-08 00:00:00+00:00,-0.04045202965034822,-0.021131026822629927,0.019321002827718294
2022-05-09 00:00:00+00:00,-0.1168135872120355,-0.19419555471052757,-0.07738196749849208
2022-05-10 00:00:00+00:00,0.031457317194891976,0.040720851586303376,0.0092635343914114
2022-05-11 00:00:00+00:00,-0.0621699820334749,-0.26091539121803514,-0.19874540918456024
2022-05-12 00:00:00+00:00,-0.0018572848559060828,-0.0773610933594869,-0.07550380850358082
2022-05-13 00:00:00+00:00,0.00873859004090205,0.10703388322539269,0.09829529318449064
2022-05-14 00:00:00+00:00,0.027515602422602425,0.051156787173894214,0.02364118475129179
2022-05-15 00:00:00+00:00,0.04137660489763917,0.0626027609518975,0.02122615605425833
2022-05-16 00:00:00+00:00,-0.046535608024415476,-0.08599991444609184,-0.039464306421676365
2022-05-17 00:00:00+00:00,0.019094844760218166,0.06955954874508609,0.05046470398486792
2022-05-18 00:00:00+00:00,-0.05704898643098866,-0.10727995871318799,-0.05023097228219933
2022-05-19 00:00:00+00:00,0.05642042326641228,0.07110298630142221,0.014682563035009935
2022-05-20 00:00:00+00:00,-0.03730223384641829,-0.034540322024810124,0.0027619118216081623
2022-05-21 00:00:00+00:00,0.00817091428590988,0.04564299506591061,0.03747208078000073
2022-05-22 00:00:00+00:00,0.029108925695100485,0.03329665336073645,0.004187727665635965
2022-05-23 00:00:00+00:00,-0.039172500330207805,-0.0411613625270763,-0.0019888621968684947
2022-05-24 00:00:00+00:00,0.018743749505974572,0.028008262716630636,0.009264513210656064
2022-05-25 00:00:00+00:00,-0.0035893681834895386,-0.020538869522663258,-0.01694950133917372
2022-05-26 00:00:00+00:00,-0.011602514837472988,-0.09530165377273583,-0.08369913893526285
2022-05-27 00:00:00+00:00,-0.01955196273206805,-0.03354908514625718,-0.013997122414189128
2022-05-28 00:00:00+00:00,0.013820956426954911,0.032021866586396094,0.018200910159441183
2022-05-29 00:00:00+00:00,0.014955821743145581,0.05820079517389221,0.04324497343074663
2022-05-30 00:00:00+00:00,0.07719809322033866,0.1105974993531044,0.033399406132765735
2022-05-31 00:00:00+00:00,0.0022473326714262942,-0.0022765954679544163,-0.00452392813938071
2022-06-01 00:00:00+00:00,-0.06292573700067361,-0.09303887450315082,-0.03011313750247721
2022-06-02 00:00:00+00:00,0.021485456540780268,0.038626168230542844,0.017140711689762576
2022-06-03 00:00:00+00:00,-0.024782255865374858,-0.03295733475487131,-0.008175078889496451
2022-06-04 00:00:00+00:00,0.005578988505127391,0.011636640361461947,0.006057651856334556
2022-06-05 00:00:00+00:00,0.002060411948379137,-0.011016335110130742,-0.013076747058509879
2022-06-06 00:00:00+00:00,0.04852239559476956,0.0499312207705444,0.0014088251757748346
2022-06-07 00:00:00+00:00,-0.007751616647322268,0.03492557288881111,0.04267718953613338
2022-06-08 00:00:00+00:00,-0.029744746626561458,-0.015566253979988667,0.014178492646572791
2022-06-09 00:00:00+00:00,-0.0032855841682537523,0.005808459566948747,0.0090940437352025
2022-06-10 00:00:00+00:00,-0.033748375884333215,-0.06175600596751678,-0.028007630083183563
2022-06-11 00:00:00+00:00,-0.02273219683812655,-0.08277813325777444,-0.060045936419647894
2022-06-12 00:00:00+00:00,-0.06517294407865803,-0.08374051115495877,-0.018567567076300737
2022-06-13 00:00:00+00:00,-0.1540841793809078,-0.07729567445358622,0.07678850492732157
2022-06-14 00:00:00+00:00,-0.01552188327436943,0.015426974451105817,0.030948857725475246
2022-06-15 00:00:00+00:00,0.02010604492218393,0.08616845689248642,0.06606241197030249
2022-06-16 00:00:00+00:00,-0.09660352276503825,-0.12724494889934723,-0.03064142613430898
2022-06-17 00:00:00+00:00,0.003428588245680597,0.03581317041105841,0.03238458216537781
2022-06-18 00:00:00+00:00,-0.07320614157293437,-0.054423327499419284,0.018782814073515085
2022-06-19 00:00:00+00:00,0.08462686645885742,0.0861820459898328,0.0015551795309753785
2022-06-20 00:00:00+00:00,0.0002869063712664932,0.03554357625282532,0.03525666988155882
2022-06-21 00:00:00+00:00,0.00695183786175102,0.02875775488769131,0.02180591702594029
2022-06-22 00:00:00+00:00,-0.03551858485692572,-0.0388373824682672,-0.0033187976113414827
2022-06-23 00:00:00+00:00,0.056023306336159484,0.08419615502461855,0.028172848688459068
2022-06-24 00:00:00+00:00,0.006380175004502497,0.049865679285421745,0.04348550428091925
2022-06-25 00:00:00+00:00,0.011808093748822301,0.011861348104152444,5.325435533014289e-05
2022-06-26 00:00:00+00:00,-0.02107821002797783,-0.05756505657849427,-0.03648684655051644
2022-06-27 00:00:00+00:00,-0.01422314792359114,0.007763704878020825,0.021986852801611965
2022-06-28 00:00:00+00:00,-0.02225759768451474,-0.04676958258153086,-0.02451198489701612
2022-06-29 00:00:00+00:00,-0.007829845179242678,-0.004229468225272909,0.0036003769539697692
2022-06-30 00:00:00+00:00,-0.009269066479694055,-0.02666800233300191,-0.017398935853307856
2022-07-01 00:00:00+00:00,-0.032700077797575666,-0.018519151049646933,0.014180926747928733
2022-07-02 00:00:00+00:00,-0.0016137401411369101,0.010793791002575843,0.012407531143712753
2022-07-03 00:00:00+00:00,0.003378220353517758,0.002988236182369769,-0.0003899841711479889
2022-07-04 00:00:00+00:00,0.04769008437835054,0.05019440736596168,0.002504322987611142
2022-07-05 00:00:00+00:00,-0.0027982953140915923,-0.020215931637593318,-0.017417636323501726
2022-07-06 00:00:00+00:00,0.019043133366385412,0.02338369217238599,0.004340558806000577
2022-07-07 00:00:00+00:00,0.05153716290180532,0.04240115938293187,-0.009136003518873455
2022-07-08 00:00:00+00:00,-0.001179823627934784,-0.017190280364071116,-0.016010456736136332
2022-07-09 00:00:00+00:00,-0.00036594573812165354,0.030775966174455202,0.031141911912576856
2022-07-10 00:00:00+00:00,-0.03365152919369785,-0.04135414003520502,-0.007702610841507168
2022-07-11 00:00:00+00:00,-0.04313362552628297,-0.07390915669555503,-0.030775531169272063
2022-07-12 00:00:00+00:00,-0.03164230266158197,-0.030974965086266532,0.0006673375753154347
2022-07-13 00:00:00+00:00,0.04643195379575493,0.0603100542258706,0.01387810043011567
2022-07-14 00:00:00+00:00,0.017729882641530414,0.03677631965884584,0.019046437017315426
2022-07-15 00:00:00+00:00,0.011881274722283841,0.009853161330480371,-0.0020281133918034697
2022-07-16 00:00:00+00:00,0.0173077015429981,0.03540063158609688,0.01809293004309878
2022-07-17 00:00:00+00:00,-0.018368069488044814,-0.01903709666670912,-0.0006690271786643047
2022-07-18 00:00:00+00:00,0.0783624437348518,0.09894311826260795,0.02058067452775615
2022-07-19 00:00:00+00:00,0.04290065510459806,0.02923005069237349,-0.013670604412224573
2022-07-20 00:00:00+00:00,-0.007029876977153071,-0.05752283111624203,-0.05049295413908896
2022-07-21 00:00:00+00:00,-0.003315892599530912,0.031005079200876272,0.034320971800407184
2022-07-22 00:00:00+00:00,-0.02028127632914911,-0.025689505467718643,-0.005408229138569531
2022-07-23 00:00:00+00:00,-0.010359380995012435,0.01004472826248065,0.020404109257493086
2022-07-24 00:00:00+00:00,0.005810999901961766,0.001318813941705339,-0.004492185960256427
2022-07-25 00:00:00+00:00,-0.05629447156920975,-0.08626714810347832,-0.029972676534268577
2022-07-26 00:00:00+00:00,-0.0027699530516432924,0.00908663759803422,0.011856590649677512
2022-07-27 00:00:00+00:00,0.08003860458547152,0.09254110323262188,0.012502498647150362
2022-07-28 00:00:00+00:00,0.03901730954487803,0.06269096817378324,0.023673658628905206
2022-07-29 00:00:00+00:00,-0.0027311400307100664,0.018519023261984312,0.021250163292694378
2022-07-30 00:00:00+00:00,-0.0059399859493248774,0.02047660906422034,0.026416595013545218
2022-07-31 00:00:00+00:00,-0.014380086246662427,-0.014287070218841973,9.301602782045386e-05
2022-08-01 00:00:00+00:00,-0.0013954426988285196,0.014709258179622202,0.01610470087845072
2022-08-02 00:00:00+00:00,-0.01214656714364315,-0.03357063584315019,-0.02142406869950704
2022-08-03 00:00:00+00:00,-0.007556006285065364,0.00660386407525918,0.014159870360324544
2022-08-04 00:00:00+00:00,-0.008446812709689944,0.020608100541951103,0.029054913251641046
2022-08-05 00:00:00+00:00,0.030483570629265433,0.05594063899119031,0.02545706836192488
2022-08-06 00:00:00+00:00,-0.015228709637266635,-0.012360707647872973,0.0028680019893936627
2022-08-07 00:00:00+00:00,0.009784991696922374,0.007683153073624792,-0.002101838623297582
2022-08-08 00:00:00+00:00,0.02747779245331916,0.02247266278718281,-0.0050051296661363515
2022-08-09 00:00:00+00:00,-0.027902404597469732,-0.041885471272469416,-0.013983066674999683
2022-08-10 00:00:00+00:00,0.0346021209842613,0.05554820467827061,0.020946083694009313
2022-08-11 00:00:00+00:00,-0.0009899377216395777,-0.004957707213253234,-0.003967769491613656
2022-08-12 00:00:00+00:00,0.019663673005201332,0.025425355295767886,0.005761682290566554
2022-08-13 00:00:00+00:00,0.0017016914402874228,-0.011191508232219078,-0.012893199672506501
2022-08-14 00:00:00+00:00,-0.005522125342830031,-0.021431941558361714,-0.015909816215531683
2022-08-15 00:00:00+00:00,-0.00859879559234522,-0.010428128897062672,-0.0018293333047174516
2022-08-16 00:00:00+00:00,-0.01005596798033681,-0.005496418522539499,0.004559549457797312
2022-08-17 00:00:00+00:00,-0.021385731661284435,-0.046380571950272904,-0.02499484028898847
2022-08-18 00:00:00+00:00,-0.006342920572062982,-0.055249346153113714,-0.04890642558105073
2022-08-19 00:00:00+00:00,-0.10179813759699063,-0.08768361967396059,0.014114517923030048
2022-08-20 00:00:00+00:00,0.014545087851562277,-0.003015653018675978,-0.017560740870238255
2022-08-21 00:00:00+00:00,0.01788165355597804,0.028283832203126726,0.010402178647148687
2022-08-22 00:00:00+00:00,-0.0055148426456366195,-0.009539813438212258,-0.004024970792575638
2022-08-23 00:00:00+00:00,0.006134567728059093,0.020295582795816173,0.01416101506775708
2022-08-24 00:00:00+00:00,-0.007588924724187485,-0.0004274530981321623,0.007161471626055322
2022-08-25 00:00:00+00:00,0.009056469475389406,0.010329689834196102,0.0012732203588066964
2022-08-26 00:00:00+00:00,-0.06123916967927867,-0.09226556674748666,-0.031026397068207992
2022-08-27 00:00:00+00:00,-0.010124229436395349,0.0026779676350407945,0.012802197071436143
2022-08-28 00:00:00+00:00,-0.023791569074955166,-0.03391412373298539,-0.010122554658030226
2022-08-29 00:00:00+00:00,0.03724261414503083,0.06809927978215574,0.030856665637124914
2022-08-30 00:00:00+00:00,-0.023299055510345168,-0.032342685428850035,-0.009043629918504867
2022-08-31 00:00:00+00:00,0.01203851922173782,-0.001801480142715539,-0.013839999364453359
2022-09-01 00:00:00+00:00,0.004041613651673437,0.014034371333422318,0.009992757681748881
2022-09-02 00:00:00+00:00,-0.009019754006708847,-0.00551948712650517,0.0035002668802036766
2022-09-03 00:00:00+00:00,-0.006032796750413794,0.0013496649130431625,0.007382461663456956
2022-09-04 00:00:00+00:00,0.008677796445130115,0.017427227663246142,0.008749431218116027
2022-09-05 00:00:00+00:00,-0.010393793734713386,-0.0019228566597894459,0.00847093707492394
2022-09-06 00:00:00+00:00,-0.050715444606745486,-0.07912109611664507,-0.028405651509899585
2022-09-07 00:00:00+00:00,0.026914783164284417,0.061987761274610635,0.03507297811032622
2022-09-08 00:00:00+00:00,0.0011562192150154083,0.008081138692448933,0.006924919477433525
2022-09-09 00:00:00+00:00,0.10578840247963406,0.06874852521930808,-0.03703987726032598
2022-09-10 00:00:00+00:00,0.013464780816785371,0.0033027190597820335,-0.010162061757003338
2022-09-11 00:00:00+00:00,0.008355091383811963,-0.0068187898886514905,-0.015173881272463455
2022-09-12 00:00:00+00:00,0.02592539974244157,-0.010022461361228929,-0.0359478611036705
2022-09-13 00:00:00+00:00,-0.09932547127669078,-0.07651659189315364,0.022808879383537137
2022-09-14 00:00:00+00:00,0.0027030378177308467,0.010811111777132662,0.008108073959401815
2022-09-15 00:00:00+00:00,-0.026027600534204054,-0.040761923278867046,-0.014734322744662992
2022-09-16 00:00:00+00:00,0.005164848558718127,0.013049853103752507,0.00788500454503438
2022-09-17 00:00:00+00:00,0.015637236326891735,0.027744452394233884,0.01210721606734215
2022-09-18 00:00:00+00:00,-0.03469803999602028,-0.09342321715258928,-0.058725177156569
2022-09-19 00:00:00+00:00,0.006395423741915485,0.03185276054312805,0.025457336801212566
2022-09-20 00:00:00+00:00,-0.03388875802668856,-0.02079503577859486,0.0130937222480937
2022-09-21 00:00:00+00:00,-0.022224224563783368,-0.02854505661812485,-0.006320832054341481
2022-09-22 00:00:00+00:00,0.051226453448976805,0.06649220765509938,0.01526575420612257
2022-09-23 00:00:00+00:00,-0.005765115379657182,0.013958889431812053,0.019724004811469235
2022-09-24 00:00:00+00:00,-0.019174615029537212,-0.022286342455057895,-0.003111727425520683
2022-09-25 00:00:00+00:00,-0.005885463486859477,-0.013455523805740659,-0.007570060318881182
2022-09-26 00:00:00+00:00,0.022159928083958835,0.02263359890739038,0.0004736708234315441
2022-09-27 00:00:00+00:00,-0.007608124352762924,-0.00845209696407651,-0.0008439726113135867
2022-09-28 00:00:00+00:00,0.017682130665283013,0.0030384131525205927,-0.01464371751276242
2022-09-29 00:00:00+00:00,0.009027530877556922,0.006271567019280177,-0.002755963858276745
2022-09-30 00:00:00+00:00,-0.008722073279713638,-0.002709208009098326,0.006012865270615312
2022-10-01 00:00:00+00:00,-0.005548200312183282,-0.005470015278789811,7.818503339347173e-05
2022-10-02 00:00:00+00:00,-0.013188976377952577,-0.023898173762356117,-0.01070919738440354
2022-10-03 00:00:00+00:00,0.030058689512530323,0.03607531176460603,0.006016622252075707
2022-10-04 00:00:00+00:00,0.03623483844664199,0.016117370272894737,-0.020117468173747256
2022-10-05 00:00:00+00:00,-0.009000147543402504,0.00010560761033508226,0.009105755153737585
2022-10-06 00:00:00+00:00,-0.009727047146402157,-0.011758873754939553,-0.0020318266085373963
2022-10-07 00:00:00+00:00,-0.021704921319033676,-0.0020987528011540326,0.019606168517879642
2022-10-08 00:00:00+00:00,-0.005875753679389639,-0.011153169108406866,-0.005277415429017227
2022-10-09 00:00:00+00:00,0.0012264121775513726,0.008553760817352082,0.00732734863980071
2022-10-10 00:00:00+00:00,-0.01574884199691251,-0.046659476539066505,-0.030910634542153995
2022-10-11 00:00:00+00:00,-0.00360803179251179,-0.012649237956599895,-0.009041206164088105
2022-10-12 00:00:00+00:00,0.004880608764103567,-0.003245372217632445,-0.008125980981736012
2022-10-13 00:00:00+00:00,0.01135888865677881,-0.014353219860940203,-0.02571210851771901
2022-10-14 00:00:00+00:00,-0.010374118922826803,-0.007121825248236788,0.0032522936745900148
2022-10-15 00:00:00+00:00,-0.0054371080012104445,0.0003407571502820017,0.005777865151492446
2022-10-16 00:00:00+00:00,0.010047008457324313,0.01656431030585188,0.006517301848527567
2022-10-17 00:00:00+00:00,0.01499592248037862,0.021752277154679662,0.006756354674301041
2022-10-18 00:00:00+00:00,-0.011243257627707948,-0.013344374716793667,-0.0021011170890857193
2022-10-19 00:00:00+00:00,-0.010568865839583275,-0.03993064375603279,-0.029361777916449512
2022-10-20 00:00:00+00:00,-0.004289443261650261,-0.010859430699111293,-0.006569987437461032
2022-10-21 00:00:00+00:00,0.006104640472401002,0.010625966237574336,0.004521325765173334
2022-10-22 00:00:00+00:00,0.0023079855254843906,0.0016435602856576714,-0.0006644252398267192
2022-10-23 00:00:00+00:00,0.019046527499205768,0.026894428307872868,0.0078479008086671
2022-10-24 00:00:00+00:00,-0.012402419136329668,-0.018361457302908578,-0.00595903816657891
2022-10-25 00:00:00+00:00,0.03883404682655067,0.03284573839458457,-0.0059883084319660995
2022-10-26 00:00:00+00:00,0.03438258347742429,0.026510204050672014,-0.007872379426752275
2022-10-27 00:00:00+00:00,-0.022776431596035707,-0.011570398482239095,0.011206033113796612
2022-10-28 00:00:00+00:00,0.014655788617485177,0.030276069953519245,0.015620281336034068
2022-10-29 00:00:00+00:00,0.010392172104864317,0.032088161999636905,0.021695989894772588
2022-10-30 00:00:00+00:00,-0.008708112344747998,-0.013928608584408626,-0.005220496239660628
2022-10-31 00:00:00+00:00,-0.0064805293079026605,-0.0024327336714008597,0.004047795636501801
2022-11-01 00:00:00+00:00,-0.00048335123523091106,-0.012167730360221413,-0.011684379124990502
2022-11-02 00:00:00+00:00,-0.016217193155562692,-0.011072052353720102,0.00514514080184259
2022-11-03 00:00:00+00:00,0.002959270311468254,0.052769481995449716,0.04981021168398146
2022-11-04 00:00:00+00:00,0.04643138264429747,0.07037671370576282,0.023945331061465347
2022-11-05 00:00:00+00:00,0.007205169934146438,-0.00568297075227778,-0.012888140686424219
2022-11-06 00:00:00+00:00,-0.01831384835062655,-0.05906625716445196,-0.040752408813825414
2022-11-07 00:00:00+00:00,-0.015377990430622268,0.00718310933553219,0.022561099766154457
2022-11-08 00:00:00+00:00,-0.09935564129727004,-0.1786367072179325,-0.07928106592066247
2022-11-09 00:00:00+00:00,-0.14184741556059122,-0.20201636180653013,-0.06016894624593891
2022-11-10 00:00:00+00:00,0.10581578120087998,0.20619618088990319,0.10038039968902321
2022-11-11 00:00:00+00:00,-0.0301171253127126,-0.03529242584184095,-0.005175300529128353
2022-11-12 00:00:00+00:00,-0.014737693674047203,-0.0596601207550321,-0.0449224270809849
2022-11-13 00:00:00+00:00,-0.028898845117184324,-0.022870780452133907,0.006028064665050417
2022-11-14 00:00:00+00:00,0.017400681322452094,0.03784612940602808,0.020445448083575984
2022-11-15 00:00:00+00:00,0.017048876255630452,0.02064599294304366,0.003597116687413207
2022-11-16 00:00:00+00:00,-0.014074832872462473,-0.018655049131890512,-0.00458021625942804
2022-11-17 00:00:00+00:00,0.0018918237180642894,-0.0048750380284807845,-0.006766861746545074
2022-11-18 00:00:00+00:00,0.0004555781346471388,0.008268289378128572,0.007812711243481433
2022-11-19 00:00:00+00:00,0.00019173502219937966,0.0032159789970055874,0.003024243974806208
2022-11-20 00:00:00+00:00,-0.0251783692468055,-0.06792276642196725,-0.04274439717516175
2022-11-21 00:00:00+00:00,-0.030701916104371896,-0.01353130988580413,0.017170606218567766
2022-11-22 00:00:00+00:00,0.028377607303619934,0.03785194011651563,0.009474332812895697
2022-11-23 00:00:00+00:00,0.023131080231310497,0.04473539983397717,0.02160431960266667
2022-11-24 00:00:00+00:00,-0.00020487111196820784,-0.0037590319952716254,-0.0035541608833034176
2022-11-25 00:00:00+00:00,-0.0045984908753409215,-0.00436244728298139,0.00023604359235953123
2022-11-26 00:00:00+00:00,-0.004050593057683183,0.004379006715539132,0.008429599773222315
2022-11-27 00:00:00+00:00,-0.0016170999197533398,0.002852738470408779,0.004469838390162118
2022-11-28 00:00:00+00:00,-0.013280479339447204,-0.010010843363339373,0.0032696359761078316
2022-11-29 00:00:00+00:00,0.014113363571848225,0.014443554206600017,0.0003301906347517921
2022-11-30 00:00:00+00:00,0.04381982815276353,0.04405984066967314,0.00024001251690961012
2022-12-01 00:00:00+00:00,-0.010656841540695128,-0.01034598648765995,0.00031085505303517745
2022-12-02 00:00:00+00:00,0.0066291505848383725,0.017266013339254906,0.010636862754416533
2022-12-03 00:00:00+00:00,-0.011912427559561567,-0.031864571235705054,-0.019952143676143487
2022-12-04 00:00:00+00:00,0.013033561420657813,0.018067255517657005,0.005033694096999192
2022-12-05 00:00:00+00:00,-0.008257551390391527,-0.0031131490563827934,0.005144402334008733
2022-12-06 00:00:00+00:00,0.0070938714375843315,-0.0002871958346460968,-0.007381067272230428
2022-12-07 00:00:00+00:00,-0.014673333879825945,-0.037071061482764026,-0.02239772760293808
2022-12-08 00:00:00+00:00,0.023056810078440737,0.01759770496158933,-0.005459105116851406
2022-12-09 00:00:00+00:00,-0.005460037174721544,-0.005538724468144332,-7.86872934227887e-05
2022-12-10 00:00:00+00:00,-0.00011680878402042794,0.003140974812298796,0.003257783596319224
2022-12-11 00:00:00+00:00,-0.002494158878504793,-0.01897256441032174,-0.016478405531816946
2022-12-12 00:00:00+00:00,0.007184976547814914,-0.0014970723211341374,-0.008682048868949051
2022-12-13 00:00:00+00:00,0.03355232558139498,0.014423482582522087,-0.019128842998872894
2022-12-14 00:00:00+00:00,0.0015075574756289178,-0.011019938957297701,-0.012527496432926619
2022-12-15 00:00:00+00:00,-0.025393312701150306,-0.01659392760083635,0.008799385100313955
2022-12-16 00:00:00+00:00,-0.04193801219470028,-0.11187993490127866,-0.06994192270657838
2022-12-17 00:00:00+00:00,0.00865610769906433,0.0197449377286935,0.011088830029629168
2022-12-18 00:00:00+00:00,-0.0022483301526717847,-0.011573492448455507,-0.009325162295783722
2022-12-19 00:00:00+00:00,-0.01799728636067499,-0.042269528203286055,-0.024272241842611064
2022-12-20 00:00:00+00:00,0.027877194263871807,0.040634228394931304,0.012757034131059497
2022-12-21 00:00:00+00:00,-0.004003031882135355,-0.01072444289546375,-0.006721411013328396
2022-12-22 00:00:00+00:00,-0.0002437632286143021,0.0022110030471966646,0.0024547662758109667
2022-12-23 00:00:00+00:00,-0.0023252356456837653,0.00025816029693574325,0.0025833959426195085
2022-12-24 00:00:00+00:00,0.003129396056365641,-0.0042510083253899785,-0.0073804043817556194
2022-12-25 00:00:00+00:00,-0.00026739715608326,-0.005842780746374943,-0.005575383590291683
2022-12-26 00:00:00+00:00,0.0052602173034406174,0.017804711708129105,0.012544494404688487
2022-12-27 00:00:00+00:00,-0.012694452163733105,-0.009472773189496474,0.003221678974236631
2022-12-28 00:00:00+00:00,-0.009533961744379704,-0.042160855180536014,-0.03262689343615631
2022-12-29 00:00:00+00:00,0.005520285386057422,-0.007147300662028694,-0.012667586048086116
2022-12-30 00:00:00+00:00,-0.0017498181031008198,-0.005755049029108831,-0.004005230926008011
2022-12-31 00:00:00+00:00,-0.0038310483579500065,0.00046234991654253265,0.004293398274492539
2023-01-01 00:00:00+00:00,0.004396042956657187,0.01153834549208105,0.007142302535423863
2023-01-02 00:00:00+00:00,0.0033533409992601015,0.02409160288638349,0.02073826188712339
2023-01-03 00:00:00+00:00,7.200288011555145e-05,0.005346821030308289,0.005274818150192737
2023-01-04 00:00:00+00:00,0.010493664202745778,0.030539140637778576,0.020045476435032798
2023-01-05 00:00:00+00:00,-0.0010865628395505533,-0.00932743741442662,-0.008240874574876067
2023-01-06 00:00:00+00:00,0.007132752410275112,0.02087531818042399,0.013742565770148877
2023-01-07 00:00:00+00:00,-0.0004308360580269621,0.0029886847878236155,0.0034195208458505776
2023-01-08 00:00:00+00:00,0.011112095179051762,0.052198666705828026,0.041086571526776264
2023-01-09 00:00:00+00:00,0.002627783260436667,0.03372159727061884,0.031093814010182172
2023-01-10 00:00:00+00:00,0.015090537400187065,0.023432677567213078,0.008342140167026012
2023-01-11 00:00:00+00:00,0.029084044799411846,0.01371043540599589,-0.015373609393415956
2023-01-12 00:00:00+00:00,0.050307487301862075,0.03415441858528565,-0.016153068716576423
2023-01-13 00:00:00+00:00,0.057660048837456124,0.05739431701632887,-0.0002657318211272547
2023-01-14 00:00:00+00:00,0.05212756346553449,0.06673244805078009,0.0146048845852456
2023-01-15 00:00:00+00:00,-0.0038210544392920376,0.011418859941445189,0.015239914380737227
2023-01-16 00:00:00+00:00,0.014634122982181585,-0.005570724570739755,-0.02020484755292134
2023-01-17 00:00:00+00:00,-0.0027090422544513437,-0.0004713321390775083,0.0022377101153738354
2023-01-18 00:00:00+00:00,-0.021338419092419514,-0.05816966384491977,-0.036831244752500256
2023-01-19 00:00:00+00:00,0.018776595744681268,0.03054708580112493,0.01177049005644366
2023-01-20 00:00:00+00:00,0.07560173340991017,0.09237229311823175,0.016770559708321586
2023-01-21 00:00:00+00:00,0.0053307209270507805,-0.008562680591460748,-0.013893401518511529
2023-01-22 00:00:00+00:00,-0.0033930444782918068,0.027635751433093002,0.03102879591138481
2023-01-23 00:00:00+00:00,0.009183161121534278,0.02710064613447636,0.017917485012942082
2023-01-24 00:00:00+00:00,-0.012468849697333528,-0.04352396402732039,-0.03105511432998686
2023-01-25 00:00:00+00:00,0.019144930482511535,0.05258192060790158,0.033436990125390045
2023-01-26 00:00:00+00:00,-0.0025454671604381307,0.013658364406415316,0.016203831566853448
2023-01-27 00:00:00+00:00,0.0028736756528804364,0.027260602991048915,0.02438692733816848
2023-01-28 00:00:00+00:00,-0.002258539968787776,-0.019790573511948035,-0.01753203354316026
2023-01-29 00:00:00+00:00,0.0314738941340551,0.034331659585162114,0.002857765451107011
2023-01-30 00:00:00+00:00,-0.03876951849808152,-0.06882652974451883,-0.03005701124643731
2023-01-31 00:00:00+00:00,0.013124509748070334,0.03159752760950477,0.01847301786143444
2023-02-01 00:00:00+00:00,0.02641072000138367,0.05774359737609196,0.03133287737470829
2023-02-02 00:00:00+00:00,-0.009983143699958341,-0.009202877011093808,0.0007802666888645331
2023-02-03 00:00:00+00:00,-0.002911493161822154,0.03813766580782781,0.04104915896964997
2023-02-04 00:00:00+00:00,-0.004358647069119259,-0.0025296365274190533,0.0018290105417002058
2023-02-05 00:00:00+00:00,-0.016867759169217567,-0.025044240263891474,-0.008176481094673907
2023-02-06 00:00:00+00:00,-0.007479545732079651,-0.008810078473659102,-0.0013305327415794512
2023-02-07 00:00:00+00:00,0.020933574130953092,0.09002588919739644,0.06909231506644335
2023-02-08 00:00:00+00:00,-0.011973779918309835,-0.031073653512204633,-0.019099873593894798
2023-02-09 00:00:00+00:00,-0.050640576061055986,-0.11370037379939588,-0.06305979773833989
2023-02-10 00:00:00+00:00,-0.008020776932465945,0.007968465251891405,0.01598924218435735
2023-02-11 00:00:00+00:00,0.010763879252125408,0.03972635342494444,0.028962474172819032
2023-02-12 00:00:00+00:00,-0.003670262181197148,-0.014984842367931519,-0.01131458018673437
2023-02-13 00:00:00+00:00,-0.0002250690135084943,-0.02793586928096024,-0.027710800267451745
2023-02-14 00:00:00+00:00,0.01935110400529294,0.05317337902689065,0.03382227502159771
2023-02-15 00:00:00+00:00,0.09668550618819616,0.08725271017085952,-0.00943279601733664
2023-02-16 00:00:00+00:00,-0.033124285937383924,-0.061585089242341864,-0.02846080330495794
2023-02-17 00:00:00+00:00,0.044838608213681796,0.06853153893036555,0.023692930716683755
2023-02-18 00:00:00+00:00,0.0022537273966194427,0.007796114072697556,0.0055423866760781135
2023-02-19 00:00:00+00:00,-0.0150587127438917,-0.002502486919382574,0.012556225824509127
2023-02-20 00:00:00+00:00,0.024066694414796475,0.04436394608185859,0.020297251667062116
2023-02-21 00:00:00+00:00,-0.016358214721185815,-0.03150556762210291,-0.015147352900917094
2023-02-22 00:00:00+00:00,-0.011131839269496235,-0.01643780505797384,-0.005305965788477605
2023-02-23 00:00:00+00:00,-0.010032559274842368,-0.005966523895966838,0.00406603537887553
2023-02-24 00:00:00+00:00,-0.031476714252281934,-0.056573258024950474,-0.02509654377266854
2023-02-25 00:00:00+00:00,-0.0012685755708592428,-0.016501941625471122,-0.01523336605461188
2023-02-26 00:00:00+00:00,0.017242571134786777,0.032419714850048756,0.015177143715261979
2023-02-27 00:00:00+00:00,-0.0027733772769930054,-0.004415724695578552,-0.001642347418585547
2023-02-28 00:00:00+00:00,-0.014923339011925107,-0.03565414696204134,-0.020730807950116233
2023-03-01 00:00:00+00:00,0.02119362202545627,0.04973869963188505,0.028545077606428777
2023-03-02 00:00:00+00:00,-0.0068882886391927745,-0.030517600468620655,-0.02362931182942788
2023-03-03 00:00:00+00:00,-0.04750374087163367,-0.06561141800712526,-0.018107677135491593
2023-03-04 00:00:00+00:00,-0.000317775748786997,-0.04147580464465781,-0.041158028895870814
2023-03-05 00:00:00+00:00,0.0037473640852991874,0.008110981447357576,0.004363617362058389
2023-03-06 00:00:00+00:00,-0.000994674255332395,0.0072466120538960755,0.00824128630922847
2023-03-07 00:00:00+00:00,-0.009376213884833562,-0.023934004125573036,-0.014557790240739475
2023-03-08 00:00:00+00:00,-0.022161526292305167,-0.07143646723203209,-0.049274940939726924
2023-03-09 00:00:00+00:00,-0.06209150326797375,-0.0566608431099457,0.005430660158028046
2023-03-10 00:00:00+00:00,-0.010221984146096208,0.002062553209954252,0.01228453735605046
2023-03-11 00:00:00+00:00,0.01524306986489754,-0.026599417409546453,-0.04184248727444399
2023-03-12 00:00:00+00:00,0.07526177050270677,0.1123784931178497,0.03711672261514293
2023-03-13 00:00:00+00:00,0.09702904549217162,0.06048133375374878,-0.03654771173842284
2023-03-14 00:00:00+00:00,0.02334210908186285,0.05212936130568466,0.028787252223821808
2023-03-15 00:00:00+00:00,-0.015982983895471703,-0.07910198535500187,-0.06311900145953017
2023-03-16 00:00:00+00:00,0.02891963109354334,0.0230238482361963,-0.005895782857347039
2023-03-17 00:00:00+00:00,0.09578077981945121,0.09687979241646769,0.0010990125970164744
2023-03-18 00:00:00+00:00,-0.01741893076248857,-0.03270288725146783,-0.015283956488979261
2023-03-19 00:00:00+00:00,0.03897498792135834,0.026732535465240872,-0.012242452456117468
2023-03-20 00:00:00+00:00,-0.00899995349785554,-0.05517875564947417,-0.04617880215161863
2023-03-21 00:00:00+00:00,0.013969051512231045,0.03155522891901442,0.017586177406783372
2023-03-22 00:00:00+00:00,-0.03051856281882892,-0.045853327052703084,-0.015334764233874164
2023-03-23 00:00:00+00:00,0.03856604660385288,0.04245748629287025,0.0038914396890173744
2023-03-24 00:00:00+00:00,-0.02988251349698179,-0.04548066314579733,-0.015598149648815542
2023-03-25 00:00:00+00:00,0.0003061347211439358,-0.023923210572846285,-0.02422934529399022
2023-03-26 00:00:00+00:00,0.018471762249839152,0.024638163939855712,0.00616640169001656
2023-03-27 00:00:00+00:00,-0.0301313214782698,-0.05177836580200621,-0.02164704432373641
2023-03-28 00:00:00+00:00,0.00507893183830066,0.03273989452643049,0.027660962688129828
2023-03-29 00:00:00+00:00,0.039956403189759904,0.05266799793698869,0.012711594747228785
2023-03-30 00:00:00+00:00,-0.011415565396898586,-0.02342936357194999,-0.012013798175051403
2023-03-31 00:00:00+00:00,0.01570230233803316,0.029926817801206634,0.014224515463173475
2023-04-01 00:00:00+00:00,-0.0003900909860868884,0.004733169145517093,0.005123260131603981
2023-04-02 00:00:00+00:00,-0.009935381348483485,-0.03008730474997878,-0.020151923401495294
2023-04-03 00:00:00+00:00,-0.013319744897234975,0.009293302411521124,0.0226130473087561
2023-04-04 00:00:00+00:00,0.013283620227380055,0.026383155250575954,0.013099535023195899
2023-04-05 00:00:00+00:00,-4.2620901289480706e-05,0.007739460755814616,0.0077820816571040966
2023-04-06 00:00:00+00:00,-0.00466008382467864,-0.015655608618437424,-0.010995524793758784
2023-04-07 00:00:00+00:00,-0.004714018584866864,-0.008650527598630251,-0.0039365090137633875
2023-04-08 00:00:00+00:00,0.0012262151900099827,-0.012792455168892759,-0.014018670358902741
2023-04-09 00:00:00+00:00,0.013769073479224403,0.008651849960390503,-0.0051172235188339
2023-04-10 00:00:00+00:00,0.046405080997830694,0.030530933512444784,-0.01587414748538591
2023-04-11 00:00:00+00:00,0.01897168088417489,-0.0077717438308445965,-0.026743424715019486
2023-04-12 00:00:00+00:00,-0.010273280525822215,-0.01015226370540256,0.00012101682041965565
2023-04-13 00:00:00+00:00,0.01632468619246885,0.030632928314534267,0.014308242122065416
2023-04-14 00:00:00+00:00,0.002977337325073215,0.04581136470359489,0.042834027378521676
2023-04-15 00:00:00+00:00,-0.005671015430284476,0.00041674288628722135,0.006087758316571697
2023-04-16 00:00:00+00:00,0.0002047529094721945,0.02449137453004354,0.024286621620571346
2023-04-17 00:00:00+00:00,-0.028613314138926316,-0.018747400593156917,0.009865913545769399
2023-04-18 00:00:00+00:00,0.032148198504418746,0.02024469788963832,-0.011903500614780425
2023-04-19 00:00:00+00:00,-0.0517259548571094,-0.09274560021563807,-0.04101964535852867
2023-04-20 00:00:00+00:00,-0.019628339543880435,-0.030614549381967626,-0.01098620983808719
2023-04-21 00:00:00+00:00,-0.03462286440972173,-0.05345886155510196,-0.01883599714538023
2023-04-22 00:00:00+00:00,0.020354095954499885,0.03388193536184976,0.013527839407349876
2023-04-23 00:00:00+00:00,-0.008314393394516117,-0.02450412223098862,-0.016189728836472503
2023-04-24 00:00:00+00:00,-0.002846678270959635,-0.0027051360252826518,0.00014154224567698324
2023-04-25 00:00:00+00:00,0.028700790980998203,0.024456281971852102,-0.004244509009146101
2023-04-26 00:00:00+00:00,0.003860471529022913,-0.01420598837318439,-0.018066459902207302
2023-04-27 00:00:00+00:00,0.037438503445919924,0.025984432652435666,-0.011454070793484258
2023-04-28 00:00:00+00:00,-0.00539733188499214,-0.009543959322599157,-0.0041466274376070165
2023-04-29 00:00:00+00:00,-0.0029795221842996433,0.008114655693768756,0.0110941778780684
2023-04-30 00:00:00+00:00,0.0003525863751034919,-0.026088111301704214,-0.026440697676807706
2023-05-01 00:00:00+00:00,-0.03998904972111006,-0.026546862125044184,0.013442187596065875
2023-05-02 00:00:00+00:00,0.021461874073229303,0.007408712107128856,-0.014053161966100448
2023-05-03 00:00:00+00:00,0.012628897457819255,0.01832528679900437,0.0056963893411851145
2023-05-04 00:00:00+00:00,-0.006630275962837162,-0.024411567675403967,-0.017781291712566805
2023-05-05 00:00:00+00:00,0.023086796641920815,0.019522180897418338,-0.003564615744502477
2023-05-06 00:00:00+00:00,-0.022165708763541847,-0.05682045470457619,-0.03465474594103434
2023-05-07 00:00:00+00:00,-0.014508735063008316,-0.008166354321481705,0.006342380741526611
2023-05-08 00:00:00+00:00,-0.026728220863213026,-0.08292301812486408,-0.05619479726165105
2023-05-09 00:00:00+00:00,-0.0017932161476224007,0.00460407243847403,0.006397288586096431
2023-05-10 00:00:00+00:00,-0.000988765021622151,0.025725475742597245,0.026714240764219396
2023-05-11 00:00:00+00:00,-0.022713347762563285,-0.05580221914937737,-0.03308887138681409
2023-05-12 00:00:00+00:00,-0.0063547061180275755,0.030519465301603904,0.03687417141963148
2023-05-13 00:00:00+00:00,-0.0008362858454888933,-0.013228020319285827,-0.012391734473796934
2023-05-14 00:00:00+00:00,0.005201268930265401,0.013426770392678837,0.008225501462413435
2023-05-15 00:00:00+00:00,0.009315327170200227,0.010449389418814372,0.0011340622486141448
2023-05-16 00:00:00+00:00,-0.004703066016021107,0.0077016090849507035,0.012404675100971811
2023-05-17 00:00:00+00:00,0.01372813119801064,0.03392247427542648,0.02019434307741584
2023-05-18 00:00:00+00:00,-0.021408391067244237,-0.01855221241542867,0.0028561786518155677
2023-05-19 00:00:00+00:00,0.0022678697317717322,0.004812270958524848,0.0025444012267531154
2023-05-20 00:00:00+00:00,0.008165209656830985,0.0013086048132421601,-0.006856604843588825
2023-05-21 00:00:00+00:00,-0.013167463408331637,-0.02514251330717389,-0.011975049898842252
2023-05-22 00:00:00+00:00,0.004017536509456576,0.009969684318267516,0.00595214780881094
2023-05-23 00:00:00+00:00,0.013774114946983218,0.022944309825491994,0.009170194878508776
2023-05-24 00:00:00+00:00,-0.032932866346440104,-0.02896433357852138,0.0039685327679187254
2023-05-25 00:00:00+00:00,0.005624425206545602,-0.0031707716856564294,-0.008795196892202033
2023-05-26 00:00:00+00:00,0.008619972942127685,0.007368518418262138,-0.0012514545238655472
2023-05-27 00:00:00+00:00,0.00568379799100005,0.015464808340286735,0.009781010349286684
2023-05-28 00:00:00+00:00,0.04523202789699576,0.03717958578543427,-0.008052442111561496
2023-05-29 00:00:00+00:00,-0.01189419618829668,-0.01383857366010281,-0.0019443774718061312
2023-05-30 00:00:00+00:00,-0.0015114349614022693,0.007625865833874115,0.009137300795276384
2023-05-31 00:00:00+00:00,-0.017304850777273062,-0.031791628349134744,-0.014486777571861682
2023-06-01 00:00:00+00:00,-0.014550882133443355,-0.0017512191447669689,0.012799662988676385
2023-06-02 00:00:00+00:00,0.015761808299105118,0.02850093763907277,0.012739129339967653
2023-06-03 00:00:00+00:00,-0.0063501274432749,-0.00966606059483564,-0.0033159331515607397
2023-06-04 00:00:00+00:00,0.0017556893575654264,0.0022999712801650574,0.000544281922599631
2023-06-05 00:00:00+00:00,-0.05120210756242982,-0.09584148137900747,-0.04463937381657765
2023-06-06 00:00:00+00:00,0.05859683371767921,0.0422154328539561,-0.01638140086372311
2023-06-07 00:00:00+00:00,-0.03290046470620667,-0.06199176148556137,-0.0290912967793547
2023-06-08 00:00:00+00:00,0.0060776649611220535,0.0008827483462797458,-0.005194916614842308
2023-06-09 00:00:00+00:00,-0.0006720556975595704,-0.014535335745808658,-0.013863280048249087
2023-06-10 00:00:00+00:00,-0.02423672269637811,-0.14860494879041714,-0.12436822609403902
2023-06-11 00:00:00+00:00,0.003225356802676327,0.0013191745315026793,-0.0019061822711736475
2023-06-12 00:00:00+00:00,-0.0005827888181736407,0.017693363464199228,0.01827615228237287
2023-06-13 00:00:00+00:00,0.0008959327741480116,0.009114741689790002,0.00821880891564199
2023-06-14 00:00:00+00:00,-0.030947603981788308,-0.03681603490539697,-0.005868430923608663
2023-06-15 00:00:00+00:00,0.01872120847749792,0.017279684092405503,-0.0014415243850924159
2023-06-16 00:00:00+00:00,0.029308882557326,0.020310088797610225,-0.008998793759715774
2023-06-17 00:00:00+00:00,0.0065651579586880615,0.015352789401541589,0.008787631442853527
2023-06-18 00:00:00+00:00,-0.006759993813398313,-0.021790737207595213,-0.0150307433941969
2023-06-19 00:00:00+00:00,0.018944385997561763,0.017002295261755094,-0.0019420907358066695
2023-06-20 00:00:00+00:00,0.0544980151704344,0.04820214201186973,-0.006295873158564669
2023-06-21 00:00:00+00:00,0.06001640120746865,0.05588670486642511,-0.004129696341043543
2023-06-22 00:00:00+00:00,-0.0037847841672637994,-0.0192622771299395,-0.015477492962675702
2023-06-23 00:00:00+00:00,0.026724686192468816,0.043566411329727266,0.01684172513725845
2023-06-24 00:00:00+00:00,-0.0048641493932851665,-0.003336021363318261,0.0015281280299669054
2023-06-25 00:00:00+00:00,-0.002168771007921677,0.013581017568093077,0.015749788576014754
2023-06-26 00:00:00+00:00,-0.006497471928557208,-0.02520383478223491,-0.018706362853677702
2023-06-27 00:00:00+00:00,0.01398210845304626,0.0176040784258511,0.0036219699728048393
2023-06-28 00:00:00+00:00,-0.020105464879804025,-0.06465482179443331,-0.04454935691462929
2023-06-29 00:00:00+00:00,0.012425872155868767,0.01821704943403669,0.005791177278167924
2023-06-30 00:00:00+00:00,0.0006668878675681889,0.04606847889039495,0.04540159102282676
2023-07-01 00:00:00+00:00,0.0037228908542950023,0.024762429736251024,0.021039538881956022
2023-07-02 00:00:00+00:00,0.0012788811262005595,0.0004038801855230467,-0.0008750009406775128
2023-07-03 00:00:00+00:00,0.017518872886089554,0.026348561104255885,0.008829688218166331
2023-07-04 00:00:00+00:00,-0.012613567048701646,-0.01719048646146147,-0.004576919412759825
2023-07-05 00:00:00+00:00,-0.00870396441681498,-0.032422296282286364,-0.023718331865471384
2023-07-06 00:00:00+00:00,-0.020138806890489858,-0.037672298483620976,-0.01753349159313112
2023-07-07 00:00:00+00:00,0.015180221192726773,0.019781838525934993,0.00460161733320822
2023-07-08 00:00:00+00:00,-0.0019322142317799162,0.0019388213343441109,0.003871035566124027
2023-07-09 00:00:00+00:00,-0.004013967947722685,-0.0061495417497873985,-0.0021355738020647132
2023-07-10 00:00:00+00:00,0.008262626128606287,0.0021996957053842946,-0.006062930423221993
2023-07-11 00:00:00+00:00,0.006957946369531065,0.0022953429779511304,-0.004662603391579935
2023-07-12 00:00:00+00:00,-0.007824649442636944,-0.002180744240513859,0.005643905202123085
2023-07-13 00:00:00+00:00,0.03532561271563961,0.08973613585954596,0.05441052314390635
2023-07-14 00:00:00+00:00,-0.03652474261887917,-0.025318459263352754,0.011206283355526415
2023-07-15 00:00:00+00:00,-0.0005578791349902801,0.0035082651742156866,0.004066144309205967
2023-07-16 00:00:00+00:00,-0.001968529944115449,-0.019787086156518967,-0.017818556212403518
2023-07-17 00:00:00+00:00,-0.003001641470970151,0.020328276572558153,0.023329918043528304
2023-07-18 00:00:00+00:00,-0.009310863337770314,-0.026962437065478833,-0.01765157372770852
2023-07-19 00:00:00+00:00,0.0016719382421532814,0.003964491225957774,0.0022925529838044925
2023-07-20 00:00:00+00:00,-0.003495509357596349,0.00942902977516718,0.01292453913276353
2023-07-21 00:00:00+00:00,0.0033701453459098474,0.004199465596236917,0.0008293202503270695
2023-07-22 00:00:00+00:00,-0.0036097339033965836,-0.00977726038150362,-0.006167526478107036
2023-07-23 00:00:00+00:00,0.009646280658753614,0.010156304452379932,0.0005100237936263175
2023-07-24 00:00:00+00:00,-0.03016215065778094,-0.05325138787438703,-0.023089237216606093
2023-07-25 00:00:00+00:00,0.0018001769316757787,-0.0028627022378886068,-0.004662879169564385
2023-07-26 00:00:00+00:00,0.004097028028873906,0.01638161293525093,0.012284584906377023
2023-07-27 00:00:00+00:00,-0.004305290428142983,-0.0007510077541780158,0.003554282673964967
2023-07-28 00:00:00+00:00,0.003088015282594281,0.012938603419548843,0.009850588136954563
2023-07-29 00:00:00+00:00,0.0013378885252166572,0.01206441053550388,0.010726522010287223
2023-07-30 00:00:00+00:00,-0.002317726174286605,-0.019653710921957314,-0.01733598474767071
2023-07-31 00:00:00+00:00,-0.0017184185083582992,-0.011183661831313654,-0.009465243322955355
2023-08-01 00:00:00+00:00,0.016440343864644325,0.016959050340127284,0.0005187064754829593
2023-08-02 00:00:00+00:00,-0.0178814324000377,-0.028886864228800036,-0.011005431828762336
2023-08-03 00:00:00+00:00,0.0003462449563078618,-0.011196404238855474,-0.011542649195163335
2023-08-04 00:00:00+00:00,-0.002710742215612183,-0.0034053756128861546,-0.0006946333972739716
2023-08-05 00:00:00+00:00,-0.0014913525605559919,0.00044224871908283837,0.0019336012796388302
2023-08-06 00:00:00+00:00,0.0006263400062633817,0.018037098000749402,0.01741075799448602
2023-08-07 00:00:00+00:00,0.004361000003439308,-0.006187063084314384,-0.010548063087753693
2023-08-08 00:00:00+00:00,0.019049608426617404,0.00555288021070186,-0.013496728215915544
2023-08-09 00:00:00+00:00,-0.006256930676433403,-0.0006715145471766482,0.005585416129256755
2023-08-10 00:00:00+00:00,-0.004365498025212133,-0.006144416156854495,-0.001778918131642362
2023-08-11 00:00:00+00:00,-0.0009577600641222928,0.010027805037093964,0.010985565101216257
2023-08-12 00:00:00+00:00,0.0001767775492511614,0.00930434369671149,0.009127566147460329
2023-08-13 00:00:00+00:00,-0.0043302844595812795,0.006889301863516399,0.011219586323097677
2023-08-14 00:00:00+00:00,0.004308152376140351,0.006632070385700871,0.0023239180095605202
2023-08-15 00:00:00+00:00,-0.007841737623004552,-0.05692529453505649,-0.04908355691205194
2023-08-16 00:00:00+00:00,-0.016252809296716797,-0.04604937930256885,-0.029796570005852056
2023-08-17 00:00:00+00:00,-0.07329771821803688,-0.09271549721706336,-0.019417778999026483
2023-08-18 00:00:00+00:00,-0.021330567424660996,0.030293395552858256,0.051623962977519255
2023-08-19 00:00:00+00:00,0.00177405047980006,0.020800699845825107,0.019026649366025047
2023-08-20 00:00:00+00:00,0.0033578270719063497,-0.0025648093886875413,-0.005922636460593891
2023-08-21 00:00:00+00:00,-0.0023112863359047164,-0.01364002051137521,-0.011328734175470494
2023-08-22 00:00:00+00:00,-0.00271870237484384,-0.005383156438739339,-0.0026644540638954993
2023-08-23 00:00:00+00:00,0.0143908095406311,0.03076152928445321,0.01637071974382211
2023-08-24 00:00:00+00:00,-0.009636930717054293,-0.019231765933288958,-0.009594835216234665
2023-08-25 00:00:00+00:00,-0.004314990483324954,-0.017281741302717975,-0.012966750819393021
2023-08-26 00:00:00+00:00,-0.0018194589988365095,-0.005297277431146688,-0.0034778184323101787
2023-08-27 00:00:00+00:00,0.0032071618924560674,0.01217090315181987,0.008963741259363802
2023-08-28 00:00:00+00:00,0.000720646128251845,-0.002905249906752295,-0.00362589603500414
2023-08-29 00:00:00+00:00,0.061042269166682095,0.05240381341722756,-0.008638455749454536
2023-08-30 00:00:00+00:00,-0.014790560322886837,-0.01121151047376687,0.003579049849119966
2023-08-31 00:00:00+00:00,-0.049922317005247074,-0.03545605010062924,0.014466266904617837
2023-09-01 00:00:00+00:00,-0.005106448626966853,-0.0019712255179169247,0.0031352231090499283
2023-09-02 00:00:00+00:00,0.0023337313340259236,-0.0007136171526518587,-0.0030473484866777823
2023-09-03 00:00:00+00:00,0.00411126323687494,0.005103210384251047,0.000991947147376107
2023-09-04 00:00:00+00:00,-0.005704469207036489,-0.004324770725443742,0.001379698481592747
2023-09-05 00:00:00+00:00,-0.0013287363446196077,0.015420600879944735,0.016749337224564342
2023-09-06 00:00:00+00:00,-0.0012529238121468111,0.0065136139831309245,0.007766537795277736
2023-09-07 00:00:00+00:00,0.01915921607618709,0.013179045955981884,-0.005980170120205207
2023-09-08 00:00:00+00:00,-0.012991269287785712,-0.008577318831436254,0.004413950456349458
2023-09-09 00:00:00+00:00,-0.00027799442466769353,-0.01108502614038092,-0.010807031715713226
2023-09-10 00:00:00+00:00,-0.002479472899592605,-0.03526187849984496,-0.032782405600252355
2023-09-11 00:00:00+00:00,-0.026250174226819967,-0.036245699698521566,-0.0099955254717016
2023-09-12 00:00:00+00:00,0.02685444366689982,0.007994535121520326,-0.018859908545379493
2023-09-13 00:00:00+00:00,0.0148727241750497,0.02178854504888422,0.006915820873834518
2023-09-14 00:00:00+00:00,0.011461318051575686,0.018968944631354893,0.007507626579779207
2023-09-15 00:00:00+00:00,0.003047871959200865,0.03929631999857697,0.0362484480393761
2023-09-16 00:00:00+00:00,-0.0016622102884046308,0.0007420071965427855,0.002404217484947416
2023-09-17 00:00:00+00:00,-0.0012317822419941615,-0.049618444458660566,-0.048386662216666404
2023-09-18 00:00:00+00:00,0.008889576151647205,0.019924538660101312,0.011034962508454108
2023-09-19 00:00:00+00:00,0.016676697856815137,0.034691827085895105,0.018015129229079968
2023-09-20 00:00:00+00:00,-0.0032468010001474035,-0.0008354916564888382,0.0024113093436585655
2023-09-21 00:00:00+00:00,-0.020477576481958804,-0.02597067501271993,-0.005493098530761128
2023-09-22 00:00:00+00:00,0.0005310214442280081,0.01854879783338617,0.018017776389158163
2023-09-23 00:00:00+00:00,-0.00013550798556105637,-0.008958406796259939,-0.008822898810698882
2023-09-24 00:00:00+00:00,-0.012449601138421973,-0.015758294793868876,-0.003308693655446903
2023-09-25 00:00:00+00:00,0.0022148183162808976,0.013245444884474647,0.011030626568193749
2023-09-26 00:00:00+00:00,-0.003107586390520889,0.008308342136674855,0.011415928527195744
2023-09-27 00:00:00+00:00,0.005753792619273668,0.003454837602820334,-0.0022989550164533336
2023-09-28 00:00:00+00:00,0.024742408837767238,0.02143146748489358,-0.0033109413528736586
2023-09-29 00:00:00+00:00,-0.004475821677933034,0.006704850377409775,0.01118067205534281
2023-09-30 00:00:00+00:00,0.0022312380768219064,0.008738209615961364,0.006506971539139457
2023-10-01 00:00:00+00:00,0.038236199904271295,0.045274159147897924,0.007037959243626629
2023-10-02 00:00:00+00:00,-0.01800481748590177,-0.03481710835390214,-0.016812290868000374
2023-10-03 00:00:00+00:00,-0.0023873991906132597,-0.030554597644451807,-0.028167198453838548
2023-10-04 00:00:00+00:00,0.01268787392382853,-0.007258241637515337,-0.019946115561343868
2023-10-05 00:00:00+00:00,-0.013018825784047006,-0.012190337137055045,0.0008284886469919605
2023-10-06 00:00:00+00:00,0.018902563653351523,0.02876327645748356,0.009860712804132036
2023-10-07 00:00:00+00:00,0.0009564304725198092,-0.004077551441160374,-0.0050339819136801835
2023-10-08 00:00:00+00:00,-0.0014959023726877074,-0.008605416304945155,-0.007109513932257448
2023-10-09 00:00:00+00:00,-0.011572978939974443,-0.03757024047811673,-0.02599726153814229
2023-10-10 00:00:00+00:00,-0.007146923486944123,-0.009460804566607285,-0.0023138810796631618
2023-10-11 00:00:00+00:00,-0.018870611952726546,-0.00432322713691603,0.014547384815810516
2023-10-12 00:00:00+00:00,-0.004485473394256312,-0.005093571325730847,-0.0006080979314745348
2023-10-13 00:00:00+00:00,0.003956027520191752,0.007029777112064567,0.0030737495918728153
2023-10-14 00:00:00+00:00,-0.0005027970413186145,0.009454495818422054,0.009957292859740669
2023-10-15 00:00:00+00:00,0.011309308660284012,0.015308824472311062,0.00399951581202705
2023-10-16 00:00:00+00:00,0.0496134827817456,0.018283815127661262,-0.031329667654084334
2023-10-17 00:00:00+00:00,-0.0036649196280311713,-0.03145370533779891,-0.02778878570976774
2023-10-18 00:00:00+00:00,-0.0026354824729849513,-0.02876186864975667,-0.02612638617677172
2023-10-19 00:00:00+00:00,0.013770396826238152,-0.01465746507630854,-0.028427861902546692
2023-10-20 00:00:00+00:00,0.03331718757078206,0.03560965517673386,0.002292467605951802
2023-10-21 00:00:00+00:00,0.008174552321855044,0.028798738043160955,0.02062418572130591
2023-10-22 00:00:00+00:00,0.002880041745553008,0.019071427716469608,0.0161913859709166
2023-10-23 00:00:00+00:00,0.10314694061337781,0.06607082334657989,-0.03707611726679792
2023-10-24 00:00:00+00:00,0.025488298965954836,0.021446399312439395,-0.004041899653515441
2023-10-25 00:00:00+00:00,0.016826370256802337,0.0308811235105345,0.014054753253732163
2023-10-26 00:00:00+00:00,-0.00967591344160379,0.001326834974338824,0.011002748415942613
2023-10-27 00:00:00+00:00,-0.007638929554371288,-0.013172439933586277,-0.0055335103792149894
2023-10-28 00:00:00+00:00,0.005709126636395112,0.03547707324057591,0.0297679466041808
2023-10-29 00:00:00+00:00,0.012966972358639417,0.02577947524125388,0.012812502882614464
2023-10-30 00:00:00+00:00,-0.0012974751365532056,0.02784251562144227,0.029139990757995476
2023-10-31 00:00:00+00:00,0.004860253220352995,-0.0201054176311511,-0.024965670851504095
2023-11-01 00:00:00+00:00,0.022683066196459434,0.036498815926692484,0.01381574973023305
2023-11-02 00:00:00+00:00,-0.014033196566339723,-0.026451203295550542,-0.012418006729210819
2023-11-03 00:00:00+00:00,-0.006860312363158871,0.021259580050476967,0.028119892413635838
2023-11-04 00:00:00+00:00,0.010642528616384705,0.03438401427730317,0.023741485660918465
2023-11-05 00:00:00+00:00,-0.001260347251330618,0.008561716112113748,0.009822063363444366
2023-11-06 00:00:00+00:00,0.0009107650140609547,0.036956033185739694,0.03604526817167874
2023-11-07 00:00:00+00:00,0.009957954668629254,-0.021710889780499076,-0.03166884444912833
2023-11-08 00:00:00+00:00,0.006219197040091107,0.020768932798390313,0.014549735758299206
2023-11-09 00:00:00+00:00,0.030673623995486343,0.006461680488970807,-0.024211943506515538
2023-11-10 00:00:00+00:00,0.016636936777461253,0.06260124045767004,0.04596430368020879
2023-11-11 00:00:00+00:00,-0.004508389944924085,0.0015380343701790456,0.006046424315103131
2023-11-12 00:00:00+00:00,-0.0020612398115286146,0.016878722952475844,0.018939962764004458
2023-11-13 00:00:00+00:00,-0.016159954699276113,-0.04849915280393814,-0.03233919810466203
2023-11-14 00:00:00+00:00,-0.02541234768213707,0.008522874309091665,0.03393522199122874
2023-11-15 00:00:00+00:00,0.06542928653786673,0.06563882517928303,0.00020953864141630418
2023-11-16 00:00:00+00:00,-0.04512532466161312,-0.048170378035219376,-0.003045053373606256
2023-11-17 00:00:00+00:00,0.012325851393188536,-0.003723629457543176,-0.016049480850731712
2023-11-18 00:00:00+00:00,-0.0011195486853498027,-0.016822236977002237,-0.015702688291652434
2023-11-19 00:00:00+00:00,0.02173265283248882,0.033594150489158696,0.011861497656669877
2023-11-20 00:00:00+00:00,0.0023170010621822446,-0.01447487282052362,-0.016791873882705866
2023-11-21 00:00:00+00:00,-0.04605939272605952,-0.09281189424650599,-0.046752501520446466
2023-11-22 00:00:00+00:00,0.04690936564345094,0.09652140106520798,0.049612035421757045
2023-11-23 00:00:00+00:00,-0.003183351419544622,0.0051072071407959555,0.008290558560340578
2023-11-24 00:00:00+00:00,0.01104726459539429,0.023534119900208532,0.012486855304814241
2023-11-25 00:00:00+00:00,0.0015992022553259488,0.028504119413853637,0.026904917158527688
2023-11-26 00:00:00+00:00,-0.008703457552440619,-0.01639299112654533,-0.00768953357410471
2023-11-27 00:00:00+00:00,-0.005438339223087008,-0.028156402000430018,-0.02271806277734301
2023-11-28 00:00:00+00:00,0.01551794984731858,0.023295554832724427,0.007777604985405848
2023-11-29 00:00:00+00:00,0.0006611640189249091,-0.020142939879186982,-0.02080410389811189
2023-11-30 00:00:00+00:00,-0.00317941914152986,-0.0011976014416274572,0.001981817699902403
2023-12-01 00:00:00+00:00,0.025007423747507085,0.022609758278233593,-0.002397665469273492
2023-12-02 00:00:00+00:00,0.020046559751681237,0.0532291934582415,0.033182633706560265
2023-12-03 00:00:00+00:00,0.01381260301762377,0.008738362403798832,-0.005074240613824938
2023-12-04 00:00:00+00:00,0.05036055798317651,0.05186366754350612,0.0015031095603296046
2023-12-05 00:00:00+00:00,0.04973674246483317,0.024163230227326072,-0.0255735122375071
2023-12-06 00:00:00+00:00,-0.006962072696833133,-0.04202045602735919,-0.035058383330526056
2023-12-07 00:00:00+00:00,-0.010937799830039507,0.025120105930236124,0.036057905760275635
2023-12-08 00:00:00+00:00,0.021098946784921857,0.03803858211586896,0.016939635330947105
2023-12-09 00:00:00+00:00,-0.01074882095477181,-0.010559982621677576,0.00018883833309423295
2023-12-10 00:00:00+00:00,0.0017309068625768198,0.027830008816447524,0.026099101953870704
2023-12-11 00:00:00+00:00,-0.05795480483907767,-0.06106962839433528,-0.0031148235552576134
2023-12-12 00:00:00+00:00,0.005912141697559603,0.02368303457007146,0.017770892872511858
2023-12-13 00:00:00+00:00,0.032759243646874436,0.02141955951767593,-0.011339684129198505
2023-12-14 00:00:00+00:00,0.003671137026239224,0.044255234566805815,0.04058409754056659
2023-12-15 00:00:00+00:00,-0.024734850949517218,-0.051110697379012054,-0.026375846429494837
2023-12-16 00:00:00+00:00,0.007610560426991819,0.034725746655646345,0.027115186228654525
2023-12-17 00:00:00+00:00,-0.021067741218424363,-0.02918126786438505,-0.008113526645960687
2023-12-18 00:00:00+00:00,0.030804536615415046,0.0048496955813399,-0.025954841034075145
2023-12-19 00:00:00+00:00,-0.008750530210888896,-0.0053095254964922725,0.0034410047143966236
2023-12-20 00:00:00+00:00,0.03334885799192899,0.049818094367763396,0.016469236375834403
2023-12-21 00:00:00+00:00,0.004287456330403838,0.033692645430405184,0.029405189100001346
2023-12-22 00:00:00+00:00,0.002344161125196642,0.013880809173812897,0.011536648048616255
2023-12-23 00:00:00+00:00,-0.006227385952471964,0.010612543538811083,0.016839929491283046
2023-12-24 00:00:00+00:00,-0.01639329265503675,0.0013639278602106742,0.017757220515247425
2023-12-25 00:00:00+00:00,0.014032142558197958,0.04757705200063149,0.03354490944243353
2023-12-26 00:00:00+00:00,-0.024612548409952528,-0.0011312690466084895,0.02348127936334404
2023-12-27 00:00:00+00:00,0.021516978736909387,0.006120976947790929,-0.015396001789118458
2023-12-28 00:00:00+00:00,-0.019646152925635985,-0.036669160589434424,-0.01702300766379844
2023-12-29 00:00:00+00:00,-0.01185443226659122,-0.00020609706363358348,0.011648335202957636
2023-12-30 00:00:00+00:00,0.0018790785625879547,-0.001686380783223187,-0.003565459345811142
2023-12-31 00:00:00+00:00,0.003314822806360196,-0.01363599308878589,-0.016950815895146087
2024-01-01 00:00:00+00:00,0.04528524838115011,0.050809506725442696,0.005524258344292585
2024-01-02 00:00:00+00:00,0.016947696370353205,-0.012391212824894068,-0.029338909195247273
2024-01-03 00:00:00+00:00,-0.04736125994335205,-0.0832058680581909,-0.03584460811483885
2024-01-04 00:00:00+00:00,0.030205720020069604,0.03428785443764551,0.0040821344175759056
2024-01-05 00:00:00+00:00,3.6245180523586384e-05,-0.0255763478521299,-0.025612593032653487
2024-01-06 00:00:00+00:00,-0.0042745110475832515,-0.029771311393660876,-0.025496800346077625
2024-01-07 00:00:00+00:00,-0.0009054364863606557,-0.053139569516471585,-0.05223413303011093
2024-01-08 00:00:00+00:00,0.06958141398869211,0.06563403447384886,-0.003947379514843252
2024-01-09 00:00:00+00:00,-0.01828083120621149,-0.04671432016863288,-0.028433488962421392
2024-01-10 00:00:00+00:00,0.01190310968469488,0.08741812572713516,0.07551501604244028
2024-01-11 00:00:00+00:00,-0.006966990907123161,0.03279164083022037,0.03975863173734353
2024-01-12 00:00:00+00:00,-0.0765875807655948,-0.0451732388375714,0.0314143419280234
2024-01-13 00:00:00+00:00,0.0013438064544775141,0.02442508747171711,0.023081281017239597
2024-01-14 00:00:00+00:00,-0.025941502670002725,-0.029315345030864637,-0.0033738423608619117
2024-01-15 00:00:00+00:00,0.018691790324164348,0.03169144387338652,0.012999653549222175
2024-01-16 00:00:00+00:00,0.014536046101376376,0.02144114499054011,0.006905098889163734
2024-01-17 00:00:00+00:00,-0.008105163100178503,-0.011978116294199353,-0.00387295319402085
2024-01-18 00:00:00+00:00,-0.03413239714468708,-0.05899309031466551,-0.02486069316997843
2024-01-19 00:00:00+00:00,0.008206063920664475,0.0009399953368421232,-0.007266068583822351
2024-01-20 00:00:00+00:00,0.0007104761630447598,-0.0004934925595583695,-0.0012039687226031294
2024-01-21 00:00:00+00:00,-0.002681582469454269,-0.0013945512934733827,0.0012870311759808862
2024-01-22 00:00:00+00:00,-0.048412698412698796,-0.06237694621278883,-0.013964247800090035
2024-01-23 00:00:00+00:00,0.008163368463617982,-0.0071298125377923845,-0.015293181001410366
2024-01-24 00:00:00+00:00,0.004730508899473795,0.026644361811715207,0.021913852912241412
2024-01-25 00:00:00+00:00,-0.003128843999430919,-0.020899364567380077,-0.017770520567949158
2024-01-26 00:00:00+00:00,0.046381650577048905,0.05764049847070119,0.011258847893652286
2024-01-27 00:00:00+00:00,0.007075471698112734,0.018630601177087442,0.011555129478974708
2024-01-28 00:00:00+00:00,-0.0019238899629945294,-0.022562027619322002,-0.020638137656327472
2024-01-29 00:00:00+00:00,0.03013954860879764,0.04046254636069737,0.01032299775189973
2024-01-30 00:00:00+00:00,-0.00853360192387187,-0.014524587481870027,-0.005990985557998157
2024-01-31 00:00:00+00:00,-0.008336770095739965,-0.041166765095577054,-0.03282999499983709
2024-02-01 00:00:00+00:00,0.012032283455316373,0.004749611525145926,-0.007282671930170447
2024-02-02 00:00:00+00:00,0.0025398977540243006,0.015158459027052817,0.012618561273028517
2024-02-03 00:00:00+00:00,-0.004390718354869705,-0.008753149325245275,-0.00436243097037557
2024-02-04 00:00:00+00:00,-0.009818014346722026,-0.02411485969098541,-0.014296845344263384
2024-02-05 00:00:00+00:00,0.002879942119270007,0.011738841956217225,0.008858899836947218
2024-02-06 00:00:00+00:00,0.009046000623054384,0.0026859798508107793,-0.006360020772243605
2024-02-07 00:00:00+00:00,0.028949072752216143,0.0316391683793248,0.00269009562710866
2024-02-08 00:00:00+00:00,0.021271843740271246,0.004755884010856657,-0.016515959729414588
2024-02-09 00:00:00+00:00,0.040800457707354854,0.04448718796864958,0.003686730261294728
2024-02-10 00:00:00+00:00,0.013084699285382362,0.008109743462304652,-0.00497495582307771
2024-02-11 00:00:00+00:00,0.011958284275317421,0.006269572240462391,-0.005688712034855031
2024-02-12 00:00:00+00:00,0.03395620184086412,0.0411717893775541,0.00721558753668998
2024-02-13 00:00:00+00:00,-0.004949583129770341,0.0027859588312124793,0.00773554196098282
2024-02-14 00:00:00+00:00,0.04279585644030526,0.05422895999503732,0.011433103554732059
2024-02-15 00:00:00+00:00,0.001453017181494154,0.010332662012927542,0.008879644831433388
2024-02-16 00:00:00+00:00,0.004819021744366436,-0.007101196905192033,-0.01192021864955847
2024-02-17 00:00:00+00:00,-0.008997365221693476,0.009688781660525244,0.018686146882218722
2024-02-18 00:00:00+00:00,0.009607309682387655,0.030942205222922726,0.02133489554053507
2024-02-19 00:00:00+00:00,-0.006939985702210882,0.025012593559067355,0.03195257926127824
2024-02-20 00:00:00+00:00,0.009333420826111993,-0.013945443719398432,-0.023278864545510425
2024-02-21 00:00:00+00:00,-0.008023343416690087,-0.01977051206626579,-0.011747168649575701
2024-02-22 00:00:00+00:00,-0.010811946535897676,0.0019705919881580058,0.012782538524055682
2024-02-23 00:00:00+00:00,-0.010620282986696039,-0.021183945880993767,-0.010563662894297728
2024-02-24 00:00:00+00:00,0.016351564546530417,0.04469340146637331,0.02834183691984289
2024-02-25 00:00:00+00:00,0.0031549103621750785,0.02025676728696609,0.017101856924791013
2024-02-26 00:00:00+00:00,0.05306105102105918,0.03406956632259012,-0.018991484698469063
2024-02-27 00:00:00+00:00,0.04701568106604803,0.0168910763730187,-0.03012460469302933
2024-02-28 00:00:00+00:00,0.09484796187439226,0.031924053074423295,-0.06292390879996897
2024-02-29 00:00:00+00:00,-0.0205575799474772,0.0046043602927732675,0.025161940240250466
2024-03-01 00:00:00+00:00,0.020052840288024232,0.07917677390696194,0.05912393361893771
2024-03-02 00:00:00+00:00,-0.006258149048703698,0.053129135434834183,0.05938728448353788
2024-03-03 00:00:00+00:00,0.01835270527515309,0.006328528581060379,-0.012024176694092711
2024-03-04 00:00:00+00:00,0.08100698813678764,0.011313063999126731,-0.0696939241376609
2024-03-05 00:00:00+00:00,-0.06660673183359556,-0.06463288474080824,0.0019738470927873203
2024-03-06 00:00:00+00:00,0.037345836849816516,0.08728466444224865,0.049938827592432136
2024-03-07 00:00:00+00:00,0.011219133772178536,0.035139867306054104,0.02392073353387557
2024-03-08 00:00:00+00:00,0.019593240616121,0.02263293925695103,0.003039698640830032
2024-03-09 00:00:00+00:00,0.002638595956010903,0.04749564323871097,0.04485704728270007
2024-03-10 00:00:00+00:00,0.009387054729293576,-0.004968786693555062,-0.014355841422848637
2024-03-11 00:00:00+00:00,0.045679967768957,0.02016150172827696,-0.025518466040680036
2024-03-12 00:00:00+00:00,-0.009016850117387842,-0.0014560488846417142,0.007560801232746129
2024-03-13 00:00:00+00:00,0.022717864375300767,0.01206575391807053,-0.010652110457230237
2024-03-14 00:00:00+00:00,-0.022865511790350235,-0.004655077387959119,0.018210434402391115
2024-03-15 00:00:00+00:00,-0.026636158168370394,-0.0508051266375686,-0.024168968469198207
2024-03-16 00:00:00+00:00,-0.06040355301485767,-0.08159635181899987,-0.021192798804142196
2024-03-17 00:00:00+00:00,0.04738871631650521,0.06645539918627512,0.01906668286976991
2024-03-18 00:00:00+00:00,-0.01151094482080528,-0.06678332150193461,-0.05527237668112933
2024-03-19 00:00:00+00:00,-0.08403635826189759,-0.07425000092604633,0.009786357335851259
2024-03-20 00:00:00+00:00,0.09523817207510854,0.11019231428180185,0.014954142206693305
2024-03-21 00:00:00+00:00,-0.034422862732849335,-0.010328922454890407,0.024093940277958928
2024-03-22 00:00:00+00:00,-0.026150482377910067,-0.017307499436395805,0.008842982941514262
2024-03-23 00:00:00+00:00,0.0030442139566948523,0.012039568602916566,0.008995354646221714
2024-03-24 00:00:00+00:00,0.05061831950178264,0.044312189634750095,-0.006306129867032544
2024-03-25 00:00:00+00:00,0.03954154642593277,0.0551821830376864,0.015640636611753626
2024-03-26 00:00:00+00:00,0.0017677219127438804,0.02050962055379797,0.018741898641054088
2024-03-27 00:00:00+00:00,-0.007302542255521849,-0.017557673646923077,-0.010255131391401228
2024-03-28 00:00:00+00:00,0.018783994845582352,0.01657303979832571,-0.0022109550472566436
2024-03-29 00:00:00+00:00,-0.013200411639400333,-0.01428679811505765,-0.0010863864756573173
2024-03-30 00:00:00+00:00,-0.00374086599259571,-0.004062066631239337,-0.00032120063864362735
2024-03-31 00:00:00+00:00,0.02471062762323384,0.03499449872343632,0.010283871100202478
2024-04-01 00:00:00+00:00,-0.023303392514328114,-0.048339209736854745,-0.02503581722252663
2024-04-02 00:00:00+00:00,-0.06018220946915376,-0.07789226722346912,-0.01771005775431536
2024-04-03 00:00:00+00:00,0.007123087750150914,-0.015119442519205861,-0.022242530269356776
2024-04-04 00:00:00+00:00,0.03816776536676936,0.01911263912135165,-0.019055126245417706
2024-04-05 00:00:00+00:00,-0.00969778025665069,-0.0263286200688355,-0.01663083981218481
2024-04-06 00:00:00+00:00,0.015862718703971712,0.037345063383970124,0.021482344679998412
2024-04-07 00:00:00+00:00,0.006692152286739805,0.028158032053354213,0.021465879766614408
2024-04-08 00:00:00+00:00,0.033385378596853865,0.03219707044537219,-0.0011883081514816735
2024-04-09 00:00:00+00:00,-0.034725942543360366,-0.05579260003900816,-0.021066657495647796
2024-04-10 00:00:00+00:00,0.021569809204602164,0.002642015676851691,-0.018927793527750474
2024-04-11 00:00:00+00:00,-0.00885660644834485,-0.021561016793388513,-0.012704410345043663
2024-04-12 00:00:00+00:00,-0.04167112740290935,-0.15670329508143918,-0.11503216767852983
2024-04-13 00:00:00+00:00,-0.047615004677045714,-0.12819664981091944,-0.08058164513387372
2024-04-14 00:00:00+00:00,0.02621532475128996,0.09379763782131036,0.0675823130700204
2024-04-15 00:00:00+00:00,-0.033882031641721655,-0.053117672749202136,-0.01923564110748048
2024-04-16 00:00:00+00:00,0.005872915966664838,-6.579033793157829e-05,-0.005938706304596416
2024-04-17 00:00:00+00:00,-0.039371128361953556,-0.03224731565618402,0.007123812705769533
2024-04-18 00:00:00+00:00,0.03576063799394347,0.03606628546859856,0.0003056474746550922
2024-04-19 00:00:00+00:00,0.005396800378279831,0.014849179164946522,0.009452378786666691
2024-04-20 00:00:00+00:00,0.017398420377692014,0.0929204632715761,0.07552204289388409
2024-04-21 00:00:00+00:00,0.0002372983734268974,-0.0147381507038321,-0.014975449077258998
2024-04-22 00:00:00+00:00,0.02873710188776868,0.02868394171016773,-5.316017760094785e-05
2024-04-23 00:00:00+00:00,-0.005865704273862904,-0.012279105729534369,-0.006413401455671465
2024-04-24 00:00:00+00:00,-0.03217983228467336,-0.046167011059867855,-0.013987178775194495
2024-04-25 00:00:00+00:00,0.0035610894941633386,0.005517066837178346,0.0019559773430150073
2024-04-26 00:00:00+00:00,-0.011321550649206258,-0.030742802427994945,-0.019421251778788687
2024-04-27 00:00:00+00:00,-0.005142057575985293,0.007272396753754463,0.012414454329739755
2024-04-28 00:00:00+00:00,-0.005245896469623368,-0.004995659117883609,0.0002502373517397592
2024-04-29 00:00:00+00:00,0.011953087973522791,-0.00806207433212063,-0.020015162305643423
2024-04-30 00:00:00+00:00,-0.04998558951417875,-0.0716142495660878,-0.021628660051909054
2024-05-01 00:00:00+00:00,-0.03864062046587691,0.01102241263628278,0.049663033102159686
2024-05-02 00:00:00+00:00,0.012504373357847376,0.022626266177633858,0.010121892819786482
2024-05-03 00:00:00+00:00,0.06465469784049582,0.05604473312218751,-0.008609964718308313
2024-05-04 00:00:00+00:00,0.01607701694570096,0.010360047112182384,-0.005716969833518578
2024-05-05 00:00:00+00:00,0.0019384882297122097,0.018469493584592853,0.016531005354880644
2024-05-06 00:00:00+00:00,-0.013208726636244061,-0.01508508544659514,-0.0018763588103510778
2024-05-07 00:00:00+00:00,-0.01341087186504264,-0.026021158968474265,-0.012610287103431626
2024-05-08 00:00:00+00:00,-0.01826923076923015,-0.019422472254692756,-0.001153241485462607
2024-05-09 00:00:00+00:00,0.030939584256489683,0.043654989116128376,0.012715404859638693
2024-05-10 00:00:00+00:00,-0.03603483578931632,-0.03655164532597772,-0.0005168095366613959
2024-05-11 00:00:00+00:00,0.0005116974699770349,0.002945561707487657,0.0024338642375106223
2024-05-12 00:00:00+00:00,0.01063325944100546,-0.0035940116256711753,-0.014227271066676636
2024-05-13 00:00:00+00:00,0.023696705599796752,-0.016278616017279736,-0.03997532161707649
2024-05-14 00:00:00+00:00,-0.02164289540485831,-0.04500797606513597,-0.023365080660277662
2024-05-15 00:00:00+00:00,0.07513992575202488,0.0836148211514922,0.008474895399467317
2024-05-16 00:00:00+00:00,-0.01447214523826068,-0.01737231196622512,-0.002900166727964438
2024-05-17 00:00:00+00:00,0.027021805430121004,0.03652089897701349,0.009499093546892483
2024-05-18 00:00:00+00:00,-0.0014198268139750114,0.0020016775651057485,0.00342150437908076
2024-05-19 00:00:00+00:00,-0.009650907753469107,-0.041518603511727675,-0.03186769575825857
2024-05-20 00:00:00+00:00,0.07891224860128565,0.10552034756548939,0.02660809896420374
2024-05-21 00:00:00+00:00,-0.018158158018092063,0.008177812745103997,0.026335970763196062
2024-05-22 00:00:00+00:00,-0.013534505364207194,-0.012570739601788299,0.0009637657624188955
2024-05-23 00:00:00+00:00,-0.017613635542791384,-0.00997852548051463,0.007635110062276754
2024-05-24 00:00:00+00:00,0.0085911891046897,0.006505812806979697,-0.0020853762977100032
2024-05-25 00:00:00+00:00,0.010648240627200378,0.02475017989347493,0.014101939266274552
2024-05-26 00:00:00+00:00,-0.011398785822281932,-0.0015370610903947001,0.009861724731887232
2024-05-27 00:00:00+00:00,0.013678359355732361,0.041194484941375877,0.027516125585643515
2024-05-28 00:00:00+00:00,-0.014700208460502018,-0.009088732654331766,0.0056114758061702515
2024-05-29 00:00:00+00:00,-0.011013946420613485,-0.022786804395863385,-0.0117728579752499
2024-05-30 00:00:00+00:00,0.010575194240522778,-0.002601077078618057,-0.013176271319140835
2024-05-31 00:00:00+00:00,-0.012055114944629297,0.00031283262122534626,0.012367947565854643
2024-06-01 00:00:00+00:00,0.003274739226877932,0.01953286760161837,0.016258128374740437
2024-06-02 00:00:00+00:00,9.882122502924418e-05,-0.0017794252699501677,-0.001878246494979412
2024-06-03 00:00:00+00:00,0.01541901220985209,0.008492255111129287,-0.006926757098722803
2024-06-04 00:00:00+00:00,0.025106243300789366,0.0166323412843058,-0.008473902016483566
2024-06-05 00:00:00+00:00,0.007839331255313109,0.01272754289639514,0.004888211641082031
2024-06-06 00:00:00+00:00,-0.004263825803104915,-0.016481860042318622,-0.012218034239213707
2024-06-07 00:00:00+00:00,-0.020513906536778093,-0.08144241493967178,-0.06092850840289368
2024-06-08 00:00:00+00:00,-0.00043962696570920556,-0.0338582731788011,-0.033418646213091895
2024-06-09 00:00:00+00:00,0.004623160505577095,0.022033706569930055,0.01741054606435296
2024-06-10 00:00:00+00:00,-0.0015559711829548073,-0.037027681310042186,-0.03547171012708738
2024-06-11 00:00:00+00:00,-0.03217426432638926,-0.057488296842455544,-0.025314032516066287
2024-06-12 00:00:00+00:00,0.014105616845933033,0.047589277517982954,0.03348366067204992
2024-06-13 00:00:00+00:00,-0.02172833574775579,-0.05951877856645997,-0.03779044281870418
2024-06-14 00:00:00+00:00,-0.011187822761649868,-0.02581894859967814,-0.01463112583802827
2024-06-15 00:00:00+00:00,0.002634778777008684,0.019730417330717186,0.017095638553708502
2024-06-16 00:00:00+00:00,0.006643640213430002,0.009349089575427735,0.0027054493619977325
2024-06-17 00:00:00+00:00,-0.0027230337146081363,-0.08847479104627373,-0.0857517573316656
2024-06-18 00:00:00+00:00,-0.019889547644801775,-0.06601698208462417,-0.046127434439822396
2024-06-19 00:00:00+00:00,-0.0033215656178050557,0.01992393785325487,0.023245503471059924
2024-06-20 00:00:00+00:00,-0.0012258676555744197,0.003496458354029516,0.0047223260096039355
2024-06-21 00:00:00+00:00,-0.011256052055385712,-0.00419488566582776,0.0070611663895579525
2024-06-22 00:00:00+00:00,0.0018089950720483472,0.0014311595948051014,-0.00037783547724324577
2024-06-23 00:00:00+00:00,-0.016268679950186438,-0.0370184808265443,-0.02074980087635786
2024-06-24 00:00:00+00:00,-0.04622683159558749,0.03336640062176659,0.07959323221735408
2024-06-25 00:00:00+00:00,0.024956199729234907,0.025394355041101067,0.00043815531186616047
2024-06-26 00:00:00+00:00,-0.014854850771636618,-0.01971624866814774,-0.004861397896511122
2024-06-27 00:00:00+00:00,0.013504742844655082,0.023282428354154103,0.00977768550949902
2024-06-28 00:00:00+00:00,-0.020300898155052982,-0.04374641406027051,-0.023445515905217526
2024-06-29 00:00:00+00:00,0.009144494934617775,-0.006784209430208272,-0.015928704364826046
2024-06-30 00:00:00+00:00,0.029247782966889346,0.043374612638504485,0.014126829671615139
2024-07-01 00:00:00+00:00,0.0018736258483891266,-0.01881670140998393,-0.020690327258373057
2024-07-02 00:00:00+00:00,-0.01208582205853359,0.008644734609205802,0.020730556667739392
2024-07-03 00:00:00+00:00,-0.030835302525932473,-0.06098291901837705,-0.03014761649244458
2024-07-04 00:00:00+00:00,-0.052519598724422134,-0.11122145889296942,-0.05870186016854728
2024-07-05 00:00:00+00:00,-0.0077306169242661316,-0.036221344223646576,-0.028490727299380444
2024-07-06 00:00:00+00:00,0.028462200268881466,0.10449573321324261,0.07603353294436115
2024-07-07 00:00:00+00:00,-0.040969836471072996,-0.0677665508422192,-0.02679671437114621
2024-07-08 00:00:00+00:00,0.015323055870494429,0.04268181394235897,0.02735875807186454
2024-07-09 00:00:00+00:00,0.02358237601964497,0.033532620305733306,0.009950244286088337
2024-07-10 00:00:00+00:00,-0.005449544320202282,0.013737397356417037,0.01918694167661932
2024-07-11 00:00:00+00:00,-0.00678427227199474,-0.033252726346399836,-0.026468454074405096
2024-07-12 00:00:00+00:00,0.009674520853870439,0.022073026495478022,0.012398505641607584
2024-07-13 00:00:00+00:00,0.02253326421289059,0.02021112683061589,-0.0023221373822747
2024-07-14 00:00:00+00:00,0.02690370770946715,0.036368697894900846,0.009464990185433696
2024-07-15 00:00:00+00:00,0.06442089326268063,0.08735782639489009,0.02293693313220946
2024-07-16 00:00:00+00:00,0.005092717136205183,0.008166933664140945,0.0030742165279357622
2024-07-17 00:00:00+00:00,-0.014679280110752368,-1.970538841795322e-05,0.014659574722334416
2024-07-18 00:00:00+00:00,-0.0014955733837890284,-0.0021151372921594134,-0.000619563908370385
2024-07-19 00:00:00+00:00,0.04171363620018176,0.036596891928128594,-0.005116744272053164
2024-07-20 00:00:00+00:00,0.007019581886867021,0.01175668935171579,0.004737107464848768
2024-07-21 00:00:00+00:00,0.01553604111148843,0.021656733573440282,0.006120692461951852
2024-07-22 00:00:00+00:00,-0.009375091725615903,-0.05358780618160255,-0.044212714455986644
2024-07-23 00:00:00+00:00,-0.02344916680493947,-0.023156838241094393,0.0002923285638450762
2024-07-24 00:00:00+00:00,-0.008580565686232888,-0.019698538497399394,-0.011117972811166506
2024-07-25 00:00:00+00:00,0.006460517698329449,-0.028879758176699986,-0.035340275875029435
2024-07-26 00:00:00+00:00,0.032072430936706864,0.060076931830032626,0.028004500893325762
2024-07-27 00:00:00+00:00,-0.0001281626339633135,-0.003362880317590241,-0.0032347176836269274
2024-07-28 00:00:00+00:00,0.005034343148608178,-0.02250022902726057,-0.027534572175868747
2024-07-29 00:00:00+00:00,-0.02148338720671994,0.0022912829508980135,0.02377467015761795
2024-07-30 00:00:00+00:00,-0.008849438202247817,-0.021003391548883688,-0.012153953346635871
2024-07-31 00:00:00+00:00,-0.023541663832598037,-0.02155536572271288,0.0019862981098851575
2024-08-01 00:00:00+00:00,0.01125510434693755,-0.01846730930927587,-0.02972241365621342
2024-08-02 00:00:00+00:00,-0.05885909605090578,-0.0760327132722824,-0.017173617221376627
2024-08-03 00:00:00+00:00,-0.012996940652563183,-0.060949979230868416,-0.047953038578305233
2024-08-04 00:00:00+00:00,-0.04185740698628637,-0.0573570930981484,-0.015499686111862025
2024-08-05 00:00:00+00:00,-0.0712259972998307,-0.08838353635694883,-0.01715753905711813
2024-08-06 00:00:00+00:00,0.03681455323861038,0.08594009728725037,0.04912554404863999
2024-08-07 00:00:00+00:00,-0.01586499307033995,-0.03573518917464073,-0.019870196104300783
2024-08-08 00:00:00+00:00,0.11899373717172823,0.14184058327483684,0.02284684610310861
2024-08-09 00:00:00+00:00,-0.013804780424198082,-0.015276690448668175,-0.0014719100244700925
2024-08-10 00:00:00+00:00,0.0013369819400541605,0.01368740111698975,0.012350419176935589
2024-08-11 00:00:00+00:00,-0.036078233007444394,-0.07024230417904068,-0.03416407117159628
2024-08-12 00:00:00+00:00,0.010742318943794515,0.06793148348370076,0.057189164539906245
2024-08-13 00:00:00+00:00,0.020681482580289012,0.0058603632952175634,-0.01482111928507145
2024-08-14 00:00:00+00:00,-0.03141840282078612,-0.025136741728420172,0.006281661092365946
2024-08-15 00:00:00+00:00,-0.019388522390324625,-0.040507971222432,-0.021119448832107375
2024-08-16 00:00:00+00:00,0.023367703569752374,0.0007200843630986054,-0.022647619206653768
2024-08-17 00:00:00+00:00,0.010425640006183956,0.03704875629536396,0.02662311628918
2024-08-18 00:00:00+00:00,-0.01813565164751152,-0.0059084633505448545,0.012227188296966665
2024-08-19 00:00:00+00:00,0.017271793115259282,0.011601131061845531,-0.005670662053413751
2024-08-20 00:00:00+00:00,-0.0069968096837458305,0.013918585768508402,0.02091539545225423
2024-08-21 00:00:00+00:00,0.036232535192403104,0.030306599609008056,-0.005925935583395048
2024-08-22 00:00:00+00:00,-0.01259980366492175,0.014211645239061545,0.026811448903983293
2024-08-23 00:00:00+00:00,0.060812031171551206,0.09648970048697546,0.03567766931542425
2024-08-24 00:00:00+00:00,0.0015089058245956188,0.017534209709780608,0.01602530388518499
2024-08-25 00:00:00+00:00,0.0011494701051997236,-0.026590941426604245,-0.02774041153180397
2024-08-26 00:00:00+00:00,-0.021539113447224034,-0.0637421582695371,-0.04220304482231306
2024-08-27 00:00:00+00:00,-0.05450136607671696,-0.06033421689892616,-0.005832850822209197
2024-08-28 00:00:00+00:00,-0.0063063594035484005,-0.018565300214517858,-0.012258940810969458
2024-08-29 00:00:00+00:00,0.005307574987290398,-0.008739868720735873,-0.014047443708026271
2024-08-30 00:00:00+00:00,-0.003824810529438505,0.0016142433081811646,0.005439053837619669
2024-08-31 00:00:00+00:00,-0.0026126847196863423,-0.020026956275814127,-0.017414271556127785
2024-09-01 00:00:00+00:00,-0.02839745579969477,-0.05358269444930166,-0.025185238649606888
2024-09-02 00:00:00+00:00,0.032199426906078576,0.06364673779961938,0.0314473108935408
2024-09-03 00:00:00+00:00,-0.02808562037214013,-0.05401736240539905,-0.025931742033258917
2024-09-04 00:00:00+00:00,0.008579350726433566,0.02064475826930736,0.012065407542873795
2024-09-05 00:00:00+00:00,-0.031048515138546118,-0.029480214828677073,0.0015683003098690453
2024-09-06 00:00:00+00:00,-0.0395043609751059,-0.026375788382784305,0.013128572592321596
2024-09-07 00:00:00+00:00,0.003842181290876212,0.02056489263647661,0.016722711345600397
2024-09-08 00:00:00+00:00,0.013017480405431936,0.02903038737191018,0.016012906966478245
2024-09-09 00:00:00+00:00,0.03957723980481198,0.050060097023278044,0.010482857218466063
2024-09-10 00:00:00+00:00,0.010508682687247362,0.012724809583217615,0.0022161268959702534
2024-09-11 00:00:00+00:00,-0.0052613215620445075,-0.02872530080716661,-0.023463979245122103
2024-09-12 00:00:00+00:00,0.013803092171849496,0.03000469337396553,0.016201601202116035
2024-09-13 00:00:00+00:00,0.04060794877532392,0.02080164084889643,-0.019806307926427492
2024-09-14 00:00:00+00:00,-0.00814143131721834,-0.008124509415062296,1.6921902156043916e-05
2024-09-15 00:00:00+00:00,-0.014400306850776978,-0.03175517148833113,-0.017354864637554153
2024-09-16 00:00:00+00:00,-0.015456722024348224,-0.02463357319897365,-0.009176851174625425
2024-09-17 00:00:00+00:00,0.035987419870417314,0.05004584804712076,0.014058428176703448
2024-09-18 00:00:00+00:00,0.024125346294852523,0.04823787139259924,0.024112525097746716
2024-09-19 00:00:00+00:00,0.019301760905025667,0.044711799599021586,0.02541003869399592
2024-09-20 00:00:00+00:00,0.00395379400542506,0.007036443103834632,0.003082649098409572
2024-09-21 00:00:00+00:00,0.002293603394976307,0.014243440268143472,0.011949836873167165
2024-09-22 00:00:00+00:00,0.0037554918936333337,-0.03744365031987849,-0.04119914221351182
2024-09-23 00:00:00+00:00,-0.0040340851877955775,0.04595396700801279,0.04998805219580837
2024-09-24 00:00:00+00:00,0.014866828852168723,0.03335378292289747,0.01848695407072875
2024-09-25 00:00:00+00:00,-0.017506938488335178,-0.01735839491379516,0.00014854357454001724
2024-09-26 00:00:00+00:00,0.032016020684934476,0.04486543338919666,0.01284941270426218
2024-09-27 00:00:00+00:00,0.00937070151306707,0.03252820970676223,0.023157508193695157
2024-09-28 00:00:00+00:00,0.0011102729142080658,-0.01688271975009696,-0.017992992664305027
2024-09-29 00:00:00+00:00,-0.003866453163503092,0.00392006270172169,0.0077865158652247815
2024-09-30 00:00:00+00:00,-0.034452729299766394,-0.055616856991865325,-0.02116412769209893
2024-10-01 00:00:00+00:00,-0.039998989086876824,-0.08107767751026379,-0.041078688423386966
2024-10-02 00:00:00+00:00,-0.0025371523344429603,-0.02618383272478912,-0.02364668039034616
2024-10-03 00:00:00+00:00,0.0017254291303900882,-0.01773905603817012,-0.019464485168560208
2024-10-04 00:00:00+00:00,0.021855115994150687,0.057550682733418165,0.03569556673926748
2024-10-05 00:00:00+00:00,-0.0005043961427391164,-0.012424485478227516,-0.0119200893354884
2024-10-06 00:00:00+00:00,0.012353461855341141,0.04284017792252424,0.030486716067183096
2024-10-07 00:00:00+00:00,-0.009533471467271681,-0.006250931427920638,0.0032825400393510437
2024-10-08 00:00:00+00:00,-0.0009486949013277624,-0.010166615997980268,-0.009217921096652506
2024-10-09 00:00:00+00:00,-0.024549465087869926,-0.030438466577366194,-0.005889001489496268
2024-10-10 00:00:00+00:00,-0.0051677710604822735,0.008369552016570718,0.013537323077052991
2024-10-11 00:00:00+00:00,0.03675041298189452,0.057765420877440195,0.021015007895545675
2024-10-12 00:00:00+00:00,0.010670463453262613,0.030954004341249456,0.020283540887986843
2024-10-13 00:00:00+00:00,-0.005321641129542809,-0.008730420410948646,-0.003408779281405837
2024-10-14 00:00:00+00:00,0.05132256945439084,0.07275709660665744,0.021434527152266597
2024-10-15 00:00:00+00:00,0.014821788877301456,-0.03541269924102939,-0.050234488118330846
2024-10-16 00:00:00+00:00,0.008172232903417509,-0.032163550696889864,-0.04033578360030737
2024-10-17 00:00:00+00:00,-0.0028183808734765226,-0.021223766235654352,-0.01840538536217783
2024-10-18 00:00:00+00:00,0.0149299347937355,0.03907927287047916,0.02414933807674366
2024-10-19 00:00:00+00:00,-0.0007411435538055011,0.003816794524262983,0.004557938078068484
2024-10-20 00:00:00+00:00,0.009699065642047255,0.03212203963937439,0.022422973997327136
2024-10-21 00:00:00+00:00,-0.023924914626319183,-0.04577326686980737,-0.02184835224348819
2024-10-22 00:00:00+00:00,0.0005581218605645866,0.00463335600368195,0.004075234143117363
2024-10-23 00:00:00+00:00,-0.01126302546939184,-0.04184522657718549,-0.030582201107793652
2024-10-24 00:00:00+00:00,0.02290568846103125,0.01370423237106559,-0.009201456089965658
2024-10-25 00:00:00+00:00,-0.022163939812655076,-0.09594297722648537,-0.0737790374138303
2024-10-26 00:00:00+00:00,0.006135355850639401,0.021719661398820735,0.015584305548181333
2024-10-27 00:00:00+00:00,0.013728571471170348,0.02106180945222919,0.007333237981058841
2024-10-28 00:00:00+00:00,0.02864135214714536,-0.004678109554175244,-0.03331946170132061
2024-10-29 00:00:00+00:00,0.04002716614240809,0.046383237812969824,0.006356071670561736
2024-10-30 00:00:00+00:00,-0.005368472425573145,-0.016300723286466253,-0.010932250860893108
2024-10-31 00:00:00+00:00,-0.028018355471395195,-0.05112717178389982,-0.023108816312504624
2024-11-01 00:00:00+00:00,-0.011751673376287908,-0.017834689842373568,-0.00608301646608566
2024-11-02 00:00:00+00:00,-0.0018547963537206558,-0.03434411616007905,-0.03248931980635839
2024-11-03 00:00:00+00:00,-0.00870880221893544,-0.03784133645196064,-0.029132534233025198
2024-11-04 00:00:00+00:00,-0.013498636611525394,-0.027833286249831245,-0.01433464963830585
2024-11-05 00:00:00+00:00,0.02238985292101514,0.0593462954999252,0.03695644257891006
2024-11-06 00:00:00+00:00,0.08978401830631988,0.15360686835395568,0.0638228500476358
2024-11-07 00:00:00+00:00,0.0036980731649545184,0.021058333287438245,0.017360260122483727
2024-11-08 00:00:00+00:00,0.008209925203733093,-0.004074065199831951,-0.012283990403565044
2024-11-09 00:00:00+00:00,0.0025221554819292447,0.0653095412969269,0.06278738581499765
2024-11-10 00:00:00+00:00,0.04871072877635596,0.04376828375824978,-0.00494244501810618
2024-11-11 00:00:00+00:00,0.10345603780624324,0.05439918267620009,-0.049056855130043146
2024-11-12 00:00:00+00:00,-0.008530478795521712,-0.045973556907511794,-0.03744307811199008
2024-11-13 00:00:00+00:00,0.027750875278497622,0.01575937093247125,-0.01199150434602637
2024-11-14 00:00:00+00:00,-0.03351940477783688,-0.03672874288650843,-0.00320933810867155
2024-11-15 00:00:00+00:00,0.04224978170736282,0.07392075776011221,0.03167097605274939
2024-11-16 00:00:00+00:00,-0.004735678224225159,0.0378488954536069,0.04258457367783206
2024-11-17 00:00:00+00:00,-0.008201378369939838,-0.023875184342040057,-0.01567380597210022
2024-11-18 00:00:00+00:00,0.0067575158593062845,0.039645134954061356,0.03288761909475507
2024-11-19 00:00:00+00:00,0.02020276795046616,-0.029790132996340857,-0.049992900946807015
2024-11-20 00:00:00+00:00,0.021141289574261313,-0.05964536873294537,-0.08078665830720669
2024-11-21 00:00:00+00:00,0.043258951298150494,0.0636207179433073,0.020361766645156806
2024-11-22 00:00:00+00:00,0.005638081141198459,0.023754023269948153,0.018115942128749694
2024-11-23 00:00:00+00:00,-0.012089396227712101,0.05127088189074943,0.06336027811846154
2024-11-24 00:00:00+00:00,0.0024036715084605476,0.03991979808120684,0.03751612657274629
2024-11-25 00:00:00+00:00,-0.04998346270533782,-0.03909558540894835,0.010887877296389473
2024-11-26 00:00:00+00:00,-0.01120304306713693,-0.013993969767595555,-0.0027909267004586243
2024-11-27 00:00:00+00:00,0.04220540004825013,0.05677522354723678,0.014569823498986653
2024-11-28 00:00:00+00:00,-0.002198003862146636,0.0002617717295445698,0.0024597755916912056
2024-11-29 00:00:00+00:00,0.019038731629018812,0.039683789256341015,0.020645057627322203
2024-11-30 00:00:00+00:00,-0.010677189351934069,0.029005789384862826,0.039682978736796895
2024-12-01 00:00:00+00:00,0.008188641421465137,0.017898667014458695,0.009710025592993558
2024-12-02 00:00:00+00:00,-0.014132510016439337,0.02110457136472088,0.03523708138116022
2024-12-03 00:00:00+00:00,0.00023777120778412097,0.06770921108034689,0.06747143987256277
2024-12-04 00:00:00+00:00,0.02873949702491685,0.01103644090992197,-0.01770305611499488
2024-12-05 00:00:00+00:00,-0.01690790900559247,-0.0008167050036464163,0.016091204001946052
2024-12-06 00:00:00+00:00,0.028875842126152795,0.040674884799734044,0.011799042673581249
2024-12-07 00:00:00+00:00,0.0009689136043686819,0.005488483570434095,0.004519569966065413
2024-12-08 00:00:00+00:00,0.013021125294297109,0.0018541008747406129,-0.011167024419556497
2024-12-09 00:00:00+00:00,-0.03805237154150154,-0.16483990283771593,-0.1267875312962144
2024-12-10 00:00:00+00:00,-0.007670332853617068,-0.029394633613093957,-0.02172430075947689
2024-12-11 00:00:00+00:00,0.04671623065265407,0.09099718734809521,0.044280956695441145
2024-12-12 00:00:00+00:00,-0.011204041327078973,-0.0023110251528242177,0.008893016174254755
2024-12-13 00:00:00+00:00,0.013897445950487475,0.011851125076172324,-0.0020463208743151506
2024-12-14 00:00:00+00:00,8.976846640940117e-05,-0.04631353759571356,-0.04640330606212296
2024-12-15 00:00:00+00:00,0.03037452777147598,0.03875726724530678,0.008382739473830801
2024-12-16 00:00:00+00:00,0.014960693238777578,-0.038153830276755785,-0.05311452351553336
2024-12-17 00:00:00+00:00,0.0004847995533052707,-0.05481957643832294,-0.05530437599162821
2024-12-18 00:00:00+00:00,-0.0555599549750837,-0.08966278635771169,-0.034102831382627985
2024-12-19 00:00:00+00:00,-0.02741734718425004,-0.07382060772085185,-0.046403260536601806
2024-12-20 00:00:00+00:00,0.003386894156478748,0.06948963298709937,0.06610273883062062
2024-12-21 00:00:00+00:00,-0.005140930645511577,-0.058391213592831705,-0.05325028294732013
2024-12-22 00:00:00+00:00,-0.021676547215864428,-0.0036702763228332346,0.018006270893031192
2024-12-23 00:00:00+00:00,-0.0030729295296542114,0.07583820346787579,0.07891113299753
2024-12-24 00:00:00+00:00,0.039701205235866066,0.050213040812182974,0.010511835576316908
2024-12-25 00:00:00+00:00,0.007629741085622976,-0.015068120508496225,-0.0226978615941192
2024-12-26 00:00:00+00:00,-0.036513493198308655,-0.058773342429141666,-0.02225984923083301
2024-12-27 00:00:00+00:00,-0.01558312706916909,-0.003953362532713302,0.011629764536455787
2024-12-28 00:00:00+00:00,0.01061119957903145,0.01894972342719147,0.008338523848160022
2024-12-29 00:00:00+00:00,-0.016366940271323238,-0.03901644702455373,-0.02264950675323049
2024-12-30 00:00:00+00:00,-0.01003948772678842,-0.006517429139441147,0.003522058587347274
2024-12-31 00:00:00+00:00,0.00851235401733308,0.0015003364741546321,-0.007012017543178447
2025-01-01 00:00:00+00:00,0.011031663653982227,0.03396434278564317,0.022932679131660944
2025-01-02 00:00:00+00:00,0.025233424507485003,0.03144676908257816,0.006213344575093156
2025-01-03 00:00:00+00:00,0.012150462783921734,0.05940154532909151,0.04725108254516978
2025-01-04 00:00:00+00:00,0.0002801956682769724,-0.006517146492536189,-0.006797342160813161
2025-01-05 00:00:00+00:00,0.001701075242530603,0.0011709942985104638,-0.0005300809440201392
2025-01-06 00:00:00+00:00,0.039050154463789344,0.0026098018158890336,-0.03644035264790031
2025-01-07 00:00:00+00:00,-0.05147856144622598,-0.10426158574715115,-0.05278302430092517
2025-01-08 00:00:00+00:00,-0.019667706352539005,-0.06037457257326715,-0.040706866220728145
2025-01-09 00:00:00+00:00,-0.02639818721642384,-0.049422867416075746,-0.023024680199651905
2025-01-10 00:00:00+00:00,0.023453639173284913,0.022881912723113525,-0.0005717264501713878
2025-01-11 00:00:00+00:00,-0.0011935506017922703,-0.004319383669298388,-0.0031258330675061176
2025-01-12 00:00:00+00:00,-0.0006619960343685616,-0.029383952837054434,-0.028721956802685873
2025-01-13 00:00:00+00:00,-0.00015449751798646272,-0.03336496933700917,-0.03321047181902271
2025-01-14 00:00:00+00:00,0.02148059010237513,0.0510830738749798,0.029602483772604667
2025-01-15 00:00:00+00:00,0.04087555393001496,0.08292908050077158,0.042053526570756616
2025-01-16 00:00:00+00:00,-0.005202070475811782,-0.02927295596737835,-0.02407088549156657
2025-01-17 00:00:00+00:00,0.04107671402297819,0.05811241557311035,0.017035701550132162
2025-01-18 00:00:00+00:00,0.00463079991349602,-0.07756465731159864,-0.08219545722509466
2025-01-19 00:00:00+00:00,-0.03073735007075007,-0.0999457359838577,-0.06920838591310763
2025-01-20 00:00:00+00:00,0.009239819763797952,-0.0027715587933635033,-0.012011378557161455
2025-01-21 00:00:00+00:00,0.037818980592208895,0.03442123875735036,-0.0033977418348585323
2025-01-22 00:00:00+00:00,-0.02308449834848214,-0.018769480794131183,0.004315017554350958
2025-01-23 00:00:00+00:00,0.0019215761554780553,-0.018461936057885226,-0.02038351221336328
2025-01-24 00:00:00+00:00,0.00908879969113574,-0.05075386759954252,-0.05984266729067826
2025-01-25 00:00:00+00:00,-0.0010123263373725822,0.027264423570666746,0.028276749908039328
2025-01-26 00:00:00+00:00,-0.02045710683654478,-0.039725916781100545,-0.019268809944555765
2025-01-27 00:00:00+00:00,-0.005253505018033566,-0.02588035135532184,-0.020626846337288274
2025-01-28 00:00:00+00:00,-0.007270050469852851,-0.08808618616036823,-0.08081613569051538
2025-01-29 00:00:00+00:00,0.023880426068033422,0.05298963837612157,0.029109212308088148
2025-01-30 00:00:00+00:00,0.009437965172008678,0.035600312958470964,0.026162347786462287
2025-01-31 00:00:00+00:00,-0.021945625061498997,-0.013401042074025593,0.008544582987473404
2025-02-01 00:00:00+00:00,-0.01734816570081743,-0.11494998309590647,-0.09760181739508904
2025-02-02 00:00:00+00:00,-0.02921466031036668,-0.10475932223673624,-0.07554466192636956
2025-02-03 00:00:00+00:00,0.037159868734289114,0.0639291860006998,0.026769317266410686
2025-02-04 00:00:00+00:00,-0.03538028524972414,-0.08074998317213962,-0.04536969792241548
2025-02-05 00:00:00+00:00,-0.011838104429541474,-0.034961463858960394,-0.02312335942941892
2025-02-06 00:00:00+00:00,-0.0003946011110971259,-0.06375650337359225,-0.06336190226249512
2025-02-07 00:00:00+00:00,-0.0006278810258711909,-0.005392000358658179,-0.004764119332786988
2025-02-08 00:00:00+00:00,-0.0004416590205749138,0.053981476561412174,0.05442313558198709
2025-02-09 00:00:00+00:00,0.00012135431414561637,-0.017214938178989902,-0.017336292493135518
2025-02-10 00:00:00+00:00,0.009910436864004168,0.033569328588006486,0.023658891724002318
2025-02-11 00:00:00+00:00,-0.016921478097992382,0.0026341357397628206,0.0195556138377552
2025-02-12 00:00:00+00:00,0.02177864316201439,0.060572382220636226,0.03879373905862184
2025-02-13 00:00:00+00:00,-0.012837328747867138,-0.051622447603970875,-0.03878511885610374
2025-02-14 00:00:00+00:00,0.009160050786759077,0.02923293833856515,0.020072887551806074
2025-02-15 00:00:00+00:00,0.0009533573263305062,-0.05019880803613766,-0.051152165362468166
2025-02-16 00:00:00+00:00,-0.015081301646537315,-0.006737048042627759,0.008344253603909557
2025-02-17 00:00:00+00:00,-0.0033705642936702196,-0.022480122859826514,-0.019109558566156294
2025-02-18 00:00:00+00:00,-0.0012658862457068931,-0.045189111789972064,-0.04392322554426517
2025-02-19 00:00:00+00:00,0.010206856162808142,0.01313854718928258,0.0029316910264744374
2025-02-20 00:00:00+00:00,0.017131824675458818,0.07494600723985531,0.057814182564396494
2025-02-21 00:00:00+00:00,-0.021627860348142458,-0.04275799061197618,-0.021130130263833723
2025-02-22 00:00:00+00:00,0.00390521378288744,0.0731173739658933,0.06921216018300586
2025-02-23 00:00:00+00:00,-0.0029522306491071015,-0.03170778121182092,-0.028755550562713818
2025-02-24 00:00:00+00:00,-0.04888773872772745,-0.12580436277686288,-0.07691662404913543
2025-02-25 00:00:00+00:00,-0.031420157461385934,0.04441033250665813,0.07583048996804406
2025-02-26 00:00:00+00:00,-0.04998471329244136,0.045401449956149066,0.09538616324859042
2025-02-27 00:00:00+00:00,0.005457881330269698,-0.024215504728113926,-0.029673386058383624
2025-02-28 00:00:00+00:00,-0.004352288524249515,0.020242152893764635,0.02459444141801415
2025-03-01 00:00:00+00:00,0.020262255099667836,-0.03343359413705362,-0.05369584923672146
2025-03-02 00:00:00+00:00,0.09551586660264078,0.1288765226714971,0.033360656068856326
2025-03-03 00:00:00+00:00,-0.08522459532087745,-0.16141763703248613,-0.07619304171160868
2025-03-04 00:00:00+00:00,0.012219132246698017,-0.013572910179162958,-0.025792042425860973
2025-03-05 00:00:00+00:00,0.038055656483571676,0.03418779444029996,-0.0038678620432717192
2025-03-06 00:00:00+00:00,-0.007489557350929599,-0.0360096476416626,-0.028520090290732998
2025-03-07 00:00:00+00:00,-0.03486568811340329,-0.02790306637585975,0.006962621737543542
2025-03-08 00:00:00+00:00,-0.006559943195572071,-0.026029377133950878,-0.019469433938378806
2025-03-09 00:00:00+00:00,-0.06376885920586817,-0.08185659132815078,-0.01808773212228261
2025-03-10 00:00:00+00:00,-0.026286176024429397,-0.03775221449240369,-0.011466038467974296
2025-03-11 00:00:00+00:00,0.05508872591570646,0.04763061692980775,-0.007458108985898708
2025-03-12 00:00:00+00:00,0.008983545647558433,0.02199775405210463,0.013014208404546198
2025-03-13 00:00:00+00:00,-0.030550916001420014,-0.028902145839405428,0.0016487701620145866
2025-03-14 00:00:00+00:00,0.03520239155261007,0.047216681812388514,0.012014290259778446
2025-03-15 00:00:00+00:00,0.004325719146340168,0.03048573483802564,0.02616001569168547
2025-03-16 00:00:00+00:00,-0.02089251971165862,-0.03573102897999105,-0.014838509268332432
2025-03-17 00:00:00+00:00,0.017219196138674064,0.04243103641349496,0.025211840274820894
2025-03-18 00:00:00+00:00,-0.015444916742989756,-0.021466682476192184,-0.006021765733202428
2025-03-19 00:00:00+00:00,0.0501257468297156,0.03988810204085683,-0.010237644788858774
2025-03-20 00:00:00+00:00,-0.030252344781349416,-0.016378125390562093,0.013874219390787323
2025-03-21 00:00:00+00:00,-0.0015834438061567147,-0.012019797334607386,-0.010436353528450671
2025-03-22 00:00:00+00:00,-0.0029196802390955012,0.0031028045875559217,0.0060224848266514225
2025-03-23 00:00:00+00:00,0.02672039463086251,0.008596034924215177,-0.01812435970664733
2025-03-24 00:00:00+00:00,0.016493848510416687,0.04972124587061323,0.033227397360196545
2025-03-25 00:00:00+00:00,-0.0010701619191567646,-0.006404487240571938,-0.005334325321415173
2025-03-26 00:00:00+00:00,-0.005677018832594416,-0.02550870012394959,-0.019831681291355173
2025-03-27 00:00:00+00:00,0.0036535756465125857,-0.007273155145282707,-0.010926730791795292
2025-03-28 00:00:00+00:00,-0.0322326106304307,-0.07662209451824849,-0.044389483887817785
2025-03-29 00:00:00+00:00,-0.021048627175850432,-0.05720570048093223,-0.0361570733050818
2025-03-30 00:00:00+00:00,-0.0030494632871981286,0.012649157880782696,0.015698621167980827
2025-03-31 00:00:00+00:00,0.001999931999882687,-0.012760030503420903,-0.01475996250330359
2025-04-01 00:00:00+00:00,0.03154967128184882,0.006842290420256355,-0.02470738086159247
2025-04-02 00:00:00+00:00,-0.030965368082339406,-0.07304684667772242,-0.04208147859538301
2025-04-03 00:00:00+00:00,0.008442736930670103,0.009845052346788744,0.0014023154161186407
2025-04-04 00:00:00+00:00,0.008172490277285283,-0.00016786323640130552,-0.008340353513686588
2025-04-05 00:00:00+00:00,-0.004235565153414167,-0.010911929634209989,-0.006676364480795822
2025-04-06 00:00:00+00:00,-0.06126618294950914,-0.10027593093157551,-0.03900974798206637
2025-04-07 00:00:00+00:00,0.009567546880979716,0.02635475155073405,0.016787204669754335
2025-04-08 00:00:00+00:00,-0.035912307303513025,-0.055354868429821534,-0.01944256112630851
2025-04-09 00:00:00+00:00,0.08244132538379101,0.14524112600164374,0.06279980061785273
2025-04-10 00:00:00+00:00,-0.03666150046011518,-0.037588398400683,-0.000926897940567821
2025-04-11 00:00:00+00:00,0.047990075439729996,0.047039122537290125,-0.0009509529024398708
2025-04-12 00:00:00+00:00,0.022301965859222506,0.05218295289490982,0.029880987035687312
2025-04-13 00:00:00+00:00,-0.017880564725978654,-0.06526589570533642,-0.047385330979357765
2025-04-14 00:00:00+00:00,0.010036588993199258,-0.002772644905531294,-0.012809233898730552
2025-04-15 00:00:00+00:00,-0.011178668281415338,-0.026549905208589252,-0.015371236927173914
2025-04-16 00:00:00+00:00,0.00456053018406033,-0.0067896851245923965,-0.011350215308652725
2025-04-17 00:00:00+00:00,0.011013215859030812,0.01163035539597064,0.0006171395369398286
2025-04-18 00:00:00+00:00,-0.005817582288171086,-0.004234947633752455,0.0015826346544186307
2025-04-19 00:00:00+00:00,0.007414032053635555,0.04638035061773452,0.03896631856409896
2025-04-20 00:00:00+00:00,0.001080580244547491,0.031477728280900744,0.030397148036353253
2025-04-21 00:00:00+00:00,0.027334188407635462,-0.011651410403386669,-0.038985598811022135
2025-04-22 00:00:00+00:00,0.06789952667322074,0.08076278897479919,0.012863262301578443
2025-04-23 00:00:00+00:00,0.0024324205689421063,0.017107960935148766,0.01467554036620666
2025-04-24 00:00:00+00:00,0.0031986893383786352,0.027118633447424923,0.023919944109046288
2025-04-25 00:00:00+00:00,0.007028518624190294,0.036128785430590185,0.02910026680639989
2025-04-26 00:00:00+00:00,-0.00017020502834230733,0.04062482123556393,0.040795026263906235
2025-04-27 00:00:00+00:00,-0.009289912736569428,-0.044364718010684694,-0.035074805274115266
2025-04-28 00:00:00+00:00,0.013574593023690573,0.029066869700315218,0.015492276676624644
2025-04-29 00:00:00+00:00,-0.008096326169592438,-0.026552823980991125,-0.018456497811398687
2025-04-30 00:00:00+00:00,-0.0007961774987504944,0.06515429696041969,0.06595047445917018
2025-05-01 00:00:00+00:00,0.024416441523036347,0.00013417184790091242,-0.024282269675135436
2025-05-02 00:00:00+00:00,0.00423030533076596,0.011543195073021897,0.007312889742255937
2025-05-03 00:00:00+00:00,-0.01061538016672281,-0.05712247721483193,-0.04650709704810912
2025-05-04 00:00:00+00:00,-0.01642010243906067,-0.025783750710043726,-0.009363648270983058
2025-05-05 00:00:00+00:00,0.0049506421508187515,-0.0022126661774872435,-0.007163308328305995
2025-05-06 00:00:00+00:00,0.022199295223592097,-0.02698788594566657,-0.049187181169258666
2025-05-07 00:00:00+00:00,0.001957666874312869,-0.005095580967812501,-0.00705324784212537
2025-05-08 00:00:00+00:00,0.06433449773375033,0.11343651039508476,0.04910201266133443
2025-05-09 00:00:00+00:00,-0.0027725008984959,0.07608128326883928,0.07885378416733518
2025-05-10 00:00:00+00:00,0.017941188184791512,0.07550067247749702,0.05755948429270551
2025-05-11 00:00:00+00:00,-0.006833745591132034,-0.010003416856289202,-0.0031696712651571677
2025-05-12 00:00:00+00:00,-0.012812197627235511,0.014009649556439623,0.026821847183675133
2025-05-13 00:00:00+00:00,0.013069000859456503,0.0519199316537611,0.0388509307943046
2025-05-14 00:00:00+00:00,-0.005994312176937466,-0.054417785519570334,-0.04842347334263287
2025-05-15 00:00:00+00:00,0.0024782979776354352,-0.08024550406986347,-0.0827238020474989
2025-05-16 00:00:00+00:00,-0.0029147322698365175,-0.02804428858998507,-0.02512955632014855
2025-05-17 00:00:00+00:00,-0.0032162549486426384,-0.03597132097376809,-0.03275506602512545
2025-05-18 00:00:00+00:00,0.032285728698985716,0.07741007722793718,0.04512434852895146
2025-05-19 00:00:00+00:00,-0.008232494671432944,-0.03323086286596866,-0.024998368194535714
2025-05-20 00:00:00+00:00,0.012020096350287224,0.0032093727505654,-0.008810723599721824
2025-05-21 00:00:00+00:00,0.026305218815338316,0.03348110869914748,0.0071758898838091625
2025-05-22 00:00:00+00:00,0.01873195297852792,0.06018740584073695,0.04145545286220903
2025-05-23 00:00:00+00:00,-0.039325576042850696,-0.08388567108622581,-0.04456009504337512
2025-05-24 00:00:00+00:00,0.003984282871032585,0.006170842473948933,0.002186559602916348
2025-05-25 00:00:00+00:00,0.011671428398990269,0.006028885712460845,-0.005642542686529424
2025-05-26 00:00:00+00:00,0.003954811074939668,-0.01080924249483382,-0.014764053569773488
2025-05-27 00:00:00+00:00,-0.0045480807556302905,0.03684261190485106,0.04139069266048135
2025-05-28 00:00:00+00:00,-0.010709959564439209,-0.007562858675914355,0.0031471008885248534
2025-05-29 00:00:00+00:00,-0.020266776578097057,-0.03207317831103536,-0.011806401732938301
2025-05-30 00:00:00+00:00,-0.015064444821341949,-0.12332163712210788,-0.10825719230076593
2025-05-31 00:00:00+00:00,0.005721019721019793,0.0017630624363331126,-0.00395795728468668
2025-06-01 00:00:00+00:00,0.009934506483828542,0.026916474588163725,0.016981968104335183
2025-06-02 00:00:00+00:00,0.0021878459945845474,0.01573799835910771,0.013550152364523161
2025-06-03 00:00:00+00:00,-0.004575941059006272,0.0018984750652951744,0.006474416124301446
2025-06-04 00:00:00+00:00,-0.006534694261184915,-0.030923910716886365,-0.02438921645570145
2025-06-05 00:00:00+00:00,-0.030419966017404154,-0.06522591481434185,-0.0348059487969377
2025-06-06 00:00:00+00:00,0.02741413739200027,0.01526656048903658,-0.01214757690296369
2025-06-07 00:00:00+00:00,0.012159439754413137,0.037150479849987914,0.024991040095574776
2025-06-08 00:00:00+00:00,0.0016017818638489612,-0.004114403266197583,-0.005716185130046544
2025-06-09 00:00:00+00:00,0.043069178104877315,0.07089884858796337,0.027829670483086058
2025-06-10 00:00:00+00:00,6.80408499120766e-05,0.02490769995839865,0.024839659108486574
2025-06-11 00:00:00+00:00,-0.014835524704405523,-0.04317095779799028,-0.028335433093584758
2025-06-12 00:00:00+00:00,-0.02753683241252325,-0.07477899086456632,-0.047242158452043076
2025-06-13 00:00:00+00:00,0.003956083496276408,-0.01802315386668,-0.021979237362956407
2025-06-14 00:00:00+00:00,-0.006294605257325614,-0.023563291159815196,-0.017268685902489582
2025-06-15 00:00:00+00:00,0.0016581260992081237,0.016121363139199606,0.014463237039991483
2025-06-16 00:00:00+00:00,0.011517549694602947,0.005259811977459478,-0.006257737717143469
2025-06-17 00:00:00+00:00,-0.021003259013340658,-0.044717395989817284,-0.023714136976476625
2025-06-18 00:00:00+00:00,0.0031078960462354033,0.010486959846006618,0.0073790637997712145
2025-06-19 00:00:00+00:00,-0.0021529521294862963,-0.012356670501668334,-0.010203718372182037
2025-06-20 00:00:00+00:00,-0.013010589147390395,-0.03619188149199239,-0.023181292344602
2025-06-21 00:00:00+00:00,-0.011296310465964021,-0.039511014358397066,-0.028214703892433045
2025-06-22 00:00:00+00:00,-0.011511582115168895,-0.01889974833223456,-0.007388166217065666
2025-06-23 00:00:00+00:00,0.04346873832437925,0.1185062147678038,0.07503747644342455
2025-06-24 00:00:00+00:00,0.007066137719403898,0.007072827089557105,6.689370153207391e-06
2025-06-25 00:00:00+00:00,0.011742360298354626,-0.03402404096729732,-0.04576640126565194
2025-06-26 00:00:00+00:00,-0.003414429530201102,-0.0362112589371914,-0.032796829406990295
2025-06-27 00:00:00+00:00,0.000907273810558662,0.01804468948328003,0.017137415672721368
2025-06-28 00:00:00+00:00,0.002152121236475013,0.031992472940153026,0.029840351703678013
2025-06-29 00:00:00+00:00,0.009966337501514655,0.0691799135414915,0.059213576039976845
2025-06-30 00:00:00+00:00,-0.011286144005436038,-0.024816419520846476,-0.013530275515410438
2025-07-01 00:00:00+00:00,-0.013535672730872639,-0.04188849358236643,-0.028352820851493793
2025-07-02 00:00:00+00:00,0.029933385650415145,0.0705116581861125,0.04057827253569736
2025-07-03 00:00:00+00:00,0.006849264705882874,-0.0029681045894087866,-0.00981736929529166
2025-07-04 00:00:00+00:00,-0.014695303856307795,-0.05061140703162717,-0.035916103175319375
2025-07-05 00:00:00+00:00,0.0020197266142534254,-0.003208948629552334,-0.005228675243805759
2025-07-06 00:00:00+00:00,0.009175855775222619,0.03451619582957612,0.025340340054353504
2025-07-07 00:00:00+00:00,-0.008629741135251612,-0.018498076348786932,-0.00986833521353532
2025-07-08 00:00:00+00:00,0.006184619962866789,0.01132374448154968,0.005139124518682892
2025-07-09 00:00:00+00:00,0.021371670320768255,0.04649750251584694,0.025125832195078683
2025-07-10 00:00:00+00:00,0.04297935519726259,0.0784797332233798,0.035500378026117205
2025-07-11 00:00:00+00:00,0.013112696069640162,0.009010039112679025,-0.004102656956961137
2025-07-12 00:00:00+00:00,-0.0009421276595739103,-0.02652609108793772,-0.02558396342836381
2025-07-13 00:00:00+00:00,0.014047276881283155,0.009246043500553061,-0.0048012333807300935
2025-07-14 00:00:00+00:00,0.006537391747025945,0.0008729364461829436,-0.005664455300843001
2025-07-15 00:00:00+00:00,-0.017343187290564943,0.035926531362574836,0.05326971865313978
2025-07-16 00:00:00+00:00,0.007238074206822986,0.013599131836411347,0.0063610576295883604
2025-07-17 00:00:00+00:00,0.004940522317517626,0.005617912625807476,0.0006773903082898502
2025-07-18 00:00:00+00:00,-0.010742041642402556,0.0031625158159532163,0.013904557458355771
2025-07-19 00:00:00+00:00,-0.0006955259024024052,0.004047990887501264,0.004743516789903669
2025-07-20 00:00:00+00:00,-0.005079175380937606,0.04363906059248235,0.048718235973419954
2025-07-21 00:00:00+00:00,0.0009742697242691722,0.018514178750111493,0.01753990902584232
2025-07-22 00:00:00+00:00,0.022700890307866484,0.006551168189497413,-0.01614972211836907
2025-07-23 00:00:00+00:00,-0.01066889345023958,-0.0679101340233211,-0.057241240573081525
2025-07-24 00:00:00+00:00,-0.003531190639649573,-0.03934813266811953,-0.03581694202846996
2025-07-25 00:00:00+00:00,-0.006008742602137462,0.0351309487657453,0.041139691367882765
2025-07-26 00:00:00+00:00,0.002599854571431637,0.018382083193980176,0.01578222862254854
2025-07-27 00:00:00+00:00,0.013013914760639622,0.030988561095213207,0.017974646334573584
2025-07-28 00:00:00+00:00,-0.011572271430892234,-0.04990994478916374,-0.038337673358271505
2025-07-29 00:00:00+00:00,-0.001223299621996854,-0.009854419605537137,-0.008631119983540284
2025-07-30 00:00:00+00:00,-0.001068729484210551,-0.01835024432971456,-0.01728151484550401
2025-07-31 00:00:00+00:00,-0.017607900077268535,-0.053276823037415814,-0.03566892296014728
2025-08-01 00:00:00+00:00,-0.021197556036311793,-0.03474801772184926,-0.013550461685537467
2025-08-02 00:00:00+00:00,-0.006499194665008257,-0.03759129567171691,-0.03109210100670865
2025-08-03 00:00:00+00:00,0.014594413948064489,0.04758413562162025,0.03298972167355576
2025-08-04 00:00:00+00:00,0.007457678789811295,0.058793072139956014,0.05133539335014472
2025-08-05 00:00:00+00:00,-0.008108547583044134,-0.025823925136678024,-0.01771537755363389
2025-08-06 00:00:00+00:00,0.007639195719104652,0.010857893214062822,0.0032186974949581695
2025-08-07 00:00:00+00:00,0.02156671683733391,0.05172883845841892,0.03016212162108501
2025-08-08 00:00:00+00:00,-0.006742468695680848,0.017259042537875243,0.02400151123355609
2025-08-09 00:00:00+00:00,-0.0017671540845179967,0.05194411070912589,0.05371126479364389
2025-08-10 00:00:00+00:00,0.02433558576936834,-0.011798610646971821,-0.036134196416340164
2025-08-11 00:00:00+00:00,-0.005143586909764797,-0.053802881612932785,-0.04865929470316799
2025-08-12 00:00:00+00:00,0.012129778771243771,0.03849932497429067,0.0263695462030469
2025-08-13 00:00:00+00:00,0.02700593765874637,0.02616600921405328,-0.0008399284446930916
2025-08-14 00:00:00+00:00,-0.04120612468467133,-0.08230774915319027,-0.041101624468518935
2025-08-15 00:00:00+00:00,-0.008144300427427642,-0.01154252186671934,-0.0033982214392916984
2025-08-16 00:00:00+00:00,0.0004305963887889508,0.017561987192935054,0.017131390804146104
2025-08-17 00:00:00+00:00,0.00020540408779656794,0.006477099559405495,0.006271695471608927
2025-08-18 00:00:00+00:00,-0.009971556097885581,-0.041566588637192356,-0.031595032539306775
2025-08-19 00:00:00+00:00,-0.028914580026785264,-0.05197385298483092,-0.023059272958045655
2025-08-20 00:00:00+00:00,0.01237589098792613,0.047336896256781065,0.034961005268854935
2025-08-21 00:00:00+00:00,-0.01539390914940797,-0.02735408050675133,-0.011960171357343362
2025-08-22 00:00:00+00:00,0.039438140103963404,0.12172335820619207,0.08228521810222866
2025-08-23 00:00:00+00:00,-0.013006266173356873,-0.02142438914029289,-0.008418122966936017
2025-08-24 00:00:00+00:00,-0.016734689986141138,-0.028076115585518657,-0.011341425599377519
2025-08-25 00:00:00+00:00,-0.02981410588093214,-0.08087621426761835,-0.051062108386686206
2025-08-26 00:00:00+00:00,0.014954026748073446,0.023999335742161766,0.00904530899408832
2025-08-27 00:00:00+00:00,-0.004610155411472028,-0.010628404457499598,-0.0060182490460275705
2025-08-28 00:00:00+00:00,0.011802699584243292,0.024006491790397762,0.01220379220615447
2025-08-29 00:00:00+00:00,-0.03710781433738075,-0.047112719807090156,-0.010004905469709405
2025-08-30 00:00:00+00:00,0.0039277261465642255,0.009701524078454538,0.005773797931890312
2025-08-31 00:00:00+00:00,-0.005052506530559886,-0.010960055077903817,-0.005907548547343931
2025-09-01 00:00:00+00:00,0.00905197748049158,-0.04503974591496405,-0.05409172339545563
2025-09-02 00:00:00+00:00,0.018317963803682336,0.03926311523715204,0.020945151433469707
2025-09-03 00:00:00+00:00,0.00424326366154637,0.023380079995213795,0.019136816333667424
2025-09-04 00:00:00+00:00,-0.008780241411859957,-0.02783900637114221,-0.019058764959282253
2025-09-05 00:00:00+00:00,-0.0005827642723037485,0.023349396479466596,0.023932160751770345
2025-09-06 00:00:00+00:00,-0.004335763084358457,0.014037089853515275,0.018372852937873732
2025-09-07 00:00:00+00:00,0.008541312367605913,0.060464743404916144,0.05192343103731023
2025-09-08 00:00:00+00:00,0.008432064532392314,0.06768375501083526,0.05925169047844295
2025-09-09 00:00:00+00:00,-0.004577163640518744,-0.00135330282647527,0.0032238608140434744
2025-09-10 00:00:00+00:00,0.02149688026626073,0.035409274666618765,0.013912394400358033
2025-09-11 00:00:00+00:00,0.013434969200188496,0.010872079471128195,-0.0025628897290603005
2025-09-12 00:00:00+00:00,0.004777045232051469,0.08868247713491956,0.08390543190286809
2025-09-13 00:00:00+00:00,-0.0009975995530200343,0.05400785769356395,0.05500545724658398
2025-09-14 00:00:00+00:00,-0.0056333919371805985,-0.05117113126781237,-0.04553773933063177
2025-09-15 00:00:00+00:00,0.0007863900703066751,-0.04757701129615523,-0.0483634013664619
2025-09-16 00:00:00+00:00,0.012547202703194316,0.00657496096702585,-0.005972241736168465
2025-09-17 00:00:00+00:00,-0.0029533873588507564,0.028199738962144415,0.03115312632099517
2025-09-18 00:00:00+00:00,0.005279955327419872,0.026099769471829917,0.020819814144410045
2025-09-19 00:00:00+00:00,-0.0123708415265803,-0.04557269968143494,-0.03320185815485464
2025-09-20 00:00:00+00:00,0.0004793652304464491,0.03156657678770903,0.03108721155726258
2025-09-21 00:00:00+00:00,-0.0038140573526987964,-0.005037315894815939,-0.0012232585421171425
2025-09-22 00:00:00+00:00,-0.022392018328950436,-0.08184630084362396,-0.05945428251467352
2025-09-23 00:00:00+00:00,-0.005840786397015463,-0.008914161893245004,-0.0030733754962295416
2025-09-24 00:00:00+00:00,0.011675167713293133,0.00784694279185408,-0.0038282249214390534
2025-09-25 00:00:00+00:00,-0.03813993324739051,-0.08508146534031631,-0.0469415320929258
2025-09-26 00:00:00+00:00,0.0060036076725003,0.03837685058681774,0.03237324291431744
2025-09-27 00:00:00+00:00,-0.00010220050461484664,-0.010922003629259538,-0.010819803124644692
2025-09-28 00:00:00+00:00,0.02320097319426595,0.021053002511926926,-0.0021479706823390246
2025-09-29 00:00:00+00:00,0.01906446330525613,-0.029445920370929503,-0.04851038367618563
2025-09-30 00:00:00+00:00,-0.002348212933813709,-0.02493289450997408,-0.02258468157616037
2025-10-01 00:00:00+00:00,0.04003551226085311,0.041714738546162485,0.0016792262853093723
2025-10-02 00:00:00+00:00,0.016270442437268162,0.04713148859303173,0.030861046155763565
2025-10-03 00:00:00+00:00,0.01412169357402382,0.011954836027765047,-0.002166857546258772
2025-10-04 00:00:00+00:00,0.0013136065907859429,-0.016827035876053317,-0.01814064246683926
2025-10-05 00:00:00+00:00,0.008856233938624669,-0.006070768216138513,-0.014927002154763183
2025-10-06 00:00:00+00:00,0.00973695318760015,0.09817898517088663,0.08844203198328648
2025-10-07 00:00:00+00:00,-0.02681569624925295,-0.04534638697559041,-0.018530690726337458
2025-10-08 00:00:00+00:00,0.01608587930231309,0.019234074187581888,0.0031481948852687992
2025-10-09 00:00:00+00:00,-0.01345532001217109,-0.06824675248340155,-0.05479143247123046
2025-10-10 00:00:00+00:00,-0.0729104378788169,-0.2285371005251171,-0.1556266626463002
2025-10-11 00:00:00+00:00,-0.0189486926750585,0.016717334585060462,0.03566602726011896
2025-10-12 00:00:00+00:00,0.03902455346444356,0.11173113458269132,0.07270658111824777
2025-10-13 00:00:00+00:00,0.001893042654820265,0.04534501546116246,0.04345197280634219
2025-10-14 00:00:00+00:00,-0.018487228514167064,-0.029599258053439916,-0.011112029539272851
2025-10-15 00:00:00+00:00,-0.02022236816251588,-0.06040266533620839,-0.04018029717369251
2025-10-16 00:00:00+00:00,-0.02321249514449153,-0.030930619721673342,-0.007718124577181813
2025-10-17 00:00:00+00:00,-0.01619171104251016,-0.04390982824023631,-0.02771811719772615
2025-10-18 00:00:00+00:00,0.006945945895133532,-0.0011795658124905462,-0.008125511707624078
2025-10-19 00:00:00+00:00,0.01371111162975236,0.013873145164800767,0.00016203353504840728
2025-10-20 00:00:00+00:00,0.017347508246904342,0.007649303997056312,-0.00969820424984803
2025-10-21 00:00:00+00:00,-0.02006157333355052,-0.01934004139822421,0.0007215319353263104
2025-10-22 00:00:00+00:00,-0.00666674672551637,-0.013910601396163833,-0.007243854670647462
2025-10-23 00:00:00+00:00,0.023192166052895757,0.0561786298080205,0.03298646375512474
2025-10-24 00:00:00+00:00,0.008538898568428266,0.045861862565861465,0.0373229639974332
2025-10-25 00:00:00+00:00,0.00562337449330963,0.01670300759480775,0.01107963310149812
2025-10-26 00:00:00+00:00,0.026063407456263565,0.027477751756875602,0.0014143443006120367
2025-10-27 00:00:00+00:00,-0.0037878457053325265,-0.04063465901158251,-0.03684681330624998
2025-10-28 00:00:00+00:00,-0.010788670580840432,-0.03881297393540252,-0.02802430335456209
2025-10-29 00:00:00+00:00,-0.025239844549712953,-0.0033687380560231015,0.02187110649368985
2025-10-30 00:00:00+00:00,-0.015657504255102594,-0.06491845137996015,-0.049260947124857554
2025-10-31 00:00:00+00:00,0.011950472689317815,0.0008714670927209501,-0.011079005596596865
2025-11-01 00:00:00+00:00,0.004471632652502722,0.018991928005847803,0.014520295353345081
2025-11-02 00:00:00+00:00,0.004068254349043343,-0.00453112524320755,-0.008599379592250893
2025-11-03 00:00:00+00:00,-0.03575640142667236,-0.08924210378867356,-0.0534857023620012
2025-11-04 00:00:00+00:00,-0.04780841717975681,0.006256282885242669,0.054064700064999485
2025-11-05 00:00:00+00:00,0.0235258052465106,0.04689323640823297,0.023367431161722373
2025-11-06 00:00:00+00:00,-0.024378593372304525,0.013246376222369589,0.03762496959467411
2025-11-07 00:00:00+00:00,0.01973829679701744,0.15418893606674047,0.13445063926972303
2025-11-08 00:00:00+00:00,-0.010027568796148856,-0.03674022596663459,-0.026712657170485737
2025-11-09 00:00:00+00:00,0.023480164624182676,0.0032645796229401215,-0.020215585001242556
2025-11-10 00:00:00+00:00,0.012378834171199893,-0.00422549542367895,-0.01660432959487884
2025-11-11 00:00:00+00:00,-0.027938127499025578,-0.07790499950449849,-0.04996687200547291
2025-11-12 00:00:00+00:00,-0.013591467664927248,-0.015636476267149254,-0.002045008602222006
2025-11-13 00:00:00+00:00,-0.019206580726691125,-0.04066898403103988,-0.021462403304348752
2025-11-14 00:00:00+00:00,-0.05127124469290367,-0.04389814349208425,0.0073731012008194236
2025-11-15 00:00:00+00:00,0.010739870685779973,0.031125303669686005,0.02038543298390603
2025-11-16 00:00:00+00:00,-0.014007909142185526,-0.02914345984303722,-0.015135550700851694
2025-11-17 00:00:00+00:00,-0.021778422592672375,-0.03026060047995341,-0.008482177887281034
2025-11-18 00:00:00+00:00,0.008106785635626279,0.02130275818158597,0.013195972545959691
2025-11-19 00:00:00+00:00,-0.015153325175506605,-0.019337329313062566,-0.004184004137555961
2025-11-20 00:00:00+00:00,-0.05362975623136135,-0.02375922060266176,0.02987053562869959
2025-11-21 00:00:00+00:00,-0.017410824086936394,-0.0654435853816226,-0.0480327612946862
2025-11-22 00:00:00+00:00,-0.004748893863808834,-0.03270204069681676,-0.027953146833007925
2025-11-23 00:00:00+00:00,0.025012575363623002,0.009459395250294912,-0.01555318011332809
2025-11-24 00:00:00+00:00,0.01658147837115842,0.06726950054255401,0.05068802217139559
2025-11-25 00:00:00+00:00,-0.010459267216713086,0.004615268011084877,0.015074535227797963
2025-11-26 00:00:00+00:00,0.035660258737278294,0.024729343913160635,-0.01093091482411766
2025-11-27 00:00:00+00:00,0.009444028567605622,-0.014627402175260866,-0.02407143074286649
2025-11-28 00:00:00+00:00,-0.004867885755847956,-0.00927736653950392,-0.004409480783655963
2025-11-29 00:00:00+00:00,-0.0009114144756394715,-0.018147471556859,-0.01723605708121953
2025-11-30 00:00:00+00:00,-0.004896160414256667,0.003809984533050369,0.008706144947307036
2025-12-01 00:00:00+00:00,-0.04516134746669098,-0.07829798926054607,-0.03313664179385509
2025-12-02 00:00:00+00:00,0.058063625906754845,0.06349165889800433,0.005428032991249485
2025-12-03 00:00:00+00:00,0.02331639435347843,0.027707573996417007,0.004391179642938576
2025-12-04 00:00:00+00:00,-0.01437189363085234,-0.030961562244493916,-0.016589668613641577
2025-12-05 00:00:00+00:00,-0.02983874560356059,-0.04529636808034919,-0.015457622476788599
2025-12-06 00:00:00+00:00,-0.0010236480621806932,0.019377343333504434,0.020400991395685127
2025-12-07 00:00:00+00:00,0.012873736926424906,-0.036485275157194276,-0.04935901208361918
2025-12-08 00:00:00+00:00,0.00293761497541678,0.02707568098780766,0.02413806601239088
2025-12-09 00:00:00+00:00,0.022377023489473347,0.02523481069838077,0.002857787208907423
2025-12-10 00:00:00+00:00,-0.007134190573239163,0.008168206891411955,0.015302397464651118
2025-12-11 00:00:00+00:00,0.0054361120926311735,-0.039150466975751974,-0.04458657906838315
2025-12-12 00:00:00+00:00,-0.024307534265091912,-0.020731251596326588,0.0035762826687653244
2025-12-13 00:00:00+00:00,-0.00042447267858891635,0.018156579126044407,0.018581051804633323
2025-12-14 00:00:00+00:00,-0.022978934775305104,-0.015672147004140616,0.0073067877711644885
2025-12-15 00:00:00+00:00,-0.019620103769002806,-0.013952640689889034,0.005667463079113772
2025-12-16 00:00:00+00:00,0.01662694365892281,-0.0012750001070442906,-0.017901943765967102
2025-12-17 00:00:00+00:00,-0.01849901453209357,-0.05548504102336727,-0.0369860264912737
2025-12-18 00:00:00+00:00,-0.00849056166010842,-0.030954850776531533,-0.022464289116423113
2025-12-19 00:00:00+00:00,0.03077464879366576,0.06355766810694746,0.0327830193132817
2025-12-20 00:00:00+00:00,0.0025062429057891578,0.01253606277925363,0.010029819873464471
2025-12-21 00:00:00+00:00,0.003402369543753947,-0.009470577474082741,-0.012872947017836688
2025-12-22 00:00:00+00:00,-0.00044910196532921276,0.010651083251451579,0.011100185216780791
2025-12-23 00:00:00+00:00,-0.012626790018231748,-0.0195819218157116,-0.006955131797479853
2025-12-24 00:00:00+00:00,0.001878508626504738,-0.008127631844622524,-0.010006140471127262
2025-12-25 00:00:00+00:00,-0.005072620062469002,-0.019263784460533295,-0.014191164398064293
2025-12-26 00:00:00+00:00,0.0015530586308307726,0.021611399750999124,0.02005834112016835
2025-12-27 00:00:00+00:00,0.005854449587829436,0.02714979651863585,0.021295346930806414
2025-12-28 00:00:00+00:00,0.0010372381002263786,-0.002368758673125657,-0.0034059967733520357
2025-12-29 00:00:00+00:00,-0.008157369441711637,-0.0012548938654284058,0.006902475576283231
2025-12-30 00:00:00+00:00,0.014357254828658572,-0.017883155244336806,-0.03224041007299538
2025-12-31 00:00:00+00:00,-0.009576588401147057,-0.0008324868749688486,0.00874410152617821
2026-01-01 00:00:00+00:00,0.013603749420716404,0.029148638357200066,0.015544888936483661
2026-01-02 00:00:00+00:00,0.012966216216215853,0.04537863604553198,0.03241241982931613
2026-01-03 00:00:00+00:00,0.007163868488984093,0.011473781954012439,0.004309913465028346
2026-01-04 00:00:00+00:00,0.009948584812982109,0.011773152195481567,0.0018245673824994584
2026-01-05 00:00:00+00:00,0.025413920222608244,0.014487482052587809,-0.010926438170020435
2026-01-06 00:00:00+00:00,-0.0012193250225958074,0.011387918896604286,0.012607243919200093
2026-01-07 00:00:00+00:00,-0.025398044990822655,-0.051809935139216334,-0.02641189014839368
2026-01-08 00:00:00+00:00,-0.002936667834618212,-0.004750183362490631,-0.0018135155278724193
2026-01-09 00:00:00+00:00,-0.0050098945967375075,-0.0005541157022577958,0.004455778894479711
2026-01-10 00:00:00+00:00,-0.00147896993055463,-0.017551343874308678,-0.016072373943754048
2026-01-11 00:00:00+00:00,0.005469240496254857,-0.0021147472418282655,-0.007583987738083123
2026-01-12 00:00:00+00:00,0.0031682724230575054,-0.020706685072949264,-0.02387495749600677
2026-01-13 00:00:00+00:00,0.04517789082173973,0.05922188325804166,0.01404399243630193
2026-01-14 00:00:00+00:00,0.016070215318028103,-0.006622298489184347,-0.02269251380721245
2026-01-15 00:00:00+00:00,-0.01383375349171767,-0.03145523309787924,-0.017621479606161568
2026-01-16 00:00:00+00:00,-0.0006654996008049752,0.0069418478774143965,0.007607347478219372
2026-01-17 00:00:00+00:00,-0.004144342051669692,-0.00974514686703939,-0.005600804815369698
2026-01-18 00:00:00+00:00,-0.015707422832383244,-0.027074055397712002,-0.011366632565328758
2026-01-19 00:00:00+00:00,-0.010942807699702572,-0.03127233065408839,-0.020329522954385816
2026-01-20 00:00:00+00:00,-0.04535066573351665,-0.05316712600444723,-0.00781646027093058
2026-01-21 00:00:00+00:00,0.011548739345586423,0.03416772062108962,0.0226189812755032
2026-01-22 00:00:00+00:00,0.001197833833269435,-0.004787215343084416,-0.005985049176353851
2026-01-23 00:00:00+00:00,0.00044906918681641983,0.004559468244750325,0.004110399057933905
2026-01-24 00:00:00+00:00,-0.004220695476821579,0.023630558866301058,0.027851254343122637
2026-01-25 00:00:00+00:00,-0.028613814423972816,-0.07255293906379681,-0.043939124639823995
2026-01-26 00:00:00+00:00,0.01929725530394588,0.03129722866633384,0.011999973362387957
2026-01-27 00:00:00+00:00,0.010160746359594297,0.01059987978137556,0.00043913342178126223
2026-01-28 00:00:00+00:00,0.0007163853817020449,-0.018040572995238983,-0.018756958376941028
2026-01-29 00:00:00+00:00,-0.05217243229738999,-0.07317373154010404,-0.021001299242714044
2026-01-30 00:00:00+00:00,-0.004648677910328858,-0.009527205577029954,-0.004878527666701096
2026-01-31 00:00:00+00:00,-0.06536644682311421,-0.05563426746878087,0.009732179354333341
2026-02-01 00:00:00+00:00,-0.022555865566889044,-0.06167074684567446,-0.039114881278785416
2026-02-02 00:00:00+00:00,0.022890493490962394,0.015303911188755872,-0.007586582302206522
2026-02-03 00:00:00+00:00,-0.037616037106458444,-0.02367528111934111,0.013940755987117335
2026-02-04 00:00:00+00:00,-0.034265387073432296,-0.01940447525583569,0.014860911817596606
2026-02-05 00:00:00+00:00,-0.14041106191907315,-0.13540322691237766,0.0050078350066954935
2026-02-06 00:00:00+00:00,0.12210326063615806,0.10517315809996187,-0.016930102536196187
2026-02-07 00:00:00+00:00,-0.018290582540099076,-0.018298341360559047,-7.758820459970867e-06
2026-02-08 00:00:00+00:00,0.014929058454217214,-0.012601663354945232,-0.027530721809162446
2026-02-09 00:00:00+00:00,-0.002526743502811346,0.008574233679656507,0.011100977182467853
2026-02-10 00:00:00+00:00,-0.018616327083675666,-0.00816949628317724,0.010446830800498425
2026-02-11 00:00:00+00:00,-0.025447167587381192,-0.00726413354742178,0.01818303403995941
2026-02-12 00:00:00+00:00,-0.012099131451477563,0.017613197043156288,0.02971232849463385
2026-02-13 00:00:00+00:00,0.038923299181348625,0.03426607347176401,-0.004657225709584614
2026-02-14 00:00:00+00:00,0.01415110103674011,0.04820257125516112,0.03405147021842101
2026-02-15 00:00:00+00:00,-0.014306100402032729,-0.04920881136914195,-0.03490271096710922
2026-02-16 00:00:00+00:00,0.0009535313364412712,0.017024458609593895,0.016070927273152624
2026-02-17 00:00:00+00:00,-0.02013577781811604,-0.024781690188559545,-0.004645912370443504
2026-02-18 00:00:00+00:00,-0.015607053777718871,-0.032119003726961574,-0.016511949949242703
2026-02-19 00:00:00+00:00,0.008298355383994593,-0.013290235934601104,-0.021588591318595696
2026-02-20 00:00:00+00:00,0.015010302505450213,0.03152865480282574,0.016518352297375527
2026-02-21 00:00:00+00:00,-0.0006796186486177636,-0.00012675652075118228,0.0005528621278665812
2026-02-22 00:00:00+00:00,-0.004704628524239363,-0.017599439977541324,-0.012894811453301961
2026-02-23 00:00:00+00:00,-0.04418792105126956,-0.039118511416024564,0.005069409635244999
2026-02-24 00:00:00+00:00,-0.009199112428782796,0.007577912001290089,0.016777024430072885
2026-02-25 00:00:00+00:00,0.06123880039918039,0.05511196663570313,-0.006126833763477266
2026-02-26 00:00:00+00:00,-0.00742136050917952,-0.0043747860013941195,0.0030465745077854003
2026-02-27 00:00:00+00:00,-0.023902787620721844,-0.03761694046183324,-0.013714152841111396
2026-02-28 00:00:00+00:00,0.016724892156267934,0.00979274576624643,-0.006932146390021505
2026-03-01 00:00:00+00:00,-0.017734559758340485,-0.012905881097031058,0.004828678661309427
2026-03-02 00:00:00+00:00,0.046415209125475476,0.04339450741710924,-0.0030207017083662344
2026-03-03 00:00:00+00:00,-0.007361726001354096,-0.026572126283426468,-0.01921040028207237
2026-03-04 00:00:00+00:00,0.06363688277231305,0.02465879621416204,-0.038978086558151014
2026-03-05 00:00:00+00:00,-0.024594790298644753,-0.013463114090882633,0.01113167620776212
2026-03-06 00:00:00+00:00,-0.039119438626600056,-0.03467319343210287,0.004446245194497184
2026-03-07 00:00:00+00:00,-0.012497980406269038,-0.022765742301923277,-0.010267761895654239
2026-03-08 00:00:00+00:00,-0.019303279237149917,-0.00019375788825935604,0.01910952134889056
2026-03-09 00:00:00+00:00,0.03730683422740544,0.023165097074039208,-0.014141737153366231
2026-03-10 00:00:00+00:00,0.02204576125718427,0.01771512442262046,-0.004330636834563809
2026-03-11 00:00:00+00:00,0.003549259748303335,0.004295913870861341,0.0007466541225580057
2026-03-12 00:00:00+00:00,0.004705630791161486,0.007187168544382596,0.0024815377532211103
2026-03-13 00:00:00+00:00,0.005893862239128245,0.004664288178547302,-0.0012295740605809428
2026-03-14 00:00:00+00:00,0.003933959137039311,-0.0036112759571933595,-0.007545235094232671
2026-03-15 00:00:00+00:00,0.022543217786170855,-0.0031365652325803894,-0.025679783018751245
2026-03-16 00:00:00+00:00,0.028407958900175112,0.03008075065852592,0.001672791758350809
2026-03-17 00:00:00+00:00,-0.013013317941811708,-0.020030291735814765,-0.007016973794003057
2026-03-18 00:00:00+00:00,-0.036136635604095746,-0.04178710372159467,-0.005650468117498926
2026-03-19 00:00:00+00:00,-0.018475371087413817,-0.023151115408816203,-0.004675744321402386
2026-03-20 00:00:00+00:00,0.008374900196602475,-0.0037303227039212315,-0.012105222900523707
2026-03-21 00:00:00+00:00,-0.022578956106407477,-0.021844460423201154,0.000734495683206323
2026-03-22 00:00:00+00:00,-0.015256636397290801,0.031413907352713696,0.0466705437500045
2026-03-23 00:00:00+00:00,0.04474824046964043,0.00827797954611545,-0.03647026092352498
2026-03-24 00:00:00+00:00,-0.004826016462078475,0.005234625106144486,0.01006064156822296
2026-03-25 00:00:00+00:00,0.01096933096439634,0.0089475312846969,-0.0020217996796994403
2026-03-26 00:00:00+00:00,-0.03519758757319691,-0.04923183095111474,-0.01403424337791783
2026-03-27 00:00:00+00:00,-0.035235796941326614,-0.03606623817024004,-0.0008304412289134241
2026-03-28 00:00:00+00:00,-0.00044300993607993,-0.006107633892547007,-0.005664623956467077
2026-03-29 00:00:00+00:00,-0.005380283049017942,-0.0007808047756367841,0.004599478273381158
2026-03-30 00:00:00+00:00,0.011920658281029839,0.00865669622893183,-0.0032639620520980087
2026-03-31 00:00:00+00:00,0.02212406611907003,-0.0012852411870353986,-0.023409307306105426
2026-04-01 00:00:00+00:00,-0.002271345149213677,0.03385383154183263,0.036125176691046305
2026-04-02 00:00:00+00:00,-0.017889008834350073,-0.03583649078953914,-0.017947481955189068
2026-04-03 00:00:00+00:00,0.0009197155611389007,0.000554850939110495,-0.0003648646220284058
2026-04-04 00:00:00+00:00,0.005094875242790398,0.04236088960964812,0.037266014366857725
2026-04-05 00:00:00+00:00,0.02567079425012242,-0.013712238911178279,-0.0393830331613007
2026-04-06 00:00:00+00:00,-0.0026087750496754936,-0.014674716745272461,-0.012065941695596967
2026-04-07 00:00:00+00:00,0.04464390805299212,0.044502869903354864,-0.00014103814963725703
2026-04-08 00:00:00+00:00,-0.011852797738774234,-0.02777284520727545,-0.015920047468501217
2026-04-09 00:00:00+00:00,0.010027013672944562,0.007803366902042606,-0.002223646770901956
2026-04-10 00:00:00+00:00,0.016264717687985097,0.009123384626434744,-0.007141333061550353
2026-04-11 00:00:00+00:00,0.00131655818775811,-0.003546970964342797,-0.004863529152100907
2026-04-12 00:00:00+00:00,-0.0315325679943681,0.003033713035597536,0.03456628102996564
2026-04-13 00:00:00+00:00,0.05195648207989989,0.05889594055371154,0.006939458473811652
2026-04-14 00:00:00+00:00,-0.0037386569872955855,-0.022659572833849787,-0.0189209158465542
2026-04-15 00:00:00+00:00,0.009031547669650752,0.017320375343368725,0.008288827673717972
2026-04-16 00:00:00+00:00,0.004421192839432431,0.07692799289701135,0.07250680005757892
2026-04-17 00:00:00+00:00,0.0256141920571773,-0.032857745179754726,-0.058471937236932024
2026-04-18 00:00:00+00:00,-0.017873416538362386,-0.0789592255191331,-0.06108580898077072
2026-04-19 00:00:00+00:00,-0.02505359942263352,-0.046317252862685565,-0.021263653440052044
2026-04-20 00:00:00+00:00,0.027545337209049503,0.03133102848139369,0.0037856912723441896
2026-04-21 00:00:00+00:00,0.00657209846668616,0.01419143645568879,0.00761933798900263
2026-04-22 00:00:00+00:00,0.024271119255664386,-0.0037930262783442657,-0.028064145534008652
2026-04-23 00:00:00+00:00,0.000985413323300266,0.009645532674615325,0.00866011935131506
2026-04-24 00:00:00+00:00,-0.010501580223174933,-0.015831054525540875,-0.005329474302365942
2026-04-25 00:00:00+00:00,0.002449757995952595,-0.01471435494958489,-0.017164112945537484
2026-04-26 00:00:00+00:00,0.013256428433331635,0.006571523276596356,-0.006684905156735279
2026-04-27 00:00:00+00:00,-0.016311447779325694,-0.02170491881856553,-0.0053934710392398375
2026-04-28 00:00:00+00:00,-0.013359420259869248,0.0048758653316584724,0.01823528559152772
2026-04-29 00:00:00+00:00,-0.007184975772660529,-0.024003935999871065,-0.016818960227210536
2026-04-30 00:00:00+00:00,0.007333343014314542,0.0036954203951197707,-0.003637922619194771
2026-05-01 00:00:00+00:00,0.024724331436569935,0.017255163832080086,-0.007469167604489849
2026-05-02 00:00:00+00:00,0.005894464906895713,0.03784144012160159,0.031946975214705874
2026-05-03 00:00:00+00:00,-0.0015752756732424489,-0.006461353197603783,-0.004886077524361334
2026-05-04 00:00:00+00:00,0.016517464885583477,0.02565547295092998,0.009138008065346502
2026-05-05 00:00:00+00:00,0.012975705940788895,0.017693695072487095,0.0047179891316982
2026-05-06 00:00:00+00:00,0.006532124523415783,0.032817803223435,0.026285678700019216
2026-05-07 00:00:00+00:00,-0.017455439912225312,0.0023122333378478087,0.01976767325007312
2026-05-08 00:00:00+00:00,0.0023233886961766537,0.053481235748608975,0.05115784705243232
2026-05-09 00:00:00+00:00,0.005973411581531751,0.004023466983882408,-0.0019499445976493435
2026-05-10 00:00:00+00:00,0.01914452960289781,0.007677617546179325,-0.011466912056718483
2026-05-11 00:00:00+00:00,-0.005823964408835813,-0.015311821146630876,-0.009487856737795062
2026-05-12 00:00:00+00:00,-0.015154389705639426,-0.0052375534431891154,0.00991683626245031
2026-05-13 00:00:00+00:00,-0.014574762928623586,-0.025067939709911516,-0.01049317678128793
2026-05-14 00:00:00+00:00,0.02220504160134551,-0.00412333304773811,-0.026328374649083622
2026-05-15 00:00:00+00:00,-0.024366771171477786,-0.04845993528352703,-0.024093164112049245
2026-05-16 00:00:00+00:00,-0.012264461137669103,-0.033698444157506564,-0.021433983019837462
2026-05-17 00:00:00+00:00,-0.008626936835662957,-0.020304924173070595,-0.011677987337407637
2026-05-18 00:00:00+00:00,-0.006033805843698947,0.005151540432566572,0.01118534627626552
2026-05-19 00:00:00+00:00,-0.002121793272628736,-0.013628861246483636,-0.0115070679738549
2026-05-20 00:00:00+00:00,0.009250012044286438,0.0224285811228458,0.013178569078559361
2026-05-21 00:00:00+00:00,0.000979224696588732,0.009598983195148932,0.0086197584985602
2026-05-22 00:00:00+00:00,-0.02671995793066284,-0.031430971736665016,-0.004711013806002175
2026-05-23 00:00:00+00:00,0.01591909218400467,0.03055683461837709,0.014637742434372422
2026-05-24 00:00:00+00:00,0.004107399837320003,-0.009703116797027851,-0.013810516634347854
2026-05-25 00:00:00+00:00,0.0032610544162487987,0.007027548979431245,0.0037664945631824464
2026-05-26 00:00:00+00:00,-0.017805037428103243,-0.02237107328084667,-0.0045660358527434275
2026-05-27 00:00:00+00:00,-0.019595417986838837,-0.034252012034634356,-0.01465659404779552
2026-05-28 00:00:00+00:00,-0.011108856581933724,-0.00239774759453365,0.008711108987400074
2026-05-29 00:00:00+00:00,-0.002217650431979634,0.008930531808231126,0.01114818224021076
2026-05-30 00:00:00+00:00,0.005836994506198678,0.02300688225104131,0.01716988774484263
2026-05-31 00:00:00+00:00,-0.0027566859111143316,0.03773037900092958,0.04048706491204391
2026-06-01 00:00:00+00:00,-0.0307074234384922,0.012903847712875534,0.04361127115136773
2026-06-02 00:00:00+00:00,-0.0652948880468961,-0.03445751090129823,0.030837377145597866
2026-06-03 00:00:00+00:00,-0.03914731005544747,-0.00010368554904654271,0.03904362450640093
2026-06-04 00:00:00+00:00,-0.004122106688168814,-0.05627228966399505,-0.052150182975826236
2026-06-05 00:00:00+00:00,-0.04434219634349945,-0.06670473863196118,-0.022362542288461726
2026-06-06 00:00:00+00:00,-0.0028235718265540166,0.008276613633336965,0.011100185459890981
2026-06-07 00:00:00+00:00,0.04024341944167409,0.047448437319822914,0.0072050178781488255
2026-06-08 00:00:00+00:00,-0.0038010379392875437,-0.004808840493425639,-0.0010078025541380951
2026-06-09 00:00:00+00:00,-0.021613469525626372,-0.026059115489067298,-0.004445645963440926
2026-06-10 00:00:00+00:00,-0.003424912877867059,-0.026898545352608508,-0.02347363247474145
2026-06-11 00:00:00+00:00,0.034386349552808504,0.09613004608107449,0.06174369652826599
2026-06-12 00:00:00+00:00,-0.000800340891758955,-0.02507018282907633,-0.024269841937317373
2026-06-13 00:00:00+00:00,0.013709537822399254,-0.003118958663687259,-0.016828496486086513
2026-06-14 00:00:00+00:00,0.019930702813801604,0.011372509332376178,-0.008558193481425426
2026-06-15 00:00:00+00:00,0.00888556073550073,0.006520223409898195,-0.0023653373256025357
2026-06-16 00:00:00+00:00,-0.009671740143831209,-0.0055868510210651656,0.004084889122766043
2026-06-17 00:00:00+00:00,-0.017852137564590254,0.010356558426012765,0.02820869599060302
2026-06-18 00:00:00+00:00,-0.02402249627362818,-0.012618849999863376,0.011403646273764804
2026-06-19 00:00:00+00:00,0.009352537422069096,0.008249365713853254,-0.0011031717082158419
2026-06-20 00:00:00+00:00,0.011925192796390371,0.014956872487019166,0.0030316796906287944
2026-06-21 00:00:00+00:00,-0.01529329391629064,-0.024050996945353988,-0.008757703029063348
2026-06-22 00:00:00+00:00,0.011109689020353475,0.005380431740720999,-0.005729257279632476
2026-06-23 00:00:00+00:00,-0.020214032773767876,-0.044495810193010875,-0.024281777419243
2026-06-24 00:00:00+00:00,-0.02624540047562296,-0.016198072055835594,0.010047328419787366
2026-06-25 00:00:00+00:00,-0.02095454307204392,-0.012350402645423824,0.008604140426620095
2026-06-26 00:00:00+00:00,0.005020753899407149,-0.0011323785393092224,-0.006153132438716371
2026-06-27 00:00:00+00:00,-0.0011935677187369098,-0.0024768723357372147,-0.0012833046170003049
2026-06-28 00:00:00+00:00,-0.007501629158521483,-0.014985345610573466,-0.007483716452051982
2026-06-29 00:00:00+00:00,0.011326578248267216,0.02796477608499631,0.016638197836729093
2026-06-30 00:00:00+00:00,-0.02688763912481118,-0.026977036467647268,-8.939734283608738e-05
2026-07-01 00:00:00+00:00,0.02378961665648549,0.030114273481995565,0.006324656825510075
2026-07-02 00:00:00+00:00,0.025683504556697434,-0.021905470192279987,-0.04758897474897742
2026-07-03 00:00:00+00:00,0.01665404627189293,0.026406444075987676,0.009752397804094745
2026-07-04 00:00:00+00:00,0.00877959898026881,0.0036227328401852808,-0.005156866140083529
2026-07-05 00:00:00+00:00,0.007958513692509106,-0.004624947698847637,-0.012583461391356743
2026-07-06 00:00:00+00:00,0.0063897914240036435,-0.014834036274665357,-0.021223827698669
2026-07-07 00:00:00+00:00,-0.01074916124679004,-0.05758157755203199,-0.04683241630524195
2026-07-08 00:00:00+00:00,-0.01705365403865733,-0.024769048681951452,-0.007715394643294123
2026-07-09 00:00:00+00:00,0.015126422971216913,0.016704356314299885,0.0015779333430829719
2026-07-10 00:00:00+00:00,0.014755447252243314,-0.008658901632566688,-0.023414348884810005
2026-07-11 00:00:00+00:00,-0.00540312960494016,-0.02832280118526626,-0.0229196715803261
2026-07-12 00:00:00+00:00,-0.0005173792389820964,-0.00968659371960933,-0.009169214480627234
2026-07-13 00:00:00+00:00,-0.022635294117646976,-0.03987714057986648,-0.017241846462219504
2026-07-14 00:00:00+00:00,0.04345739644020741,0.02628312757097297,-0.017174268869234437
2026-07-15 00:00:00+00:00,-0.004511287447300227,-0.029880539802870504,-0.025369252355570276
2026-07-16 00:00:00+00:00,-0.01422095319322414,-0.03463231287175131,-0.02041135967852717
2026-07-17 00:00:00+00:00,0.0017068697982796088,0.0029369442310142515,0.0012300744327346427
2026-07-18 00:00:00+00:00,0.014032254783687526,0.004848126658762353,-0.009184128124925172
2026-07-19 00:00:00+00:00,-0.0017282163726900501,0.014867889270202524,0.016596105642892572
2026-07-20 00:00:00+00:00,0.0081938705952731,0.012162488050028016,0.003968617454754915
2026-07-21 00:00:00+00:00,0.01989427334388183,0.01803761266187782,-0.0018566606820040084
2026-07-22 00:00:00+00:00,-0.00662032638629928,-0.0010588267282429153,0.005561499658056365
2026-07-23 00:00:00+00:00,-0.015320359553282259,-0.003758015102042864,0.011562344451239395
2026-07-24 00:00:00+00:00,-0.014647392945399962,-0.006951682592076055,0.007695710353323907
2026-07-25 00:00:00+00:00,0.003456208620246315,0.001511882687156456,-0.0019443259330898589
2026-07-26 00:00:00+00:00,0.01611797675094495,0.011173503574704013,-0.004944473176240938
2026-07-27 00:00:00+00:00,-0.025304741407660925,-0.056180415492028554,-0.03087567408436763
2026-07-28 00:00:00+00:00,0.0028687649872569665,-0.0015596251626814716,-0.004428390149938438
2026-07-29 00:00:00+00:00,0.0008653659574733297,-0.03212634219446595,-0.03299170815193928
2026-07-30 00:00:00+00:00,0.012368880640536872,0.04961139300418638,0.037242512363649505
2026-07-31 00:00:00+00:00,-0.02919073359073343,-0.0012075526538357518,0.02798318093689768
2026-08-01 00:00:00+00:00,-0.0010754073741765513,-0.001062895629500905,1.2511744675646223e-05
2026-08-02 00:00:00+00:00,0.012066766148078889,0.007716671787521569,-0.00435009436055732
2026-08-03 00:00:00+00:00,-0.0008308418568061526,-0.002522643293853637,-0.0016918014370474843
2026-08-04 00:00:00+00:00,0.00910748820420415,0.007847539571430234,-0.001259948632773917
2026-08-05 00:00:00+00:00,0.008714719354511846,0.03695122317860134,0.028236503824089494
2026-08-06 00:00:00+00:00,-0.005166019689358148,0.009394636720962784,0.014560656410320932
2026-08-07 00:00:00+00:00,0.009104199066873209,0.007115181341628988,-0.0019890177252442206
2026-08-08 00:00:00+00:00,0.0006642480434730924,0.01881144919648625,0.018147201153013156
2026-08-09 00:00:00+00:00,-0.000934874515813644,-0.003605422228496675,-0.002670547712683031
2026-08-10 00:00:00+00:00,-0.014313727303839063,-0.020497733134820822,-0.0061840058309817585
2026-08-11 00:00:00+00:00,-0.005744510809471137,-0.022768068166858644,-0.017023557357387507
2026-08-12 00:00:00+00:00,-0.0018451519536898386,0.005618283717726262,0.007463435671416101
2026-08-13 00:00:00+00:00,3.151854787741826e-05,-0.0037975331611149465,-0.003829051708992365
2026-08-14 00:00:00+00:00,-0.006960651909097448,-0.0037947429477389895,0.003165908961358459
2026-08-15 00:00:00+00:00,0.0006173133380942275,-0.03495403173729983,-0.035571345075394056
2026-08-16 00:00:00+00:00,-0.002821395663076265,0.00771867169348969,0.010540067356565954
2026-08-17 00:00:00+00:00,0.025893822762262708,-0.009282118469590494,-0.035175941231853206
2026-08-18 00:00:00+00:00,0.0029439989085966456,-0.03664374228365316,-0.03958774119224981
2026-08-19 00:00:00+00:00,0.0713512845086095,0.01839328336222442,-0.05295800114638508
2026-08-20 00:00:00+00:00,0.05322031452892828,0.015738550407361628,-0.03748176412156665
2026-08-21 00:00:00+00:00,0.07274650096508584,0.06734706024953989,-0.005399440715545947
2026-08-22 00:00:00+00:00,-0.015638029296722866,-0.009832707314175345,0.005805321982547521
2026-08-23 00:00:00+00:00,0.008232524048283896,0.02387523535586335,0.015642711307579455
2026-08-24 00:00:00+00:00,0.0158764061858665,-0.011817992071696154,-0.027694398257562654
2026-08-25 00:00:00+00:00,-0.005669195597380328,-0.015066055444669551,-0.009396859847289224
2026-08-26 00:00:00+00:00,0.006165180993918273,0.04322401164820231,0.03705883065428404
2026-08-27 00:00:00+00:00,0.01543878039331914,-0.007511882938329804,-0.022950663331648944
2026-08-28 00:00:00+00:00,-0.029959268859191646,-0.02640478038664912,0.003554488472542524
2026-08-29 00:00:00+00:00,0.005074165326793834,0.0127566925498919,0.007682527223098066
2026-08-30 00:00:00+00:00,-0.0072390656349625715,-0.030645661162909323,-0.02340659552794675
2026-08-31 00:00:00+00:00,0.011785982023479358,0.009167990088471979,-0.002617991935007379
