,0
2022-01-01 00:00:00+00:00,10000.0
2022-01-01 01:00:00+00:00,10002.677453588238
2022-01-01 02:00:00+00:00,9997.273248588239
2022-01-01 03:00:00+00:00,9996.339947588238
2022-01-01 04:00:00+00:00,10004.993819588239
2022-01-01 05:00:00+00:00,10014.105966588239
2022-01-01 06:00:00+00:00,10010.724889588239
2022-01-01 07:00:00+00:00,10004.961032588239
2022-01-01 08:00:00+00:00,10006.740581757631
2022-01-01 09:00:00+00:00,9999.98267675763
2022-01-01 10:00:00+00:00,10010.65222475763
2022-01-01 11:00:00+00:00,10016.952294757632
2022-01-01 12:00:00+00:00,10021.24151075763
2022-01-01 13:00:00+00:00,10019.89175375763
2022-01-01 14:00:00+00:00,10021.07534675763
2022-01-01 15:00:00+00:00,10013.563604757632
2022-01-01 16:00:00+00:00,10011.279075307266
2022-01-01 17:00:00+00:00,10011.514687307266
2022-01-01 18:00:00+00:00,10017.185498307266
2022-01-01 19:00:00+00:00,10005.357875307267
2022-01-01 20:00:00+00:00,9995.341871307266
2022-01-01 21:00:00+00:00,9990.945790307267
2022-01-01 22:00:00+00:00,9994.869788307265
2022-01-01 23:00:00+00:00,9998.251960307267
2022-01-02 00:00:00+00:00,9980.778799076115
2022-01-02 01:00:00+00:00,9972.865588508566
2022-01-02 02:00:00+00:00,9981.971051508566
2022-01-02 03:00:00+00:00,9977.996510508565
2022-01-02 04:00:00+00:00,9974.867653508565
2022-01-02 05:00:00+00:00,9975.033986508566
2022-01-02 06:00:00+00:00,9968.433978508565
2022-01-02 07:00:00+00:00,9969.088075508565
2022-01-02 08:00:00+00:00,9964.461001492498
2022-01-02 09:00:00+00:00,9971.054742492499
2022-01-02 10:00:00+00:00,9959.8336614925
2022-01-02 11:00:00+00:00,9953.125500492499
2022-01-02 12:00:00+00:00,9956.271404492498
2022-01-02 13:00:00+00:00,9955.943694492498
2022-01-02 14:00:00+00:00,9967.578348492498
2022-01-02 15:00:00+00:00,9972.1638064925
2022-01-02 16:00:00+00:00,9953.596256832354
2022-01-02 17:00:00+00:00,9947.503585832354
2022-01-02 18:00:00+00:00,9949.991555832354
2022-01-02 19:00:00+00:00,9946.750604832354
2022-01-02 20:00:00+00:00,9946.156361832354
2022-01-02 21:00:00+00:00,9944.562049832353
2022-01-02 22:00:00+00:00,9954.570587832355
2022-01-02 23:00:00+00:00,9952.304252832355
2022-01-03 00:00:00+00:00,9947.06336633655
2022-01-03 01:00:00+00:00,9946.721526720545
2022-01-03 02:00:00+00:00,9944.845180720546
2022-01-03 03:00:00+00:00,9949.847684720546
2022-01-03 04:00:00+00:00,9954.024288720546
2022-01-03 05:00:00+00:00,9947.544355720545
2022-01-03 06:00:00+00:00,9947.916529720545
2022-01-03 07:00:00+00:00,9953.327965720546
2022-01-03 08:00:00+00:00,9958.272843776525
2022-01-03 09:00:00+00:00,9963.431106776527
2022-01-03 10:00:00+00:00,9983.081342776526
2022-01-03 11:00:00+00:00,9988.278223776526
2022-01-03 12:00:00+00:00,9985.754934776527
2022-01-03 13:00:00+00:00,9992.301736776526
2022-01-03 14:00:00+00:00,9984.119096776527
2022-01-03 15:00:00+00:00,9985.264721776526
2022-01-03 16:00:00+00:00,9985.613583164033
2022-01-03 17:00:00+00:00,10001.608672164033
2022-01-03 18:00:00+00:00,10004.858940164033
2022-01-03 19:00:00+00:00,10000.471043164032
2022-01-03 20:00:00+00:00,9995.542315164033
2022-01-03 21:00:00+00:00,9984.581477164033
2022-01-03 22:00:00+00:00,9996.790094164033
2022-01-03 23:00:00+00:00,10005.092034164032
2022-01-04 00:00:00+00:00,10016.601905566018
2022-01-04 01:00:00+00:00,10010.870246658567
2022-01-04 02:00:00+00:00,9998.640127658568
2022-01-04 03:00:00+00:00,10003.973012658567
2022-01-04 04:00:00+00:00,10016.753570658568
2022-01-04 05:00:00+00:00,10025.291618658568
2022-01-04 06:00:00+00:00,10011.050602658568
2022-01-04 07:00:00+00:00,10009.759976658568
2022-01-04 08:00:00+00:00,10016.527684593819
2022-01-04 09:00:00+00:00,10005.42238659382
2022-01-04 10:00:00+00:00,10003.96340259382
2022-01-04 11:00:00+00:00,10006.53161059382
2022-01-04 12:00:00+00:00,10034.63338359382
2022-01-04 13:00:00+00:00,10018.62475859382
2022-01-04 14:00:00+00:00,10003.31817459382
2022-01-04 15:00:00+00:00,10014.09910059382
2022-01-04 16:00:00+00:00,9997.54351989185
2022-01-04 17:00:00+00:00,9981.890560891849
2022-01-04 18:00:00+00:00,9984.35283289185
2022-01-04 19:00:00+00:00,10000.092832891849
2022-01-04 20:00:00+00:00,10007.411169891848
2022-01-04 21:00:00+00:00,9993.579505891848
2022-01-04 22:00:00+00:00,9997.746242891848
2022-01-04 23:00:00+00:00,9991.77303689185
2022-01-05 00:00:00+00:00,10001.193257189841
2022-01-05 01:00:00+00:00,10007.611252448092
2022-01-05 02:00:00+00:00,9993.782765448092
2022-01-05 03:00:00+00:00,9996.344839448093
2022-01-05 04:00:00+00:00,9988.493161448092
2022-01-05 05:00:00+00:00,9993.226225448092
2022-01-05 06:00:00+00:00,9983.604404448093
2022-01-05 07:00:00+00:00,9986.098465448093
2022-01-05 08:00:00+00:00,9985.722015101319
2022-01-05 09:00:00+00:00,9977.58483010132
2022-01-05 10:00:00+00:00,9976.40381010132
2022-01-05 11:00:00+00:00,9985.33097210132
2022-01-05 12:00:00+00:00,9974.083846101319
2022-01-05 13:00:00+00:00,9980.707814101319
2022-01-05 14:00:00+00:00,9987.04538010132
2022-01-05 15:00:00+00:00,9992.90113910132
2022-01-05 16:00:00+00:00,9993.93308773397
2022-01-05 17:00:00+00:00,10001.03343173397
2022-01-05 18:00:00+00:00,10005.46605373397
2022-01-05 19:00:00+00:00,10027.01463973397
2022-01-05 20:00:00+00:00,10045.37266173397
2022-01-05 21:00:00+00:00,10050.88554673397
2022-01-05 22:00:00+00:00,10067.21175873397
2022-01-05 23:00:00+00:00,10080.93609073397
2022-01-06 00:00:00+00:00,10071.859383699668
2022-01-06 01:00:00+00:00,10058.290397585426
2022-01-06 02:00:00+00:00,10049.530453585427
2022-01-06 03:00:00+00:00,10047.974483585427
2022-01-06 04:00:00+00:00,10050.117204585427
2022-01-06 05:00:00+00:00,10058.978891585426
2022-01-06 06:00:00+00:00,10062.802878585426
2022-01-06 07:00:00+00:00,10064.802762585427
2022-01-06 08:00:00+00:00,10071.335567199942
2022-01-06 09:00:00+00:00,10070.516908199941
2022-01-06 10:00:00+00:00,10076.75884119994
2022-01-06 11:00:00+00:00,10065.58269919994
2022-01-06 12:00:00+00:00,10059.940471199941
2022-01-06 13:00:00+00:00,10069.17065219994
2022-01-06 14:00:00+00:00,10055.28366319994
2022-01-06 15:00:00+00:00,10063.165383199941
2022-01-06 16:00:00+00:00,10079.398138069088
2022-01-06 17:00:00+00:00,10094.020184069088
2022-01-06 18:00:00+00:00,10112.978838069088
2022-01-06 19:00:00+00:00,10108.894725069089
2022-01-06 20:00:00+00:00,10105.497013069089
2022-01-06 21:00:00+00:00,10076.334931069088
2022-01-06 22:00:00+00:00,10097.669464069088
2022-01-06 23:00:00+00:00,10106.155108069088
2022-01-07 00:00:00+00:00,10091.201571942718
2022-01-07 01:00:00+00:00,10087.173756131364
2022-01-07 02:00:00+00:00,10085.580581131364
2022-01-07 03:00:00+00:00,10092.760963131364
2022-01-07 04:00:00+00:00,10106.806880131364
2022-01-07 05:00:00+00:00,10091.939515131366
2022-01-07 06:00:00+00:00,10098.373756131365
2022-01-07 07:00:00+00:00,10102.487935131365
2022-01-07 08:00:00+00:00,10104.682018007255
2022-01-07 09:00:00+00:00,10109.636028007255
2022-01-07 10:00:00+00:00,10125.188101007256
2022-01-07 11:00:00+00:00,10118.275306007255
2022-01-07 12:00:00+00:00,10118.276847007255
2022-01-07 13:00:00+00:00,10126.183974007256
2022-01-07 14:00:00+00:00,10137.691634007255
2022-01-07 15:00:00+00:00,10131.906839007255
2022-01-07 16:00:00+00:00,10125.42016108065
2022-01-07 17:00:00+00:00,10130.68811208065
2022-01-07 18:00:00+00:00,10122.93210708065
2022-01-07 19:00:00+00:00,10123.37999808065
2022-01-07 20:00:00+00:00,10124.54842008065
2022-01-07 21:00:00+00:00,10134.29480208065
2022-01-07 22:00:00+00:00,10134.71514308065
2022-01-07 23:00:00+00:00,10126.03673108065
2022-01-08 00:00:00+00:00,10133.737386210338
2022-01-08 01:00:00+00:00,10144.451159106822
2022-01-08 02:00:00+00:00,10132.273901106822
2022-01-08 03:00:00+00:00,10136.025057106823
2022-01-08 04:00:00+00:00,10134.494909106823
2022-01-08 05:00:00+00:00,10135.254266106822
2022-01-08 06:00:00+00:00,10137.400745106823
2022-01-08 07:00:00+00:00,10129.677691106823
2022-01-08 08:00:00+00:00,10118.505252635834
2022-01-08 09:00:00+00:00,10131.745081635834
2022-01-08 10:00:00+00:00,10125.416890635834
2022-01-08 11:00:00+00:00,10126.292518635833
2022-01-08 12:00:00+00:00,10130.138443635835
2022-01-08 13:00:00+00:00,10122.178953635834
2022-01-08 14:00:00+00:00,10117.024486635833
2022-01-08 15:00:00+00:00,10125.262900635835
2022-01-08 16:00:00+00:00,10120.148109338712
2022-01-08 17:00:00+00:00,10117.139164338712
2022-01-08 18:00:00+00:00,10125.042710338712
2022-01-08 19:00:00+00:00,10130.505986338712
2022-01-08 20:00:00+00:00,10120.830595338712
2022-01-08 21:00:00+00:00,10125.801319338712
2022-01-08 22:00:00+00:00,10139.148144338713
2022-01-08 23:00:00+00:00,10129.766632338713
2022-01-09 00:00:00+00:00,10143.721223044286
2022-01-09 01:00:00+00:00,10140.206508396563
2022-01-09 02:00:00+00:00,10147.483647396562
2022-01-09 03:00:00+00:00,10153.469640396563
2022-01-09 04:00:00+00:00,10164.789535396561
2022-01-09 05:00:00+00:00,10164.645484396562
2022-01-09 06:00:00+00:00,10166.532942396561
2022-01-09 07:00:00+00:00,10152.114335396562
2022-01-09 08:00:00+00:00,10156.50480533508
2022-01-09 09:00:00+00:00,10138.00647433508
2022-01-09 10:00:00+00:00,10140.92985833508
2022-01-09 11:00:00+00:00,10140.80377533508
2022-01-09 12:00:00+00:00,10133.319637335078
2022-01-09 13:00:00+00:00,10129.79135033508
2022-01-09 14:00:00+00:00,10137.177386335079
2022-01-09 15:00:00+00:00,10136.01190033508
2022-01-09 16:00:00+00:00,10162.191877743548
2022-01-09 17:00:00+00:00,10164.681161743547
2022-01-09 18:00:00+00:00,10147.103656743548
2022-01-09 19:00:00+00:00,10146.008192743548
2022-01-09 20:00:00+00:00,10148.057160743547
2022-01-09 21:00:00+00:00,10146.910146743547
2022-01-09 22:00:00+00:00,10144.844966743547
2022-01-09 23:00:00+00:00,10138.567786743548
2022-01-10 00:00:00+00:00,10148.565245013333
2022-01-10 01:00:00+00:00,10144.460225726654
2022-01-10 02:00:00+00:00,10148.356105726654
2022-01-10 03:00:00+00:00,10151.226773726654
2022-01-10 04:00:00+00:00,10151.710119726655
2022-01-10 05:00:00+00:00,10150.086529726654
2022-01-10 06:00:00+00:00,10148.584851726655
2022-01-10 07:00:00+00:00,10159.658865726655
2022-01-10 08:00:00+00:00,10165.484172117256
2022-01-10 09:00:00+00:00,10170.975374117255
2022-01-10 10:00:00+00:00,10167.875090117255
2022-01-10 11:00:00+00:00,10163.425597117255
2022-01-10 12:00:00+00:00,10150.814865117256
2022-01-10 13:00:00+00:00,10158.401286117256
2022-01-10 14:00:00+00:00,10172.522544117255
2022-01-10 15:00:00+00:00,10173.218373117255
2022-01-10 16:00:00+00:00,10181.791759112051
2022-01-10 17:00:00+00:00,10198.959718112052
2022-01-10 18:00:00+00:00,10182.35475211205
2022-01-10 19:00:00+00:00,10177.940976112051
2022-01-10 20:00:00+00:00,10180.87562611205
2022-01-10 21:00:00+00:00,10183.831869112051
2022-01-10 22:00:00+00:00,10184.62080611205
2022-01-10 23:00:00+00:00,10201.283426112052
2022-01-11 00:00:00+00:00,10202.743439705235
2022-01-11 01:00:00+00:00,10204.169536531008
2022-01-11 02:00:00+00:00,10192.257813531007
2022-01-11 03:00:00+00:00,10201.278381531007
2022-01-11 04:00:00+00:00,10204.161885531008
2022-01-11 05:00:00+00:00,10207.097331531008
2022-01-11 06:00:00+00:00,10207.824676531007
2022-01-11 07:00:00+00:00,10208.276715531007
2022-01-11 08:00:00+00:00,10198.179954623163
2022-01-11 09:00:00+00:00,10200.866789623162
2022-01-11 10:00:00+00:00,10196.885454623163
2022-01-11 11:00:00+00:00,10174.759175623163
2022-01-11 12:00:00+00:00,10188.725802623163
2022-01-11 13:00:00+00:00,10188.997595623163
2022-01-11 14:00:00+00:00,10177.885083623163
2022-01-11 15:00:00+00:00,10179.601255623162
2022-01-11 16:00:00+00:00,10188.027065451637
2022-01-11 17:00:00+00:00,10202.347658451637
2022-01-11 18:00:00+00:00,10210.217966451637
2022-01-11 19:00:00+00:00,10220.920494451639
2022-01-11 20:00:00+00:00,10215.871142451639
2022-01-11 21:00:00+00:00,10212.292167451638
2022-01-11 22:00:00+00:00,10209.055363451638
2022-01-11 23:00:00+00:00,10214.146954451639
2022-01-12 00:00:00+00:00,10212.078773391993
2022-01-12 01:00:00+00:00,10215.171271235266
2022-01-12 02:00:00+00:00,10216.511012235265
2022-01-12 03:00:00+00:00,10210.361712235264
2022-01-12 04:00:00+00:00,10232.290146235266
2022-01-12 05:00:00+00:00,10252.655465235264
2022-01-12 06:00:00+00:00,10249.907094235265
2022-01-12 07:00:00+00:00,10251.754564235265
2022-01-12 08:00:00+00:00,10276.250027360898
2022-01-12 09:00:00+00:00,10254.563757360898
2022-01-12 10:00:00+00:00,10264.270301360899
2022-01-12 11:00:00+00:00,10252.761675360898
2022-01-12 12:00:00+00:00,10233.098919360898
2022-01-12 13:00:00+00:00,10219.677634360898
2022-01-12 14:00:00+00:00,10220.890997360899
2022-01-12 15:00:00+00:00,10201.895333360899
2022-01-12 16:00:00+00:00,10209.046523221697
2022-01-12 17:00:00+00:00,10214.271992221697
2022-01-12 18:00:00+00:00,10226.476776221696
2022-01-12 19:00:00+00:00,10235.358104221697
2022-01-12 20:00:00+00:00,10221.883476221697
2022-01-12 21:00:00+00:00,10209.648136221696
2022-01-12 22:00:00+00:00,10198.078734221697
2022-01-12 23:00:00+00:00,10189.851840221696
2022-01-13 00:00:00+00:00,10189.888845726766
2022-01-13 01:00:00+00:00,10188.651602399494
2022-01-13 02:00:00+00:00,10177.650763399495
2022-01-13 03:00:00+00:00,10167.288966399494
2022-01-13 04:00:00+00:00,10171.434846399494
2022-01-13 05:00:00+00:00,10185.710482399494
2022-01-13 06:00:00+00:00,10179.545852399495
2022-01-13 07:00:00+00:00,10180.714715399494
2022-01-13 08:00:00+00:00,10184.27755920338
2022-01-13 09:00:00+00:00,10207.689508203379
2022-01-13 10:00:00+00:00,10190.716947203378
2022-01-13 11:00:00+00:00,10212.022918203378
2022-01-13 12:00:00+00:00,10209.699334203378
2022-01-13 13:00:00+00:00,10232.090491203378
2022-01-13 14:00:00+00:00,10218.71046420338
2022-01-13 15:00:00+00:00,10263.99592120338
2022-01-13 16:00:00+00:00,10294.608192964439
2022-01-13 17:00:00+00:00,10303.822900964438
2022-01-13 18:00:00+00:00,10300.594378964439
2022-01-13 19:00:00+00:00,10316.979564964438
2022-01-13 20:00:00+00:00,10324.522561964439
2022-01-13 21:00:00+00:00,10316.01809896444
2022-01-13 22:00:00+00:00,10326.536854964439
2022-01-13 23:00:00+00:00,10331.091481964439
2022-01-14 00:00:00+00:00,10341.681815957432
2022-01-14 01:00:00+00:00,10329.12503954682
2022-01-14 02:00:00+00:00,10344.19333254682
2022-01-14 03:00:00+00:00,10341.11048354682
2022-01-14 04:00:00+00:00,10312.21997254682
2022-01-14 05:00:00+00:00,10292.34336454682
2022-01-14 06:00:00+00:00,10291.32781954682
2022-01-14 07:00:00+00:00,10315.192915546819
2022-01-14 08:00:00+00:00,10329.30319654599
2022-01-14 09:00:00+00:00,10337.86052854599
2022-01-14 10:00:00+00:00,10340.92322654599
2022-01-14 11:00:00+00:00,10352.78572354599
2022-01-14 12:00:00+00:00,10350.685115545992
2022-01-14 13:00:00+00:00,10348.862187545992
2022-01-14 14:00:00+00:00,10333.662520545991
2022-01-14 15:00:00+00:00,10335.688783545991
2022-01-14 16:00:00+00:00,10331.75558835844
2022-01-14 17:00:00+00:00,10326.97682835844
2022-01-14 18:00:00+00:00,10328.11412835844
2022-01-14 19:00:00+00:00,10322.52926235844
2022-01-14 20:00:00+00:00,10317.85239435844
2022-01-14 21:00:00+00:00,10324.90692935844
2022-01-14 22:00:00+00:00,10337.038395358439
2022-01-14 23:00:00+00:00,10337.462764358439
2022-01-15 00:00:00+00:00,10318.943651612997
2022-01-15 01:00:00+00:00,10314.24979948305
2022-01-15 02:00:00+00:00,10301.633648615834
2022-01-15 03:00:00+00:00,10300.404842615833
2022-01-15 04:00:00+00:00,10283.652671615835
2022-01-15 05:00:00+00:00,10272.989420615835
2022-01-15 06:00:00+00:00,10276.999258615835
2022-01-15 07:00:00+00:00,10275.493033615834
2022-01-15 08:00:00+00:00,10263.853348331337
2022-01-15 09:00:00+00:00,10258.116272331337
2022-01-15 10:00:00+00:00,10252.416011331337
2022-01-15 11:00:00+00:00,10231.082054331338
2022-01-15 12:00:00+00:00,10229.527302522516
2022-01-15 13:00:00+00:00,10225.146650522516
2022-01-15 14:00:00+00:00,10229.312542522517
2022-01-15 15:00:00+00:00,10229.023274522517
2022-01-15 16:00:00+00:00,10222.480171515974
2022-01-15 17:00:00+00:00,10219.618615515974
2022-01-15 18:00:00+00:00,10222.188560515975
2022-01-15 19:00:00+00:00,10222.953597515974
2022-01-15 20:00:00+00:00,10225.317388515974
2022-01-15 21:00:00+00:00,10229.623748515975
2022-01-15 22:00:00+00:00,10237.593294515975
2022-01-15 23:00:00+00:00,10239.909690515975
2022-01-16 00:00:00+00:00,10241.737484164136
2022-01-16 01:00:00+00:00,10232.599448944582
2022-01-16 02:00:00+00:00,10251.978114944583
2022-01-16 03:00:00+00:00,10253.271542944582
2022-01-16 04:00:00+00:00,10262.821205944583
2022-01-16 05:00:00+00:00,10257.437488944583
2022-01-16 06:00:00+00:00,10257.444062944583
2022-01-16 07:00:00+00:00,10263.679252944583
2022-01-16 08:00:00+00:00,10276.844711966965
2022-01-16 09:00:00+00:00,10256.790131966965
2022-01-16 10:00:00+00:00,10252.695769966966
2022-01-16 11:00:00+00:00,10253.863914966965
2022-01-16 12:00:00+00:00,10245.441624966965
2022-01-16 13:00:00+00:00,10244.890649966965
2022-01-16 14:00:00+00:00,10244.989761966965
2022-01-16 15:00:00+00:00,10243.967722966965
2022-01-16 16:00:00+00:00,10239.00376641351
2022-01-16 17:00:00+00:00,10240.77708541351
2022-01-16 18:00:00+00:00,10254.66947241351
2022-01-16 19:00:00+00:00,10256.37759441351
2022-01-16 20:00:00+00:00,10246.866678413511
2022-01-16 21:00:00+00:00,10248.33773141351
2022-01-16 22:00:00+00:00,10252.548939413511
2022-01-16 23:00:00+00:00,10258.33095541351
2022-01-17 00:00:00+00:00,10258.790357571525
2022-01-17 01:00:00+00:00,10246.74069634632
2022-01-17 02:00:00+00:00,10265.46829034632
2022-01-17 03:00:00+00:00,10274.99348634632
2022-01-17 04:00:00+00:00,10285.44842834632
2022-01-17 05:00:00+00:00,10296.608768346321
2022-01-17 06:00:00+00:00,10295.65100034632
2022-01-17 07:00:00+00:00,10311.45031234632
2022-01-17 08:00:00+00:00,10313.758278613379
2022-01-17 09:00:00+00:00,10308.17046061338
2022-01-17 10:00:00+00:00,10301.81520461338
2022-01-17 11:00:00+00:00,10297.87029861338
2022-01-17 12:00:00+00:00,10295.48038461338
2022-01-17 13:00:00+00:00,10287.20981261338
2022-01-17 14:00:00+00:00,10278.52211261338
2022-01-17 15:00:00+00:00,10261.06166261338
2022-01-17 16:00:00+00:00,10271.201760984766
2022-01-17 17:00:00+00:00,10259.849826984766
2022-01-17 18:00:00+00:00,10267.122428984765
2022-01-17 19:00:00+00:00,10271.189024984766
2022-01-17 20:00:00+00:00,10280.716526984766
2022-01-17 21:00:00+00:00,10289.604282984767
2022-01-17 22:00:00+00:00,10302.148770984766
2022-01-17 23:00:00+00:00,10307.816502984766
2022-01-18 00:00:00+00:00,10290.443646152264
2022-01-18 01:00:00+00:00,10258.874872513394
2022-01-18 02:00:00+00:00,10255.958727513393
2022-01-18 03:00:00+00:00,10287.429437513394
2022-01-18 04:00:00+00:00,10283.214320513393
2022-01-18 05:00:00+00:00,10287.187317513393
2022-01-18 06:00:00+00:00,10274.352491513393
2022-01-18 07:00:00+00:00,10279.718111513394
2022-01-18 08:00:00+00:00,10300.105890566154
2022-01-18 09:00:00+00:00,10304.464076566153
2022-01-18 10:00:00+00:00,10320.798379566153
2022-01-18 11:00:00+00:00,10306.511998566153
2022-01-18 12:00:00+00:00,10303.212437566153
2022-01-18 13:00:00+00:00,10294.387387566154
2022-01-18 14:00:00+00:00,10303.572405566154
2022-01-18 15:00:00+00:00,10289.756327566154
2022-01-18 16:00:00+00:00,10280.305112875605
2022-01-18 17:00:00+00:00,10277.918369875604
2022-01-18 18:00:00+00:00,10282.593556875605
2022-01-18 19:00:00+00:00,10279.881048875604
2022-01-18 20:00:00+00:00,10284.871063875604
2022-01-18 21:00:00+00:00,10282.226202875605
2022-01-18 22:00:00+00:00,10283.822246875605
2022-01-18 23:00:00+00:00,10283.591574875605
2022-01-19 00:00:00+00:00,10293.493496774605
2022-01-19 01:00:00+00:00,10285.927794228592
2022-01-19 02:00:00+00:00,10269.320149228592
2022-01-19 03:00:00+00:00,10296.574329228592
2022-01-19 04:00:00+00:00,10302.520258228593
2022-01-19 05:00:00+00:00,10298.215649228592
2022-01-19 06:00:00+00:00,10301.924811228591
2022-01-19 07:00:00+00:00,10334.153991228592
2022-01-19 08:00:00+00:00,10341.19954384607
2022-01-19 09:00:00+00:00,10351.38933184607
2022-01-19 10:00:00+00:00,10351.16564784607
2022-01-19 11:00:00+00:00,10342.76449784607
2022-01-19 12:00:00+00:00,10352.69101084607
2022-01-19 13:00:00+00:00,10347.389948846072
2022-01-19 14:00:00+00:00,10338.628866846071
2022-01-19 15:00:00+00:00,10331.99714184607
2022-01-19 16:00:00+00:00,10352.018756931446
2022-01-19 17:00:00+00:00,10342.585225931445
2022-01-19 18:00:00+00:00,10348.200723931446
2022-01-19 19:00:00+00:00,10353.898522931446
2022-01-19 20:00:00+00:00,10352.080640931445
2022-01-19 21:00:00+00:00,10353.559804931445
2022-01-19 22:00:00+00:00,10341.438806931445
2022-01-19 23:00:00+00:00,10360.594064931445
2022-01-20 00:00:00+00:00,10364.096493466497
2022-01-20 01:00:00+00:00,10389.453951800164
2022-01-20 02:00:00+00:00,10378.268119800163
2022-01-20 03:00:00+00:00,10358.060428800163
2022-01-20 04:00:00+00:00,10355.366496800163
2022-01-20 05:00:00+00:00,10348.585915800164
2022-01-20 06:00:00+00:00,10348.131479800164
2022-01-20 07:00:00+00:00,10344.726045800164
2022-01-20 08:00:00+00:00,10325.765822878555
2022-01-20 09:00:00+00:00,10320.308744878555
2022-01-20 10:00:00+00:00,10310.856347878556
2022-01-20 11:00:00+00:00,10314.504164878555
2022-01-20 12:00:00+00:00,10321.852827878556
2022-01-20 13:00:00+00:00,10323.289605878555
2022-01-20 14:00:00+00:00,10303.750188878555
2022-01-20 15:00:00+00:00,10292.216226878556
2022-01-20 16:00:00+00:00,10293.36965339835
2022-01-20 17:00:00+00:00,10301.176031398349
2022-01-20 18:00:00+00:00,10310.129694398349
2022-01-20 19:00:00+00:00,10316.085699398349
2022-01-20 20:00:00+00:00,10303.148043398349
2022-01-20 21:00:00+00:00,10381.085635398349
2022-01-20 22:00:00+00:00,10398.955604398348
2022-01-20 23:00:00+00:00,10409.713105398348
2022-01-21 00:00:00+00:00,10425.400178941258
2022-01-21 01:00:00+00:00,10471.250056438708
2022-01-21 02:00:00+00:00,10470.38205243871
2022-01-21 03:00:00+00:00,10483.91753643871
2022-01-21 04:00:00+00:00,10483.21162143871
2022-01-21 05:00:00+00:00,10466.78556043871
2022-01-21 06:00:00+00:00,10466.81645043871
2022-01-21 07:00:00+00:00,10461.958126438709
2022-01-21 08:00:00+00:00,10472.274362535432
2022-01-21 09:00:00+00:00,10474.976036535432
2022-01-21 10:00:00+00:00,10470.362814535432
2022-01-21 11:00:00+00:00,10486.677177535432
2022-01-21 12:00:00+00:00,10537.363291535434
2022-01-21 13:00:00+00:00,10528.751520535434
2022-01-21 14:00:00+00:00,10531.467578535432
2022-01-21 15:00:00+00:00,10525.065053535433
2022-01-21 16:00:00+00:00,10544.031608801512
2022-01-21 17:00:00+00:00,10539.894857801512
2022-01-21 18:00:00+00:00,10552.994972801513
2022-01-21 19:00:00+00:00,10560.415420801512
2022-01-21 20:00:00+00:00,10575.674500801511
2022-01-21 21:00:00+00:00,10638.241308801511
2022-01-21 22:00:00+00:00,10645.779212801512
2022-01-21 23:00:00+00:00,10666.817467801511
2022-01-22 00:00:00+00:00,10649.199445962013
2022-01-22 01:00:00+00:00,10660.638287610418
2022-01-22 02:00:00+00:00,10663.160520610418
2022-01-22 03:00:00+00:00,10672.900866610418
2022-01-22 04:00:00+00:00,10657.506995610418
2022-01-22 05:00:00+00:00,10703.611126610418
2022-01-22 06:00:00+00:00,10692.563655610418
2022-01-22 07:00:00+00:00,10691.842124610419
2022-01-22 08:00:00+00:00,10689.468785396437
2022-01-22 09:00:00+00:00,10701.106249396438
2022-01-22 10:00:00+00:00,10686.295821396438
2022-01-22 11:00:00+00:00,10683.455803396437
2022-01-22 12:00:00+00:00,10674.787438396437
2022-01-22 13:00:00+00:00,10690.921303396437
2022-01-22 14:00:00+00:00,10695.148897396437
2022-01-22 15:00:00+00:00,10692.346618396437
2022-01-22 16:00:00+00:00,10682.769339682103
2022-01-22 17:00:00+00:00,10685.607534682102
2022-01-22 18:00:00+00:00,10673.614710682103
2022-01-22 19:00:00+00:00,10664.581531682103
2022-01-22 20:00:00+00:00,10679.646849682102
2022-01-22 21:00:00+00:00,10684.521398682102
2022-01-22 22:00:00+00:00,10683.059344682102
2022-01-22 23:00:00+00:00,10674.728303682103
2022-01-23 00:00:00+00:00,10671.869222616262
2022-01-23 01:00:00+00:00,10678.784881666255
2022-01-23 02:00:00+00:00,10698.879757666255
2022-01-23 03:00:00+00:00,10684.052488666255
2022-01-23 04:00:00+00:00,10676.024849666255
2022-01-23 05:00:00+00:00,10668.015953666254
2022-01-23 06:00:00+00:00,10673.135440666256
2022-01-23 07:00:00+00:00,10657.551222666254
2022-01-23 08:00:00+00:00,10650.484885529153
2022-01-23 09:00:00+00:00,10626.580587529152
2022-01-23 10:00:00+00:00,10641.865504529153
2022-01-23 11:00:00+00:00,10670.100430529152
2022-01-23 12:00:00+00:00,10670.206943529152
2022-01-23 13:00:00+00:00,10658.586750529154
2022-01-23 14:00:00+00:00,10668.090300529151
2022-01-23 15:00:00+00:00,10677.048957529152
2022-01-23 16:00:00+00:00,10689.917671834577
2022-01-23 17:00:00+00:00,10692.502823834577
2022-01-23 18:00:00+00:00,10703.257241834577
2022-01-23 19:00:00+00:00,10710.048788834576
2022-01-23 20:00:00+00:00,10695.228896834577
2022-01-23 21:00:00+00:00,10705.111479834577
2022-01-23 22:00:00+00:00,10699.138709834577
2022-01-23 23:00:00+00:00,10658.647932834576
2022-01-24 00:00:00+00:00,10649.492709681186
2022-01-24 01:00:00+00:00,10645.473753127202
2022-01-24 02:00:00+00:00,10661.639047127203
2022-01-24 03:00:00+00:00,10668.302718127205
2022-01-24 04:00:00+00:00,10674.805115127203
2022-01-24 05:00:00+00:00,10665.638522127203
2022-01-24 06:00:00+00:00,10673.948502127203
2022-01-24 07:00:00+00:00,10686.261690127203
2022-01-24 08:00:00+00:00,10706.989497148385
2022-01-24 09:00:00+00:00,10711.965221148384
2022-01-24 10:00:00+00:00,10717.418174148384
2022-01-24 11:00:00+00:00,10749.243392148384
2022-01-24 12:00:00+00:00,10741.418093148384
2022-01-24 13:00:00+00:00,10739.308150148385
2022-01-24 14:00:00+00:00,10736.666914148384
2022-01-24 15:00:00+00:00,10721.939311148384
2022-01-24 16:00:00+00:00,10737.589544035343
2022-01-24 17:00:00+00:00,10727.174043035344
2022-01-24 18:00:00+00:00,10707.000952035343
2022-01-24 19:00:00+00:00,10687.951372035344
2022-01-24 20:00:00+00:00,10684.416894035343
2022-01-24 21:00:00+00:00,10659.519907035345
2022-01-24 22:00:00+00:00,10649.967005035343
2022-01-24 23:00:00+00:00,10661.646573035345
2022-01-25 00:00:00+00:00,10645.824411792964
2022-01-25 01:00:00+00:00,10626.271976263102
2022-01-25 02:00:00+00:00,10611.522902263103
2022-01-25 03:00:00+00:00,10619.349430263102
2022-01-25 04:00:00+00:00,10623.286470263103
2022-01-25 05:00:00+00:00,10622.981612263104
2022-01-25 06:00:00+00:00,10625.738373263102
2022-01-25 07:00:00+00:00,10605.794287263103
2022-01-25 08:00:00+00:00,10622.442420431353
2022-01-25 09:00:00+00:00,10630.511971431353
2022-01-25 10:00:00+00:00,10634.358501431354
2022-01-25 11:00:00+00:00,10641.205910431354
2022-01-25 12:00:00+00:00,10639.482524431354
2022-01-25 13:00:00+00:00,10656.903975431354
2022-01-25 14:00:00+00:00,10671.648176431354
2022-01-25 15:00:00+00:00,10690.179643431355
2022-01-25 16:00:00+00:00,10680.860833092744
2022-01-25 17:00:00+00:00,10672.402654092744
2022-01-25 18:00:00+00:00,10674.420431092743
2022-01-25 19:00:00+00:00,10658.901076092745
2022-01-25 20:00:00+00:00,10670.337154092744
2022-01-25 21:00:00+00:00,10682.271310092743
2022-01-25 22:00:00+00:00,10680.094357092745
2022-01-25 23:00:00+00:00,10668.478808092745
2022-01-26 00:00:00+00:00,10670.68566115753
2022-01-26 01:00:00+00:00,10652.221566370055
2022-01-26 02:00:00+00:00,10650.959230370056
2022-01-26 03:00:00+00:00,10622.987588370055
2022-01-26 04:00:00+00:00,10620.383330370056
2022-01-26 05:00:00+00:00,10591.474990370056
2022-01-26 06:00:00+00:00,10590.944195370055
2022-01-26 07:00:00+00:00,10596.996905370055
2022-01-26 08:00:00+00:00,10600.465727976025
2022-01-26 09:00:00+00:00,10603.694116976025
2022-01-26 10:00:00+00:00,10615.257109976024
2022-01-26 11:00:00+00:00,10611.141584976025
2022-01-26 12:00:00+00:00,10638.749121976025
2022-01-26 13:00:00+00:00,10669.302198976024
2022-01-26 14:00:00+00:00,10660.651014976023
2022-01-26 15:00:00+00:00,10668.536038976024
2022-01-26 16:00:00+00:00,10670.684702168424
2022-01-26 17:00:00+00:00,10681.374309168425
2022-01-26 18:00:00+00:00,10667.437674168425
2022-01-26 19:00:00+00:00,10628.004373168424
2022-01-26 20:00:00+00:00,10623.473510168424
2022-01-26 21:00:00+00:00,10631.690929168424
2022-01-26 22:00:00+00:00,10654.026620168424
2022-01-26 23:00:00+00:00,10662.385277168425
2022-01-27 00:00:00+00:00,10663.344833718142
2022-01-27 01:00:00+00:00,10665.861317050583
2022-01-27 02:00:00+00:00,10650.105695050583
2022-01-27 03:00:00+00:00,10653.606963050583
2022-01-27 04:00:00+00:00,10668.585145050583
2022-01-27 05:00:00+00:00,10666.677111050583
2022-01-27 06:00:00+00:00,10653.752132050584
2022-01-27 07:00:00+00:00,10654.101466050583
2022-01-27 08:00:00+00:00,10632.432708064101
2022-01-27 09:00:00+00:00,10620.686022064101
2022-01-27 10:00:00+00:00,10624.262688064102
2022-01-27 11:00:00+00:00,10626.498121064102
2022-01-27 12:00:00+00:00,10622.765979064101
2022-01-27 13:00:00+00:00,10631.670805064101
2022-01-27 14:00:00+00:00,10626.713979064101
2022-01-27 15:00:00+00:00,10617.082517064102
2022-01-27 16:00:00+00:00,10625.064393363633
2022-01-27 17:00:00+00:00,10607.308274363631
2022-01-27 18:00:00+00:00,10604.552310363631
2022-01-27 19:00:00+00:00,10600.146686363632
2022-01-27 20:00:00+00:00,10627.659347363633
2022-01-27 21:00:00+00:00,10598.889797363632
2022-01-27 22:00:00+00:00,10602.770651363631
2022-01-27 23:00:00+00:00,10586.035547363632
2022-01-28 00:00:00+00:00,10582.271569887784
2022-01-28 01:00:00+00:00,10579.303244877781
2022-01-28 02:00:00+00:00,10593.262662877782
2022-01-28 03:00:00+00:00,10580.74472387778
2022-01-28 04:00:00+00:00,10588.57572287778
2022-01-28 05:00:00+00:00,10591.253413877781
2022-01-28 06:00:00+00:00,10592.20482387778
2022-01-28 07:00:00+00:00,10587.862503877781
2022-01-28 08:00:00+00:00,10582.894258521215
2022-01-28 09:00:00+00:00,10588.645424521215
2022-01-28 10:00:00+00:00,10602.030978521214
2022-01-28 11:00:00+00:00,10603.323879521215
2022-01-28 12:00:00+00:00,10608.288888521214
2022-01-28 13:00:00+00:00,10603.669552521214
2022-01-28 14:00:00+00:00,10603.576912521215
2022-01-28 15:00:00+00:00,10603.090577521214
2022-01-28 16:00:00+00:00,10592.023769244563
2022-01-28 17:00:00+00:00,10596.822771244564
2022-01-28 18:00:00+00:00,10595.458413244563
2022-01-28 19:00:00+00:00,10600.976012244562
2022-01-28 20:00:00+00:00,10601.834840244563
2022-01-28 21:00:00+00:00,10600.868810244563
2022-01-28 22:00:00+00:00,10599.207001244564
2022-01-28 23:00:00+00:00,10590.978241244564
2022-01-29 00:00:00+00:00,10590.831622872549
2022-01-29 01:00:00+00:00,10589.944535900366
2022-01-29 02:00:00+00:00,10585.939776900366
2022-01-29 03:00:00+00:00,10578.690210900366
2022-01-29 04:00:00+00:00,10573.012986900367
2022-01-29 05:00:00+00:00,10576.181218900367
2022-01-29 06:00:00+00:00,10574.597840900367
2022-01-29 07:00:00+00:00,10557.493804900367
2022-01-29 08:00:00+00:00,10555.980596119176
2022-01-29 09:00:00+00:00,10554.144546119176
2022-01-29 10:00:00+00:00,10545.191876119176
2022-01-29 11:00:00+00:00,10539.846835119177
2022-01-29 12:00:00+00:00,10537.431471119176
2022-01-29 13:00:00+00:00,10534.194520119176
2022-01-29 14:00:00+00:00,10523.225404119175
2022-01-29 15:00:00+00:00,10501.240968119177
2022-01-29 16:00:00+00:00,10497.986247185576
2022-01-29 17:00:00+00:00,10497.353446185576
2022-01-29 18:00:00+00:00,10505.932683185576
2022-01-29 19:00:00+00:00,10503.784447185575
2022-01-29 20:00:00+00:00,10505.689536185575
2022-01-29 21:00:00+00:00,10485.305896185575
2022-01-29 22:00:00+00:00,10491.09701946595
2022-01-29 23:00:00+00:00,10490.62680846595
2022-01-30 00:00:00+00:00,10492.803344531896
2022-01-30 01:00:00+00:00,10482.228485949694
2022-01-30 02:00:00+00:00,10480.151457949694
2022-01-30 03:00:00+00:00,10473.816654949693
2022-01-30 04:00:00+00:00,10469.685454949693
2022-01-30 05:00:00+00:00,10452.954406949693
2022-01-30 06:00:00+00:00,10451.666895949693
2022-01-30 07:00:00+00:00,10444.487420949694
2022-01-30 08:00:00+00:00,10454.59008835672
2022-01-30 09:00:00+00:00,10449.46660235672
2022-01-30 10:00:00+00:00,10449.51023535672
2022-01-30 11:00:00+00:00,10441.77129335672
2022-01-30 12:00:00+00:00,10433.97085435672
2022-01-30 13:00:00+00:00,10438.13519635672
2022-01-30 14:00:00+00:00,10456.325016356719
2022-01-30 15:00:00+00:00,10466.11408435672
2022-01-30 16:00:00+00:00,10483.22319958175
2022-01-30 17:00:00+00:00,10483.909196581748
2022-01-30 18:00:00+00:00,10496.19260558175
2022-01-30 19:00:00+00:00,10502.920093581748
2022-01-30 20:00:00+00:00,10509.19316558175
2022-01-30 21:00:00+00:00,10528.04042958175
2022-01-30 22:00:00+00:00,10527.69825258175
2022-01-30 23:00:00+00:00,10536.75245058175
2022-01-31 00:00:00+00:00,10553.596501598433
2022-01-31 01:00:00+00:00,10551.117531762538
2022-01-31 02:00:00+00:00,10555.367408762539
2022-01-31 03:00:00+00:00,10561.923578762538
2022-01-31 04:00:00+00:00,10566.677410762539
2022-01-31 05:00:00+00:00,10574.99021276254
2022-01-31 06:00:00+00:00,10585.16029576254
2022-01-31 07:00:00+00:00,10583.559094762539
2022-01-31 08:00:00+00:00,10590.609370943252
2022-01-31 09:00:00+00:00,10574.704113943251
2022-01-31 10:00:00+00:00,10553.409014943252
2022-01-31 11:00:00+00:00,10560.232663943252
2022-01-31 12:00:00+00:00,10572.632073943252
2022-01-31 13:00:00+00:00,10566.04234394325
2022-01-31 14:00:00+00:00,10526.939864943251
2022-01-31 15:00:00+00:00,10503.335109943251
2022-01-31 16:00:00+00:00,10504.650045622342
2022-01-31 17:00:00+00:00,10501.793184622342
2022-01-31 18:00:00+00:00,10500.137094622341
2022-01-31 19:00:00+00:00,10504.79656062234
2022-01-31 20:00:00+00:00,10496.603613622341
2022-01-31 21:00:00+00:00,10497.902671622342
2022-01-31 22:00:00+00:00,10496.916791622341
2022-01-31 23:00:00+00:00,10488.185381622341
2022-02-01 00:00:00+00:00,10481.891302906908
2022-02-01 01:00:00+00:00,10477.23763316668
2022-02-01 02:00:00+00:00,10481.03062916668
2022-02-01 03:00:00+00:00,10469.931009166681
2022-02-01 04:00:00+00:00,10471.08057916668
2022-02-01 05:00:00+00:00,10470.85885516668
2022-02-01 06:00:00+00:00,10467.54337516668
2022-02-01 07:00:00+00:00,10468.67733716668
2022-02-01 08:00:00+00:00,10459.388813310685
2022-02-01 09:00:00+00:00,10455.796483310685
2022-02-01 10:00:00+00:00,10453.363729310686
2022-02-01 11:00:00+00:00,10454.663171310685
2022-02-01 12:00:00+00:00,10445.295093310686
2022-02-01 13:00:00+00:00,10444.098607310685
2022-02-01 14:00:00+00:00,10448.499457310685
2022-02-01 15:00:00+00:00,10441.755971310686
2022-02-01 16:00:00+00:00,10436.72540319904
2022-02-01 17:00:00+00:00,10441.470941199039
2022-02-01 18:00:00+00:00,10435.28336919904
2022-02-01 19:00:00+00:00,10442.09276919904
2022-02-01 20:00:00+00:00,10446.68910119904
2022-02-01 21:00:00+00:00,10442.008267199039
2022-02-01 22:00:00+00:00,10445.17469719904
2022-02-01 23:00:00+00:00,10447.34914519904
2022-02-02 00:00:00+00:00,10462.941292817262
2022-02-02 01:00:00+00:00,10453.743066300452
2022-02-02 02:00:00+00:00,10459.732082300452
2022-02-02 03:00:00+00:00,10472.460813300453
2022-02-02 04:00:00+00:00,10466.745149300452
2022-02-02 05:00:00+00:00,10467.504584300452
2022-02-02 06:00:00+00:00,10471.886426300453
2022-02-02 07:00:00+00:00,10466.107850300452
2022-02-02 08:00:00+00:00,10467.97598548145
2022-02-02 09:00:00+00:00,10462.525248481448
2022-02-02 10:00:00+00:00,10456.477632481448
2022-02-02 11:00:00+00:00,10450.10923848145
2022-02-02 12:00:00+00:00,10457.083366481449
2022-02-02 13:00:00+00:00,10456.255380481449
2022-02-02 14:00:00+00:00,10482.96505148145
2022-02-02 15:00:00+00:00,10477.891239481449
2022-02-02 16:00:00+00:00,10495.360554015584
2022-02-02 17:00:00+00:00,10486.228220015584
2022-02-02 18:00:00+00:00,10466.825456015584
2022-02-02 19:00:00+00:00,10468.349292015584
2022-02-02 20:00:00+00:00,10469.085637015585
2022-02-02 21:00:00+00:00,10475.236882015584
2022-02-02 22:00:00+00:00,10476.804845015584
2022-02-02 23:00:00+00:00,10482.974449015584
2022-02-03 00:00:00+00:00,10494.146047327937
2022-02-03 01:00:00+00:00,10503.317418128154
2022-02-03 02:00:00+00:00,10500.619316128154
2022-02-03 03:00:00+00:00,10506.780734128153
2022-02-03 04:00:00+00:00,10511.046631128154
2022-02-03 05:00:00+00:00,10505.044346128154
2022-02-03 06:00:00+00:00,10515.257227128153
2022-02-03 07:00:00+00:00,10513.542144128154
2022-02-03 08:00:00+00:00,10514.101955515736
2022-02-03 09:00:00+00:00,10519.462574515735
2022-02-03 10:00:00+00:00,10525.435442515736
2022-02-03 11:00:00+00:00,10524.663239515736
2022-02-03 12:00:00+00:00,10520.999182515736
2022-02-03 13:00:00+00:00,10528.212437515736
2022-02-03 14:00:00+00:00,10528.297938515736
2022-02-03 15:00:00+00:00,10519.578007515736
2022-02-03 16:00:00+00:00,10525.524916639464
2022-02-03 17:00:00+00:00,10524.332366639463
2022-02-03 18:00:00+00:00,10526.088561639463
2022-02-03 19:00:00+00:00,10530.609353639464
2022-02-03 20:00:00+00:00,10532.485148639464
2022-02-03 21:00:00+00:00,10522.214237639464
2022-02-03 22:00:00+00:00,10516.126615639463
2022-02-03 23:00:00+00:00,10513.059405639464
2022-02-04 00:00:00+00:00,10518.410659532947
2022-02-04 01:00:00+00:00,10513.400584424557
2022-02-04 02:00:00+00:00,10510.061602424556
2022-02-04 03:00:00+00:00,10504.970651424555
2022-02-04 04:00:00+00:00,10506.928087424556
2022-02-04 05:00:00+00:00,10507.248705424556
2022-02-04 06:00:00+00:00,10505.412617424556
2022-02-04 07:00:00+00:00,10498.913599424555
2022-02-04 08:00:00+00:00,10497.792352329434
2022-02-04 09:00:00+00:00,10496.515065329435
2022-02-04 10:00:00+00:00,10493.220995329435
2022-02-04 11:00:00+00:00,10493.996790329435
2022-02-04 12:00:00+00:00,10496.928233329434
2022-02-04 13:00:00+00:00,10492.452539329433
2022-02-04 14:00:00+00:00,10491.278666329434
2022-02-04 15:00:00+00:00,10492.440756329433
2022-02-04 16:00:00+00:00,10495.839949578649
2022-02-04 17:00:00+00:00,10492.45266657865
2022-02-04 18:00:00+00:00,10483.76130657865
2022-02-04 19:00:00+00:00,10473.22515557865
2022-02-04 20:00:00+00:00,10466.31532157865
2022-02-04 21:00:00+00:00,10468.15291057865
2022-02-04 22:00:00+00:00,10470.19365357865
2022-02-04 23:00:00+00:00,10464.96283457865
2022-02-05 00:00:00+00:00,10460.904102314335
2022-02-05 01:00:00+00:00,10449.401885350338
2022-02-05 02:00:00+00:00,10449.179088350338
2022-02-05 03:00:00+00:00,10440.138614350339
2022-02-05 04:00:00+00:00,10441.98205535034
2022-02-05 05:00:00+00:00,10443.03516335034
2022-02-05 06:00:00+00:00,10442.56131835034
2022-02-05 07:00:00+00:00,10458.05476435034
2022-02-05 08:00:00+00:00,10459.965086293094
2022-02-05 09:00:00+00:00,10465.598190293093
2022-02-05 10:00:00+00:00,10459.368121293093
2022-02-05 11:00:00+00:00,10458.790038293093
2022-02-05 12:00:00+00:00,10464.917338293093
2022-02-05 13:00:00+00:00,10457.998592293094
2022-02-05 14:00:00+00:00,10458.409563293093
2022-02-05 15:00:00+00:00,10459.860997293094
2022-02-05 16:00:00+00:00,10485.910002196042
2022-02-05 17:00:00+00:00,10487.189681196043
2022-02-05 18:00:00+00:00,10488.038469196043
2022-02-05 19:00:00+00:00,10492.402522196044
2022-02-05 20:00:00+00:00,10493.899616196042
2022-02-05 21:00:00+00:00,10494.700565196043
2022-02-05 22:00:00+00:00,10483.708635196042
2022-02-05 23:00:00+00:00,10479.539926196043
2022-02-06 00:00:00+00:00,10470.317614259373
2022-02-06 01:00:00+00:00,10446.638611829329
2022-02-06 02:00:00+00:00,10445.000299829328
2022-02-06 03:00:00+00:00,10449.122496829328
2022-02-06 04:00:00+00:00,10448.499515829328
2022-02-06 05:00:00+00:00,10449.101195829327
2022-02-06 06:00:00+00:00,10451.947556829327
2022-02-06 07:00:00+00:00,10449.398814829328
2022-02-06 08:00:00+00:00,10449.939230214126
2022-02-06 09:00:00+00:00,10442.543581214126
2022-02-06 10:00:00+00:00,10442.952663214126
2022-02-06 11:00:00+00:00,10444.527841214125
2022-02-06 12:00:00+00:00,10440.868012214127
2022-02-06 13:00:00+00:00,10441.154118214126
2022-02-06 14:00:00+00:00,10451.658293214126
2022-02-06 15:00:00+00:00,10445.527082214126
2022-02-06 16:00:00+00:00,10449.938568516534
2022-02-06 17:00:00+00:00,10448.213795516533
2022-02-06 18:00:00+00:00,10450.518544516533
2022-02-06 19:00:00+00:00,10448.530021516533
2022-02-06 20:00:00+00:00,10450.581562516534
2022-02-06 21:00:00+00:00,10445.850444516533
2022-02-06 22:00:00+00:00,10442.041467516534
2022-02-06 23:00:00+00:00,10434.234249516534
2022-02-07 00:00:00+00:00,10439.869562490616
2022-02-07 01:00:00+00:00,10436.031800058492
2022-02-07 02:00:00+00:00,10436.619669058491
2022-02-07 03:00:00+00:00,10422.880622058492
2022-02-07 04:00:00+00:00,10419.469064058492
2022-02-07 05:00:00+00:00,10415.445714058491
2022-02-07 06:00:00+00:00,10416.232523058492
2022-02-07 07:00:00+00:00,10412.996981058492
2022-02-07 08:00:00+00:00,10422.977338352426
2022-02-07 09:00:00+00:00,10434.591822352426
2022-02-07 10:00:00+00:00,10422.612966352426
2022-02-07 11:00:00+00:00,10424.610279352426
2022-02-07 12:00:00+00:00,10428.800782352426
2022-02-07 13:00:00+00:00,10425.119244352425
2022-02-07 14:00:00+00:00,10416.882450352427
2022-02-07 15:00:00+00:00,10415.880984352425
2022-02-07 16:00:00+00:00,10422.104944768653
2022-02-07 17:00:00+00:00,10425.662329768653
2022-02-07 18:00:00+00:00,10433.609671768652
2022-02-07 19:00:00+00:00,10433.991545768653
2022-02-07 20:00:00+00:00,10433.641510768653
2022-02-07 21:00:00+00:00,10431.690993768652
2022-02-07 22:00:00+00:00,10418.838348768653
2022-02-07 23:00:00+00:00,10423.338780768652
2022-02-08 00:00:00+00:00,10432.015699127896
2022-02-08 01:00:00+00:00,10430.839140993523
2022-02-08 02:00:00+00:00,10437.113878993523
2022-02-08 03:00:00+00:00,10438.110412993523
2022-02-08 04:00:00+00:00,10436.128466993523
2022-02-08 05:00:00+00:00,10435.250464993524
2022-02-08 06:00:00+00:00,10444.658880993524
2022-02-08 07:00:00+00:00,10442.738868993523
2022-02-08 08:00:00+00:00,10453.88090306183
2022-02-08 09:00:00+00:00,10457.90277106183
2022-02-08 10:00:00+00:00,10460.27463306183
2022-02-08 11:00:00+00:00,10456.40143306183
2022-02-08 12:00:00+00:00,10465.95196306183
2022-02-08 13:00:00+00:00,10471.994853061831
2022-02-08 14:00:00+00:00,10468.784135061831
2022-02-08 15:00:00+00:00,10466.85146506183
2022-02-08 16:00:00+00:00,10462.8225825324
2022-02-08 17:00:00+00:00,10467.2478705324
2022-02-08 18:00:00+00:00,10468.5357045324
2022-02-08 19:00:00+00:00,10470.3815645324
2022-02-08 20:00:00+00:00,10464.1640505324
2022-02-08 21:00:00+00:00,10473.5734605324
2022-02-08 22:00:00+00:00,10473.0498585324
2022-02-08 23:00:00+00:00,10483.375798532401
2022-02-09 00:00:00+00:00,10482.520964137066
2022-02-09 01:00:00+00:00,10487.668778199495
2022-02-09 02:00:00+00:00,10485.054136199495
2022-02-09 03:00:00+00:00,10485.295494199494
2022-02-09 04:00:00+00:00,10487.969280199495
2022-02-09 05:00:00+00:00,10486.950766199494
2022-02-09 06:00:00+00:00,10481.215508199495
2022-02-09 07:00:00+00:00,10479.481694199494
2022-02-09 08:00:00+00:00,10472.737278571542
2022-02-09 09:00:00+00:00,10470.132592571541
2022-02-09 10:00:00+00:00,10468.084036571541
2022-02-09 11:00:00+00:00,10469.489486571541
2022-02-09 12:00:00+00:00,10471.244342571541
2022-02-09 13:00:00+00:00,10467.897848571542
2022-02-09 14:00:00+00:00,10465.512458571542
2022-02-09 15:00:00+00:00,10462.424114571542
2022-02-09 16:00:00+00:00,10461.222465580351
2022-02-09 17:00:00+00:00,10457.744597580351
2022-02-09 18:00:00+00:00,10462.664549580351
2022-02-09 19:00:00+00:00,10464.165267580353
2022-02-09 20:00:00+00:00,10463.500943580351
2022-02-09 21:00:00+00:00,10463.059285580352
2022-02-09 22:00:00+00:00,10466.611627580352
2022-02-09 23:00:00+00:00,10455.159521580352
2022-02-10 00:00:00+00:00,10467.727696095199
2022-02-10 01:00:00+00:00,10473.475607132876
2022-02-10 02:00:00+00:00,10474.532697132874
2022-02-10 03:00:00+00:00,10475.637709132874
2022-02-10 04:00:00+00:00,10477.051827132875
2022-02-10 05:00:00+00:00,10479.156043132874
2022-02-10 06:00:00+00:00,10478.687161132875
2022-02-10 07:00:00+00:00,10472.537740132875
2022-02-10 08:00:00+00:00,10475.080032131707
2022-02-10 09:00:00+00:00,10479.517265131708
2022-02-10 10:00:00+00:00,10480.858129131708
2022-02-10 11:00:00+00:00,10482.588782131708
2022-02-10 12:00:00+00:00,10485.355317131707
2022-02-10 13:00:00+00:00,10500.236324131707
2022-02-10 14:00:00+00:00,10501.122987131708
2022-02-10 15:00:00+00:00,10495.353147131707
2022-02-10 16:00:00+00:00,10494.460162049283
2022-02-10 17:00:00+00:00,10496.770496049283
2022-02-10 18:00:00+00:00,10499.970719049283
2022-02-10 19:00:00+00:00,10504.711993049283
2022-02-10 20:00:00+00:00,10501.532805049283
2022-02-10 21:00:00+00:00,10501.905598049283
2022-02-10 22:00:00+00:00,10502.260573049283
2022-02-10 23:00:00+00:00,10498.049956049283
2022-02-11 00:00:00+00:00,10499.068314078324
2022-02-11 01:00:00+00:00,10500.827113100713
2022-02-11 02:00:00+00:00,10501.575952100713
2022-02-11 03:00:00+00:00,10504.864039100714
2022-02-11 04:00:00+00:00,10506.705794100713
2022-02-11 05:00:00+00:00,10500.835084100712
2022-02-11 06:00:00+00:00,10503.294134100714
2022-02-11 07:00:00+00:00,10507.985527100713
2022-02-11 08:00:00+00:00,10509.3123532351
2022-02-11 09:00:00+00:00,10506.549489235102
2022-02-11 10:00:00+00:00,10502.3106132351
2022-02-11 11:00:00+00:00,10501.9883662351
2022-02-11 12:00:00+00:00,10496.287215235101
2022-02-11 13:00:00+00:00,10487.580909235101
2022-02-11 14:00:00+00:00,10485.0106652351
2022-02-11 15:00:00+00:00,10484.699903235101
2022-02-11 16:00:00+00:00,10487.474517915687
2022-02-11 17:00:00+00:00,10491.254272915688
2022-02-11 18:00:00+00:00,10498.897843915687
2022-02-11 19:00:00+00:00,10500.715084915688
2022-02-11 20:00:00+00:00,10505.138795915687
2022-02-11 21:00:00+00:00,10502.096281915688
2022-02-11 22:00:00+00:00,10501.344235915687
2022-02-11 23:00:00+00:00,10502.987395915688
2022-02-12 00:00:00+00:00,10505.08812117312
2022-02-12 01:00:00+00:00,10502.120100524193
2022-02-12 02:00:00+00:00,10501.536309524194
2022-02-12 03:00:00+00:00,10504.468341524194
2022-02-12 04:00:00+00:00,10502.778918524193
2022-02-12 05:00:00+00:00,10503.699978524193
2022-02-12 06:00:00+00:00,10510.446944524194
2022-02-12 07:00:00+00:00,10505.153027524193
2022-02-12 08:00:00+00:00,10499.948060690214
2022-02-12 09:00:00+00:00,10502.803022690214
2022-02-12 10:00:00+00:00,10502.619537690214
2022-02-12 11:00:00+00:00,10498.832737690214
2022-02-12 12:00:00+00:00,10501.397364690214
2022-02-12 13:00:00+00:00,10504.667861690214
2022-02-12 14:00:00+00:00,10502.507136690214
2022-02-12 15:00:00+00:00,10502.062368690213
2022-02-12 16:00:00+00:00,10496.825570212563
2022-02-12 17:00:00+00:00,10495.856830212562
2022-02-12 18:00:00+00:00,10494.552866212563
2022-02-12 19:00:00+00:00,10500.126352212563
2022-02-12 20:00:00+00:00,10498.676859212563
2022-02-12 21:00:00+00:00,10506.915746212562
2022-02-12 22:00:00+00:00,10502.097014212562
2022-02-12 23:00:00+00:00,10506.102439212564
2022-02-13 00:00:00+00:00,10504.324624250532
2022-02-13 01:00:00+00:00,10508.090619867082
2022-02-13 02:00:00+00:00,10505.617215867082
2022-02-13 03:00:00+00:00,10506.904107867082
2022-02-13 04:00:00+00:00,10509.460578867081
2022-02-13 05:00:00+00:00,10509.434802867083
2022-02-13 06:00:00+00:00,10507.244482867081
2022-02-13 07:00:00+00:00,10508.049715867082
2022-02-13 08:00:00+00:00,10509.158694390562
2022-02-13 09:00:00+00:00,10513.543039390563
2022-02-13 10:00:00+00:00,10512.567941390562
2022-02-13 11:00:00+00:00,10512.738048390562
2022-02-13 12:00:00+00:00,10515.573574390562
2022-02-13 13:00:00+00:00,10514.707579390562
2022-02-13 14:00:00+00:00,10518.280435390563
2022-02-13 15:00:00+00:00,10519.457738390562
2022-02-13 16:00:00+00:00,10524.888738029575
2022-02-13 17:00:00+00:00,10526.649256029576
2022-02-13 18:00:00+00:00,10535.264928029575
2022-02-13 19:00:00+00:00,10537.119725029575
2022-02-13 20:00:00+00:00,10536.780176029575
2022-02-13 21:00:00+00:00,10538.883705029575
2022-02-13 22:00:00+00:00,10538.999979029575
2022-02-13 23:00:00+00:00,10540.758352029576
2022-02-14 00:00:00+00:00,10539.332640561892
2022-02-14 01:00:00+00:00,10544.184107158067
2022-02-14 02:00:00+00:00,10546.151888158067
2022-02-14 03:00:00+00:00,10541.257236158066
2022-02-14 04:00:00+00:00,10538.743021158067
2022-02-14 05:00:00+00:00,10538.790422158067
2022-02-14 06:00:00+00:00,10535.062103158067
2022-02-14 07:00:00+00:00,10535.729170158067
2022-02-14 08:00:00+00:00,10536.69392564642
2022-02-14 09:00:00+00:00,10538.23588264642
2022-02-14 10:00:00+00:00,10535.43644064642
2022-02-14 11:00:00+00:00,10538.18317464642
2022-02-14 12:00:00+00:00,10530.10824064642
2022-02-14 13:00:00+00:00,10528.40434064642
2022-02-14 14:00:00+00:00,10525.07288864642
2022-02-14 15:00:00+00:00,10526.23665764642
2022-02-14 16:00:00+00:00,10524.292481290639
2022-02-14 17:00:00+00:00,10522.147611290638
2022-02-14 18:00:00+00:00,10522.736385290638
2022-02-14 19:00:00+00:00,10529.94904529064
2022-02-14 20:00:00+00:00,10529.12221629064
2022-02-14 21:00:00+00:00,10527.27351829064
2022-02-14 22:00:00+00:00,10522.63992429064
2022-02-14 23:00:00+00:00,10522.53175529064
2022-02-15 00:00:00+00:00,10518.423409159157
2022-02-15 01:00:00+00:00,10513.949245770325
2022-02-15 02:00:00+00:00,10516.212887770325
2022-02-15 03:00:00+00:00,10516.584519770326
2022-02-15 04:00:00+00:00,10517.281320770326
2022-02-15 05:00:00+00:00,10515.925010770325
2022-02-15 06:00:00+00:00,10515.612931770325
2022-02-15 07:00:00+00:00,10513.653363770325
2022-02-15 08:00:00+00:00,10510.748243136513
2022-02-15 09:00:00+00:00,10509.990748136514
2022-02-15 10:00:00+00:00,10507.932371136512
2022-02-15 11:00:00+00:00,10507.841393136514
2022-02-15 12:00:00+00:00,10510.235175136513
2022-02-15 13:00:00+00:00,10511.690682136514
2022-02-15 14:00:00+00:00,10509.358613136514
2022-02-15 15:00:00+00:00,10509.534858136512
2022-02-15 16:00:00+00:00,10510.781892405561
2022-02-15 17:00:00+00:00,10512.850986405561
2022-02-15 18:00:00+00:00,10511.531947405561
2022-02-15 19:00:00+00:00,10512.83746040556
2022-02-15 20:00:00+00:00,10512.592883405561
2022-02-15 21:00:00+00:00,10513.17177540556
2022-02-15 22:00:00+00:00,10512.43699140556
2022-02-15 23:00:00+00:00,10510.06260440556
2022-02-16 00:00:00+00:00,10510.936163747907
2022-02-16 01:00:00+00:00,10512.343692280532
2022-02-16 02:00:00+00:00,10514.143588280533
2022-02-16 03:00:00+00:00,10512.725484280532
2022-02-16 04:00:00+00:00,10515.034558280533
2022-02-16 05:00:00+00:00,10515.464678280532
2022-02-16 06:00:00+00:00,10511.626973280532
2022-02-16 07:00:00+00:00,10508.891199280533
2022-02-16 08:00:00+00:00,10508.138305391898
2022-02-16 09:00:00+00:00,10510.217296391897
2022-02-16 10:00:00+00:00,10511.115779391897
2022-02-16 11:00:00+00:00,10510.540382391897
2022-02-16 12:00:00+00:00,10513.604113391897
2022-02-16 13:00:00+00:00,10518.428990391898
2022-02-16 14:00:00+00:00,10519.435180391898
2022-02-16 15:00:00+00:00,10520.033977391897
2022-02-16 16:00:00+00:00,10515.071147992443
2022-02-16 17:00:00+00:00,10517.927513992443
2022-02-16 18:00:00+00:00,10518.336018992442
2022-02-16 19:00:00+00:00,10510.983359992442
2022-02-16 20:00:00+00:00,10512.876355992443
2022-02-16 21:00:00+00:00,10514.223131992443
2022-02-16 22:00:00+00:00,10514.567471992443
2022-02-16 23:00:00+00:00,10514.396309992442
2022-02-17 00:00:00+00:00,10513.990448843804
2022-02-17 01:00:00+00:00,10511.4495620758
2022-02-17 02:00:00+00:00,10513.4522960758
2022-02-17 03:00:00+00:00,10516.7822100758
2022-02-17 04:00:00+00:00,10516.1667050758
2022-02-17 05:00:00+00:00,10516.1424010758
2022-02-17 06:00:00+00:00,10511.506303075801
2022-02-17 07:00:00+00:00,10509.272643075801
2022-02-17 08:00:00+00:00,10513.843892002718
2022-02-17 09:00:00+00:00,10514.92268200272
2022-02-17 10:00:00+00:00,10516.373540002718
2022-02-17 11:00:00+00:00,10515.090627002719
2022-02-17 12:00:00+00:00,10513.612955002718
2022-02-17 13:00:00+00:00,10514.473429002719
2022-02-17 14:00:00+00:00,10517.47136100272
2022-02-17 15:00:00+00:00,10517.501657002718
2022-02-17 16:00:00+00:00,10513.778549950028
2022-02-17 17:00:00+00:00,10514.030929950028
2022-02-17 18:00:00+00:00,10519.906094950029
2022-02-17 19:00:00+00:00,10521.636759950028
2022-02-17 20:00:00+00:00,10522.944525950028
2022-02-17 21:00:00+00:00,10522.903711950028
2022-02-17 22:00:00+00:00,10522.46079895003
2022-02-17 23:00:00+00:00,10525.43234295003
2022-02-18 00:00:00+00:00,10522.376117716167
2022-02-18 01:00:00+00:00,10523.508313106233
2022-02-18 02:00:00+00:00,10520.782116106233
2022-02-18 03:00:00+00:00,10521.425462106232
2022-02-18 04:00:00+00:00,10520.391245106232
2022-02-18 05:00:00+00:00,10517.256434106232
2022-02-18 06:00:00+00:00,10517.031647106232
2022-02-18 07:00:00+00:00,10517.270638106233
2022-02-18 08:00:00+00:00,10520.175481366552
2022-02-18 09:00:00+00:00,10520.838646366552
2022-02-18 10:00:00+00:00,10522.22956836655
2022-02-18 11:00:00+00:00,10522.603242366551
2022-02-18 12:00:00+00:00,10520.859425366552
2022-02-18 13:00:00+00:00,10522.599263366552
2022-02-18 14:00:00+00:00,10525.092821366552
2022-02-18 15:00:00+00:00,10523.346618366551
2022-02-18 16:00:00+00:00,10526.247004830871
2022-02-18 17:00:00+00:00,10525.727464830872
2022-02-18 18:00:00+00:00,10527.373999830872
2022-02-18 19:00:00+00:00,10529.078668830873
2022-02-18 20:00:00+00:00,10531.198218830872
2022-02-18 21:00:00+00:00,10530.166592830872
2022-02-18 22:00:00+00:00,10529.232118830872
2022-02-18 23:00:00+00:00,10525.129050830872
2022-02-19 00:00:00+00:00,10527.1394312867
2022-02-19 01:00:00+00:00,10525.735694919926
2022-02-19 02:00:00+00:00,10524.244770919926
2022-02-19 03:00:00+00:00,10524.175016919926
2022-02-19 04:00:00+00:00,10522.859466919926
2022-02-19 05:00:00+00:00,10521.236858919927
2022-02-19 06:00:00+00:00,10519.363550919927
2022-02-19 07:00:00+00:00,10518.560056919927
2022-02-19 08:00:00+00:00,10519.584828050149
2022-02-19 09:00:00+00:00,10516.964184050148
2022-02-19 10:00:00+00:00,10515.641832050149
2022-02-19 11:00:00+00:00,10520.166042050148
2022-02-19 12:00:00+00:00,10519.459168050149
2022-02-19 13:00:00+00:00,10516.49514205015
2022-02-19 14:00:00+00:00,10520.643114050148
2022-02-19 15:00:00+00:00,10518.284418050149
2022-02-19 16:00:00+00:00,10519.691460624865
2022-02-19 17:00:00+00:00,10518.599708624866
2022-02-19 18:00:00+00:00,10518.130428624865
2022-02-19 19:00:00+00:00,10517.252418624865
2022-02-19 20:00:00+00:00,10518.502186624866
2022-02-19 21:00:00+00:00,10518.198972624865
2022-02-19 22:00:00+00:00,10516.416228624865
2022-02-19 23:00:00+00:00,10516.894380624866
2022-02-20 00:00:00+00:00,10518.009769487977
2022-02-20 01:00:00+00:00,10515.194747957981
2022-02-20 02:00:00+00:00,10517.367487957981
2022-02-20 03:00:00+00:00,10518.68141995798
2022-02-20 04:00:00+00:00,10518.76172195798
2022-02-20 05:00:00+00:00,10520.57179195798
2022-02-20 06:00:00+00:00,10523.73671995798
2022-02-20 07:00:00+00:00,10523.483429957982
2022-02-20 08:00:00+00:00,10518.646144260218
2022-02-20 09:00:00+00:00,10516.351042260218
2022-02-20 10:00:00+00:00,10516.717344260218
2022-02-20 11:00:00+00:00,10516.937514260218
2022-02-20 12:00:00+00:00,10517.892362260218
2022-02-20 13:00:00+00:00,10519.001978260218
2022-02-20 14:00:00+00:00,10515.946538260217
2022-02-20 15:00:00+00:00,10518.232714260217
2022-02-20 16:00:00+00:00,10519.912458052011
2022-02-20 17:00:00+00:00,10517.953004052011
2022-02-20 18:00:00+00:00,10517.356992052011
2022-02-20 19:00:00+00:00,10517.753120052012
2022-02-20 20:00:00+00:00,10517.513550052012
2022-02-20 21:00:00+00:00,10517.887610052012
2022-02-20 22:00:00+00:00,10521.132790052012
2022-02-20 23:00:00+00:00,10521.56200605201
2022-02-21 00:00:00+00:00,10522.381567316506
2022-02-21 01:00:00+00:00,10521.386197588517
2022-02-21 02:00:00+00:00,10522.646513588517
2022-02-21 03:00:00+00:00,10523.851105588517
2022-02-21 04:00:00+00:00,10521.429774588518
2022-02-21 05:00:00+00:00,10523.824443588517
2022-02-21 06:00:00+00:00,10521.634646588518
2022-02-21 07:00:00+00:00,10514.215995588518
2022-02-21 08:00:00+00:00,10526.294707945402
2022-02-21 09:00:00+00:00,10524.901812945403
2022-02-21 10:00:00+00:00,10527.597316945403
2022-02-21 11:00:00+00:00,10534.446236945403
2022-02-21 12:00:00+00:00,10534.282106945404
2022-02-21 13:00:00+00:00,10530.647258945402
2022-02-21 14:00:00+00:00,10523.153998945403
2022-02-21 15:00:00+00:00,10524.249960945403
2022-02-21 16:00:00+00:00,10524.834432146854
2022-02-21 17:00:00+00:00,10527.988233146854
2022-02-21 18:00:00+00:00,10530.864445146854
2022-02-21 19:00:00+00:00,10523.352578146854
2022-02-21 20:00:00+00:00,10521.611465146854
2022-02-21 21:00:00+00:00,10526.996080146853
2022-02-21 22:00:00+00:00,10526.256261146853
2022-02-21 23:00:00+00:00,10526.738206146854
2022-02-22 00:00:00+00:00,10528.846730669233
2022-02-22 01:00:00+00:00,10529.540687765197
2022-02-22 02:00:00+00:00,10527.731657765196
2022-02-22 03:00:00+00:00,10525.151157765196
2022-02-22 04:00:00+00:00,10524.133527765196
2022-02-22 05:00:00+00:00,10521.392787765197
2022-02-22 06:00:00+00:00,10519.458647765196
2022-02-22 07:00:00+00:00,10520.870987765196
2022-02-22 08:00:00+00:00,10515.47101638399
2022-02-22 09:00:00+00:00,10513.12303638399
2022-02-22 10:00:00+00:00,10515.77702638399
2022-02-22 11:00:00+00:00,10511.18840638399
2022-02-22 12:00:00+00:00,10508.84315638399
2022-02-22 13:00:00+00:00,10507.53825638399
2022-02-22 14:00:00+00:00,10501.52444638399
2022-02-22 15:00:00+00:00,10503.98832638399
2022-02-22 16:00:00+00:00,10507.824343191194
2022-02-22 17:00:00+00:00,10514.012703191194
2022-02-22 18:00:00+00:00,10511.114623191195
2022-02-22 19:00:00+00:00,10514.263243191195
2022-02-22 20:00:00+00:00,10506.308853191194
2022-02-22 21:00:00+00:00,10513.304013191195
2022-02-22 22:00:00+00:00,10515.439113191194
2022-02-22 23:00:00+00:00,10513.711533191195
2022-02-23 00:00:00+00:00,10507.928544908325
2022-02-23 01:00:00+00:00,10506.02231330613
2022-02-23 02:00:00+00:00,10498.50231330613
2022-02-23 03:00:00+00:00,10495.377291306131
2022-02-23 04:00:00+00:00,10490.49302030613
2022-02-23 05:00:00+00:00,10484.540848306131
2022-02-23 06:00:00+00:00,10494.82210630613
2022-02-23 07:00:00+00:00,10481.52305530613
2022-02-23 08:00:00+00:00,10488.016630534805
2022-02-23 09:00:00+00:00,10499.600402534805
2022-02-23 10:00:00+00:00,10492.119432534804
2022-02-23 11:00:00+00:00,10501.929708534804
2022-02-23 12:00:00+00:00,10500.079021534804
2022-02-23 13:00:00+00:00,10497.711155534806
2022-02-23 14:00:00+00:00,10501.111855534806
2022-02-23 15:00:00+00:00,10506.524306534804
2022-02-23 16:00:00+00:00,10487.951289750456
2022-02-23 17:00:00+00:00,10484.755785750456
2022-02-23 18:00:00+00:00,10481.249770750455
2022-02-23 19:00:00+00:00,10483.499937750456
2022-02-23 20:00:00+00:00,10481.484036750455
2022-02-23 21:00:00+00:00,10486.593237750456
2022-02-23 22:00:00+00:00,10483.632609750455
2022-02-23 23:00:00+00:00,10502.158275750455
2022-02-24 00:00:00+00:00,10523.869127876109
2022-02-24 01:00:00+00:00,10515.56456189924
2022-02-24 02:00:00+00:00,10510.09979689924
2022-02-24 03:00:00+00:00,10500.09724889924
2022-02-24 04:00:00+00:00,10501.97475889924
2022-02-24 05:00:00+00:00,10526.72148989924
2022-02-24 06:00:00+00:00,10533.94265089924
2022-02-24 07:00:00+00:00,10537.20663889924
2022-02-24 08:00:00+00:00,10535.000526904072
2022-02-24 09:00:00+00:00,10547.651243904073
2022-02-24 10:00:00+00:00,10526.708353904072
2022-02-24 11:00:00+00:00,10522.091373904072
2022-02-24 12:00:00+00:00,10504.015849904072
2022-02-24 13:00:00+00:00,10491.750930904072
2022-02-24 14:00:00+00:00,10489.473180904071
2022-02-24 15:00:00+00:00,10471.466278904072
2022-02-24 16:00:00+00:00,10464.104804540133
2022-02-24 17:00:00+00:00,10476.275879540133
2022-02-24 18:00:00+00:00,10477.114759540133
2022-02-24 19:00:00+00:00,10490.127151540133
2022-02-24 20:00:00+00:00,10482.317932540132
2022-02-24 21:00:00+00:00,10485.049852540133
2022-02-24 22:00:00+00:00,10488.188242540133
2022-02-24 23:00:00+00:00,10488.871626540133
2022-02-25 00:00:00+00:00,10477.087175642868
2022-02-25 01:00:00+00:00,10486.607686184474
2022-02-25 02:00:00+00:00,10487.991983184475
2022-02-25 03:00:00+00:00,10499.110530184475
2022-02-25 04:00:00+00:00,10486.072432184474
2022-02-25 05:00:00+00:00,10491.438000184473
2022-02-25 06:00:00+00:00,10492.460085184473
2022-02-25 07:00:00+00:00,10489.227551184475
2022-02-25 08:00:00+00:00,10479.177019540326
2022-02-25 09:00:00+00:00,10467.933340540325
2022-02-25 10:00:00+00:00,10467.323129540326
2022-02-25 11:00:00+00:00,10467.009430540325
2022-02-25 12:00:00+00:00,10479.854558540324
2022-02-25 13:00:00+00:00,10467.682031540326
2022-02-25 14:00:00+00:00,10455.104212540326
2022-02-25 15:00:00+00:00,10450.433623540326
2022-02-25 16:00:00+00:00,10437.094422835013
2022-02-25 17:00:00+00:00,10433.745057835013
2022-02-25 18:00:00+00:00,10444.504467835013
2022-02-25 19:00:00+00:00,10448.483787835014
2022-02-25 20:00:00+00:00,10439.790497835013
2022-02-25 21:00:00+00:00,10433.248389835013
2022-02-25 22:00:00+00:00,10446.203080835014
2022-02-25 23:00:00+00:00,10150.690821435015
2022-02-26 00:00:00+00:00,10155.653156281194
2022-02-26 01:00:00+00:00,10163.008628201915
2022-02-26 02:00:00+00:00,10160.635738201916
2022-02-26 03:00:00+00:00,10153.898518201915
2022-02-26 04:00:00+00:00,10149.451320201915
2022-02-26 05:00:00+00:00,10155.384908201915
2022-02-26 06:00:00+00:00,10153.223374201916
2022-02-26 07:00:00+00:00,10143.822702201916
2022-02-26 08:00:00+00:00,10159.8604648143
2022-02-26 09:00:00+00:00,10145.2107928143
2022-02-26 10:00:00+00:00,10137.5553128143
2022-02-26 11:00:00+00:00,10142.5846548143
2022-02-26 12:00:00+00:00,10135.8421928143
2022-02-26 13:00:00+00:00,10128.546948814299
2022-02-26 14:00:00+00:00,10133.8985688143
2022-02-26 15:00:00+00:00,10133.2257268143
2022-02-26 16:00:00+00:00,10136.906596158458
2022-02-26 17:00:00+00:00,10134.391094158458
2022-02-26 18:00:00+00:00,10141.145790158458
2022-02-26 19:00:00+00:00,10151.178782158458
2022-02-26 20:00:00+00:00,10148.181748158459
2022-02-26 21:00:00+00:00,10146.62262015846
2022-02-26 22:00:00+00:00,10142.471256158458
2022-02-26 23:00:00+00:00,10146.184940158459
2022-02-27 00:00:00+00:00,10153.583759765273
2022-02-27 01:00:00+00:00,10144.693534676668
2022-02-27 02:00:00+00:00,10137.483962676668
2022-02-27 03:00:00+00:00,10139.643492676667
2022-02-27 04:00:00+00:00,10138.286794676667
2022-02-27 05:00:00+00:00,10136.106052676667
2022-02-27 06:00:00+00:00,10128.080944676667
2022-02-27 07:00:00+00:00,10124.385854676668
2022-02-27 08:00:00+00:00,10132.161139788379
2022-02-27 09:00:00+00:00,10136.97054578838
2022-02-27 10:00:00+00:00,10128.184791788379
2022-02-27 11:00:00+00:00,10122.058733788379
2022-02-27 12:00:00+00:00,10131.21622578838
2022-02-27 13:00:00+00:00,10124.56631578838
2022-02-27 14:00:00+00:00,10118.73774578838
2022-02-27 15:00:00+00:00,10112.28711978838
2022-02-27 16:00:00+00:00,10122.731650101527
2022-02-27 17:00:00+00:00,10130.641152101525
2022-02-27 18:00:00+00:00,10133.358184101526
2022-02-27 19:00:00+00:00,10119.507934101526
2022-02-27 20:00:00+00:00,10120.916372101527
2022-02-27 21:00:00+00:00,10128.750738101526
2022-02-27 22:00:00+00:00,10131.074102101526
2022-02-27 23:00:00+00:00,10141.717018101526
2022-02-28 00:00:00+00:00,10142.891803901977
2022-02-28 01:00:00+00:00,10124.25922737598
2022-02-28 02:00:00+00:00,10128.42115537598
2022-02-28 03:00:00+00:00,10111.63834937598
2022-02-28 04:00:00+00:00,10119.036019375979
2022-02-28 05:00:00+00:00,10118.657865375979
2022-02-28 06:00:00+00:00,10111.80457537598
2022-02-28 07:00:00+00:00,10112.66955937598
2022-02-28 08:00:00+00:00,10100.868661099985
2022-02-28 09:00:00+00:00,10103.508677099984
2022-02-28 10:00:00+00:00,10102.404285099985
2022-02-28 11:00:00+00:00,10095.439265099985
2022-02-28 12:00:00+00:00,10091.993321099984
2022-02-28 13:00:00+00:00,10101.898967099985
2022-02-28 14:00:00+00:00,10099.640949099985
2022-02-28 15:00:00+00:00,10109.952345099984
2022-02-28 16:00:00+00:00,10101.934980597634
2022-02-28 17:00:00+00:00,10110.429936597635
2022-02-28 18:00:00+00:00,10109.531442597634
2022-02-28 19:00:00+00:00,10111.230864597634
2022-02-28 20:00:00+00:00,10116.354074597635
2022-02-28 21:00:00+00:00,10114.102856597634
2022-02-28 22:00:00+00:00,10110.562838597634
2022-02-28 23:00:00+00:00,10120.377612597635
2022-03-01 00:00:00+00:00,10156.141778061943
2022-03-01 01:00:00+00:00,10174.586950697407
2022-03-01 02:00:00+00:00,10178.726766697406
2022-03-01 03:00:00+00:00,10176.515122697407
2022-03-01 04:00:00+00:00,10169.557880697406
2022-03-01 05:00:00+00:00,10180.697648697405
2022-03-01 06:00:00+00:00,10172.561738697406
2022-03-01 07:00:00+00:00,10170.564940697406
2022-03-01 08:00:00+00:00,10157.444235236331
2022-03-01 09:00:00+00:00,10171.07456723633
2022-03-01 10:00:00+00:00,10185.258803236331
2022-03-01 11:00:00+00:00,10181.64250523633
2022-03-01 12:00:00+00:00,10191.432919236331
2022-03-01 13:00:00+00:00,10201.719639236331
2022-03-01 14:00:00+00:00,10188.638435236331
2022-03-01 15:00:00+00:00,10169.05832923633
2022-03-01 16:00:00+00:00,10172.694526706335
2022-03-01 17:00:00+00:00,10176.277374706335
2022-03-01 18:00:00+00:00,10182.189442706334
2022-03-01 19:00:00+00:00,10176.270198706334
2022-03-01 20:00:00+00:00,10186.732660706335
2022-03-01 21:00:00+00:00,10182.244118706334
2022-03-01 22:00:00+00:00,10200.555352706335
2022-03-01 23:00:00+00:00,10198.793910706334
2022-03-02 00:00:00+00:00,10191.98679327843
2022-03-02 01:00:00+00:00,10200.357975582345
2022-03-02 02:00:00+00:00,10206.724609582345
2022-03-02 03:00:00+00:00,10204.620946582345
2022-03-02 04:00:00+00:00,10215.179938582345
2022-03-02 05:00:00+00:00,10206.644554582344
2022-03-02 06:00:00+00:00,10209.760726582344
2022-03-02 07:00:00+00:00,10208.700556582346
2022-03-02 08:00:00+00:00,10209.799242866133
2022-03-02 09:00:00+00:00,10204.050358866134
2022-03-02 10:00:00+00:00,10202.634376866134
2022-03-02 11:00:00+00:00,10207.242059866134
2022-03-02 12:00:00+00:00,10212.642274866133
2022-03-02 13:00:00+00:00,10233.338180866132
2022-03-02 14:00:00+00:00,10238.186326866133
2022-03-02 15:00:00+00:00,10260.613417866134
2022-03-02 16:00:00+00:00,10246.722791178174
2022-03-02 17:00:00+00:00,10260.308271178174
2022-03-02 18:00:00+00:00,10266.001993178175
2022-03-02 19:00:00+00:00,10261.172287178175
2022-03-02 20:00:00+00:00,10258.444415178174
2022-03-02 21:00:00+00:00,10258.823969178175
2022-03-02 22:00:00+00:00,10252.798979178175
2022-03-02 23:00:00+00:00,10266.165797178175
2022-03-03 00:00:00+00:00,10263.970060200683
2022-03-03 01:00:00+00:00,10256.065481833879
2022-03-03 02:00:00+00:00,10268.55926183388
2022-03-03 03:00:00+00:00,10269.74857183388
2022-03-03 04:00:00+00:00,10274.092871833878
2022-03-03 05:00:00+00:00,10270.71249183388
2022-03-03 06:00:00+00:00,10264.531361833879
2022-03-03 07:00:00+00:00,10265.379131833879
2022-03-03 08:00:00+00:00,10271.233073606316
2022-03-03 09:00:00+00:00,10273.021073606316
2022-03-03 10:00:00+00:00,10271.696533606317
2022-03-03 11:00:00+00:00,10271.038213606316
2022-03-03 12:00:00+00:00,10267.485683606317
2022-03-03 13:00:00+00:00,10272.178223606317
2022-03-03 14:00:00+00:00,10292.673003606316
2022-03-03 15:00:00+00:00,10323.556903606317
2022-03-03 16:00:00+00:00,10323.513804082168
2022-03-03 17:00:00+00:00,10325.764034082169
2022-03-03 18:00:00+00:00,10331.386504082167
2022-03-03 19:00:00+00:00,10338.847744082168
2022-03-03 20:00:00+00:00,10331.272074082168
2022-03-03 21:00:00+00:00,10330.377264082168
2022-03-03 22:00:00+00:00,10320.651244082168
2022-03-03 23:00:00+00:00,10322.390584082168
2022-03-04 00:00:00+00:00,10328.711277042223
2022-03-04 01:00:00+00:00,10316.26573974898
2022-03-04 02:00:00+00:00,10322.54955574898
2022-03-04 03:00:00+00:00,10328.451758748979
2022-03-04 04:00:00+00:00,10326.61454074898
2022-03-04 05:00:00+00:00,10327.43453574898
2022-03-04 06:00:00+00:00,10319.94081674898
2022-03-04 07:00:00+00:00,10323.44199974898
2022-03-04 08:00:00+00:00,10322.316848394368
2022-03-04 09:00:00+00:00,10341.332386394368
2022-03-04 10:00:00+00:00,10357.549515394367
2022-03-04 11:00:00+00:00,10352.020994394368
2022-03-04 12:00:00+00:00,10363.160573394367
2022-03-04 13:00:00+00:00,10367.418019394367
2022-03-04 14:00:00+00:00,10382.663757394368
2022-03-04 15:00:00+00:00,10397.370708394368
2022-03-04 16:00:00+00:00,10402.347379838357
2022-03-04 17:00:00+00:00,10398.374518838356
2022-03-04 18:00:00+00:00,10398.176441838357
2022-03-04 19:00:00+00:00,10399.048825838358
2022-03-04 20:00:00+00:00,10403.614390838356
2022-03-04 21:00:00+00:00,10394.046042838358
2022-03-04 22:00:00+00:00,10395.018963838358
2022-03-04 23:00:00+00:00,10382.519338838358
2022-03-05 00:00:00+00:00,10364.550314931947
2022-03-05 01:00:00+00:00,10355.67610532627
2022-03-05 02:00:00+00:00,10351.93995632627
2022-03-05 03:00:00+00:00,10352.52838732627
2022-03-05 04:00:00+00:00,10348.24473332627
2022-03-05 05:00:00+00:00,10347.27384232627
2022-03-05 06:00:00+00:00,10349.781490326272
2022-03-05 07:00:00+00:00,10359.16998532627
2022-03-05 08:00:00+00:00,10362.718296213843
2022-03-05 09:00:00+00:00,10370.754261213842
2022-03-05 10:00:00+00:00,10366.879864213843
2022-03-05 11:00:00+00:00,10367.322485213843
2022-03-05 12:00:00+00:00,10363.067195213842
2022-03-05 13:00:00+00:00,10375.125955213844
2022-03-05 14:00:00+00:00,10376.018113213842
2022-03-05 15:00:00+00:00,10374.211794213843
2022-03-05 16:00:00+00:00,10373.519790505878
2022-03-05 17:00:00+00:00,10373.646580505878
2022-03-05 18:00:00+00:00,10382.637135505878
2022-03-05 19:00:00+00:00,10378.512311505878
2022-03-05 20:00:00+00:00,10379.662732505878
2022-03-05 21:00:00+00:00,10380.486967505878
2022-03-05 22:00:00+00:00,10384.056152505877
2022-03-05 23:00:00+00:00,10380.750932505878
2022-03-06 00:00:00+00:00,10392.08802523514
2022-03-06 01:00:00+00:00,10392.67467039932
2022-03-06 02:00:00+00:00,10394.47231539932
2022-03-06 03:00:00+00:00,10394.52535239932
2022-03-06 04:00:00+00:00,10384.180939399319
2022-03-06 05:00:00+00:00,10381.90110539932
2022-03-06 06:00:00+00:00,10381.55115339932
2022-03-06 07:00:00+00:00,10382.02884039932
2022-03-06 08:00:00+00:00,10381.763068781536
2022-03-06 09:00:00+00:00,10392.771135781537
2022-03-06 10:00:00+00:00,10383.944005781537
2022-03-06 11:00:00+00:00,10371.131238781538
2022-03-06 12:00:00+00:00,10378.068704781537
2022-03-06 13:00:00+00:00,10373.745275781537
2022-03-06 14:00:00+00:00,10376.556471781538
2022-03-06 15:00:00+00:00,10378.681988781536
2022-03-06 16:00:00+00:00,10368.989706463177
2022-03-06 17:00:00+00:00,10352.924204463177
2022-03-06 18:00:00+00:00,10353.330160463178
2022-03-06 19:00:00+00:00,10359.929108463177
2022-03-06 20:00:00+00:00,10358.449280463177
2022-03-06 21:00:00+00:00,10356.591670463178
2022-03-06 22:00:00+00:00,10369.743663463178
2022-03-06 23:00:00+00:00,10379.503534463178
2022-03-07 00:00:00+00:00,10371.70955144512
2022-03-07 01:00:00+00:00,10361.178954095069
2022-03-07 02:00:00+00:00,10342.908849095069
2022-03-07 03:00:00+00:00,10345.122670095068
2022-03-07 04:00:00+00:00,10345.392965095069
2022-03-07 05:00:00+00:00,10353.340931095068
2022-03-07 06:00:00+00:00,10351.735838095068
2022-03-07 07:00:00+00:00,10347.06404209507
2022-03-07 08:00:00+00:00,10346.812132338702
2022-03-07 09:00:00+00:00,10346.464521338701
2022-03-07 10:00:00+00:00,10346.942014338701
2022-03-07 11:00:00+00:00,10347.944122338702
2022-03-07 12:00:00+00:00,10323.193365338702
2022-03-07 13:00:00+00:00,10319.649809338702
2022-03-07 14:00:00+00:00,10318.966616338701
2022-03-07 15:00:00+00:00,10315.900276338702
2022-03-07 16:00:00+00:00,10310.590393045119
2022-03-07 17:00:00+00:00,10309.48005004512
2022-03-07 18:00:00+00:00,10319.088905045119
2022-03-07 19:00:00+00:00,10313.414516045119
2022-03-07 20:00:00+00:00,10336.300729045119
2022-03-07 21:00:00+00:00,10339.02450804512
2022-03-07 22:00:00+00:00,10335.72667804512
2022-03-07 23:00:00+00:00,10325.56889304512
2022-03-08 00:00:00+00:00,10296.727664342257
2022-03-08 01:00:00+00:00,10283.817211979118
2022-03-08 02:00:00+00:00,10260.658487979119
2022-03-08 03:00:00+00:00,10245.601607979119
2022-03-08 04:00:00+00:00,10243.22783397912
2022-03-08 05:00:00+00:00,10236.64578797912
2022-03-08 06:00:00+00:00,10246.12508397912
2022-03-08 07:00:00+00:00,10239.785661979118
2022-03-08 08:00:00+00:00,10232.071677222855
2022-03-08 09:00:00+00:00,10230.162987222855
2022-03-08 10:00:00+00:00,10219.134707222855
2022-03-08 11:00:00+00:00,10221.773532580668
2022-03-08 12:00:00+00:00,10230.14631758067
2022-03-08 13:00:00+00:00,10234.54946258067
2022-03-08 14:00:00+00:00,10239.46514758067
2022-03-08 15:00:00+00:00,10242.21348258067
2022-03-08 16:00:00+00:00,10241.28497143986
2022-03-08 17:00:00+00:00,10237.54158643986
2022-03-08 18:00:00+00:00,10239.787956439859
2022-03-08 19:00:00+00:00,10238.11419643986
2022-03-08 20:00:00+00:00,10239.74366143986
2022-03-08 21:00:00+00:00,10240.37295643986
2022-03-08 22:00:00+00:00,10244.200616439859
2022-03-08 23:00:00+00:00,10242.73170643986
2022-03-09 00:00:00+00:00,10237.817364699033
2022-03-09 01:00:00+00:00,10233.003470621765
2022-03-09 02:00:00+00:00,10232.732830621766
2022-03-09 03:00:00+00:00,10245.200468621766
2022-03-09 04:00:00+00:00,10240.069554621765
2022-03-09 05:00:00+00:00,10232.629087621764
2022-03-09 06:00:00+00:00,10229.168416621766
2022-03-09 07:00:00+00:00,10238.694218621766
2022-03-09 08:00:00+00:00,10238.104117671157
2022-03-09 09:00:00+00:00,10239.610421671157
2022-03-09 10:00:00+00:00,10239.544690671157
2022-03-09 11:00:00+00:00,10204.031687671157
2022-03-09 12:00:00+00:00,10200.333182671156
2022-03-09 13:00:00+00:00,10201.269913671158
2022-03-09 14:00:00+00:00,10209.269208671158
2022-03-09 15:00:00+00:00,10202.540006671157
2022-03-09 16:00:00+00:00,10189.894246230797
2022-03-09 17:00:00+00:00,10225.576830230797
2022-03-09 18:00:00+00:00,10238.674054230796
2022-03-09 19:00:00+00:00,10237.249475230798
2022-03-09 20:00:00+00:00,10237.657724230798
2022-03-09 21:00:00+00:00,10249.817880230798
2022-03-09 22:00:00+00:00,10249.085088230797
2022-03-09 23:00:00+00:00,10242.449523230796
2022-03-10 00:00:00+00:00,10261.058097125879
2022-03-10 01:00:00+00:00,10250.78649841537
2022-03-10 02:00:00+00:00,10253.83784641537
2022-03-10 03:00:00+00:00,10250.85130541537
2022-03-10 04:00:00+00:00,10252.75936841537
2022-03-10 05:00:00+00:00,10263.35838841537
2022-03-10 06:00:00+00:00,10258.39966141537
2022-03-10 07:00:00+00:00,10253.73804441537
2022-03-10 08:00:00+00:00,10247.987940352099
2022-03-10 09:00:00+00:00,10240.988445352099
2022-03-10 10:00:00+00:00,10243.9344353521
2022-03-10 11:00:00+00:00,10232.0449843521
2022-03-10 12:00:00+00:00,10237.0562553521
2022-03-10 13:00:00+00:00,10239.9829333521
2022-03-10 14:00:00+00:00,10238.401465352099
2022-03-10 15:00:00+00:00,10217.6513913521
2022-03-10 16:00:00+00:00,10229.05632637009
2022-03-10 17:00:00+00:00,10240.00182537009
2022-03-10 18:00:00+00:00,10255.781800370089
2022-03-10 19:00:00+00:00,10246.90663137009
2022-03-10 20:00:00+00:00,10246.25673137009
2022-03-10 21:00:00+00:00,10251.908362370088
2022-03-10 22:00:00+00:00,10254.947237370088
2022-03-10 23:00:00+00:00,10248.876612370088
2022-03-11 00:00:00+00:00,10254.769962985614
2022-03-11 01:00:00+00:00,10264.884367350704
2022-03-11 02:00:00+00:00,10264.465801350703
2022-03-11 03:00:00+00:00,10255.749950350704
2022-03-11 04:00:00+00:00,10269.150433350704
2022-03-11 05:00:00+00:00,10269.485522350704
2022-03-11 06:00:00+00:00,10258.730190350703
2022-03-11 07:00:00+00:00,10256.530155350703
2022-03-11 08:00:00+00:00,10256.221632199044
2022-03-11 09:00:00+00:00,10260.587154199044
2022-03-11 10:00:00+00:00,10256.935764199045
2022-03-11 11:00:00+00:00,10262.783336199043
2022-03-11 12:00:00+00:00,10270.322366199043
2022-03-11 13:00:00+00:00,10278.252840199044
2022-03-11 14:00:00+00:00,10283.869199199044
2022-03-11 15:00:00+00:00,10285.060252199044
2022-03-11 16:00:00+00:00,10284.505410369473
2022-03-11 17:00:00+00:00,10282.838816369473
2022-03-11 18:00:00+00:00,10283.771492369473
2022-03-11 19:00:00+00:00,10289.109980369472
2022-03-11 20:00:00+00:00,10305.481948369472
2022-03-11 21:00:00+00:00,10316.111178369472
2022-03-11 22:00:00+00:00,10313.450232369472
2022-03-11 23:00:00+00:00,10328.909559369473
2022-03-12 00:00:00+00:00,10315.209531637485
2022-03-12 01:00:00+00:00,10312.75285658531
2022-03-12 02:00:00+00:00,10312.35866658531
2022-03-12 03:00:00+00:00,10312.04452658531
2022-03-12 04:00:00+00:00,10314.780896585311
2022-03-12 05:00:00+00:00,10314.85054658531
2022-03-12 06:00:00+00:00,10312.79153658531
2022-03-12 07:00:00+00:00,10310.62737658531
2022-03-12 08:00:00+00:00,10310.156447824646
2022-03-12 09:00:00+00:00,10311.421457824645
2022-03-12 10:00:00+00:00,10311.020417824646
2022-03-12 11:00:00+00:00,10311.828027824646
2022-03-12 12:00:00+00:00,10317.123147824645
2022-03-12 13:00:00+00:00,10323.021897824645
2022-03-12 14:00:00+00:00,10318.414817824645
2022-03-12 15:00:00+00:00,10322.534887824646
2022-03-12 16:00:00+00:00,10328.95001902144
2022-03-12 17:00:00+00:00,10332.55321902144
2022-03-12 18:00:00+00:00,10332.27858902144
2022-03-12 19:00:00+00:00,10338.62716902144
2022-03-12 20:00:00+00:00,10342.431549021441
2022-03-12 21:00:00+00:00,10338.97255902144
2022-03-12 22:00:00+00:00,10341.496359021441
2022-03-12 23:00:00+00:00,10344.69976902144
2022-03-13 00:00:00+00:00,10338.808461100261
2022-03-13 01:00:00+00:00,10339.44616364405
2022-03-13 02:00:00+00:00,10341.12242464405
2022-03-13 03:00:00+00:00,10345.025598644052
2022-03-13 04:00:00+00:00,10343.74115364405
2022-03-13 05:00:00+00:00,10340.85346864405
2022-03-13 06:00:00+00:00,10342.75216764405
2022-03-13 07:00:00+00:00,10341.789277644051
2022-03-13 08:00:00+00:00,10343.214542705855
2022-03-13 09:00:00+00:00,10344.736619705855
2022-03-13 10:00:00+00:00,10350.007923705854
2022-03-13 11:00:00+00:00,10339.883620705854
2022-03-13 12:00:00+00:00,10333.914947705855
2022-03-13 13:00:00+00:00,10336.848097705853
2022-03-13 14:00:00+00:00,10335.091720705854
2022-03-13 15:00:00+00:00,10328.376979705854
2022-03-13 16:00:00+00:00,10329.346355261268
2022-03-13 17:00:00+00:00,10329.13808626127
2022-03-13 18:00:00+00:00,10335.93556726127
2022-03-13 19:00:00+00:00,10336.26486926127
2022-03-13 20:00:00+00:00,10335.84069026127
2022-03-13 21:00:00+00:00,10333.231743261269
2022-03-13 22:00:00+00:00,10335.033349261268
2022-03-13 23:00:00+00:00,10341.400769261269
2022-03-14 00:00:00+00:00,10354.00337103192
2022-03-14 01:00:00+00:00,10352.329572637518
2022-03-14 02:00:00+00:00,10354.460417637518
2022-03-14 03:00:00+00:00,10355.350180637517
2022-03-14 04:00:00+00:00,10349.198690637517
2022-03-14 05:00:00+00:00,10347.825196637517
2022-03-14 06:00:00+00:00,10343.175774637517
2022-03-14 07:00:00+00:00,10342.706241637517
2022-03-14 08:00:00+00:00,10344.177898471195
2022-03-14 09:00:00+00:00,10339.967843471195
2022-03-14 10:00:00+00:00,10338.430932471194
2022-03-14 11:00:00+00:00,10349.327004471195
2022-03-14 12:00:00+00:00,10343.681911471194
2022-03-14 13:00:00+00:00,10349.991464471195
2022-03-14 14:00:00+00:00,10353.565871471195
2022-03-14 15:00:00+00:00,10344.718489471195
2022-03-14 16:00:00+00:00,10337.423362391473
2022-03-14 17:00:00+00:00,10343.450598391473
2022-03-14 18:00:00+00:00,10347.098374391473
2022-03-14 19:00:00+00:00,10347.060868391472
2022-03-14 20:00:00+00:00,10349.123684391472
2022-03-14 21:00:00+00:00,10349.009935391474
2022-03-14 22:00:00+00:00,10341.899511391473
2022-03-14 23:00:00+00:00,10337.681059391472
2022-03-15 00:00:00+00:00,10333.575846732414
2022-03-15 01:00:00+00:00,10330.708597530425
2022-03-15 02:00:00+00:00,10329.186643530425
2022-03-15 03:00:00+00:00,10336.828663530425
2022-03-15 04:00:00+00:00,10338.505028530424
2022-03-15 05:00:00+00:00,10338.982114530425
2022-03-15 06:00:00+00:00,10342.912441530425
2022-03-15 07:00:00+00:00,10346.935696530425
2022-03-15 08:00:00+00:00,10346.753024024403
2022-03-15 09:00:00+00:00,10345.168787024402
2022-03-15 10:00:00+00:00,10342.537531024402
2022-03-15 11:00:00+00:00,10341.795741024403
2022-03-15 12:00:00+00:00,10339.739563024403
2022-03-15 13:00:00+00:00,10339.495056024403
2022-03-15 14:00:00+00:00,10337.593541024402
2022-03-15 15:00:00+00:00,10335.436320024402
2022-03-15 16:00:00+00:00,10335.144239681538
2022-03-15 17:00:00+00:00,10332.123347681538
2022-03-15 18:00:00+00:00,10335.522178681538
2022-03-15 19:00:00+00:00,10326.650185681538
2022-03-15 20:00:00+00:00,10322.965532681537
2022-03-15 21:00:00+00:00,10319.683556681537
2022-03-15 22:00:00+00:00,10318.367192681537
2022-03-15 23:00:00+00:00,10315.183819681537
2022-03-16 00:00:00+00:00,10314.23782435518
2022-03-16 01:00:00+00:00,10309.079314404178
2022-03-16 02:00:00+00:00,10309.458178404178
2022-03-16 03:00:00+00:00,10300.836488404178
2022-03-16 04:00:00+00:00,10299.360962404178
2022-03-16 05:00:00+00:00,10301.68227740418
2022-03-16 06:00:00+00:00,10301.00738340418
2022-03-16 07:00:00+00:00,10305.10954640418
2022-03-16 08:00:00+00:00,10308.270306556964
2022-03-16 09:00:00+00:00,10308.052773556963
2022-03-16 10:00:00+00:00,10308.705885556963
2022-03-16 11:00:00+00:00,10311.822628556964
2022-03-16 12:00:00+00:00,10315.326482556964
2022-03-16 13:00:00+00:00,10318.030948556963
2022-03-16 14:00:00+00:00,10322.835606556962
2022-03-16 15:00:00+00:00,10323.412939556963
2022-03-16 16:00:00+00:00,10323.543920280188
2022-03-16 17:00:00+00:00,10325.297550280187
2022-03-16 18:00:00+00:00,10316.110262280188
2022-03-16 19:00:00+00:00,10309.200488280188
2022-03-16 20:00:00+00:00,10307.065882280189
2022-03-16 21:00:00+00:00,10302.932121280188
2022-03-16 22:00:00+00:00,10306.567965280188
2022-03-16 23:00:00+00:00,10302.677436280188
2022-03-17 00:00:00+00:00,10303.99458682882
2022-03-17 01:00:00+00:00,10306.789166796363
2022-03-17 02:00:00+00:00,10319.186636796363
2022-03-17 03:00:00+00:00,10320.907076796364
2022-03-17 04:00:00+00:00,10325.476466796363
2022-03-17 05:00:00+00:00,10328.316296796364
2022-03-17 06:00:00+00:00,10329.011976796364
2022-03-17 07:00:00+00:00,10328.164116796364
2022-03-17 08:00:00+00:00,10327.211264383415
2022-03-17 09:00:00+00:00,10327.344014383416
2022-03-17 10:00:00+00:00,10326.903264383416
2022-03-17 11:00:00+00:00,10325.823614383415
2022-03-17 12:00:00+00:00,10328.551804383416
2022-03-17 13:00:00+00:00,10325.100694383416
2022-03-17 14:00:00+00:00,10330.684884383416
2022-03-17 15:00:00+00:00,10332.765054383415
2022-03-17 16:00:00+00:00,10330.536414480328
2022-03-17 17:00:00+00:00,10334.522474480329
2022-03-17 18:00:00+00:00,10333.81070448033
2022-03-17 19:00:00+00:00,10337.308874480328
2022-03-17 20:00:00+00:00,10338.973774480328
2022-03-17 21:00:00+00:00,10335.252354480328
2022-03-17 22:00:00+00:00,10332.724704480328
2022-03-17 23:00:00+00:00,10339.737924480329
2022-03-18 00:00:00+00:00,10333.085773497334
2022-03-18 01:00:00+00:00,10334.850317322886
2022-03-18 02:00:00+00:00,10336.139507322885
2022-03-18 03:00:00+00:00,10337.316657322885
2022-03-18 04:00:00+00:00,10336.475407322885
2022-03-18 05:00:00+00:00,10334.172737322884
2022-03-18 06:00:00+00:00,10329.968487322885
2022-03-18 07:00:00+00:00,10333.246557322886
2022-03-18 08:00:00+00:00,10333.358999333563
2022-03-18 09:00:00+00:00,10330.062919333563
2022-03-18 10:00:00+00:00,10329.252039333564
2022-03-18 11:00:00+00:00,10331.666249333563
2022-03-18 12:00:00+00:00,10333.565189333563
2022-03-18 13:00:00+00:00,10331.744409333563
2022-03-18 14:00:00+00:00,10333.851659333563
2022-03-18 15:00:00+00:00,10339.390869333563
2022-03-18 16:00:00+00:00,10342.872059086898
2022-03-18 17:00:00+00:00,10344.001099086898
2022-03-18 18:00:00+00:00,10342.958519086897
2022-03-18 19:00:00+00:00,10343.256019086897
2022-03-18 20:00:00+00:00,10337.647779086898
2022-03-18 21:00:00+00:00,10338.935459086897
2022-03-18 22:00:00+00:00,10340.618809086896
2022-03-18 23:00:00+00:00,10333.309809086897
2022-03-19 00:00:00+00:00,10333.499137494813
2022-03-19 01:00:00+00:00,10332.597087109067
2022-03-19 02:00:00+00:00,10331.950467109065
2022-03-19 03:00:00+00:00,10334.515357109067
2022-03-19 04:00:00+00:00,10333.197717109066
2022-03-19 05:00:00+00:00,10339.018397109066
2022-03-19 06:00:00+00:00,10338.092017109066
2022-03-19 07:00:00+00:00,10333.933177109066
2022-03-19 08:00:00+00:00,10333.00758574261
2022-03-19 09:00:00+00:00,10330.740575742611
2022-03-19 10:00:00+00:00,10343.884345742612
2022-03-19 11:00:00+00:00,10336.26234574261
2022-03-19 12:00:00+00:00,10334.346915742612
2022-03-19 13:00:00+00:00,10338.096575742611
2022-03-19 14:00:00+00:00,10344.222755742612
2022-03-19 15:00:00+00:00,10344.589365742611
2022-03-19 16:00:00+00:00,10342.203633201429
2022-03-19 17:00:00+00:00,10341.880773201428
2022-03-19 18:00:00+00:00,10340.531683201429
2022-03-19 19:00:00+00:00,10343.94666320143
2022-03-19 20:00:00+00:00,10339.284423201429
2022-03-19 21:00:00+00:00,10342.14506320143
2022-03-19 22:00:00+00:00,10344.41786320143
2022-03-19 23:00:00+00:00,10345.946343201429
2022-03-20 00:00:00+00:00,10343.633469517783
2022-03-20 01:00:00+00:00,10345.08613056578
2022-03-20 02:00:00+00:00,10349.36702056578
2022-03-20 03:00:00+00:00,10349.106690565779
2022-03-20 04:00:00+00:00,10348.433020565779
2022-03-20 05:00:00+00:00,10348.371020565779
2022-03-20 06:00:00+00:00,10349.34289056578
2022-03-20 07:00:00+00:00,10348.34821056578
2022-03-20 08:00:00+00:00,10349.08309059911
2022-03-20 09:00:00+00:00,10352.329100599109
2022-03-20 10:00:00+00:00,10350.540950599108
2022-03-20 11:00:00+00:00,10353.091700599109
2022-03-20 12:00:00+00:00,10354.24971059911
2022-03-20 13:00:00+00:00,10358.85571059911
2022-03-20 14:00:00+00:00,10358.97984059911
2022-03-20 15:00:00+00:00,10358.15609059911
2022-03-20 16:00:00+00:00,10354.63733407808
2022-03-20 17:00:00+00:00,10356.19645407808
2022-03-20 18:00:00+00:00,10357.16612407808
2022-03-20 19:00:00+00:00,10356.86266407808
2022-03-20 20:00:00+00:00,10354.87749407808
2022-03-20 21:00:00+00:00,10354.11044407808
2022-03-20 22:00:00+00:00,10351.802734078079
2022-03-20 23:00:00+00:00,10354.22995407808
2022-03-21 00:00:00+00:00,10356.229897251733
2022-03-21 01:00:00+00:00,10354.686569005726
2022-03-21 02:00:00+00:00,10353.284139005726
2022-03-21 03:00:00+00:00,10355.009369005726
2022-03-21 04:00:00+00:00,10356.124089005727
2022-03-21 05:00:00+00:00,10355.103369005727
2022-03-21 06:00:00+00:00,10353.941259005727
2022-03-21 07:00:00+00:00,10349.332439005726
2022-03-21 08:00:00+00:00,10347.684803904956
2022-03-21 09:00:00+00:00,10349.422033904957
2022-03-21 10:00:00+00:00,10350.023473904956
2022-03-21 11:00:00+00:00,10349.371373904956
2022-03-21 12:00:00+00:00,10349.657853904957
2022-03-21 13:00:00+00:00,10350.613233904956
2022-03-21 14:00:00+00:00,10351.429233904955
2022-03-21 15:00:00+00:00,10351.587813904956
2022-03-21 16:00:00+00:00,10354.399623269575
2022-03-21 17:00:00+00:00,10354.044703269576
2022-03-21 18:00:00+00:00,10351.400553269576
2022-03-21 19:00:00+00:00,10355.225783269576
2022-03-21 20:00:00+00:00,10353.950063269576
2022-03-21 21:00:00+00:00,10353.756083269576
2022-03-21 22:00:00+00:00,10352.181873269576
2022-03-21 23:00:00+00:00,10351.700763269577
2022-03-22 00:00:00+00:00,10351.287737172544
2022-03-22 01:00:00+00:00,10349.891870714546
2022-03-22 02:00:00+00:00,10347.331200714545
2022-03-22 03:00:00+00:00,10353.164510714545
2022-03-22 04:00:00+00:00,10352.379800714545
2022-03-22 05:00:00+00:00,10349.408290714546
2022-03-22 06:00:00+00:00,10347.376690714545
2022-03-22 07:00:00+00:00,10346.795710714547
2022-03-22 08:00:00+00:00,10347.026604700626
2022-03-22 09:00:00+00:00,10347.717704700626
2022-03-22 10:00:00+00:00,10346.563204700626
2022-03-22 11:00:00+00:00,10342.182774700626
2022-03-22 12:00:00+00:00,10344.290804700626
2022-03-22 13:00:00+00:00,10343.529384700627
2022-03-22 14:00:00+00:00,10342.194074700627
2022-03-22 15:00:00+00:00,10342.777694700626
2022-03-22 16:00:00+00:00,10344.552130351132
2022-03-22 17:00:00+00:00,10344.045020351132
2022-03-22 18:00:00+00:00,10344.365860351132
2022-03-22 19:00:00+00:00,10347.16179035113
2022-03-22 20:00:00+00:00,10347.462520351131
2022-03-22 21:00:00+00:00,10346.054380351132
2022-03-22 22:00:00+00:00,10350.382020351131
2022-03-22 23:00:00+00:00,10349.227690351132
2022-03-23 00:00:00+00:00,10352.465294107993
2022-03-23 01:00:00+00:00,10347.84472050231
2022-03-23 02:00:00+00:00,10349.056580502309
2022-03-23 03:00:00+00:00,10348.77246050231
2022-03-23 04:00:00+00:00,10347.22119050231
2022-03-23 05:00:00+00:00,10348.69489050231
2022-03-23 06:00:00+00:00,10347.75379050231
2022-03-23 07:00:00+00:00,10344.84320050231
2022-03-23 08:00:00+00:00,10346.70689899776
2022-03-23 09:00:00+00:00,10345.40419899776
2022-03-23 10:00:00+00:00,10344.77328899776
2022-03-23 11:00:00+00:00,10341.26843899776
2022-03-23 12:00:00+00:00,10348.76388899776
2022-03-23 13:00:00+00:00,10348.91125899776
2022-03-23 14:00:00+00:00,10356.12853899776
2022-03-23 15:00:00+00:00,10357.04496899776
2022-03-23 16:00:00+00:00,10351.98136557056
2022-03-23 17:00:00+00:00,10348.75088557056
2022-03-23 18:00:00+00:00,10349.68405557056
2022-03-23 19:00:00+00:00,10350.28153557056
2022-03-23 20:00:00+00:00,10352.877275570561
2022-03-23 21:00:00+00:00,10352.945475570561
2022-03-23 22:00:00+00:00,10353.76507557056
2022-03-23 23:00:00+00:00,10360.10327557056
2022-03-24 00:00:00+00:00,10355.841381050415
2022-03-24 01:00:00+00:00,10353.395313100415
2022-03-24 02:00:00+00:00,10353.645023100415
2022-03-24 03:00:00+00:00,10352.410283100415
2022-03-24 04:00:00+00:00,10352.919753100416
2022-03-24 05:00:00+00:00,10355.809223100416
2022-03-24 06:00:00+00:00,10357.004043100414
2022-03-24 07:00:00+00:00,10354.749973100415
2022-03-24 08:00:00+00:00,10354.89259322862
2022-03-24 09:00:00+00:00,10353.729383228621
2022-03-24 10:00:00+00:00,10354.882883228622
2022-03-24 11:00:00+00:00,10355.58662322862
2022-03-24 12:00:00+00:00,10355.02001322862
2022-03-24 13:00:00+00:00,10356.59599322862
2022-03-24 14:00:00+00:00,10359.97984322862
2022-03-24 15:00:00+00:00,10361.219433228622
2022-03-24 16:00:00+00:00,10361.157145334892
2022-03-24 17:00:00+00:00,10361.893695334891
2022-03-24 18:00:00+00:00,10366.156995334892
2022-03-24 19:00:00+00:00,10366.72041533489
2022-03-24 20:00:00+00:00,10364.368975334892
2022-03-24 21:00:00+00:00,10365.20139533489
2022-03-24 22:00:00+00:00,10364.573845334891
2022-03-24 23:00:00+00:00,10363.481015334892
2022-03-25 00:00:00+00:00,10360.13372168995
2022-03-25 01:00:00+00:00,10361.927388858274
2022-03-25 02:00:00+00:00,10360.851818858275
2022-03-25 03:00:00+00:00,10363.847248858274
2022-03-25 04:00:00+00:00,10363.549348858274
2022-03-25 05:00:00+00:00,10363.143558858274
2022-03-25 06:00:00+00:00,10365.008718858275
2022-03-25 07:00:00+00:00,10362.852978858275
2022-03-25 08:00:00+00:00,10364.042443103597
2022-03-25 09:00:00+00:00,10364.255173103598
2022-03-25 10:00:00+00:00,10364.436213103598
2022-03-25 11:00:00+00:00,10367.742013103598
2022-03-25 12:00:00+00:00,10366.512283103597
2022-03-25 13:00:00+00:00,10363.663943103598
2022-03-25 14:00:00+00:00,10363.246073103597
2022-03-25 15:00:00+00:00,10359.006873103597
2022-03-25 16:00:00+00:00,10353.605254982127
2022-03-25 17:00:00+00:00,10355.158714982126
2022-03-25 18:00:00+00:00,10358.542784982126
2022-03-25 19:00:00+00:00,10359.143164982126
2022-03-25 20:00:00+00:00,10359.288434982127
2022-03-25 21:00:00+00:00,10359.990704982127
2022-03-25 22:00:00+00:00,10358.842694982128
2022-03-25 23:00:00+00:00,10359.071364982126
2022-03-26 00:00:00+00:00,10357.871096858305
2022-03-26 01:00:00+00:00,10359.979767196304
2022-03-26 02:00:00+00:00,10359.959737196305
2022-03-26 03:00:00+00:00,10360.793237196305
2022-03-26 04:00:00+00:00,10360.628717196305
2022-03-26 05:00:00+00:00,10360.862187196304
2022-03-26 06:00:00+00:00,10361.905787196305
2022-03-26 07:00:00+00:00,10362.431497196305
2022-03-26 08:00:00+00:00,10362.737571475605
2022-03-26 09:00:00+00:00,10362.682521475606
2022-03-26 10:00:00+00:00,10361.032801475607
2022-03-26 11:00:00+00:00,10359.789841475605
2022-03-26 12:00:00+00:00,10360.701061475605
2022-03-26 13:00:00+00:00,10359.502831475605
2022-03-26 14:00:00+00:00,10359.299211475607
2022-03-26 15:00:00+00:00,10360.442891475606
2022-03-26 16:00:00+00:00,10362.287607378123
2022-03-26 17:00:00+00:00,10360.596537378122
2022-03-26 18:00:00+00:00,10359.299137378122
2022-03-26 19:00:00+00:00,10359.098317378122
2022-03-26 20:00:00+00:00,10361.914607378121
2022-03-26 21:00:00+00:00,10361.228507378122
2022-03-26 22:00:00+00:00,10359.521067378122
2022-03-26 23:00:00+00:00,10360.161107378122
2022-03-27 00:00:00+00:00,10359.358906896643
2022-03-27 01:00:00+00:00,10358.908301430642
2022-03-27 02:00:00+00:00,10359.935991430642
2022-03-27 03:00:00+00:00,10358.034891430641
2022-03-27 04:00:00+00:00,10357.607701430643
2022-03-27 05:00:00+00:00,10358.328661430642
2022-03-27 06:00:00+00:00,10358.380321430643
2022-03-27 07:00:00+00:00,10359.889751430643
2022-03-27 08:00:00+00:00,10358.348095891184
2022-03-27 09:00:00+00:00,10358.052075891184
2022-03-27 10:00:00+00:00,10357.634295891185
2022-03-27 11:00:00+00:00,10356.832915891184
2022-03-27 12:00:00+00:00,10355.433295891185
2022-03-27 13:00:00+00:00,10357.097395891185
2022-03-27 14:00:00+00:00,10357.133675891184
2022-03-27 15:00:00+00:00,10359.004775891184
2022-03-27 16:00:00+00:00,10359.258168633594
2022-03-27 17:00:00+00:00,10359.201758633595
2022-03-27 18:00:00+00:00,10359.147318633595
2022-03-27 19:00:00+00:00,10359.222278633595
2022-03-27 20:00:00+00:00,10363.926278633595
2022-03-27 21:00:00+00:00,10366.123348633595
2022-03-27 22:00:00+00:00,10366.685268633595
2022-03-27 23:00:00+00:00,10368.626318633595
2022-03-28 00:00:00+00:00,10368.647016855273
2022-03-28 01:00:00+00:00,10367.424108846179
2022-03-28 02:00:00+00:00,10366.968358846178
2022-03-28 03:00:00+00:00,10368.853468846179
2022-03-28 04:00:00+00:00,10369.18970884618
2022-03-28 05:00:00+00:00,10371.68099884618
2022-03-28 06:00:00+00:00,10368.414418846178
2022-03-28 07:00:00+00:00,10366.000828846178
2022-03-28 08:00:00+00:00,10361.573043776738
2022-03-28 09:00:00+00:00,10362.277583776737
2022-03-28 10:00:00+00:00,10363.796183776738
2022-03-28 11:00:00+00:00,10364.314903776738
2022-03-28 12:00:00+00:00,10364.859093776737
2022-03-28 13:00:00+00:00,10368.748893776738
2022-03-28 14:00:00+00:00,10365.263703776738
2022-03-28 15:00:00+00:00,10363.914573776738
2022-03-28 16:00:00+00:00,10362.586763424462
2022-03-28 17:00:00+00:00,10363.859043424462
2022-03-28 18:00:00+00:00,10368.259333424461
2022-03-28 19:00:00+00:00,10366.732563424463
2022-03-28 20:00:00+00:00,10367.955023424462
2022-03-28 21:00:00+00:00,10370.776243424461
2022-03-28 22:00:00+00:00,10370.958803424463
2022-03-28 23:00:00+00:00,10372.263683424462
2022-03-29 00:00:00+00:00,10374.589572679277
2022-03-29 01:00:00+00:00,10367.608751704794
2022-03-29 02:00:00+00:00,10371.990241704794
2022-03-29 03:00:00+00:00,10365.542551704795
2022-03-29 04:00:00+00:00,10362.544961704794
2022-03-29 05:00:00+00:00,10357.572521704795
2022-03-29 06:00:00+00:00,10358.716621704794
2022-03-29 07:00:00+00:00,10368.107791704795
2022-03-29 08:00:00+00:00,10363.929514874986
2022-03-29 09:00:00+00:00,10373.143954874986
2022-03-29 10:00:00+00:00,10364.786064874987
2022-03-29 11:00:00+00:00,10370.238814874985
2022-03-29 12:00:00+00:00,10363.960514874985
2022-03-29 13:00:00+00:00,10362.591874874986
2022-03-29 14:00:00+00:00,10356.300004874985
2022-03-29 15:00:00+00:00,10359.563174874986
2022-03-29 16:00:00+00:00,10367.705308277082
2022-03-29 17:00:00+00:00,10364.970208277082
2022-03-29 18:00:00+00:00,10365.255348277082
2022-03-29 19:00:00+00:00,10365.822298277082
2022-03-29 20:00:00+00:00,10367.368818277082
2022-03-29 21:00:00+00:00,10370.820008277082
2022-03-29 22:00:00+00:00,10366.602998277081
2022-03-29 23:00:00+00:00,10360.938868277082
2022-03-30 00:00:00+00:00,10358.285279366135
2022-03-30 01:00:00+00:00,10372.060642776998
2022-03-30 02:00:00+00:00,10351.471778776997
2022-03-30 03:00:00+00:00,10345.436772776997
2022-03-30 04:00:00+00:00,10355.578566776998
2022-03-30 05:00:00+00:00,10346.818848776998
2022-03-30 06:00:00+00:00,10316.601432776997
2022-03-30 07:00:00+00:00,10321.269552776997
2022-03-30 08:00:00+00:00,10318.411903920367
2022-03-30 09:00:00+00:00,10318.740783920366
2022-03-30 10:00:00+00:00,10309.403509920367
2022-03-30 11:00:00+00:00,10305.153049920365
2022-03-30 12:00:00+00:00,10328.572981920366
2022-03-30 13:00:00+00:00,10345.925739920365
2022-03-30 14:00:00+00:00,10340.947041920366
2022-03-30 15:00:00+00:00,10334.882605920366
2022-03-30 16:00:00+00:00,10326.591234957741
2022-03-30 17:00:00+00:00,10326.118610957741
2022-03-30 18:00:00+00:00,10331.739928423536
2022-03-30 19:00:00+00:00,10326.035238423536
2022-03-30 20:00:00+00:00,10330.707092423536
2022-03-30 21:00:00+00:00,10331.797184423536
2022-03-30 22:00:00+00:00,10337.531490423537
2022-03-30 23:00:00+00:00,10329.171950423535
2022-03-31 00:00:00+00:00,10328.32196018227
2022-03-31 01:00:00+00:00,10294.747282840028
2022-03-31 02:00:00+00:00,10276.182780840028
2022-03-31 03:00:00+00:00,10260.446703840029
2022-03-31 04:00:00+00:00,10273.328387840029
2022-03-31 05:00:00+00:00,10252.691810840028
2022-03-31 06:00:00+00:00,10258.160175840028
2022-03-31 07:00:00+00:00,10250.087358840028
2022-03-31 08:00:00+00:00,10242.90420354142
2022-03-31 09:00:00+00:00,10237.47064154142
2022-03-31 10:00:00+00:00,10253.76379554142
2022-03-31 11:00:00+00:00,10265.99688354142
2022-03-31 12:00:00+00:00,10269.89144454142
2022-03-31 13:00:00+00:00,10280.29116554142
2022-03-31 14:00:00+00:00,10308.709053766317
2022-03-31 15:00:00+00:00,10331.663315766318
2022-03-31 16:00:00+00:00,10375.328872491285
2022-03-31 17:00:00+00:00,10368.247706491285
2022-03-31 18:00:00+00:00,10366.614481491286
2022-03-31 19:00:00+00:00,10374.203256491286
2022-03-31 20:00:00+00:00,10369.198016491286
2022-03-31 21:00:00+00:00,10368.024589491286
2022-03-31 22:00:00+00:00,10373.331622491287
2022-03-31 23:00:00+00:00,10273.771083091284
2022-04-01 00:00:00+00:00,10239.48537067168
2022-04-01 01:00:00+00:00,10267.764910878372
2022-04-01 02:00:00+00:00,10299.349918878372
2022-04-01 03:00:00+00:00,10316.038786878371
2022-04-01 04:00:00+00:00,10293.94007187837
2022-04-01 05:00:00+00:00,10284.631956878371
2022-04-01 06:00:00+00:00,10251.816003878372
2022-04-01 07:00:00+00:00,10223.227169878372
2022-04-01 08:00:00+00:00,10226.769251356784
2022-04-01 09:00:00+00:00,10252.623053356783
2022-04-01 10:00:00+00:00,10223.887919356783
2022-04-01 11:00:00+00:00,10236.858864356784
2022-04-01 12:00:00+00:00,10232.812027356784
2022-04-01 13:00:00+00:00,10229.779188356782
2022-04-01 14:00:00+00:00,10204.135642356783
2022-04-01 15:00:00+00:00,10230.485862356783
2022-04-01 16:00:00+00:00,10227.506242320047
2022-04-01 17:00:00+00:00,10209.617111320047
2022-04-01 18:00:00+00:00,10214.182958320047
2022-04-01 19:00:00+00:00,10213.825410320047
2022-04-01 20:00:00+00:00,10220.162564320048
2022-04-01 21:00:00+00:00,10223.854938320048
2022-04-01 22:00:00+00:00,10229.958481320047
2022-04-01 23:00:00+00:00,10236.580647320046
2022-04-02 00:00:00+00:00,10209.883268086121
2022-04-02 01:00:00+00:00,10172.002598949452
2022-04-02 02:00:00+00:00,10141.381789949452
2022-04-02 03:00:00+00:00,10157.857483980168
2022-04-02 04:00:00+00:00,10140.335846980168
2022-04-02 05:00:00+00:00,10138.977064980169
2022-04-02 06:00:00+00:00,10113.599132980167
2022-04-02 07:00:00+00:00,10109.93687344085
2022-04-02 08:00:00+00:00,10105.42748884926
2022-04-02 09:00:00+00:00,10099.89226884926
2022-04-02 10:00:00+00:00,10100.28003684926
2022-04-02 11:00:00+00:00,10107.70706884926
2022-04-02 12:00:00+00:00,10111.594648849261
2022-04-02 13:00:00+00:00,10105.98624284926
2022-04-02 14:00:00+00:00,10105.13236684926
2022-04-02 15:00:00+00:00,10120.58368484926
2022-04-02 16:00:00+00:00,10113.752599761727
2022-04-02 17:00:00+00:00,10112.403579761725
2022-04-02 18:00:00+00:00,10120.161691761727
2022-04-02 19:00:00+00:00,10114.785799761727
2022-04-02 20:00:00+00:00,10103.244153761725
2022-04-02 21:00:00+00:00,10104.207695761726
2022-04-02 22:00:00+00:00,10103.786755761726
2022-04-02 23:00:00+00:00,10119.500067761726
2022-04-03 00:00:00+00:00,10115.05532173599
2022-04-03 01:00:00+00:00,10117.453700582517
2022-04-03 02:00:00+00:00,10103.153216582516
2022-04-03 03:00:00+00:00,10099.708332582515
2022-04-03 04:00:00+00:00,10085.929984582515
2022-04-03 05:00:00+00:00,10069.479244582517
2022-04-03 06:00:00+00:00,10069.420326582516
2022-04-03 07:00:00+00:00,10051.125562582516
2022-04-03 08:00:00+00:00,10053.06814251791
2022-04-03 09:00:00+00:00,10040.37754051791
2022-04-03 10:00:00+00:00,10054.50695451791
2022-04-03 11:00:00+00:00,10048.03296451791
2022-04-03 12:00:00+00:00,10044.31285451791
2022-04-03 13:00:00+00:00,10047.56903451791
2022-04-03 14:00:00+00:00,10069.71263251791
2022-04-03 15:00:00+00:00,10043.29500651791
2022-04-03 16:00:00+00:00,10068.6944116226
2022-04-03 17:00:00+00:00,10083.3988256226
2022-04-03 18:00:00+00:00,10076.2581736226
2022-04-03 19:00:00+00:00,10076.8862736226
2022-04-03 20:00:00+00:00,10085.216851622601
2022-04-03 21:00:00+00:00,10075.993759622601
2022-04-03 22:00:00+00:00,10060.9658336226
2022-04-03 23:00:00+00:00,10054.1598076226
2022-04-04 00:00:00+00:00,10080.291710860023
2022-04-04 01:00:00+00:00,10045.456755990543
2022-04-04 02:00:00+00:00,10033.484143990543
2022-04-04 03:00:00+00:00,10033.819661990543
2022-04-04 04:00:00+00:00,10032.452359990542
2022-04-04 05:00:00+00:00,10028.090905990543
2022-04-04 06:00:00+00:00,10022.143737990544
2022-04-04 07:00:00+00:00,10005.089237990544
2022-04-04 08:00:00+00:00,9995.60498044864
2022-04-04 09:00:00+00:00,10006.08723044864
2022-04-04 10:00:00+00:00,10020.91715244864
2022-04-04 11:00:00+00:00,10007.296444448639
2022-04-04 12:00:00+00:00,10017.92697444864
2022-04-04 13:00:00+00:00,10015.20088244864
2022-04-04 14:00:00+00:00,10034.341552448639
2022-04-04 15:00:00+00:00,10054.35607244864
2022-04-04 16:00:00+00:00,10064.256975459391
2022-04-04 17:00:00+00:00,10075.631251459392
2022-04-04 18:00:00+00:00,10075.667821459392
2022-04-04 19:00:00+00:00,10069.94099145939
2022-04-04 20:00:00+00:00,10069.497727459391
2022-04-04 21:00:00+00:00,10032.339511459391
2022-04-04 22:00:00+00:00,10018.536947459392
2022-04-04 23:00:00+00:00,9996.39589545939
2022-04-05 00:00:00+00:00,9959.410979636956
2022-04-05 01:00:00+00:00,9973.626807744915
2022-04-05 02:00:00+00:00,9969.522591744915
2022-04-05 03:00:00+00:00,9966.894555744915
2022-04-05 04:00:00+00:00,9960.308720744915
2022-04-05 05:00:00+00:00,9947.130226744915
2022-04-05 06:00:00+00:00,9973.852537744915
2022-04-05 07:00:00+00:00,9977.438632744916
2022-04-05 08:00:00+00:00,9955.002583442283
2022-04-05 09:00:00+00:00,9963.432816442284
2022-04-05 10:00:00+00:00,9946.017895442283
2022-04-05 11:00:00+00:00,9961.879185442283
2022-04-05 12:00:00+00:00,9972.040613442283
2022-04-05 13:00:00+00:00,9953.939644442284
2022-04-05 14:00:00+00:00,9948.110012442283
2022-04-05 15:00:00+00:00,9947.237151442283
2022-04-05 16:00:00+00:00,9943.092580461895
2022-04-05 17:00:00+00:00,9951.824825461896
2022-04-05 18:00:00+00:00,9953.124994461896
2022-04-05 19:00:00+00:00,9960.602455461894
2022-04-05 20:00:00+00:00,9979.915596461895
2022-04-05 21:00:00+00:00,9972.378187461894
2022-04-05 22:00:00+00:00,9958.764063461895
2022-04-05 23:00:00+00:00,9978.237988461895
2022-04-06 00:00:00+00:00,10003.872149836721
2022-04-06 01:00:00+00:00,9973.832335625515
2022-04-06 02:00:00+00:00,9993.667928625515
2022-04-06 03:00:00+00:00,9981.414295625515
2022-04-06 04:00:00+00:00,9952.728536625515
2022-04-06 05:00:00+00:00,9951.701236625515
2022-04-06 06:00:00+00:00,9945.709905625516
2022-04-06 07:00:00+00:00,9926.542090625515
2022-04-06 08:00:00+00:00,9917.078640277841
2022-04-06 09:00:00+00:00,9894.900339277841
2022-04-06 10:00:00+00:00,9930.776649277843
2022-04-06 11:00:00+00:00,9941.773960277842
2022-04-06 12:00:00+00:00,9972.815463277842
2022-04-06 13:00:00+00:00,9996.854860277843
2022-04-06 14:00:00+00:00,9982.523414277843
2022-04-06 15:00:00+00:00,9974.429951277842
2022-04-06 16:00:00+00:00,9981.11028632848
2022-04-06 17:00:00+00:00,9969.645317328479
2022-04-06 18:00:00+00:00,9976.706923328478
2022-04-06 19:00:00+00:00,9968.706343328478
2022-04-06 20:00:00+00:00,9977.263229328479
2022-04-06 21:00:00+00:00,9995.24611332848
2022-04-06 22:00:00+00:00,10008.430084328478
2022-04-06 23:00:00+00:00,10002.36640232848
2022-04-07 00:00:00+00:00,10025.703277879325
2022-04-07 01:00:00+00:00,10011.230757879752
2022-04-07 02:00:00+00:00,9998.769367879751
2022-04-07 03:00:00+00:00,9982.861577879752
2022-04-07 04:00:00+00:00,9985.447737879753
2022-04-07 05:00:00+00:00,9993.300177879752
2022-04-07 06:00:00+00:00,9955.117757879752
2022-04-07 07:00:00+00:00,9968.050737879752
2022-04-07 08:00:00+00:00,9964.863910350268
2022-04-07 09:00:00+00:00,9984.253740350268
2022-04-07 10:00:00+00:00,9973.87733035027
2022-04-07 11:00:00+00:00,9966.97561035027
2022-04-07 12:00:00+00:00,10005.304330350269
2022-04-07 13:00:00+00:00,9972.28172035027
2022-04-07 14:00:00+00:00,9988.681150350269
2022-04-07 15:00:00+00:00,10007.661780350269
2022-04-07 16:00:00+00:00,10008.52546481401
2022-04-07 17:00:00+00:00,10004.155984814011
2022-04-07 18:00:00+00:00,10006.925044814012
2022-04-07 19:00:00+00:00,10020.26545481401
2022-04-07 20:00:00+00:00,10004.33595481401
2022-04-07 21:00:00+00:00,10002.267224814012
2022-04-07 22:00:00+00:00,9992.941334814011
2022-04-07 23:00:00+00:00,9981.141644814012
2022-04-08 00:00:00+00:00,9997.226257688668
2022-04-08 01:00:00+00:00,9987.488404596053
2022-04-08 02:00:00+00:00,9991.278572596053
2022-04-08 03:00:00+00:00,9991.281801596053
2022-04-08 04:00:00+00:00,9977.580184596054
2022-04-08 05:00:00+00:00,9981.624777596053
2022-04-08 06:00:00+00:00,9982.502725596054
2022-04-08 07:00:00+00:00,9996.806218596053
2022-04-08 08:00:00+00:00,9991.191666118757
2022-04-08 09:00:00+00:00,9987.660542118756
2022-04-08 10:00:00+00:00,9994.899196118757
2022-04-08 11:00:00+00:00,10008.743615118756
2022-04-08 12:00:00+00:00,9998.238444118757
2022-04-08 13:00:00+00:00,9989.512702118756
2022-04-08 14:00:00+00:00,9982.191708118757
2022-04-08 15:00:00+00:00,9965.154563118756
2022-04-08 16:00:00+00:00,9981.797741016737
2022-04-08 17:00:00+00:00,9996.135027016737
2022-04-08 18:00:00+00:00,9992.429714016736
2022-04-08 19:00:00+00:00,9993.313263016737
2022-04-08 20:00:00+00:00,9990.787459016736
2022-04-08 21:00:00+00:00,10014.479556016737
2022-04-08 22:00:00+00:00,10012.182220016735
2022-04-08 23:00:00+00:00,10011.605173016736
2022-04-09 00:00:00+00:00,10005.37534378673
2022-04-09 01:00:00+00:00,9999.742594543175
2022-04-09 02:00:00+00:00,10029.344439543176
2022-04-09 03:00:00+00:00,10034.510072543175
2022-04-09 04:00:00+00:00,10019.267703543175
2022-04-09 05:00:00+00:00,10016.998217543176
2022-04-09 06:00:00+00:00,10006.438836543175
2022-04-09 07:00:00+00:00,10004.236748543175
2022-04-09 08:00:00+00:00,10008.842626772663
2022-04-09 09:00:00+00:00,10004.989747772663
2022-04-09 10:00:00+00:00,10004.065425772662
2022-04-09 11:00:00+00:00,9997.234485772662
2022-04-09 12:00:00+00:00,9970.329128772662
2022-04-09 13:00:00+00:00,9980.869859772663
2022-04-09 14:00:00+00:00,9982.845991772663
2022-04-09 15:00:00+00:00,10004.280055772662
2022-04-09 16:00:00+00:00,9998.159958513013
2022-04-09 17:00:00+00:00,9983.587747513015
2022-04-09 18:00:00+00:00,9998.222029513014
2022-04-09 19:00:00+00:00,9989.414223513013
2022-04-09 20:00:00+00:00,9992.329390513014
2022-04-09 21:00:00+00:00,9978.621657513013
2022-04-09 22:00:00+00:00,9970.094512513015
2022-04-09 23:00:00+00:00,9965.877573513015
2022-04-10 00:00:00+00:00,9954.140350767828
2022-04-10 01:00:00+00:00,9954.861120459313
2022-04-10 02:00:00+00:00,9951.057588459313
2022-04-10 03:00:00+00:00,9957.207856459312
2022-04-10 04:00:00+00:00,9968.172532459312
2022-04-10 05:00:00+00:00,9983.027224459312
2022-04-10 06:00:00+00:00,9973.955104459312
2022-04-10 07:00:00+00:00,9965.540969459313
2022-04-10 08:00:00+00:00,9968.574167761011
2022-04-10 09:00:00+00:00,9979.169968761013
2022-04-10 10:00:00+00:00,9977.044454761011
2022-04-10 11:00:00+00:00,9976.444015761012
2022-04-10 12:00:00+00:00,9978.730935761012
2022-04-10 13:00:00+00:00,9976.133428761012
2022-04-10 14:00:00+00:00,9974.57673476101
2022-04-10 15:00:00+00:00,9956.602636761012
2022-04-10 16:00:00+00:00,9950.64605260773
2022-04-10 17:00:00+00:00,9949.655071607729
2022-04-10 18:00:00+00:00,9945.35103160773
2022-04-10 19:00:00+00:00,9928.16610560773
2022-04-10 20:00:00+00:00,9942.899928607729
2022-04-10 21:00:00+00:00,9954.155463607729
2022-04-10 22:00:00+00:00,9956.637682607728
2022-04-10 23:00:00+00:00,9978.704235607729
2022-04-11 00:00:00+00:00,9994.363903964582
2022-04-11 01:00:00+00:00,9995.428334948276
2022-04-11 02:00:00+00:00,9998.492306948277
2022-04-11 03:00:00+00:00,9995.842402948276
2022-04-11 04:00:00+00:00,9983.736429948276
2022-04-11 05:00:00+00:00,9985.835343948276
2022-04-11 06:00:00+00:00,9989.806919948276
2022-04-11 07:00:00+00:00,9994.651845948276
2022-04-11 08:00:00+00:00,9992.80921895152
2022-04-11 09:00:00+00:00,10017.65711995152
2022-04-11 10:00:00+00:00,9995.36880195152
2022-04-11 11:00:00+00:00,9993.90279995152
2022-04-11 12:00:00+00:00,9986.036306951519
2022-04-11 13:00:00+00:00,9978.78758295152
2022-04-11 14:00:00+00:00,9982.765846951519
2022-04-11 15:00:00+00:00,9989.64219695152
2022-04-11 16:00:00+00:00,9982.8931471242
2022-04-11 17:00:00+00:00,9981.2204031242
2022-04-11 18:00:00+00:00,9972.503907124199
2022-04-11 19:00:00+00:00,9970.854774124198
2022-04-11 20:00:00+00:00,9989.8080051242
2022-04-11 21:00:00+00:00,10001.901227124199
2022-04-11 22:00:00+00:00,10015.4604181242
2022-04-11 23:00:00+00:00,10009.2633871242
2022-04-12 00:00:00+00:00,10010.94127374809
2022-04-12 01:00:00+00:00,10003.328986278062
2022-04-12 02:00:00+00:00,10024.492242278062
2022-04-12 03:00:00+00:00,10016.910936278062
2022-04-12 04:00:00+00:00,10008.548164278061
2022-04-12 05:00:00+00:00,9973.794425278062
2022-04-12 06:00:00+00:00,9983.220600278062
2022-04-12 07:00:00+00:00,9988.593071278061
2022-04-12 08:00:00+00:00,9982.069454408731
2022-04-12 09:00:00+00:00,9980.244180408732
2022-04-12 10:00:00+00:00,9970.445772408732
2022-04-12 11:00:00+00:00,9975.018512408731
2022-04-12 12:00:00+00:00,9963.456678408731
2022-04-12 13:00:00+00:00,9987.507140408732
2022-04-12 14:00:00+00:00,10012.148257408731
2022-04-12 15:00:00+00:00,10000.212140408732
2022-04-12 16:00:00+00:00,9995.765361574791
2022-04-12 17:00:00+00:00,9994.50954457479
2022-04-12 18:00:00+00:00,10040.709362574791
2022-04-12 19:00:00+00:00,10049.906846574791
2022-04-12 20:00:00+00:00,10029.890114574791
2022-04-12 21:00:00+00:00,10009.25833557479
2022-04-12 22:00:00+00:00,10016.98417257479
2022-04-12 23:00:00+00:00,10000.03720057479
2022-04-13 00:00:00+00:00,10007.426387444822
2022-04-13 01:00:00+00:00,9987.50546082127
2022-04-13 02:00:00+00:00,10002.66476382127
2022-04-13 03:00:00+00:00,10000.23617682127
2022-04-13 04:00:00+00:00,9985.43510682127
2022-04-13 05:00:00+00:00,9984.06965382127
2022-04-13 06:00:00+00:00,9980.13442582127
2022-04-13 07:00:00+00:00,9966.69906382127
2022-04-13 08:00:00+00:00,9968.72565514538
2022-04-13 09:00:00+00:00,9981.69582014538
2022-04-13 10:00:00+00:00,9995.145894145378
2022-04-13 11:00:00+00:00,9978.65391914538
2022-04-13 12:00:00+00:00,9985.15531614538
2022-04-13 13:00:00+00:00,9980.379774145378
2022-04-13 14:00:00+00:00,9968.45882914538
2022-04-13 15:00:00+00:00,9983.49509014538
2022-04-13 16:00:00+00:00,9981.386763959177
2022-04-13 17:00:00+00:00,9985.257099959177
2022-04-13 18:00:00+00:00,10001.567874959177
2022-04-13 19:00:00+00:00,9977.038123959177
2022-04-13 20:00:00+00:00,9988.617458959177
2022-04-13 21:00:00+00:00,9983.515241959178
2022-04-13 22:00:00+00:00,9992.300034959177
2022-04-13 23:00:00+00:00,9983.326636959177
2022-04-14 00:00:00+00:00,9987.136173559426
2022-04-14 01:00:00+00:00,9958.37848810542
2022-04-14 02:00:00+00:00,9943.01390210542
2022-04-14 03:00:00+00:00,9935.83928710542
2022-04-14 04:00:00+00:00,9938.88730710542
2022-04-14 05:00:00+00:00,9926.506409105421
2022-04-14 06:00:00+00:00,9931.24378010542
2022-04-14 07:00:00+00:00,9933.96551410542
2022-04-14 08:00:00+00:00,9926.658737555408
2022-04-14 09:00:00+00:00,9918.138757695498
2022-04-14 10:00:00+00:00,9924.007351695498
2022-04-14 11:00:00+00:00,9922.298806695499
2022-04-14 12:00:00+00:00,9922.888047695498
2022-04-14 13:00:00+00:00,9934.1296576955
2022-04-14 14:00:00+00:00,9942.768448695499
2022-04-14 15:00:00+00:00,9969.356851695498
2022-04-14 16:00:00+00:00,9953.086903414558
2022-04-14 17:00:00+00:00,9948.96397541456
2022-04-14 18:00:00+00:00,9948.874910414559
2022-04-14 19:00:00+00:00,9944.713436414559
2022-04-14 20:00:00+00:00,9939.871114414558
2022-04-14 21:00:00+00:00,9946.39087441456
2022-04-14 22:00:00+00:00,9956.066078414558
2022-04-14 23:00:00+00:00,9949.57954641456
2022-04-15 00:00:00+00:00,9946.260695446133
2022-04-15 01:00:00+00:00,9951.368627952534
2022-04-15 02:00:00+00:00,9965.416095952532
2022-04-15 03:00:00+00:00,9980.486826952534
2022-04-15 04:00:00+00:00,9969.552571952534
2022-04-15 05:00:00+00:00,9971.192023952533
2022-04-15 06:00:00+00:00,9987.610161952533
2022-04-15 07:00:00+00:00,9977.658556952532
2022-04-15 08:00:00+00:00,9977.555696379548
2022-04-15 09:00:00+00:00,9980.398269379548
2022-04-15 10:00:00+00:00,9981.908129379548
2022-04-15 11:00:00+00:00,9981.016989379548
2022-04-15 12:00:00+00:00,9991.671474379547
2022-04-15 13:00:00+00:00,10004.789016379547
2022-04-15 14:00:00+00:00,10011.084738379548
2022-04-15 15:00:00+00:00,10020.263447379548
2022-04-15 16:00:00+00:00,10003.450250321488
2022-04-15 17:00:00+00:00,10016.444613321488
2022-04-15 18:00:00+00:00,10017.703076321488
2022-04-15 19:00:00+00:00,10011.840093321487
2022-04-15 20:00:00+00:00,10009.248044321488
2022-04-15 21:00:00+00:00,10008.825171321487
2022-04-15 22:00:00+00:00,10006.597409321488
2022-04-15 23:00:00+00:00,10018.306676321488
2022-04-16 00:00:00+00:00,10011.686692632673
2022-04-16 01:00:00+00:00,9997.613103612643
2022-04-16 02:00:00+00:00,9997.357442612643
2022-04-16 03:00:00+00:00,10004.957390612642
2022-04-16 04:00:00+00:00,10007.364174612643
2022-04-16 05:00:00+00:00,10008.576731612644
2022-04-16 06:00:00+00:00,10008.615972612643
2022-04-16 07:00:00+00:00,10002.939741612643
2022-04-16 08:00:00+00:00,10000.516383137381
2022-04-16 09:00:00+00:00,9998.825156137382
2022-04-16 10:00:00+00:00,9995.435478137382
2022-04-16 11:00:00+00:00,9998.203054137382
2022-04-16 12:00:00+00:00,10006.023371137382
2022-04-16 13:00:00+00:00,10001.197212137382
2022-04-16 14:00:00+00:00,10005.866598137382
2022-04-16 15:00:00+00:00,10022.050217137383
2022-04-16 16:00:00+00:00,10026.377065922268
2022-04-16 17:00:00+00:00,10022.259546922269
2022-04-16 18:00:00+00:00,10023.442152922269
2022-04-16 19:00:00+00:00,10022.864019922268
2022-04-16 20:00:00+00:00,10015.631008922268
2022-04-16 21:00:00+00:00,10007.951774922269
2022-04-16 22:00:00+00:00,10017.609075922268
2022-04-16 23:00:00+00:00,10006.42584092227
2022-04-17 00:00:00+00:00,9997.5460258623
2022-04-17 01:00:00+00:00,9990.091473143459
2022-04-17 02:00:00+00:00,9995.926766143459
2022-04-17 03:00:00+00:00,9986.02118914346
2022-04-17 04:00:00+00:00,9985.526137143459
2022-04-17 05:00:00+00:00,9983.92307114346
2022-04-17 06:00:00+00:00,9985.741367143459
2022-04-17 07:00:00+00:00,9978.202968143458
2022-04-17 08:00:00+00:00,9977.115678585978
2022-04-17 09:00:00+00:00,9967.86649458598
2022-04-17 10:00:00+00:00,9964.194486585979
2022-04-17 11:00:00+00:00,9977.815778585978
2022-04-17 12:00:00+00:00,9990.01745658598
2022-04-17 13:00:00+00:00,9992.450422585978
2022-04-17 14:00:00+00:00,9987.637488585979
2022-04-17 15:00:00+00:00,9979.350569585979
2022-04-17 16:00:00+00:00,9975.795055030861
2022-04-17 17:00:00+00:00,9999.281844030862
2022-04-17 18:00:00+00:00,9995.504048030862
2022-04-17 19:00:00+00:00,10011.694547030862
2022-04-17 20:00:00+00:00,10018.925654030862
2022-04-17 21:00:00+00:00,10017.429307030861
2022-04-17 22:00:00+00:00,10038.97912903086
2022-04-17 23:00:00+00:00,10076.973932030862
2022-04-18 00:00:00+00:00,10063.690716169549
2022-04-18 01:00:00+00:00,10045.306303205116
2022-04-18 02:00:00+00:00,10043.298126205116
2022-04-18 03:00:00+00:00,10045.445374205116
2022-04-18 04:00:00+00:00,10142.133697205116
2022-04-18 05:00:00+00:00,10128.613576205116
2022-04-18 06:00:00+00:00,10117.698523205116
2022-04-18 07:00:00+00:00,10133.501314205116
2022-04-18 08:00:00+00:00,10146.272755873899
2022-04-18 09:00:00+00:00,10125.529864873899
2022-04-18 10:00:00+00:00,10113.892227873897
2022-04-18 11:00:00+00:00,10097.046224873899
2022-04-18 12:00:00+00:00,10045.049406873897
2022-04-18 13:00:00+00:00,10037.941624873898
2022-04-18 14:00:00+00:00,10029.891532873899
2022-04-18 15:00:00+00:00,10024.976538873898
2022-04-18 16:00:00+00:00,10019.524065020503
2022-04-18 17:00:00+00:00,9991.802134020503
2022-04-18 18:00:00+00:00,9974.257893020504
2022-04-18 19:00:00+00:00,9975.435829085001
2022-04-18 20:00:00+00:00,9962.094371085
2022-04-18 21:00:00+00:00,9963.440155085002
2022-04-18 22:00:00+00:00,9970.927219085
2022-04-18 23:00:00+00:00,9967.105245085002
2022-04-19 00:00:00+00:00,9956.215800546357
2022-04-19 01:00:00+00:00,9953.863649852567
2022-04-19 02:00:00+00:00,9978.760883852567
2022-04-19 03:00:00+00:00,9971.148961852567
2022-04-19 04:00:00+00:00,9945.567481852566
2022-04-19 05:00:00+00:00,9938.957981852565
2022-04-19 06:00:00+00:00,9965.791689852565
2022-04-19 07:00:00+00:00,9966.836949852566
2022-04-19 08:00:00+00:00,9943.183334094632
2022-04-19 09:00:00+00:00,9949.854558094632
2022-04-19 10:00:00+00:00,9898.924934094632
2022-04-19 11:00:00+00:00,9905.811246094632
2022-04-19 12:00:00+00:00,9878.727814094633
2022-04-19 13:00:00+00:00,9879.235576094632
2022-04-19 14:00:00+00:00,9843.693986094633
2022-04-19 15:00:00+00:00,9837.857674226536
2022-04-19 16:00:00+00:00,9823.624679212027
2022-04-19 17:00:00+00:00,9830.499907212028
2022-04-19 18:00:00+00:00,9821.066239212028
2022-04-19 19:00:00+00:00,9820.886438212028
2022-04-19 20:00:00+00:00,9824.040693212028
2022-04-19 21:00:00+00:00,9809.821978212029
2022-04-19 22:00:00+00:00,9811.249341212028
2022-04-19 23:00:00+00:00,9799.213232212029
2022-04-20 00:00:00+00:00,9815.102197937522
2022-04-20 01:00:00+00:00,9801.079291928045
2022-04-20 02:00:00+00:00,9777.447028928043
2022-04-20 03:00:00+00:00,9780.780191928045
2022-04-20 04:00:00+00:00,9757.613241928044
2022-04-20 05:00:00+00:00,9736.231049928045
2022-04-20 06:00:00+00:00,9733.350576928044
2022-04-20 07:00:00+00:00,9727.814659928044
2022-04-20 08:00:00+00:00,9692.973556438928
2022-04-20 09:00:00+00:00,9689.07201618769
2022-04-20 10:00:00+00:00,9672.046366187691
2022-04-20 11:00:00+00:00,9676.79063218769
2022-04-20 12:00:00+00:00,9681.853300187691
2022-04-20 13:00:00+00:00,9694.29050218769
2022-04-20 14:00:00+00:00,9708.200548187691
2022-04-20 15:00:00+00:00,9720.821562187692
2022-04-20 16:00:00+00:00,9714.953509635672
2022-04-20 17:00:00+00:00,9711.053979635673
2022-04-20 18:00:00+00:00,9723.377871635672
2022-04-20 19:00:00+00:00,9726.218697635673
2022-04-20 20:00:00+00:00,9712.870099635673
2022-04-20 21:00:00+00:00,9701.366429635673
2022-04-20 22:00:00+00:00,9668.702927635673
2022-04-20 23:00:00+00:00,9653.133733635672
2022-04-21 00:00:00+00:00,9643.757545524384
2022-04-21 01:00:00+00:00,9602.131797503593
2022-04-21 02:00:00+00:00,9599.136525503593
2022-04-21 03:00:00+00:00,9599.677613503593
2022-04-21 04:00:00+00:00,9592.983843503593
2022-04-21 05:00:00+00:00,9638.132437503593
2022-04-21 06:00:00+00:00,9598.455425503593
2022-04-21 07:00:00+00:00,9568.376805503593
2022-04-21 08:00:00+00:00,9616.059564850686
2022-04-21 09:00:00+00:00,9653.532072850685
2022-04-21 10:00:00+00:00,9647.066436850686
2022-04-21 11:00:00+00:00,9649.223640850685
2022-04-21 12:00:00+00:00,9653.876974850686
2022-04-21 13:00:00+00:00,9645.572644850685
2022-04-21 14:00:00+00:00,9655.341974850686
2022-04-21 15:00:00+00:00,9648.213122850686
2022-04-21 16:00:00+00:00,9651.721757439915
2022-04-21 17:00:00+00:00,9617.727557439915
2022-04-21 18:00:00+00:00,9654.939145439916
2022-04-21 19:00:00+00:00,9687.479745439916
2022-04-21 20:00:00+00:00,9723.769303439914
2022-04-21 21:00:00+00:00,9718.599255439914
2022-04-21 22:00:00+00:00,9731.021455439915
2022-04-21 23:00:00+00:00,9731.398053439914
2022-04-22 00:00:00+00:00,9685.35731933529
2022-04-22 01:00:00+00:00,9679.460364995288
2022-04-22 02:00:00+00:00,9689.718384995287
2022-04-22 03:00:00+00:00,9690.300738995287
2022-04-22 04:00:00+00:00,9659.874440995287
2022-04-22 05:00:00+00:00,9640.406114995287
2022-04-22 06:00:00+00:00,9646.342896995287
2022-04-22 07:00:00+00:00,9656.137754995287
2022-04-22 08:00:00+00:00,9669.262536802298
2022-04-22 09:00:00+00:00,9669.738670802299
2022-04-22 10:00:00+00:00,9657.1145748023
2022-04-22 11:00:00+00:00,9633.609172802298
2022-04-22 12:00:00+00:00,9644.469790802299
2022-04-22 13:00:00+00:00,9683.695550802298
2022-04-22 14:00:00+00:00,9711.250132802299
2022-04-22 15:00:00+00:00,9702.260316802298
2022-04-22 16:00:00+00:00,9717.49719858174
2022-04-22 17:00:00+00:00,9713.62610858174
2022-04-22 18:00:00+00:00,9718.196384581739
2022-04-22 19:00:00+00:00,9717.536158581739
2022-04-22 20:00:00+00:00,9725.15451058174
2022-04-22 21:00:00+00:00,9725.528802581739
2022-04-22 22:00:00+00:00,9727.56833458174
2022-04-22 23:00:00+00:00,9728.50508858174
2022-04-23 00:00:00+00:00,9759.851392304294
2022-04-23 01:00:00+00:00,9738.833926426289
2022-04-23 02:00:00+00:00,9737.936666426289
2022-04-23 03:00:00+00:00,9742.53325042629
2022-04-23 04:00:00+00:00,9748.61051042629
2022-04-23 05:00:00+00:00,9763.00647042629
2022-04-23 06:00:00+00:00,9759.81135642629
2022-04-23 07:00:00+00:00,9740.339880426289
2022-04-23 08:00:00+00:00,9727.80931238512
2022-04-23 09:00:00+00:00,9724.63955038512
2022-04-23 10:00:00+00:00,9729.76174638512
2022-04-23 11:00:00+00:00,9723.863422385119
2022-04-23 12:00:00+00:00,9743.993522385119
2022-04-23 13:00:00+00:00,9729.34030438512
2022-04-23 14:00:00+00:00,9731.42566638512
2022-04-23 15:00:00+00:00,9739.96034438512
2022-04-23 16:00:00+00:00,9725.773220283516
2022-04-23 17:00:00+00:00,9724.223136283515
2022-04-23 18:00:00+00:00,9750.371240283517
2022-04-23 19:00:00+00:00,9753.425598283517
2022-04-23 20:00:00+00:00,9741.816056283516
2022-04-23 21:00:00+00:00,9742.419408283517
2022-04-23 22:00:00+00:00,9746.923438283517
2022-04-23 23:00:00+00:00,9763.998696283516
2022-04-24 00:00:00+00:00,9746.424221622918
2022-04-24 01:00:00+00:00,9745.555192508271
2022-04-24 02:00:00+00:00,9740.869242508272
2022-04-24 03:00:00+00:00,9743.465242508271
2022-04-24 04:00:00+00:00,9743.611612508272
2022-04-24 05:00:00+00:00,9735.961412508272
2022-04-24 06:00:00+00:00,9736.40214250827
2022-04-24 07:00:00+00:00,9732.62679250827
2022-04-24 08:00:00+00:00,9739.204430295806
2022-04-24 09:00:00+00:00,9741.009940295806
2022-04-24 10:00:00+00:00,9744.557550295805
2022-04-24 11:00:00+00:00,9764.036900295805
2022-04-24 12:00:00+00:00,9771.672880295806
2022-04-24 13:00:00+00:00,9802.247670295805
2022-04-24 14:00:00+00:00,9805.308110295806
2022-04-24 15:00:00+00:00,9793.200560295805
2022-04-24 16:00:00+00:00,9811.447408969496
2022-04-24 17:00:00+00:00,9822.971368969496
2022-04-24 18:00:00+00:00,9811.793078969496
2022-04-24 19:00:00+00:00,9796.686258969496
2022-04-24 20:00:00+00:00,9815.089498969495
2022-04-24 21:00:00+00:00,9796.971758969496
2022-04-24 22:00:00+00:00,9799.075808969495
2022-04-24 23:00:00+00:00,9791.316868969496
2022-04-25 00:00:00+00:00,9854.949621930493
2022-04-25 01:00:00+00:00,9844.201741564286
2022-04-25 02:00:00+00:00,9840.277721564285
2022-04-25 03:00:00+00:00,9825.204374564286
2022-04-25 04:00:00+00:00,9828.998997564286
2022-04-25 05:00:00+00:00,9848.148430564286
2022-04-25 06:00:00+00:00,9860.486597564286
2022-04-25 07:00:00+00:00,9885.515561564287
2022-04-25 08:00:00+00:00,9890.173499173672
2022-04-25 09:00:00+00:00,9880.111891173672
2022-04-25 10:00:00+00:00,9879.799462173673
2022-04-25 11:00:00+00:00,9884.895974173673
2022-04-25 12:00:00+00:00,9875.487643173672
2022-04-25 13:00:00+00:00,9872.490855173672
2022-04-25 14:00:00+00:00,9863.266682173673
2022-04-25 15:00:00+00:00,9861.746480173671
2022-04-25 16:00:00+00:00,9863.478024301048
2022-04-25 17:00:00+00:00,9876.039384301048
2022-04-25 18:00:00+00:00,9867.555312301049
2022-04-25 19:00:00+00:00,9879.759756301048
2022-04-25 20:00:00+00:00,9850.999924301048
2022-04-25 21:00:00+00:00,9852.593953301048
2022-04-25 22:00:00+00:00,9861.316543301047
2022-04-25 23:00:00+00:00,9859.854788301049
2022-04-26 00:00:00+00:00,9832.785425037324
2022-04-26 01:00:00+00:00,9852.735226981327
2022-04-26 02:00:00+00:00,9857.391270981327
2022-04-26 03:00:00+00:00,9859.358606981326
2022-04-26 04:00:00+00:00,9839.666046981327
2022-04-26 05:00:00+00:00,9820.120385981327
2022-04-26 06:00:00+00:00,9822.581112981326
2022-04-26 07:00:00+00:00,9797.731730981328
2022-04-26 08:00:00+00:00,9802.778296697961
2022-04-26 09:00:00+00:00,9820.029610697962
2022-04-26 10:00:00+00:00,9819.726736697961
2022-04-26 11:00:00+00:00,9824.018561697962
2022-04-26 12:00:00+00:00,9858.665248697962
2022-04-26 13:00:00+00:00,9907.623003697961
2022-04-26 14:00:00+00:00,9954.880702697963
2022-04-26 15:00:00+00:00,9963.126415697961
2022-04-26 16:00:00+00:00,9933.526458595526
2022-04-26 17:00:00+00:00,9961.748917595527
2022-04-26 18:00:00+00:00,9975.052245595527
2022-04-26 19:00:00+00:00,9997.684786595526
2022-04-26 20:00:00+00:00,10012.743074595526
2022-04-26 21:00:00+00:00,9990.382518595527
2022-04-26 22:00:00+00:00,10001.861030595526
2022-04-26 23:00:00+00:00,10024.072135595527
2022-04-27 00:00:00+00:00,10022.471732086653
2022-04-27 01:00:00+00:00,9986.158565429017
2022-04-27 02:00:00+00:00,9984.892405429018
2022-04-27 03:00:00+00:00,10001.801810429019
2022-04-27 04:00:00+00:00,9993.725310429018
2022-04-27 05:00:00+00:00,9990.332495429018
2022-04-27 06:00:00+00:00,9976.493395429019
2022-04-27 07:00:00+00:00,9974.185035429018
2022-04-27 08:00:00+00:00,9978.383069372594
2022-04-27 09:00:00+00:00,9984.749339372594
2022-04-27 10:00:00+00:00,9984.089739372594
2022-04-27 11:00:00+00:00,10010.667124372594
2022-04-27 12:00:00+00:00,10011.488244372595
2022-04-27 13:00:00+00:00,9993.312044372595
2022-04-27 14:00:00+00:00,9967.999159372595
2022-04-27 15:00:00+00:00,9974.295449372596
2022-04-27 16:00:00+00:00,9984.858719690874
2022-04-27 17:00:00+00:00,9965.553604690875
2022-04-27 18:00:00+00:00,9961.011459690873
2022-04-27 19:00:00+00:00,9980.696759690874
2022-04-27 20:00:00+00:00,9983.757459690874
2022-04-27 21:00:00+00:00,9985.977314690874
2022-04-27 22:00:00+00:00,9990.042114690874
2022-04-27 23:00:00+00:00,9978.592799690874
2022-04-28 00:00:00+00:00,9988.068653068418
2022-04-28 01:00:00+00:00,9998.51717429995
2022-04-28 02:00:00+00:00,9991.922860299948
2022-04-28 03:00:00+00:00,9989.303718299949
2022-04-28 04:00:00+00:00,9990.299816299948
2022-04-28 05:00:00+00:00,9977.36516629995
2022-04-28 06:00:00+00:00,9966.86609829995
2022-04-28 07:00:00+00:00,9956.66118229995
2022-04-28 08:00:00+00:00,9987.402634966153
2022-04-28 09:00:00+00:00,9962.177722966153
2022-04-28 10:00:00+00:00,9976.597754966153
2022-04-28 11:00:00+00:00,9968.923440966153
2022-04-28 12:00:00+00:00,9981.873458966153
2022-04-28 13:00:00+00:00,9988.255104966152
2022-04-28 14:00:00+00:00,10002.369890966153
2022-04-28 15:00:00+00:00,10011.608712966152
2022-04-28 16:00:00+00:00,10046.502786652749
2022-04-28 17:00:00+00:00,10033.327198652749
2022-04-28 18:00:00+00:00,10017.500848652748
2022-04-28 19:00:00+00:00,10045.332260652749
2022-04-28 20:00:00+00:00,10041.981996652748
2022-04-28 21:00:00+00:00,10055.368650652748
2022-04-28 22:00:00+00:00,10050.108222652749
2022-04-28 23:00:00+00:00,10037.657862652748
2022-04-29 00:00:00+00:00,10039.374958368304
2022-04-29 01:00:00+00:00,10033.077707062803
2022-04-29 02:00:00+00:00,10059.313772062802
2022-04-29 03:00:00+00:00,10071.762302062802
2022-04-29 04:00:00+00:00,10067.397602062803
2022-04-29 05:00:00+00:00,10066.451202062803
2022-04-29 06:00:00+00:00,10038.562712062803
2022-04-29 07:00:00+00:00,10031.083427062802
2022-04-29 08:00:00+00:00,10057.238140669133
2022-04-29 09:00:00+00:00,10048.882685669132
2022-04-29 10:00:00+00:00,10061.560125669133
2022-04-29 11:00:00+00:00,10073.751350669132
2022-04-29 12:00:00+00:00,10059.744050669133
2022-04-29 13:00:00+00:00,10061.070500669133
2022-04-29 14:00:00+00:00,10069.778740669133
2022-04-29 15:00:00+00:00,10096.785435669133
2022-04-29 16:00:00+00:00,10085.043424567199
2022-04-29 17:00:00+00:00,10095.941709567198
2022-04-29 18:00:00+00:00,10099.152404567198
2022-04-29 19:00:00+00:00,10122.630949567198
2022-04-29 20:00:00+00:00,10132.685134567198
2022-04-29 21:00:00+00:00,10135.171309567198
2022-04-29 22:00:00+00:00,10125.778594567199
2022-04-29 23:00:00+00:00,10121.208789567198
2022-04-30 00:00:00+00:00,10116.501125766292
2022-04-30 01:00:00+00:00,10108.23379766744
2022-04-30 02:00:00+00:00,10124.12709766744
2022-04-30 03:00:00+00:00,10134.76219766744
2022-04-30 04:00:00+00:00,10132.69386766744
2022-04-30 05:00:00+00:00,10135.25376766744
2022-04-30 06:00:00+00:00,10148.47768766744
2022-04-30 07:00:00+00:00,10181.33709766744
2022-04-30 08:00:00+00:00,10186.272165095103
2022-04-30 09:00:00+00:00,10192.300295095103
2022-04-30 10:00:00+00:00,10178.441365095103
2022-04-30 11:00:00+00:00,10173.734385095102
2022-04-30 12:00:00+00:00,10190.120445095103
2022-04-30 13:00:00+00:00,10197.879435095103
2022-04-30 14:00:00+00:00,10199.589535095103
2022-04-30 15:00:00+00:00,10191.842955095102
2022-04-30 16:00:00+00:00,10208.391848421252
2022-04-30 17:00:00+00:00,10235.851818421252
2022-04-30 18:00:00+00:00,10235.704578421251
2022-04-30 19:00:00+00:00,10220.55440842125
2022-04-30 20:00:00+00:00,10221.534758421252
2022-04-30 21:00:00+00:00,10242.27350842125
2022-04-30 22:00:00+00:00,10263.02351842125
2022-04-30 23:00:00+00:00,10283.84414842125
2022-05-01 00:00:00+00:00,10284.84851285903
2022-05-01 01:00:00+00:00,10297.996924997033
2022-05-01 02:00:00+00:00,10308.099654997033
2022-05-01 03:00:00+00:00,10298.583884997033
2022-05-01 04:00:00+00:00,10310.828354997033
2022-05-01 05:00:00+00:00,10279.635514997033
2022-05-01 06:00:00+00:00,10279.998594997032
2022-05-01 07:00:00+00:00,10287.373354997033
2022-05-01 08:00:00+00:00,10248.955285184671
2022-05-01 09:00:00+00:00,10270.027205184671
2022-05-01 10:00:00+00:00,10269.574135184672
2022-05-01 11:00:00+00:00,10282.495765184673
2022-05-01 12:00:00+00:00,10292.959065184672
2022-05-01 13:00:00+00:00,10291.625455184672
2022-05-01 14:00:00+00:00,10296.487575184672
2022-05-01 15:00:00+00:00,10247.376265184672
2022-05-01 16:00:00+00:00,10220.360140013541
2022-05-01 17:00:00+00:00,10243.69047001354
2022-05-01 18:00:00+00:00,10267.29334001354
2022-05-01 19:00:00+00:00,10262.57943001354
2022-05-01 20:00:00+00:00,10254.29010001354
2022-05-01 21:00:00+00:00,10254.71120001354
2022-05-01 22:00:00+00:00,10249.71744001354
2022-05-01 23:00:00+00:00,10215.208860013541
2022-05-02 00:00:00+00:00,10207.56770862695
2022-05-02 01:00:00+00:00,10224.919054802156
2022-05-02 02:00:00+00:00,10230.637180802156
2022-05-02 03:00:00+00:00,10235.853610802156
2022-05-02 04:00:00+00:00,10219.628348802156
2022-05-02 05:00:00+00:00,10213.504906802156
2022-05-02 06:00:00+00:00,10223.379118802157
2022-05-02 07:00:00+00:00,10218.549062802156
2022-05-02 08:00:00+00:00,10248.921987946931
2022-05-02 09:00:00+00:00,10253.523819946931
2022-05-02 10:00:00+00:00,10254.77520994693
2022-05-02 11:00:00+00:00,10267.49640994693
2022-05-02 12:00:00+00:00,10246.031491946931
2022-05-02 13:00:00+00:00,10233.800939946932
2022-05-02 14:00:00+00:00,10232.308819946931
2022-05-02 15:00:00+00:00,10230.31931794693
2022-05-02 16:00:00+00:00,10248.272648346412
2022-05-02 17:00:00+00:00,10274.443258346411
2022-05-02 18:00:00+00:00,10264.267490346412
2022-05-02 19:00:00+00:00,10251.337366346412
2022-05-02 20:00:00+00:00,10262.155814346412
2022-05-02 21:00:00+00:00,10243.396604346412
2022-05-02 22:00:00+00:00,10253.896358346412
2022-05-02 23:00:00+00:00,10245.569882346412
2022-05-03 00:00:00+00:00,10253.408811974434
2022-05-03 01:00:00+00:00,10246.358024731457
2022-05-03 02:00:00+00:00,10249.669096731457
2022-05-03 03:00:00+00:00,10256.179775731458
2022-05-03 04:00:00+00:00,10243.232433731457
2022-05-03 05:00:00+00:00,10227.704345731458
2022-05-03 06:00:00+00:00,10214.291618731457
2022-05-03 07:00:00+00:00,10209.122833731457
2022-05-03 08:00:00+00:00,10205.57927381863
2022-05-03 09:00:00+00:00,10222.55072581863
2022-05-03 10:00:00+00:00,10225.597972818628
2022-05-03 11:00:00+00:00,10199.658969818629
2022-05-03 12:00:00+00:00,10210.118960818629
2022-05-03 13:00:00+00:00,10221.47436281863
2022-05-03 14:00:00+00:00,10229.88299681863
2022-05-03 15:00:00+00:00,10231.295896818629
2022-05-03 16:00:00+00:00,10229.646143484533
2022-05-03 17:00:00+00:00,10229.995595484534
2022-05-03 18:00:00+00:00,10233.141663484534
2022-05-03 19:00:00+00:00,10249.312704484533
2022-05-03 20:00:00+00:00,10252.259889484534
2022-05-03 21:00:00+00:00,10237.558003484533
2022-05-03 22:00:00+00:00,10233.686307484533
2022-05-03 23:00:00+00:00,10236.041786484533
2022-05-04 00:00:00+00:00,10212.372242198371
2022-05-04 01:00:00+00:00,10224.799401234888
2022-05-04 02:00:00+00:00,10223.60091123489
2022-05-04 03:00:00+00:00,10228.227531234888
2022-05-04 04:00:00+00:00,10233.993071234889
2022-05-04 05:00:00+00:00,10233.206131234889
2022-05-04 06:00:00+00:00,10236.118011234888
2022-05-04 07:00:00+00:00,10232.17528123489
2022-05-04 08:00:00+00:00,10221.166511590041
2022-05-04 09:00:00+00:00,10228.192521590041
2022-05-04 10:00:00+00:00,10234.754051590042
2022-05-04 11:00:00+00:00,10235.057371590041
2022-05-04 12:00:00+00:00,10234.88459159004
2022-05-04 13:00:00+00:00,10238.060741590041
2022-05-04 14:00:00+00:00,10245.73401159004
2022-05-04 15:00:00+00:00,10248.585811590041
2022-05-04 16:00:00+00:00,10237.18444688707
2022-05-04 17:00:00+00:00,10231.73971688707
2022-05-04 18:00:00+00:00,10222.59213688707
2022-05-04 19:00:00+00:00,10201.81474688707
2022-05-04 20:00:00+00:00,10194.79518688707
2022-05-04 21:00:00+00:00,10202.58058688707
2022-05-04 22:00:00+00:00,10195.33703688707
2022-05-04 23:00:00+00:00,10184.99153688707
2022-05-05 00:00:00+00:00,10178.904553783546
2022-05-05 01:00:00+00:00,10180.834781846586
2022-05-05 02:00:00+00:00,10174.398967846586
2022-05-05 03:00:00+00:00,10180.430301846587
2022-05-05 04:00:00+00:00,10176.303633846586
2022-05-05 05:00:00+00:00,10184.216297846588
2022-05-05 06:00:00+00:00,10181.172479846588
2022-05-05 07:00:00+00:00,10178.330535846586
2022-05-05 08:00:00+00:00,10184.190353073664
2022-05-05 09:00:00+00:00,10185.862819073664
2022-05-05 10:00:00+00:00,10181.975419073662
2022-05-05 11:00:00+00:00,10183.883099073662
2022-05-05 12:00:00+00:00,10174.058513073664
2022-05-05 13:00:00+00:00,10186.500265073662
2022-05-05 14:00:00+00:00,10206.392831073663
2022-05-05 15:00:00+00:00,10239.670279073664
2022-05-05 16:00:00+00:00,10231.381070623444
2022-05-05 17:00:00+00:00,10227.808106623443
2022-05-05 18:00:00+00:00,10220.571048623442
2022-05-05 19:00:00+00:00,10218.350920623443
2022-05-05 20:00:00+00:00,10216.606006623442
2022-05-05 21:00:00+00:00,10212.877836623442
2022-05-05 22:00:00+00:00,10221.076950623443
2022-05-05 23:00:00+00:00,10211.988816623443
2022-05-06 00:00:00+00:00,10212.013588733384
2022-05-06 01:00:00+00:00,10213.487813961468
2022-05-06 02:00:00+00:00,10209.705839961469
2022-05-06 03:00:00+00:00,10206.514663961469
2022-05-06 04:00:00+00:00,10212.216089961468
2022-05-06 05:00:00+00:00,10210.071451961468
2022-05-06 06:00:00+00:00,10213.54941996147
2022-05-06 07:00:00+00:00,10222.589095961468
2022-05-06 08:00:00+00:00,10224.04939777581
2022-05-06 09:00:00+00:00,10218.57393377581
2022-05-06 10:00:00+00:00,10224.15160377581
2022-05-06 11:00:00+00:00,10226.14754177581
2022-05-06 12:00:00+00:00,10216.33282577581
2022-05-06 13:00:00+00:00,10223.53449577581
2022-05-06 14:00:00+00:00,10215.99441777581
2022-05-06 15:00:00+00:00,10212.03410177581
2022-05-06 16:00:00+00:00,10214.04753825494
2022-05-06 17:00:00+00:00,10216.82998025494
2022-05-06 18:00:00+00:00,10215.04005225494
2022-05-06 19:00:00+00:00,10208.71784425494
2022-05-06 20:00:00+00:00,10202.92870225494
2022-05-06 21:00:00+00:00,10206.61372625494
2022-05-06 22:00:00+00:00,10206.95533825494
2022-05-06 23:00:00+00:00,10200.52460225494
2022-05-07 00:00:00+00:00,10203.99549769956
2022-05-07 01:00:00+00:00,10198.681853572762
2022-05-07 02:00:00+00:00,10206.771451572762
2022-05-07 03:00:00+00:00,10210.029305572762
2022-05-07 04:00:00+00:00,10217.549642572762
2022-05-07 05:00:00+00:00,10212.117847572761
2022-05-07 06:00:00+00:00,10219.017650572761
2022-05-07 07:00:00+00:00,10209.435124572761
2022-05-07 08:00:00+00:00,10207.87714883569
2022-05-07 09:00:00+00:00,10210.57125983569
2022-05-07 10:00:00+00:00,10205.61835683569
2022-05-07 11:00:00+00:00,10207.58716483569
2022-05-07 12:00:00+00:00,10211.31402783569
2022-05-07 13:00:00+00:00,10217.08868783569
2022-05-07 14:00:00+00:00,10218.09253283569
2022-05-07 15:00:00+00:00,10218.883741835689
2022-05-07 16:00:00+00:00,10217.192060981375
2022-05-07 17:00:00+00:00,10220.046823981374
2022-05-07 18:00:00+00:00,10220.965055981374
2022-05-07 19:00:00+00:00,10221.037769981374
2022-05-07 20:00:00+00:00,10224.596724981375
2022-05-07 21:00:00+00:00,10234.071083981375
2022-05-07 22:00:00+00:00,10237.357777981375
2022-05-07 23:00:00+00:00,10230.678298981375
2022-05-08 00:00:00+00:00,10235.812237132672
2022-05-08 01:00:00+00:00,10241.281140108658
2022-05-08 02:00:00+00:00,10237.441510108658
2022-05-08 03:00:00+00:00,10230.801000108659
2022-05-08 04:00:00+00:00,10227.981080108659
2022-05-08 05:00:00+00:00,10228.092620108659
2022-05-08 06:00:00+00:00,10221.29233010866
2022-05-08 07:00:00+00:00,10224.259620108658
2022-05-08 08:00:00+00:00,10223.835766691369
2022-05-08 09:00:00+00:00,10225.09600669137
2022-05-08 10:00:00+00:00,10216.79718669137
2022-05-08 11:00:00+00:00,10214.72064669137
2022-05-08 12:00:00+00:00,10225.11676669137
2022-05-08 13:00:00+00:00,10231.98895669137
2022-05-08 14:00:00+00:00,10221.93684669137
2022-05-08 15:00:00+00:00,10223.64904669137
2022-05-08 16:00:00+00:00,10223.288927305437
2022-05-08 17:00:00+00:00,10225.924987305438
2022-05-08 18:00:00+00:00,10218.774617305438
2022-05-08 19:00:00+00:00,10220.749637305438
2022-05-08 20:00:00+00:00,10222.588777305438
2022-05-08 21:00:00+00:00,10218.300937305437
2022-05-08 22:00:00+00:00,10225.788697305437
2022-05-08 23:00:00+00:00,10228.283507305438
2022-05-09 00:00:00+00:00,10214.558066981597
2022-05-09 01:00:00+00:00,10224.281592161593
2022-05-09 02:00:00+00:00,10225.483452161594
2022-05-09 03:00:00+00:00,10226.012092161593
2022-05-09 04:00:00+00:00,10226.039332161594
2022-05-09 05:00:00+00:00,10227.486882161593
2022-05-09 06:00:00+00:00,10226.474822161594
2022-05-09 07:00:00+00:00,10227.558712161594
2022-05-09 08:00:00+00:00,10227.906693492028
2022-05-09 09:00:00+00:00,10228.350983492028
2022-05-09 10:00:00+00:00,10231.520133492028
2022-05-09 11:00:00+00:00,10228.736053492028
2022-05-09 12:00:00+00:00,10230.704103492028
2022-05-09 13:00:00+00:00,10225.822243492028
2022-05-09 14:00:00+00:00,10225.427023492028
2022-05-09 15:00:00+00:00,10231.094123492028
2022-05-09 16:00:00+00:00,10238.58863203921
2022-05-09 17:00:00+00:00,10237.64252203921
2022-05-09 18:00:00+00:00,10237.68619203921
2022-05-09 19:00:00+00:00,10238.34199203921
2022-05-09 20:00:00+00:00,10235.02881203921
2022-05-09 21:00:00+00:00,10243.98922203921
2022-05-09 22:00:00+00:00,10246.34489203921
2022-05-09 23:00:00+00:00,10256.81013203921
2022-05-10 00:00:00+00:00,10250.484442182254
2022-05-10 01:00:00+00:00,10254.63181622884
2022-05-10 02:00:00+00:00,10256.93524622884
2022-05-10 03:00:00+00:00,10260.91645622884
2022-05-10 04:00:00+00:00,10251.052226228841
2022-05-10 05:00:00+00:00,10246.148586228841
2022-05-10 06:00:00+00:00,10243.876966228841
2022-05-10 07:00:00+00:00,10247.48960622884
2022-05-10 08:00:00+00:00,10243.999545019446
2022-05-10 09:00:00+00:00,10248.502335019446
2022-05-10 10:00:00+00:00,10246.832045019446
2022-05-10 11:00:00+00:00,10239.459335019446
2022-05-10 12:00:00+00:00,10237.814295019447
2022-05-10 13:00:00+00:00,10238.045415019445
2022-05-10 14:00:00+00:00,10244.650735019446
2022-05-10 15:00:00+00:00,10242.944435019446
2022-05-10 16:00:00+00:00,10246.328836382025
2022-05-10 17:00:00+00:00,10242.425516382025
2022-05-10 18:00:00+00:00,10248.661096382024
2022-05-10 19:00:00+00:00,10251.949606382024
2022-05-10 20:00:00+00:00,10252.574036382024
2022-05-10 21:00:00+00:00,10260.247256382025
2022-05-10 22:00:00+00:00,10257.338636382025
2022-05-10 23:00:00+00:00,10255.496696382024
2022-05-11 00:00:00+00:00,10252.772483322735
2022-05-11 01:00:00+00:00,10255.491349636288
2022-05-11 02:00:00+00:00,10255.465639636288
2022-05-11 03:00:00+00:00,10255.097809636287
2022-05-11 04:00:00+00:00,10256.063089636287
2022-05-11 05:00:00+00:00,10258.027209636288
2022-05-11 06:00:00+00:00,10256.372549636288
2022-05-11 07:00:00+00:00,10256.850319636287
2022-05-11 08:00:00+00:00,10256.895087343455
2022-05-11 09:00:00+00:00,10253.645787343456
2022-05-11 10:00:00+00:00,10257.864077343454
2022-05-11 11:00:00+00:00,10258.924687343455
2022-05-11 12:00:00+00:00,10250.162597343455
2022-05-11 13:00:00+00:00,10255.666257343455
2022-05-11 14:00:00+00:00,10257.275887343456
2022-05-11 15:00:00+00:00,10252.954227343454
2022-05-11 16:00:00+00:00,10251.03136311773
2022-05-11 17:00:00+00:00,10249.395453117731
2022-05-11 18:00:00+00:00,10250.969463117732
2022-05-11 19:00:00+00:00,10248.668833117732
2022-05-11 20:00:00+00:00,10246.324313117731
2022-05-11 21:00:00+00:00,10247.963733117731
2022-05-11 22:00:00+00:00,10247.350533117731
2022-05-11 23:00:00+00:00,10251.26422311773
2022-05-12 00:00:00+00:00,10252.977015582812
2022-05-12 01:00:00+00:00,10248.76540406081
2022-05-12 02:00:00+00:00,10246.733384060812
2022-05-12 03:00:00+00:00,10241.33480406081
2022-05-12 04:00:00+00:00,10234.12133406081
2022-05-12 05:00:00+00:00,10228.374684060811
2022-05-12 06:00:00+00:00,10229.901964060811
2022-05-12 07:00:00+00:00,10237.442944060811
2022-05-12 08:00:00+00:00,10237.331599922018
2022-05-12 09:00:00+00:00,10236.921179922017
2022-05-12 10:00:00+00:00,10242.134609922017
2022-05-12 11:00:00+00:00,10241.870119922018
2022-05-12 12:00:00+00:00,10242.799909922018
2022-05-12 13:00:00+00:00,10238.643699922019
2022-05-12 14:00:00+00:00,10247.642329922019
2022-05-12 15:00:00+00:00,10240.981089922017
2022-05-12 16:00:00+00:00,10246.061128730027
2022-05-12 17:00:00+00:00,10239.357438730027
2022-05-12 18:00:00+00:00,10237.554088730029
2022-05-12 19:00:00+00:00,10239.935968730028
2022-05-12 20:00:00+00:00,10239.471278730027
2022-05-12 21:00:00+00:00,10237.393008730027
2022-05-12 22:00:00+00:00,10239.542678730028
2022-05-12 23:00:00+00:00,10240.647488730028
2022-05-13 00:00:00+00:00,10244.780747234816
2022-05-13 01:00:00+00:00,10246.169824912815
2022-05-13 02:00:00+00:00,10254.438854912814
2022-05-13 03:00:00+00:00,10262.414744912814
2022-05-13 04:00:00+00:00,10260.627474912813
2022-05-13 05:00:00+00:00,10264.757004912813
2022-05-13 06:00:00+00:00,10262.309414912814
2022-05-13 07:00:00+00:00,10256.400654912813
2022-05-13 08:00:00+00:00,10261.569292547534
2022-05-13 09:00:00+00:00,10261.495292547534
2022-05-13 10:00:00+00:00,10264.429192547534
2022-05-13 11:00:00+00:00,10267.243892547534
2022-05-13 12:00:00+00:00,10266.860602547533
2022-05-13 13:00:00+00:00,10268.138192547534
2022-05-13 14:00:00+00:00,10267.967332547534
2022-05-13 15:00:00+00:00,10262.552872547534
2022-05-13 16:00:00+00:00,10258.261432726315
2022-05-13 17:00:00+00:00,10255.640942726315
2022-05-13 18:00:00+00:00,10259.275282726316
2022-05-13 19:00:00+00:00,10258.689092726316
2022-05-13 20:00:00+00:00,10256.777862726316
2022-05-13 21:00:00+00:00,10260.986602726316
2022-05-13 22:00:00+00:00,10257.747612726314
2022-05-13 23:00:00+00:00,10253.447882726316
2022-05-14 00:00:00+00:00,10257.986999005718
2022-05-14 01:00:00+00:00,10259.266119289718
2022-05-14 02:00:00+00:00,10258.790259289717
2022-05-14 03:00:00+00:00,10258.667079289718
2022-05-14 04:00:00+00:00,10256.410709289717
2022-05-14 05:00:00+00:00,10257.638749289717
2022-05-14 06:00:00+00:00,10257.963389289718
2022-05-14 07:00:00+00:00,10256.482989289718
2022-05-14 08:00:00+00:00,10257.241358374828
2022-05-14 09:00:00+00:00,10255.882618374828
2022-05-14 10:00:00+00:00,10253.638708374827
2022-05-14 11:00:00+00:00,10252.136788374828
2022-05-14 12:00:00+00:00,10251.579828374828
2022-05-14 13:00:00+00:00,10249.378558374827
2022-05-14 14:00:00+00:00,10250.445228374827
2022-05-14 15:00:00+00:00,10249.784298374827
2022-05-14 16:00:00+00:00,10253.66750205122
2022-05-14 17:00:00+00:00,10254.95105205122
2022-05-14 18:00:00+00:00,10254.85021205122
2022-05-14 19:00:00+00:00,10254.05738205122
2022-05-14 20:00:00+00:00,10254.53426205122
2022-05-14 21:00:00+00:00,10256.659962051219
2022-05-14 22:00:00+00:00,10259.32936205122
2022-05-14 23:00:00+00:00,10259.43983205122
2022-05-15 00:00:00+00:00,10258.447334197426
2022-05-15 01:00:00+00:00,10257.744720217426
2022-05-15 02:00:00+00:00,10256.739020217427
2022-05-15 03:00:00+00:00,10256.298280217427
2022-05-15 04:00:00+00:00,10256.121910217425
2022-05-15 05:00:00+00:00,10257.675620217426
2022-05-15 06:00:00+00:00,10258.408840217426
2022-05-15 07:00:00+00:00,10257.868950217426
2022-05-15 08:00:00+00:00,10256.929488382968
2022-05-15 09:00:00+00:00,10257.889958382968
2022-05-15 10:00:00+00:00,10259.391148382969
2022-05-15 11:00:00+00:00,10261.140688382968
2022-05-15 12:00:00+00:00,10261.243458382969
2022-05-15 13:00:00+00:00,10260.094608382968
2022-05-15 14:00:00+00:00,10260.117038382969
2022-05-15 15:00:00+00:00,10259.680148382968
2022-05-15 16:00:00+00:00,10261.391981333029
2022-05-15 17:00:00+00:00,10260.668211333028
2022-05-15 18:00:00+00:00,10262.13749133303
2022-05-15 19:00:00+00:00,10262.780861333029
2022-05-15 20:00:00+00:00,10265.420121333029
2022-05-15 21:00:00+00:00,10265.988761333028
2022-05-15 22:00:00+00:00,10266.19882133303
2022-05-15 23:00:00+00:00,10267.742271333029
2022-05-16 00:00:00+00:00,10265.737427363538
2022-05-16 01:00:00+00:00,10264.534135063537
2022-05-16 02:00:00+00:00,10263.999995063537
2022-05-16 03:00:00+00:00,10263.064545063538
2022-05-16 04:00:00+00:00,10262.577745063538
2022-05-16 05:00:00+00:00,10262.396705063538
2022-05-16 06:00:00+00:00,10259.046115063538
2022-05-16 07:00:00+00:00,10259.346825063538
2022-05-16 08:00:00+00:00,10260.37989553119
2022-05-16 09:00:00+00:00,10259.023515531191
2022-05-16 10:00:00+00:00,10261.61562553119
2022-05-16 11:00:00+00:00,10260.36246553119
2022-05-16 12:00:00+00:00,10260.682145531191
2022-05-16 13:00:00+00:00,10258.93765553119
2022-05-16 14:00:00+00:00,10258.43630553119
2022-05-16 15:00:00+00:00,10259.41417553119
2022-05-16 16:00:00+00:00,10258.398319453621
2022-05-16 17:00:00+00:00,10260.54811945362
2022-05-16 18:00:00+00:00,10261.158889453622
2022-05-16 19:00:00+00:00,10260.29178945362
2022-05-16 20:00:00+00:00,10261.46314945362
2022-05-16 21:00:00+00:00,10262.027349453621
2022-05-16 22:00:00+00:00,10261.16663945362
2022-05-16 23:00:00+00:00,10260.459499453622
2022-05-17 00:00:00+00:00,10262.275199939035
2022-05-17 01:00:00+00:00,10261.792589939036
2022-05-17 02:00:00+00:00,10262.125889939036
2022-05-17 03:00:00+00:00,10263.598489939035
2022-05-17 04:00:00+00:00,10264.046839939036
2022-05-17 05:00:00+00:00,10264.364009939036
2022-05-17 06:00:00+00:00,10264.907099939035
2022-05-17 07:00:00+00:00,10263.081609939036
2022-05-17 08:00:00+00:00,10263.864407797812
2022-05-17 09:00:00+00:00,10264.437687797812
2022-05-17 10:00:00+00:00,10263.688557797812
2022-05-17 11:00:00+00:00,10263.320777797811
2022-05-17 12:00:00+00:00,10265.090227797811
2022-05-17 13:00:00+00:00,10264.92426779781
2022-05-17 14:00:00+00:00,10261.951407797811
2022-05-17 15:00:00+00:00,10262.301537797812
2022-05-17 16:00:00+00:00,10262.269024248966
2022-05-17 17:00:00+00:00,10261.962084248966
2022-05-17 18:00:00+00:00,10261.280284248965
2022-05-17 19:00:00+00:00,10262.233654248967
2022-05-17 20:00:00+00:00,10262.542334248967
2022-05-17 21:00:00+00:00,10264.261214248967
2022-05-17 22:00:00+00:00,10263.982404248965
2022-05-17 23:00:00+00:00,10264.541884248967
2022-05-18 00:00:00+00:00,10264.787198657421
2022-05-18 01:00:00+00:00,10263.106968657421
2022-05-18 02:00:00+00:00,10263.965828657421
2022-05-18 03:00:00+00:00,10261.78029865742
2022-05-18 04:00:00+00:00,10261.71703865742
2022-05-18 05:00:00+00:00,10262.37364865742
2022-05-18 06:00:00+00:00,10261.22521865742
2022-05-18 07:00:00+00:00,10261.95773865742
2022-05-18 08:00:00+00:00,10261.7157051893
2022-05-18 09:00:00+00:00,10261.7690951893
2022-05-18 10:00:00+00:00,10261.8482251893
2022-05-18 11:00:00+00:00,10261.4247651893
2022-05-18 12:00:00+00:00,10259.6114251893
2022-05-18 13:00:00+00:00,10258.270875189299
2022-05-18 14:00:00+00:00,10257.687645189299
2022-05-18 15:00:00+00:00,10256.428425189299
2022-05-18 16:00:00+00:00,10257.58796652758
2022-05-18 17:00:00+00:00,10256.82781652758
2022-05-18 18:00:00+00:00,10257.70275652758
2022-05-18 19:00:00+00:00,10258.422546527581
2022-05-18 20:00:00+00:00,10257.77308652758
2022-05-18 21:00:00+00:00,10257.673456527582
2022-05-18 22:00:00+00:00,10257.064666527582
2022-05-18 23:00:00+00:00,10255.397896527582
2022-05-19 00:00:00+00:00,10256.401599100413
2022-05-19 01:00:00+00:00,10254.669509240413
2022-05-19 02:00:00+00:00,10256.412149240414
2022-05-19 03:00:00+00:00,10257.014989240413
2022-05-19 04:00:00+00:00,10256.992319240413
2022-05-19 05:00:00+00:00,10256.439109240413
2022-05-19 06:00:00+00:00,10258.258089240413
2022-05-19 07:00:00+00:00,10257.416549240414
2022-05-19 08:00:00+00:00,10256.226495122668
2022-05-19 09:00:00+00:00,10255.884985122668
2022-05-19 10:00:00+00:00,10256.29001512267
2022-05-19 11:00:00+00:00,10258.077095122668
2022-05-19 12:00:00+00:00,10257.636855122668
2022-05-19 13:00:00+00:00,10257.987945122668
2022-05-19 14:00:00+00:00,10259.041645122668
2022-05-19 15:00:00+00:00,10260.350185122668
2022-05-19 16:00:00+00:00,10260.033737594067
2022-05-19 17:00:00+00:00,10260.123627594068
2022-05-19 18:00:00+00:00,10259.830377594068
2022-05-19 19:00:00+00:00,10258.933537594068
2022-05-19 20:00:00+00:00,10259.538877594068
2022-05-19 21:00:00+00:00,10259.306307594068
2022-05-19 22:00:00+00:00,10258.950557594068
2022-05-19 23:00:00+00:00,10259.808827594068
2022-05-20 00:00:00+00:00,10260.161848228117
2022-05-20 01:00:00+00:00,10261.183298228118
2022-05-20 02:00:00+00:00,10260.539338228116
2022-05-20 03:00:00+00:00,10260.189848228118
2022-05-20 04:00:00+00:00,10260.054438228117
2022-05-20 05:00:00+00:00,10260.830408228117
2022-05-20 06:00:00+00:00,10259.944198228117
2022-05-20 07:00:00+00:00,10260.256788228116
2022-05-20 08:00:00+00:00,10260.623072248032
2022-05-20 09:00:00+00:00,10260.888242248033
2022-05-20 10:00:00+00:00,10261.219752248033
2022-05-20 11:00:00+00:00,10261.684422248032
2022-05-20 12:00:00+00:00,10260.516062248033
2022-05-20 13:00:00+00:00,10260.782862248032
2022-05-20 14:00:00+00:00,10258.297382248033
2022-05-20 15:00:00+00:00,10256.941852248034
2022-05-20 16:00:00+00:00,10255.895339294297
2022-05-20 17:00:00+00:00,10256.248459294296
2022-05-20 18:00:00+00:00,10256.485689294295
2022-05-20 19:00:00+00:00,10257.713809294295
2022-05-20 20:00:00+00:00,10257.689939294296
2022-05-20 21:00:00+00:00,10257.519689294297
2022-05-20 22:00:00+00:00,10257.587059294296
2022-05-20 23:00:00+00:00,10257.310879294297
2022-05-21 00:00:00+00:00,10257.31314122926
2022-05-21 01:00:00+00:00,10256.879826349259
2022-05-21 02:00:00+00:00,10257.46326634926
2022-05-21 03:00:00+00:00,10257.91197634926
2022-05-21 04:00:00+00:00,10257.701616349259
2022-05-21 05:00:00+00:00,10257.67721634926
2022-05-21 06:00:00+00:00,10258.04711634926
2022-05-21 07:00:00+00:00,10258.34767634926
2022-05-21 08:00:00+00:00,10258.309632200173
2022-05-21 09:00:00+00:00,10258.122812200174
2022-05-21 10:00:00+00:00,10258.189262200174
2022-05-21 11:00:00+00:00,10258.007952200174
2022-05-21 12:00:00+00:00,10258.137542200173
2022-05-21 13:00:00+00:00,10258.290862200174
2022-05-21 14:00:00+00:00,10259.116452200173
2022-05-21 15:00:00+00:00,10259.500472200174
2022-05-21 16:00:00+00:00,10259.549657463936
2022-05-21 17:00:00+00:00,10259.053667463935
2022-05-21 18:00:00+00:00,10259.694827463936
2022-05-21 19:00:00+00:00,10259.369027463936
2022-05-21 20:00:00+00:00,10259.218917463935
2022-05-21 21:00:00+00:00,10258.641857463936
2022-05-21 22:00:00+00:00,10259.415237463936
2022-05-21 23:00:00+00:00,10259.263157463936
2022-05-22 00:00:00+00:00,10259.47573842122
2022-05-22 01:00:00+00:00,10260.44430568122
2022-05-22 02:00:00+00:00,10260.18507568122
2022-05-22 03:00:00+00:00,10260.36172568122
2022-05-22 04:00:00+00:00,10260.01420568122
2022-05-22 05:00:00+00:00,10259.55449568122
2022-05-22 06:00:00+00:00,10259.91878568122
2022-05-22 07:00:00+00:00,10260.07229568122
2022-05-22 08:00:00+00:00,10261.464456208076
2022-05-22 09:00:00+00:00,10263.659496208076
2022-05-22 10:00:00+00:00,10263.694836208077
2022-05-22 11:00:00+00:00,10262.901066208076
2022-05-22 12:00:00+00:00,10263.273616208076
2022-05-22 13:00:00+00:00,10262.746246208077
2022-05-22 14:00:00+00:00,10262.187376208076
2022-05-22 15:00:00+00:00,10262.497796208076
2022-05-22 16:00:00+00:00,10262.516802370807
2022-05-22 17:00:00+00:00,10262.795982370806
2022-05-22 18:00:00+00:00,10262.766572370807
2022-05-22 19:00:00+00:00,10262.581542370806
2022-05-22 20:00:00+00:00,10262.308942370806
2022-05-22 21:00:00+00:00,10262.670452370807
2022-05-22 22:00:00+00:00,10263.684772370807
2022-05-22 23:00:00+00:00,10263.742272370806
2022-05-23 00:00:00+00:00,10264.56637666794
2022-05-23 01:00:00+00:00,10264.492078595938
2022-05-23 02:00:00+00:00,10263.706158595938
2022-05-23 03:00:00+00:00,10263.910278595939
2022-05-23 04:00:00+00:00,10263.285008595938
2022-05-23 05:00:00+00:00,10264.197988595939
2022-05-23 06:00:00+00:00,10265.238988595938
2022-05-23 07:00:00+00:00,10265.000858595939
2022-05-23 08:00:00+00:00,10264.101791641882
2022-05-23 09:00:00+00:00,10264.484991641883
2022-05-23 10:00:00+00:00,10265.268621641882
2022-05-23 11:00:00+00:00,10265.075791641882
2022-05-23 12:00:00+00:00,10263.934721641883
2022-05-23 13:00:00+00:00,10263.660431641883
2022-05-23 14:00:00+00:00,10263.709491641883
2022-05-23 15:00:00+00:00,10264.187221641883
2022-05-23 16:00:00+00:00,10264.179846846046
2022-05-23 17:00:00+00:00,10263.114836846045
2022-05-23 18:00:00+00:00,10262.116116846046
2022-05-23 19:00:00+00:00,10259.969616846045
2022-05-23 20:00:00+00:00,10260.784206846045
2022-05-23 21:00:00+00:00,10260.094376846046
2022-05-23 22:00:00+00:00,10259.073576846045
2022-05-23 23:00:00+00:00,10258.144096846045
2022-05-24 00:00:00+00:00,10259.629245348971
2022-05-24 01:00:00+00:00,10259.97896654897
2022-05-24 02:00:00+00:00,10259.685726548969
2022-05-24 03:00:00+00:00,10260.004586548968
2022-05-24 04:00:00+00:00,10259.969226548968
2022-05-24 05:00:00+00:00,10259.939196548969
2022-05-24 06:00:00+00:00,10259.166236548968
2022-05-24 07:00:00+00:00,10259.44448654897
2022-05-24 08:00:00+00:00,10258.814528223747
2022-05-24 09:00:00+00:00,10261.015148223747
2022-05-24 10:00:00+00:00,10260.347538223748
2022-05-24 11:00:00+00:00,10260.443578223749
2022-05-24 12:00:00+00:00,10260.350218223748
2022-05-24 13:00:00+00:00,10258.821178223749
2022-05-24 14:00:00+00:00,10259.184178223748
2022-05-24 15:00:00+00:00,10261.018678223749
2022-05-24 16:00:00+00:00,10261.064383167088
2022-05-24 17:00:00+00:00,10260.962353167088
2022-05-24 18:00:00+00:00,10259.731423167088
2022-05-24 19:00:00+00:00,10260.616213167086
2022-05-24 20:00:00+00:00,10261.030343167087
2022-05-24 21:00:00+00:00,10261.679863167086
2022-05-24 22:00:00+00:00,10261.306553167087
2022-05-24 23:00:00+00:00,10261.283973167087
2022-05-25 00:00:00+00:00,10261.549014675447
2022-05-25 01:00:00+00:00,10261.834744429445
2022-05-25 02:00:00+00:00,10263.163064429446
2022-05-25 03:00:00+00:00,10263.703374429446
2022-05-25 04:00:00+00:00,10263.484454429446
2022-05-25 05:00:00+00:00,10263.318334429447
2022-05-25 06:00:00+00:00,10263.815654429445
2022-05-25 07:00:00+00:00,10263.292994429446
2022-05-25 08:00:00+00:00,10262.20243862912
2022-05-25 09:00:00+00:00,10261.95936862912
2022-05-25 10:00:00+00:00,10260.76854862912
2022-05-25 11:00:00+00:00,10258.756678629119
2022-05-25 12:00:00+00:00,10259.142198629119
2022-05-25 13:00:00+00:00,10260.082358629119
2022-05-25 14:00:00+00:00,10260.639058629118
2022-05-25 15:00:00+00:00,10259.936778629119
2022-05-25 16:00:00+00:00,10260.415875688905
2022-05-25 17:00:00+00:00,10261.084315688904
2022-05-25 18:00:00+00:00,10262.252765688905
2022-05-25 19:00:00+00:00,10259.733695688905
2022-05-25 20:00:00+00:00,10262.120975688904
2022-05-25 21:00:00+00:00,10261.916965688904
2022-05-25 22:00:00+00:00,10262.304745688903
2022-05-25 23:00:00+00:00,10261.265335688904
2022-05-26 00:00:00+00:00,10262.503234775562
2022-05-26 01:00:00+00:00,10261.288504425956
2022-05-26 02:00:00+00:00,10261.935791425956
2022-05-26 03:00:00+00:00,10260.653845425957
2022-05-26 04:00:00+00:00,10264.494476425956
2022-05-26 05:00:00+00:00,10268.819241425956
2022-05-26 06:00:00+00:00,10269.490364425956
2022-05-26 07:00:00+00:00,10267.675034425956
2022-05-26 08:00:00+00:00,10273.136644900651
2022-05-26 09:00:00+00:00,10273.87401690065
2022-05-26 10:00:00+00:00,10274.24388590065
2022-05-26 11:00:00+00:00,10275.88795390065
2022-05-26 12:00:00+00:00,10274.08382590065
2022-05-26 13:00:00+00:00,10276.16309490065
2022-05-26 14:00:00+00:00,10274.39815290065
2022-05-26 15:00:00+00:00,10275.08019290065
2022-05-26 16:00:00+00:00,10277.445812924867
2022-05-26 17:00:00+00:00,10280.116132924866
2022-05-26 18:00:00+00:00,10284.662202924867
2022-05-26 19:00:00+00:00,10287.109481924866
2022-05-26 20:00:00+00:00,10286.682924924866
2022-05-26 21:00:00+00:00,10283.742338924865
2022-05-26 22:00:00+00:00,10283.619720924866
2022-05-26 23:00:00+00:00,10284.018367924866
2022-05-27 00:00:00+00:00,10283.218591952073
2022-05-27 01:00:00+00:00,10293.046156108428
2022-05-27 02:00:00+00:00,10295.04589510843
2022-05-27 03:00:00+00:00,10290.487901108429
2022-05-27 04:00:00+00:00,10290.702471108429
2022-05-27 05:00:00+00:00,10290.96889410843
2022-05-27 06:00:00+00:00,10286.218327108429
2022-05-27 07:00:00+00:00,10285.155101108428
2022-05-27 08:00:00+00:00,10286.824486234149
2022-05-27 09:00:00+00:00,10284.229815234148
2022-05-27 10:00:00+00:00,10282.02509723415
2022-05-27 11:00:00+00:00,10278.41170023415
2022-05-27 12:00:00+00:00,10277.51258323415
2022-05-27 13:00:00+00:00,10275.86744623415
2022-05-27 14:00:00+00:00,10278.10359823415
2022-05-27 15:00:00+00:00,10281.40988423415
2022-05-27 16:00:00+00:00,10281.987369262566
2022-05-27 17:00:00+00:00,10279.757836262566
2022-05-27 18:00:00+00:00,10283.237757262566
2022-05-27 19:00:00+00:00,10283.219757262566
2022-05-27 20:00:00+00:00,10282.177508262566
2022-05-27 21:00:00+00:00,10279.178386262565
2022-05-27 22:00:00+00:00,10278.707723262565
2022-05-27 23:00:00+00:00,10277.876596262566
2022-05-28 00:00:00+00:00,10273.539994868386
2022-05-28 01:00:00+00:00,10282.655279162573
2022-05-28 02:00:00+00:00,10292.573284162572
2022-05-28 03:00:00+00:00,10281.696840162573
2022-05-28 04:00:00+00:00,10281.126726162573
2022-05-28 05:00:00+00:00,10273.863873162572
2022-05-28 06:00:00+00:00,10277.412154162572
2022-05-28 07:00:00+00:00,10282.704659162573
2022-05-28 08:00:00+00:00,10280.693013732072
2022-05-28 09:00:00+00:00,10280.821849732072
2022-05-28 10:00:00+00:00,10281.224664732072
2022-05-28 11:00:00+00:00,10278.226378732072
2022-05-28 12:00:00+00:00,10278.558675732073
2022-05-28 13:00:00+00:00,10280.861364732073
2022-05-28 14:00:00+00:00,10283.212265732072
2022-05-28 15:00:00+00:00,10278.742586732073
2022-05-28 16:00:00+00:00,10277.503604650556
2022-05-28 17:00:00+00:00,10281.269423650556
2022-05-28 18:00:00+00:00,10278.759115650555
2022-05-28 19:00:00+00:00,10279.014716650556
2022-05-28 20:00:00+00:00,10278.736626650554
2022-05-28 21:00:00+00:00,10280.408516650556
2022-05-28 22:00:00+00:00,10287.569595650555
2022-05-28 23:00:00+00:00,10285.513986650554
2022-05-29 00:00:00+00:00,10313.870022934934
2022-05-29 01:00:00+00:00,10329.303926981444
2022-05-29 02:00:00+00:00,10342.592206981444
2022-05-29 03:00:00+00:00,10334.953923981444
2022-05-29 04:00:00+00:00,10333.281860981444
2022-05-29 05:00:00+00:00,10328.381797981445
2022-05-29 06:00:00+00:00,10326.814626981444
2022-05-29 07:00:00+00:00,10323.447879981444
2022-05-29 08:00:00+00:00,10320.49549225871
2022-05-29 09:00:00+00:00,10317.831250258709
2022-05-29 10:00:00+00:00,10313.02218625871
2022-05-29 11:00:00+00:00,10308.25633625871
2022-05-29 12:00:00+00:00,10296.99640725871
2022-05-29 13:00:00+00:00,10299.144529258709
2022-05-29 14:00:00+00:00,10304.26456125871
2022-05-29 15:00:00+00:00,10315.39044825871
2022-05-29 16:00:00+00:00,10307.018693712766
2022-05-29 17:00:00+00:00,10311.431009712765
2022-05-29 18:00:00+00:00,10310.806096712766
2022-05-29 19:00:00+00:00,10294.230341712766
2022-05-29 20:00:00+00:00,10281.834610712765
2022-05-29 21:00:00+00:00,10273.163586712766
2022-05-29 22:00:00+00:00,10282.358259712766
2022-05-29 23:00:00+00:00,10268.632188712765
2022-05-30 00:00:00+00:00,10271.753893614836
2022-05-30 01:00:00+00:00,10241.440855979878
2022-05-30 02:00:00+00:00,10238.336103979876
2022-05-30 03:00:00+00:00,10229.922816183336
2022-05-30 04:00:00+00:00,10223.827869183337
2022-05-30 05:00:00+00:00,10221.186565183336
2022-05-30 06:00:00+00:00,10209.860070183337
2022-05-30 07:00:00+00:00,10195.847178183336
2022-05-30 08:00:00+00:00,10216.091227396015
2022-05-30 09:00:00+00:00,10221.498371396016
2022-05-30 10:00:00+00:00,10237.780795396015
2022-05-30 11:00:00+00:00,10227.907081396015
2022-05-30 12:00:00+00:00,10243.635929396014
2022-05-30 13:00:00+00:00,10243.476447396015
2022-05-30 14:00:00+00:00,10231.127084396014
2022-05-30 15:00:00+00:00,10229.118396396014
2022-05-30 16:00:00+00:00,10217.103908212008
2022-05-30 17:00:00+00:00,10239.710944212009
2022-05-30 18:00:00+00:00,10223.845124212008
2022-05-30 19:00:00+00:00,10194.564283212008
2022-05-30 20:00:00+00:00,10183.889952212008
2022-05-30 21:00:00+00:00,10185.475058212009
2022-05-30 22:00:00+00:00,10186.15917521201
2022-05-30 23:00:00+00:00,10181.282056212009
2022-05-31 00:00:00+00:00,10174.032366414664
2022-05-31 01:00:00+00:00,10126.749166078635
2022-05-31 02:00:00+00:00,10083.379052078633
2022-05-31 03:00:00+00:00,10097.180479078634
2022-05-31 04:00:00+00:00,10101.554141078634
2022-05-31 05:00:00+00:00,10118.242322078635
2022-05-31 06:00:00+00:00,10159.763275078634
2022-05-31 07:00:00+00:00,10135.720973078634
2022-05-31 08:00:00+00:00,10148.834474809744
2022-05-31 09:00:00+00:00,10174.558964809745
2022-05-31 10:00:00+00:00,10135.935938809744
2022-05-31 11:00:00+00:00,10129.726705809744
2022-05-31 12:00:00+00:00,10166.561122809744
2022-05-31 13:00:00+00:00,10194.328294809744
2022-05-31 14:00:00+00:00,10140.263744809745
2022-05-31 15:00:00+00:00,10072.895426809744
2022-05-31 16:00:00+00:00,10100.690121758546
2022-05-31 17:00:00+00:00,10102.361865758545
2022-05-31 18:00:00+00:00,10093.492522758545
2022-05-31 19:00:00+00:00,10098.497758758545
2022-05-31 20:00:00+00:00,10091.841463758545
2022-05-31 21:00:00+00:00,10100.762764758545
2022-05-31 22:00:00+00:00,10093.974230758546
2022-05-31 23:00:00+00:00,10092.261511758545
2022-06-01 00:00:00+00:00,10083.122942212527
2022-06-01 01:00:00+00:00,10110.290506473631
2022-06-01 02:00:00+00:00,10129.188890473632
2022-06-01 03:00:00+00:00,10146.159321473633
2022-06-01 04:00:00+00:00,10128.235088473632
2022-06-01 05:00:00+00:00,10146.972975473633
2022-06-01 06:00:00+00:00,10123.770674473632
2022-06-01 07:00:00+00:00,10138.139294473633
2022-06-01 08:00:00+00:00,10136.777046676432
2022-06-01 09:00:00+00:00,10120.276001676431
2022-06-01 10:00:00+00:00,10119.491965676432
2022-06-01 11:00:00+00:00,10117.406239676431
2022-06-01 12:00:00+00:00,10085.476005676432
2022-06-01 13:00:00+00:00,10073.314877676432
2022-06-01 14:00:00+00:00,10135.587630676431
2022-06-01 15:00:00+00:00,10149.446384676432
2022-06-01 16:00:00+00:00,10161.24759946564
2022-06-01 17:00:00+00:00,10171.95127646564
2022-06-01 18:00:00+00:00,10177.53836746564
2022-06-01 19:00:00+00:00,10182.36387046564
2022-06-01 20:00:00+00:00,10197.16689046564
2022-06-01 21:00:00+00:00,10210.20785346564
2022-06-01 22:00:00+00:00,10209.86352246564
2022-06-01 23:00:00+00:00,10213.31032446564
2022-06-02 00:00:00+00:00,10224.58336747852
2022-06-02 01:00:00+00:00,10215.222469746515
2022-06-02 02:00:00+00:00,10234.169710746517
2022-06-02 03:00:00+00:00,10255.820509746516
2022-06-02 04:00:00+00:00,10262.055919746515
2022-06-02 05:00:00+00:00,10242.167069746516
2022-06-02 06:00:00+00:00,10240.370318746516
2022-06-02 07:00:00+00:00,10216.039792746516
2022-06-02 08:00:00+00:00,10221.651272581157
2022-06-02 09:00:00+00:00,10230.504275581157
2022-06-02 10:00:00+00:00,10229.932276581158
2022-06-02 11:00:00+00:00,10213.237385581158
2022-06-02 12:00:00+00:00,10234.811646581158
2022-06-02 13:00:00+00:00,10237.915792581158
2022-06-02 14:00:00+00:00,10231.823563581158
2022-06-02 15:00:00+00:00,10217.978437581158
2022-06-02 16:00:00+00:00,10209.871034767391
2022-06-02 17:00:00+00:00,10213.514159767392
2022-06-02 18:00:00+00:00,10205.904140767392
2022-06-02 19:00:00+00:00,10207.001317767392
2022-06-02 20:00:00+00:00,10195.678450767391
2022-06-02 21:00:00+00:00,10193.836460767392
2022-06-02 22:00:00+00:00,10188.347613767392
2022-06-02 23:00:00+00:00,10190.283664767392
2022-06-03 00:00:00+00:00,10221.4174821451
2022-06-03 01:00:00+00:00,10201.051686429815
2022-06-03 02:00:00+00:00,10223.758233429815
2022-06-03 03:00:00+00:00,10216.562559429814
2022-06-03 04:00:00+00:00,10221.267248429815
2022-06-03 05:00:00+00:00,10235.509891429816
2022-06-03 06:00:00+00:00,10241.442120429816
2022-06-03 07:00:00+00:00,10252.885153429816
2022-06-03 08:00:00+00:00,10253.690148248763
2022-06-03 09:00:00+00:00,10269.238681248764
2022-06-03 10:00:00+00:00,10282.891394248763
2022-06-03 11:00:00+00:00,10280.581785248763
2022-06-03 12:00:00+00:00,10260.890836248764
2022-06-03 13:00:00+00:00,10249.993972248763
2022-06-03 14:00:00+00:00,10261.142656248763
2022-06-03 15:00:00+00:00,10256.654203248763
2022-06-03 16:00:00+00:00,10239.783292344056
2022-06-03 17:00:00+00:00,10240.409849344058
2022-06-03 18:00:00+00:00,10245.274582344056
2022-06-03 19:00:00+00:00,10242.585205344058
2022-06-03 20:00:00+00:00,10215.663318344057
2022-06-03 21:00:00+00:00,10212.639718344057
2022-06-03 22:00:00+00:00,10227.625160344058
2022-06-03 23:00:00+00:00,10236.671888344057
2022-06-04 00:00:00+00:00,10225.874587783246
2022-06-04 01:00:00+00:00,10211.711283893235
2022-06-04 02:00:00+00:00,10219.934750893235
2022-06-04 03:00:00+00:00,10216.902140893235
2022-06-04 04:00:00+00:00,10203.579452893237
2022-06-04 05:00:00+00:00,10205.691493893235
2022-06-04 06:00:00+00:00,10180.321351893235
2022-06-04 07:00:00+00:00,10160.590504893236
2022-06-04 08:00:00+00:00,10153.243162454102
2022-06-04 09:00:00+00:00,10157.957405454103
2022-06-04 10:00:00+00:00,10158.382434454103
2022-06-04 11:00:00+00:00,10165.752001454102
2022-06-04 12:00:00+00:00,10175.968187454104
2022-06-04 13:00:00+00:00,10166.547337454103
2022-06-04 14:00:00+00:00,10169.525673454104
2022-06-04 15:00:00+00:00,10181.799353454104
2022-06-04 16:00:00+00:00,10168.665796867292
2022-06-04 17:00:00+00:00,10168.860614867292
2022-06-04 18:00:00+00:00,10183.308531867291
2022-06-04 19:00:00+00:00,10173.249953867291
2022-06-04 20:00:00+00:00,10157.81404186729
2022-06-04 21:00:00+00:00,10166.911599867291
2022-06-04 22:00:00+00:00,10167.636274867291
2022-06-04 23:00:00+00:00,10165.17743186729
2022-06-05 00:00:00+00:00,10164.489416784385
2022-06-05 01:00:00+00:00,10181.350787448673
2022-06-05 02:00:00+00:00,10174.573979448673
2022-06-05 03:00:00+00:00,10170.865689448672
2022-06-05 04:00:00+00:00,10184.497367448672
2022-06-05 05:00:00+00:00,10181.489908448673
2022-06-05 06:00:00+00:00,10201.786870448672
2022-06-05 07:00:00+00:00,10191.965073448673
2022-06-05 08:00:00+00:00,10193.503377565446
2022-06-05 09:00:00+00:00,10222.654247565446
2022-06-05 10:00:00+00:00,10225.507261565446
2022-06-05 11:00:00+00:00,10234.079320565446
2022-06-05 12:00:00+00:00,10235.575566565447
2022-06-05 13:00:00+00:00,10258.057053565446
2022-06-05 14:00:00+00:00,10260.904340565447
2022-06-05 15:00:00+00:00,10247.805364565447
2022-06-05 16:00:00+00:00,10248.95676034298
2022-06-05 17:00:00+00:00,10248.634520342981
2022-06-05 18:00:00+00:00,10256.365131342982
2022-06-05 19:00:00+00:00,10265.373894342982
2022-06-05 20:00:00+00:00,10262.64492634298
2022-06-05 21:00:00+00:00,10255.733402342981
2022-06-05 22:00:00+00:00,10268.347012342982
2022-06-05 23:00:00+00:00,10276.794958342982
2022-06-06 00:00:00+00:00,10274.824204212226
2022-06-06 01:00:00+00:00,10250.90570494584
2022-06-06 02:00:00+00:00,10263.05195594584
2022-06-06 03:00:00+00:00,10274.59407894584
2022-06-06 04:00:00+00:00,10251.75310994584
2022-06-06 05:00:00+00:00,10264.29610294584
2022-06-06 06:00:00+00:00,10268.82168994584
2022-06-06 07:00:00+00:00,10294.16965894584
2022-06-06 08:00:00+00:00,10279.230307991867
2022-06-06 09:00:00+00:00,10283.723005991867
2022-06-06 10:00:00+00:00,10271.736240991868
2022-06-06 11:00:00+00:00,10289.560077991868
2022-06-06 12:00:00+00:00,10280.684861991867
2022-06-06 13:00:00+00:00,10274.626593991867
2022-06-06 14:00:00+00:00,10263.264233991868
2022-06-06 15:00:00+00:00,10258.816040991867
2022-06-06 16:00:00+00:00,10271.089544513967
2022-06-06 17:00:00+00:00,10279.566096513967
2022-06-06 18:00:00+00:00,10277.638795513965
2022-06-06 19:00:00+00:00,10276.031198513965
2022-06-06 20:00:00+00:00,10275.605410513966
2022-06-06 21:00:00+00:00,10269.937457513966
2022-06-06 22:00:00+00:00,10265.773117513965
2022-06-06 23:00:00+00:00,10224.120026513965
2022-06-07 00:00:00+00:00,10269.252130638259
2022-06-07 01:00:00+00:00,10259.203276969061
2022-06-07 02:00:00+00:00,10225.845127969062
2022-06-07 03:00:00+00:00,10213.564959969062
2022-06-07 04:00:00+00:00,10215.114606969062
2022-06-07 05:00:00+00:00,10230.472056969062
2022-06-07 06:00:00+00:00,10217.472051969062
2022-06-07 07:00:00+00:00,10204.775075969063
2022-06-07 08:00:00+00:00,10223.710039445976
2022-06-07 09:00:00+00:00,10225.605651445974
2022-06-07 10:00:00+00:00,10227.849615445975
2022-06-07 11:00:00+00:00,10207.767160445976
2022-06-07 12:00:00+00:00,10213.181054445975
2022-06-07 13:00:00+00:00,10196.964838445974
2022-06-07 14:00:00+00:00,10211.879868445974
2022-06-07 15:00:00+00:00,10221.205360445974
2022-06-07 16:00:00+00:00,10220.942522642486
2022-06-07 17:00:00+00:00,10221.747146642487
2022-06-07 18:00:00+00:00,10233.409534642487
2022-06-07 19:00:00+00:00,10180.360738642486
2022-06-07 20:00:00+00:00,10236.688527307857
2022-06-07 21:00:00+00:00,10108.439957307857
2022-06-07 22:00:00+00:00,10154.989158775894
2022-06-07 23:00:00+00:00,10169.777898775894
2022-06-08 00:00:00+00:00,10154.707949833302
2022-06-08 01:00:00+00:00,10151.625790198508
2022-06-08 02:00:00+00:00,10132.064200198507
2022-06-08 03:00:00+00:00,10143.873078198507
2022-06-08 04:00:00+00:00,10148.661666198508
2022-06-08 05:00:00+00:00,10101.716776198507
2022-06-08 06:00:00+00:00,10115.080722198507
2022-06-08 07:00:00+00:00,10098.763176198507
2022-06-08 08:00:00+00:00,10101.374173540002
2022-06-08 09:00:00+00:00,10092.869769540002
2022-06-08 10:00:00+00:00,10091.826967540002
2022-06-08 11:00:00+00:00,10080.731829540002
2022-06-08 12:00:00+00:00,10096.373781540002
2022-06-08 13:00:00+00:00,10100.917931540002
2022-06-08 14:00:00+00:00,10076.526865540001
2022-06-08 15:00:00+00:00,10066.881667540003
2022-06-08 16:00:00+00:00,10056.346499940057
2022-06-08 17:00:00+00:00,10033.150413940057
2022-06-08 18:00:00+00:00,10026.610858655753
2022-06-08 19:00:00+00:00,10028.292902655752
2022-06-08 20:00:00+00:00,10045.074084655753
2022-06-08 21:00:00+00:00,10035.869184655752
2022-06-08 22:00:00+00:00,10049.300040655753
2022-06-08 23:00:00+00:00,10051.892978655753
2022-06-09 00:00:00+00:00,10060.725365570137
2022-06-09 01:00:00+00:00,10045.160015933398
2022-06-09 02:00:00+00:00,10033.312933933397
2022-06-09 03:00:00+00:00,10005.051443933397
2022-06-09 04:00:00+00:00,10010.204989933398
2022-06-09 05:00:00+00:00,10008.675359933397
2022-06-09 06:00:00+00:00,9994.261137933398
2022-06-09 07:00:00+00:00,9968.232075933396
2022-06-09 08:00:00+00:00,9987.685012999715
2022-06-09 09:00:00+00:00,9995.863850999716
2022-06-09 10:00:00+00:00,10015.572732999715
2022-06-09 11:00:00+00:00,10043.392218999716
2022-06-09 12:00:00+00:00,10035.759182999715
2022-06-09 13:00:00+00:00,10011.260062999716
2022-06-09 14:00:00+00:00,9999.052506999715
2022-06-09 15:00:00+00:00,9992.105720999716
2022-06-09 16:00:00+00:00,9991.422006521505
2022-06-09 17:00:00+00:00,9992.076698521505
2022-06-09 18:00:00+00:00,10016.663342521504
2022-06-09 19:00:00+00:00,10051.976346521506
2022-06-09 20:00:00+00:00,10032.453242521504
2022-06-09 21:00:00+00:00,10041.198358521504
2022-06-09 22:00:00+00:00,10066.087246521505
2022-06-09 23:00:00+00:00,10037.769190521505
2022-06-10 00:00:00+00:00,10044.107525449825
2022-06-10 01:00:00+00:00,10027.61022150583
2022-06-10 02:00:00+00:00,10010.63251550583
2022-06-10 03:00:00+00:00,9987.83998150583
2022-06-10 04:00:00+00:00,9990.68230550583
2022-06-10 05:00:00+00:00,10002.91837150583
2022-06-10 06:00:00+00:00,10035.86602350583
2022-06-10 07:00:00+00:00,10033.68516150583
2022-06-10 08:00:00+00:00,10053.431834767634
2022-06-10 09:00:00+00:00,10049.355674767634
2022-06-10 10:00:00+00:00,9995.990068767633
2022-06-10 11:00:00+00:00,10001.868414767634
2022-06-10 12:00:00+00:00,10094.686264767633
2022-06-10 13:00:00+00:00,10113.693562767634
2022-06-10 14:00:00+00:00,10085.115182767633
2022-06-10 15:00:00+00:00,10070.547910767633
2022-06-10 16:00:00+00:00,10085.743818822344
2022-06-10 17:00:00+00:00,10080.815094822345
2022-06-10 18:00:00+00:00,10072.106422822344
2022-06-10 19:00:00+00:00,10065.824916822343
2022-06-10 20:00:00+00:00,10054.296502822344
2022-06-10 21:00:00+00:00,10048.971062822344
2022-06-10 22:00:00+00:00,10051.708566822344
2022-06-10 23:00:00+00:00,10070.883962822343
2022-06-11 00:00:00+00:00,10044.958944118713
2022-06-11 01:00:00+00:00,10050.53179580463
2022-06-11 02:00:00+00:00,10048.91574780463
2022-06-11 03:00:00+00:00,10045.052833804632
2022-06-11 04:00:00+00:00,10031.84580580463
2022-06-11 05:00:00+00:00,10038.33666980463
2022-06-11 06:00:00+00:00,10036.77175180463
2022-06-11 07:00:00+00:00,10039.655281804631
2022-06-11 08:00:00+00:00,10058.969909673122
2022-06-11 09:00:00+00:00,10064.374395673121
2022-06-11 10:00:00+00:00,10065.201889673122
2022-06-11 11:00:00+00:00,10134.764981673123
2022-06-11 12:00:00+00:00,10160.133001673123
2022-06-11 13:00:00+00:00,10130.045163673121
2022-06-11 14:00:00+00:00,10136.207653673122
2022-06-11 15:00:00+00:00,10140.172329673122
2022-06-11 16:00:00+00:00,10126.388763893672
2022-06-11 17:00:00+00:00,10126.074785893672
2022-06-11 18:00:00+00:00,10123.556727893672
2022-06-11 19:00:00+00:00,10137.457251893673
2022-06-11 20:00:00+00:00,10122.816019893673
2022-06-11 21:00:00+00:00,10133.878929893674
2022-06-11 22:00:00+00:00,10137.389715893672
2022-06-11 23:00:00+00:00,10145.682047893673
2022-06-12 00:00:00+00:00,10145.86050962706
2022-06-12 01:00:00+00:00,10183.574691114249
2022-06-12 02:00:00+00:00,10172.574385114249
2022-06-12 03:00:00+00:00,10172.50495211425
2022-06-12 04:00:00+00:00,10175.25653111425
2022-06-12 05:00:00+00:00,10147.39655511425
2022-06-12 06:00:00+00:00,10065.64026411425
2022-06-12 07:00:00+00:00,10094.584305575634
2022-06-12 08:00:00+00:00,10106.00695967427
2022-06-12 09:00:00+00:00,10112.399246674271
2022-06-12 10:00:00+00:00,10118.28736667427
2022-06-12 11:00:00+00:00,10100.27115067427
2022-06-12 12:00:00+00:00,10113.08239367427
2022-06-12 13:00:00+00:00,10119.705299674271
2022-06-12 14:00:00+00:00,10107.478731674271
2022-06-12 15:00:00+00:00,10141.734325674272
2022-06-12 16:00:00+00:00,10127.224151311766
2022-06-12 17:00:00+00:00,10096.900001311767
2022-06-12 18:00:00+00:00,10098.005492311766
2022-06-12 19:00:00+00:00,10057.214852311767
2022-06-12 20:00:00+00:00,10086.736377311767
2022-06-12 21:00:00+00:00,10082.878364311766
2022-06-12 22:00:00+00:00,10112.105800311767
2022-06-12 23:00:00+00:00,10140.827680311766
2022-06-13 00:00:00+00:00,10145.280349378856
2022-06-13 01:00:00+00:00,10099.908785602249
2022-06-13 02:00:00+00:00,10102.415109602249
2022-06-13 03:00:00+00:00,10072.81205560225
2022-06-13 04:00:00+00:00,10058.97597760225
2022-06-13 05:00:00+00:00,10046.807379602249
2022-06-13 06:00:00+00:00,10047.68586960225
2022-06-13 07:00:00+00:00,10061.15479760225
2022-06-13 08:00:00+00:00,10058.430158511934
2022-06-13 09:00:00+00:00,10042.295188511933
2022-06-13 10:00:00+00:00,10071.390840511933
2022-06-13 11:00:00+00:00,10045.411554511933
2022-06-13 12:00:00+00:00,10034.626960511934
2022-06-13 13:00:00+00:00,10029.186064874224
2022-06-13 14:00:00+00:00,10040.921780874223
2022-06-13 15:00:00+00:00,10023.967244874224
2022-06-13 16:00:00+00:00,9999.151881172691
2022-06-13 17:00:00+00:00,10005.78358117269
2022-06-13 18:00:00+00:00,9997.52447117269
2022-06-13 19:00:00+00:00,9988.49271017269
2022-06-13 20:00:00+00:00,9929.29198417269
2022-06-13 21:00:00+00:00,9956.33087717269
2022-06-13 22:00:00+00:00,9993.95596817269
2022-06-13 23:00:00+00:00,9945.54156217269
2022-06-14 00:00:00+00:00,9946.181862209998
2022-06-14 01:00:00+00:00,9909.47940930859
2022-06-14 02:00:00+00:00,9863.574794308588
2022-06-14 03:00:00+00:00,9858.864139308589
2022-06-14 04:00:00+00:00,9876.025604308588
2022-06-14 05:00:00+00:00,9877.02405430859
2022-06-14 06:00:00+00:00,9875.947469308589
2022-06-14 07:00:00+00:00,9904.58697930859
2022-06-14 08:00:00+00:00,9885.072146989962
2022-06-14 09:00:00+00:00,9920.427631989962
2022-06-14 10:00:00+00:00,9923.307411989963
2022-06-14 11:00:00+00:00,9931.335536989962
2022-06-14 12:00:00+00:00,9918.848761989962
2022-06-14 13:00:00+00:00,9915.205241989963
2022-06-14 14:00:00+00:00,9960.274876989963
2022-06-14 15:00:00+00:00,9948.803351989964
2022-06-14 16:00:00+00:00,9947.912623018932
2022-06-14 17:00:00+00:00,9962.789018018932
2022-06-14 18:00:00+00:00,9955.784028018932
2022-06-14 19:00:00+00:00,9941.169648018931
2022-06-14 20:00:00+00:00,9951.998848018931
2022-06-14 21:00:00+00:00,9940.97539301893
2022-06-14 22:00:00+00:00,9899.176918018931
2022-06-14 23:00:00+00:00,9900.75636301893
2022-06-15 00:00:00+00:00,9914.478917711482
2022-06-15 01:00:00+00:00,9909.681294236008
2022-06-15 02:00:00+00:00,9909.280818236008
2022-06-15 03:00:00+00:00,9944.415568236009
2022-06-15 04:00:00+00:00,9945.405062236008
2022-06-15 05:00:00+00:00,9954.067400236008
2022-06-15 06:00:00+00:00,9911.844660236007
2022-06-15 07:00:00+00:00,9918.240158236007
2022-06-15 08:00:00+00:00,9936.5833265824
2022-06-15 09:00:00+00:00,9909.0620825824
2022-06-15 10:00:00+00:00,9903.185568582401
2022-06-15 11:00:00+00:00,9917.5733005824
2022-06-15 12:00:00+00:00,9927.990674582401
2022-06-15 13:00:00+00:00,9919.773902582401
2022-06-15 14:00:00+00:00,9921.404394582401
2022-06-15 15:00:00+00:00,9921.1441505824
2022-06-15 16:00:00+00:00,9948.359106869304
2022-06-15 17:00:00+00:00,9917.113924869303
2022-06-15 18:00:00+00:00,9912.677198869304
2022-06-15 19:00:00+00:00,9930.294816869304
2022-06-15 20:00:00+00:00,9938.643550869305
2022-06-15 21:00:00+00:00,9962.691402869305
2022-06-15 22:00:00+00:00,10024.361796869303
2022-06-15 23:00:00+00:00,10000.380390869304
2022-06-16 00:00:00+00:00,10036.670131217155
2022-06-16 01:00:00+00:00,10024.919671215162
2022-06-16 02:00:00+00:00,10038.621099215163
2022-06-16 03:00:00+00:00,10023.327005215162
2022-06-16 04:00:00+00:00,10024.220489215162
2022-06-16 05:00:00+00:00,10052.588219215162
2022-06-16 06:00:00+00:00,10063.148603215162
2022-06-16 07:00:00+00:00,10069.075274215162
2022-06-16 08:00:00+00:00,10062.124978925482
2022-06-16 09:00:00+00:00,10071.756002925482
2022-06-16 10:00:00+00:00,10084.568066925482
2022-06-16 11:00:00+00:00,10107.071201925482
2022-06-16 12:00:00+00:00,10106.055959925481
2022-06-16 13:00:00+00:00,10145.004505925483
2022-06-16 14:00:00+00:00,10124.229863925482
2022-06-16 15:00:00+00:00,10097.952816925483
2022-06-16 16:00:00+00:00,10073.901229368845
2022-06-16 17:00:00+00:00,10088.464884368845
2022-06-16 18:00:00+00:00,10108.380157368845
2022-06-16 19:00:00+00:00,10140.776960368845
2022-06-16 20:00:00+00:00,10098.972201368846
2022-06-16 21:00:00+00:00,10118.496974368845
2022-06-16 22:00:00+00:00,10136.509067368845
2022-06-16 23:00:00+00:00,10101.539933368846
2022-06-17 00:00:00+00:00,10102.613516168505
2022-06-17 01:00:00+00:00,10105.816784457873
2022-06-17 02:00:00+00:00,10100.256319457872
2022-06-17 03:00:00+00:00,10106.164285457873
2022-06-17 04:00:00+00:00,10111.211080457872
2022-06-17 05:00:00+00:00,10102.904387457873
2022-06-17 06:00:00+00:00,10099.897770457872
2022-06-17 07:00:00+00:00,10103.234219457872
2022-06-17 08:00:00+00:00,10104.216302289295
2022-06-17 09:00:00+00:00,10107.653743289295
2022-06-17 10:00:00+00:00,10089.411312289296
2022-06-17 11:00:00+00:00,10079.789468289297
2022-06-17 12:00:00+00:00,10079.247762289295
2022-06-17 13:00:00+00:00,10065.139877289295
2022-06-17 14:00:00+00:00,10054.650295289295
2022-06-17 15:00:00+00:00,10044.896557289296
2022-06-17 16:00:00+00:00,10041.829835141238
2022-06-17 17:00:00+00:00,10041.288342141237
2022-06-17 18:00:00+00:00,10031.593624141238
2022-06-17 19:00:00+00:00,10052.550769141239
2022-06-17 20:00:00+00:00,10037.770243141238
2022-06-17 21:00:00+00:00,10022.385634141237
2022-06-17 22:00:00+00:00,10040.602174141237
2022-06-17 23:00:00+00:00,10013.602803141237
2022-06-18 00:00:00+00:00,10011.369374806962
2022-06-18 01:00:00+00:00,10034.419519668443
2022-06-18 02:00:00+00:00,10026.097327668444
2022-06-18 03:00:00+00:00,10022.647103668443
2022-06-18 04:00:00+00:00,10016.467332668444
2022-06-18 05:00:00+00:00,10007.766330668444
2022-06-18 06:00:00+00:00,10012.790288668444
2022-06-18 07:00:00+00:00,10030.122365668443
2022-06-18 08:00:00+00:00,10019.098070848397
2022-06-18 09:00:00+00:00,10017.882079848396
2022-06-18 10:00:00+00:00,9989.621010848396
2022-06-18 11:00:00+00:00,10002.402698848397
2022-06-18 12:00:00+00:00,10008.970831848395
2022-06-18 13:00:00+00:00,10013.503219848397
2022-06-18 14:00:00+00:00,9999.885909848395
2022-06-18 15:00:00+00:00,10015.511554848395
2022-06-18 16:00:00+00:00,10021.08499151937
2022-06-18 17:00:00+00:00,10004.899432519369
2022-06-18 18:00:00+00:00,9987.87101751937
2022-06-18 19:00:00+00:00,9998.11033051937
2022-06-18 20:00:00+00:00,10001.615366519369
2022-06-18 21:00:00+00:00,9985.44824551937
2022-06-18 22:00:00+00:00,10007.47629351937
2022-06-18 23:00:00+00:00,10005.54468151937
2022-06-19 00:00:00+00:00,9991.33780516217
2022-06-19 01:00:00+00:00,9965.457726616823
2022-06-19 02:00:00+00:00,9969.467517616824
2022-06-19 03:00:00+00:00,9950.353392616824
2022-06-19 04:00:00+00:00,9951.231296616823
2022-06-19 05:00:00+00:00,9939.032819616823
2022-06-19 06:00:00+00:00,9907.156287616823
2022-06-19 07:00:00+00:00,9906.785499616823
2022-06-19 08:00:00+00:00,9898.176884770983
2022-06-19 09:00:00+00:00,9899.269106473384
2022-06-19 10:00:00+00:00,9913.848332473384
2022-06-19 11:00:00+00:00,9911.239710473383
2022-06-19 12:00:00+00:00,9903.698054473383
2022-06-19 13:00:00+00:00,9895.811816473384
2022-06-19 14:00:00+00:00,9909.001476473384
2022-06-19 15:00:00+00:00,9919.474550473384
2022-06-19 16:00:00+00:00,9913.773979166039
2022-06-19 17:00:00+00:00,9918.845075166038
2022-06-19 18:00:00+00:00,9921.245209166038
2022-06-19 19:00:00+00:00,9921.035687166039
2022-06-19 20:00:00+00:00,9937.247279166038
2022-06-19 21:00:00+00:00,9940.06834716604
2022-06-19 22:00:00+00:00,9961.042855166039
2022-06-19 23:00:00+00:00,9943.326625166039
2022-06-20 00:00:00+00:00,9932.604569411671
2022-06-20 01:00:00+00:00,9918.451188602232
2022-06-20 02:00:00+00:00,9924.528811602233
2022-06-20 03:00:00+00:00,9916.037970602232
2022-06-20 04:00:00+00:00,9921.455624602233
2022-06-20 05:00:00+00:00,9921.159821602232
2022-06-20 06:00:00+00:00,9909.127058602233
2022-06-20 07:00:00+00:00,9905.594462602232
2022-06-20 08:00:00+00:00,9915.929787874275
2022-06-20 09:00:00+00:00,9944.747892874275
2022-06-20 10:00:00+00:00,9926.556418874276
2022-06-20 11:00:00+00:00,9886.586166874275
2022-06-20 12:00:00+00:00,9876.078286874275
2022-06-20 13:00:00+00:00,9930.830542874275
2022-06-20 14:00:00+00:00,9940.467482874275
2022-06-20 15:00:00+00:00,9926.830643874275
2022-06-20 16:00:00+00:00,9917.582022500777
2022-06-20 17:00:00+00:00,9908.359249500776
2022-06-20 18:00:00+00:00,9939.702178500776
2022-06-20 19:00:00+00:00,9934.025485500777
2022-06-20 20:00:00+00:00,9943.646121500777
2022-06-20 21:00:00+00:00,9999.336516500776
2022-06-20 22:00:00+00:00,9991.178415500777
2022-06-20 23:00:00+00:00,10006.939934500777
2022-06-21 00:00:00+00:00,9998.441733539246
2022-06-21 01:00:00+00:00,9996.975062895963
2022-06-21 02:00:00+00:00,9993.060993964777
2022-06-21 03:00:00+00:00,10005.536349964776
2022-06-21 04:00:00+00:00,10007.047334964776
2022-06-21 05:00:00+00:00,10001.340345964776
2022-06-21 06:00:00+00:00,10013.777234964777
2022-06-21 07:00:00+00:00,10023.946007964776
2022-06-21 08:00:00+00:00,9979.056820068801
2022-06-21 09:00:00+00:00,9978.765321068802
2022-06-21 10:00:00+00:00,9964.730962068801
2022-06-21 11:00:00+00:00,9999.975475068803
2022-06-21 12:00:00+00:00,10009.626171068801
2022-06-21 13:00:00+00:00,9991.300781068801
2022-06-21 14:00:00+00:00,9961.143452068802
2022-06-21 15:00:00+00:00,9952.560299068802
2022-06-21 16:00:00+00:00,9943.207596818858
2022-06-21 17:00:00+00:00,9932.050468818858
2022-06-21 18:00:00+00:00,9929.318970818858
2022-06-21 19:00:00+00:00,9936.519643818858
2022-06-21 20:00:00+00:00,9933.90612481886
2022-06-21 21:00:00+00:00,9934.850836818858
2022-06-21 22:00:00+00:00,9927.539348818858
2022-06-21 23:00:00+00:00,9926.26333981886
2022-06-22 00:00:00+00:00,9943.661339038354
2022-06-22 01:00:00+00:00,9970.079302125432
2022-06-22 02:00:00+00:00,9978.101924125433
2022-06-22 03:00:00+00:00,9975.191364125432
2022-06-22 04:00:00+00:00,9960.947520125432
2022-06-22 05:00:00+00:00,9968.423754125432
2022-06-22 06:00:00+00:00,9957.982764125432
2022-06-22 07:00:00+00:00,9975.641084125431
2022-06-22 08:00:00+00:00,9972.328415616907
2022-06-22 09:00:00+00:00,9969.249115616907
2022-06-22 10:00:00+00:00,9965.751557616906
2022-06-22 11:00:00+00:00,9959.933357616907
2022-06-22 12:00:00+00:00,9971.776715616907
2022-06-22 13:00:00+00:00,9958.953573616907
2022-06-22 14:00:00+00:00,9959.514549616906
2022-06-22 15:00:00+00:00,9973.372629616908
2022-06-22 16:00:00+00:00,9968.792884216078
2022-06-22 17:00:00+00:00,9987.395384216077
2022-06-22 18:00:00+00:00,9971.745354216077
2022-06-22 19:00:00+00:00,9990.697492216077
2022-06-22 20:00:00+00:00,9996.237234216078
2022-06-22 21:00:00+00:00,9993.819316216077
2022-06-22 22:00:00+00:00,9985.503290216076
2022-06-22 23:00:00+00:00,10010.646910216077
2022-06-23 00:00:00+00:00,9996.325353474876
2022-06-23 01:00:00+00:00,9988.030790220231
2022-06-23 02:00:00+00:00,9966.534659220231
2022-06-23 03:00:00+00:00,9973.71822322023
2022-06-23 04:00:00+00:00,9979.74358422023
2022-06-23 05:00:00+00:00,9993.186099220231
2022-06-23 06:00:00+00:00,9970.16870622023
2022-06-23 07:00:00+00:00,9978.45925422023
2022-06-23 08:00:00+00:00,9983.1471339694
2022-06-23 09:00:00+00:00,9975.459232969399
2022-06-23 10:00:00+00:00,9976.014290969399
2022-06-23 11:00:00+00:00,9970.2323899694
2022-06-23 12:00:00+00:00,9978.2874469694
2022-06-23 13:00:00+00:00,9993.1213589694
2022-06-23 14:00:00+00:00,9991.450716969399
2022-06-23 15:00:00+00:00,10002.440211969399
2022-06-23 16:00:00+00:00,10000.094812135969
2022-06-23 17:00:00+00:00,9999.938733135969
2022-06-23 18:00:00+00:00,9990.47250513597
2022-06-23 19:00:00+00:00,9993.720076135969
2022-06-23 20:00:00+00:00,9982.74840413597
2022-06-23 21:00:00+00:00,9988.897983135968
2022-06-23 22:00:00+00:00,9978.520389135969
2022-06-23 23:00:00+00:00,9993.14738913597
2022-06-24 00:00:00+00:00,9979.908976103523
2022-06-24 01:00:00+00:00,10003.080934396734
2022-06-24 02:00:00+00:00,9998.198349396733
2022-06-24 03:00:00+00:00,10012.112624396734
2022-06-24 04:00:00+00:00,10018.969169396732
2022-06-24 05:00:00+00:00,10020.194204396734
2022-06-24 06:00:00+00:00,10017.737039396734
2022-06-24 07:00:00+00:00,10016.613729396733
2022-06-24 08:00:00+00:00,10016.692728270313
2022-06-24 09:00:00+00:00,10021.623183270314
2022-06-24 10:00:00+00:00,10016.341063270314
2022-06-24 11:00:00+00:00,10022.288003270314
2022-06-24 12:00:00+00:00,10013.350543270313
2022-06-24 13:00:00+00:00,10002.733813270313
2022-06-24 14:00:00+00:00,10001.637128270313
2022-06-24 15:00:00+00:00,10002.855233270313
2022-06-24 16:00:00+00:00,9992.469517539816
2022-06-24 17:00:00+00:00,9997.181622539816
2022-06-24 18:00:00+00:00,9989.043662539816
2022-06-24 19:00:00+00:00,9992.867602539816
2022-06-24 20:00:00+00:00,9993.343252539817
2022-06-24 21:00:00+00:00,9988.009072539817
2022-06-24 22:00:00+00:00,9999.262772539816
2022-06-24 23:00:00+00:00,10004.168977539815
2022-06-25 00:00:00+00:00,10005.01365026189
2022-06-25 01:00:00+00:00,9988.879956975225
2022-06-25 02:00:00+00:00,9998.624621975225
2022-06-25 03:00:00+00:00,9994.137881975224
2022-06-25 04:00:00+00:00,9994.129436975225
2022-06-25 05:00:00+00:00,9989.367411975225
2022-06-25 06:00:00+00:00,9986.604371975225
2022-06-25 07:00:00+00:00,9983.980031975225
2022-06-25 08:00:00+00:00,9989.781940579942
2022-06-25 09:00:00+00:00,9980.930725579943
2022-06-25 10:00:00+00:00,9984.221325579943
2022-06-25 11:00:00+00:00,9997.655220579943
2022-06-25 12:00:00+00:00,10020.992645579943
2022-06-25 13:00:00+00:00,10009.248080579942
2022-06-25 14:00:00+00:00,10007.561765579943
2022-06-25 15:00:00+00:00,10015.633225579943
2022-06-25 16:00:00+00:00,10001.412456970134
2022-06-25 17:00:00+00:00,10008.371111970135
2022-06-25 18:00:00+00:00,9999.716776970135
2022-06-25 19:00:00+00:00,9995.167076970134
2022-06-25 20:00:00+00:00,9996.895001970135
2022-06-25 21:00:00+00:00,9992.792961970135
2022-06-25 22:00:00+00:00,10007.359206970135
2022-06-25 23:00:00+00:00,10001.998701970135
2022-06-26 00:00:00+00:00,9988.9805066312
2022-06-26 01:00:00+00:00,9994.205241133595
2022-06-26 02:00:00+00:00,9992.101901133596
2022-06-26 03:00:00+00:00,9987.644111133595
2022-06-26 04:00:00+00:00,9985.307256133596
2022-06-26 05:00:00+00:00,9986.492866133596
2022-06-26 06:00:00+00:00,9977.982096133595
2022-06-26 07:00:00+00:00,9971.321881133596
2022-06-26 08:00:00+00:00,9976.387043449997
2022-06-26 09:00:00+00:00,9978.364738449996
2022-06-26 10:00:00+00:00,9979.074538449997
2022-06-26 11:00:00+00:00,9981.658193449997
2022-06-26 12:00:00+00:00,9986.105783449997
2022-06-26 13:00:00+00:00,9984.173453449997
2022-06-26 14:00:00+00:00,9987.116043449996
2022-06-26 15:00:00+00:00,9994.314758449997
2022-06-26 16:00:00+00:00,9996.212079161105
2022-06-26 17:00:00+00:00,9999.068249161106
2022-06-26 18:00:00+00:00,10001.818914161106
2022-06-26 19:00:00+00:00,9998.125634161106
2022-06-26 20:00:00+00:00,9993.407004161107
2022-06-26 21:00:00+00:00,9995.693384161106
2022-06-26 22:00:00+00:00,10001.065024161106
2022-06-26 23:00:00+00:00,10005.026379161105
2022-06-27 00:00:00+00:00,9996.855816746767
2022-06-27 01:00:00+00:00,9995.034017166765
2022-06-27 02:00:00+00:00,9992.977215166766
2022-06-27 03:00:00+00:00,9989.073178166766
2022-06-27 04:00:00+00:00,9986.768895166766
2022-06-27 05:00:00+00:00,9988.684313166767
2022-06-27 06:00:00+00:00,9985.890293166765
2022-06-27 07:00:00+00:00,9980.927250166766
2022-06-27 08:00:00+00:00,9977.426556374543
2022-06-27 09:00:00+00:00,9976.499695374543
2022-06-27 10:00:00+00:00,9980.589274374543
2022-06-27 11:00:00+00:00,9984.075796374544
2022-06-27 12:00:00+00:00,9984.191180374542
2022-06-27 13:00:00+00:00,9988.243228374542
2022-06-27 14:00:00+00:00,9985.927561374543
2022-06-27 15:00:00+00:00,9988.876005374543
2022-06-27 16:00:00+00:00,9987.925028650634
2022-06-27 17:00:00+00:00,9989.402684650635
2022-06-27 18:00:00+00:00,9988.102244650634
2022-06-27 19:00:00+00:00,9992.132639650634
2022-06-27 20:00:00+00:00,9989.761890650634
2022-06-27 21:00:00+00:00,9987.771517650634
2022-06-27 22:00:00+00:00,9980.831543650635
2022-06-27 23:00:00+00:00,9985.466938650634
2022-06-28 00:00:00+00:00,9976.64780463152
2022-06-28 01:00:00+00:00,9989.01205904761
2022-06-28 02:00:00+00:00,9994.854859047611
2022-06-28 03:00:00+00:00,9991.68813904761
2022-06-28 04:00:00+00:00,9981.874079047611
2022-06-28 05:00:00+00:00,9980.63930904761
2022-06-28 06:00:00+00:00,9976.78711904761
2022-06-28 07:00:00+00:00,9977.26299904761
2022-06-28 08:00:00+00:00,9977.691403652321
2022-06-28 09:00:00+00:00,9979.794653652321
2022-06-28 10:00:00+00:00,9981.68329365232
2022-06-28 11:00:00+00:00,9981.49801365232
2022-06-28 12:00:00+00:00,9979.910073652321
2022-06-28 13:00:00+00:00,9977.22944365232
2022-06-28 14:00:00+00:00,9980.69718365232
2022-06-28 15:00:00+00:00,9981.347613652322
2022-06-28 16:00:00+00:00,9975.202979920829
2022-06-28 17:00:00+00:00,9975.02291992083
2022-06-28 18:00:00+00:00,9974.985669920829
2022-06-28 19:00:00+00:00,9971.485379920829
2022-06-28 20:00:00+00:00,9970.996609920829
2022-06-28 21:00:00+00:00,9966.737019920829
2022-06-28 22:00:00+00:00,9972.225659920829
2022-06-28 23:00:00+00:00,9970.551749920829
2022-06-29 00:00:00+00:00,9965.766828853984
2022-06-29 01:00:00+00:00,9965.746870839983
2022-06-29 02:00:00+00:00,9962.884120839983
2022-06-29 03:00:00+00:00,9959.849280839982
2022-06-29 04:00:00+00:00,9955.510600839983
2022-06-29 05:00:00+00:00,9951.235240839982
2022-06-29 06:00:00+00:00,9949.851700839983
2022-06-29 07:00:00+00:00,9946.288030839984
2022-06-29 08:00:00+00:00,9943.910238128146
2022-06-29 09:00:00+00:00,9940.468078128146
2022-06-29 10:00:00+00:00,9940.097758128146
2022-06-29 11:00:00+00:00,9940.307548128147
2022-06-29 12:00:00+00:00,9940.320308128146
2022-06-29 13:00:00+00:00,9931.988988128147
2022-06-29 14:00:00+00:00,9931.681498128146
2022-06-29 15:00:00+00:00,9932.939048128146
2022-06-29 16:00:00+00:00,9933.609632053465
2022-06-29 17:00:00+00:00,9932.027232053466
2022-06-29 18:00:00+00:00,9934.359932053465
2022-06-29 19:00:00+00:00,9935.169272053465
2022-06-29 20:00:00+00:00,9935.553602053466
2022-06-29 21:00:00+00:00,9936.191082053465
2022-06-29 22:00:00+00:00,9938.535282053464
2022-06-29 23:00:00+00:00,9938.474132053465
2022-06-30 00:00:00+00:00,9936.509682553658
2022-06-30 01:00:00+00:00,9939.284716885664
2022-06-30 02:00:00+00:00,9934.306956885664
2022-06-30 03:00:00+00:00,9935.557006885665
2022-06-30 04:00:00+00:00,9937.418826885665
2022-06-30 05:00:00+00:00,9937.858246885666
2022-06-30 06:00:00+00:00,9943.371526885665
2022-06-30 07:00:00+00:00,9944.175736885665
2022-06-30 08:00:00+00:00,9947.797787730593
2022-06-30 09:00:00+00:00,9943.542497730592
2022-06-30 10:00:00+00:00,9939.621767730592
2022-06-30 11:00:00+00:00,9937.974837730593
2022-06-30 12:00:00+00:00,9937.572317730594
2022-06-30 13:00:00+00:00,9941.982057730593
2022-06-30 14:00:00+00:00,9940.158617730593
2022-06-30 15:00:00+00:00,9941.020547730594
2022-06-30 16:00:00+00:00,9940.366749551156
2022-06-30 17:00:00+00:00,9940.981749551156
2022-06-30 18:00:00+00:00,9945.811729551157
2022-06-30 19:00:00+00:00,9942.985579551156
2022-06-30 20:00:00+00:00,9942.647929551156
2022-06-30 21:00:00+00:00,9945.218059551156
2022-06-30 22:00:00+00:00,9946.814039551156
2022-06-30 23:00:00+00:00,9950.256749551156
2022-07-01 00:00:00+00:00,9946.633151883972
2022-07-01 01:00:00+00:00,9944.743516629975
2022-07-01 02:00:00+00:00,9943.534626629975
2022-07-01 03:00:00+00:00,9941.877226629975
2022-07-01 04:00:00+00:00,9940.265296629974
2022-07-01 05:00:00+00:00,9939.506436629974
2022-07-01 06:00:00+00:00,9939.919586629974
2022-07-01 07:00:00+00:00,9941.467406629974
2022-07-01 08:00:00+00:00,9939.93957320225
2022-07-01 09:00:00+00:00,9937.06664320225
2022-07-01 10:00:00+00:00,9938.200833202249
2022-07-01 11:00:00+00:00,9938.81692320225
2022-07-01 12:00:00+00:00,9939.00057320225
2022-07-01 13:00:00+00:00,9938.35339320225
2022-07-01 14:00:00+00:00,9938.25407320225
2022-07-01 15:00:00+00:00,9937.72016320225
2022-07-01 16:00:00+00:00,9937.776219432382
2022-07-01 17:00:00+00:00,9941.527339432383
2022-07-01 18:00:00+00:00,9941.416119432382
2022-07-01 19:00:00+00:00,9940.846499432384
2022-07-01 20:00:00+00:00,9941.783829432383
2022-07-01 21:00:00+00:00,9942.782989432384
2022-07-01 22:00:00+00:00,9941.030009432383
2022-07-01 23:00:00+00:00,9939.295229432384
2022-07-02 00:00:00+00:00,9939.64951127465
2022-07-02 01:00:00+00:00,9938.61637834665
2022-07-02 02:00:00+00:00,9938.663828346651
2022-07-02 03:00:00+00:00,9938.528478346652
2022-07-02 04:00:00+00:00,9938.171448346651
2022-07-02 05:00:00+00:00,9938.506758346652
2022-07-02 06:00:00+00:00,9938.383358346651
2022-07-02 07:00:00+00:00,9937.834148346652
2022-07-02 08:00:00+00:00,9938.415091260798
2022-07-02 09:00:00+00:00,9938.226091260798
2022-07-02 10:00:00+00:00,9939.200971260798
2022-07-02 11:00:00+00:00,9939.247091260797
2022-07-02 12:00:00+00:00,9936.027551260797
2022-07-02 13:00:00+00:00,9936.453821260797
2022-07-02 14:00:00+00:00,9935.512311260798
2022-07-02 15:00:00+00:00,9936.959241260798
2022-07-02 16:00:00+00:00,9937.803356203369
2022-07-02 17:00:00+00:00,9932.076636203368
2022-07-02 18:00:00+00:00,9930.53778620337
2022-07-02 19:00:00+00:00,9932.261546203368
2022-07-02 20:00:00+00:00,9931.996256203369
2022-07-02 21:00:00+00:00,9932.561156203368
2022-07-02 22:00:00+00:00,9932.760916203368
2022-07-02 23:00:00+00:00,9932.28735620337
2022-07-03 00:00:00+00:00,9931.901873763454
2022-07-03 01:00:00+00:00,9932.290015388937
2022-07-03 02:00:00+00:00,9931.609675388936
2022-07-03 03:00:00+00:00,9932.373285388936
2022-07-03 04:00:00+00:00,9933.894245388936
2022-07-03 05:00:00+00:00,9933.561235388937
2022-07-03 06:00:00+00:00,9933.624575388936
2022-07-03 07:00:00+00:00,9933.379825388936
2022-07-03 08:00:00+00:00,9932.898686490793
2022-07-03 09:00:00+00:00,9929.201316490793
2022-07-03 10:00:00+00:00,9930.217986490794
2022-07-03 11:00:00+00:00,9930.625186490794
2022-07-03 12:00:00+00:00,9930.874566490793
2022-07-03 13:00:00+00:00,9930.243966490794
2022-07-03 14:00:00+00:00,9929.162776490793
2022-07-03 15:00:00+00:00,9929.120016490793
2022-07-03 16:00:00+00:00,9929.404035744676
2022-07-03 17:00:00+00:00,9930.007145744676
2022-07-03 18:00:00+00:00,9929.583055744675
2022-07-03 19:00:00+00:00,9930.316465744676
2022-07-03 20:00:00+00:00,9930.899185744674
2022-07-03 21:00:00+00:00,9930.114835744675
2022-07-03 22:00:00+00:00,9930.040495744675
2022-07-03 23:00:00+00:00,9930.002465744676
2022-07-04 00:00:00+00:00,9929.609293557722
2022-07-04 01:00:00+00:00,9929.03285079172
2022-07-04 02:00:00+00:00,9929.72174079172
2022-07-04 03:00:00+00:00,9930.000630791721
2022-07-04 04:00:00+00:00,9929.99880079172
2022-07-04 05:00:00+00:00,9930.26692079172
2022-07-04 06:00:00+00:00,9929.66522079172
2022-07-04 07:00:00+00:00,9930.088840791721
2022-07-04 08:00:00+00:00,9929.997223848943
2022-07-04 09:00:00+00:00,9929.566053848943
2022-07-04 10:00:00+00:00,9929.391243848944
2022-07-04 11:00:00+00:00,9929.327783848943
2022-07-04 12:00:00+00:00,9928.806733848944
2022-07-04 13:00:00+00:00,9928.590443848943
2022-07-04 14:00:00+00:00,9927.496513848944
2022-07-04 15:00:00+00:00,9927.907713848943
2022-07-04 16:00:00+00:00,9928.252829789395
2022-07-04 17:00:00+00:00,9927.242889789395
2022-07-04 18:00:00+00:00,9927.137299789394
2022-07-04 19:00:00+00:00,9927.316569789395
2022-07-04 20:00:00+00:00,9927.576009789394
2022-07-04 21:00:00+00:00,9926.113069789395
2022-07-04 22:00:00+00:00,9925.183659789394
2022-07-04 23:00:00+00:00,9925.698029789393
2022-07-05 00:00:00+00:00,9926.89797132212
2022-07-05 01:00:00+00:00,9926.410640648117
2022-07-05 02:00:00+00:00,9926.421710648117
2022-07-05 03:00:00+00:00,9926.615060648117
2022-07-05 04:00:00+00:00,9926.287280648117
2022-07-05 05:00:00+00:00,9927.306080648117
2022-07-05 06:00:00+00:00,9927.918960648118
2022-07-05 07:00:00+00:00,9928.334330648117
2022-07-05 08:00:00+00:00,9928.485527421202
2022-07-05 09:00:00+00:00,9928.355557421202
2022-07-05 10:00:00+00:00,9927.796807421202
2022-07-05 11:00:00+00:00,9927.747627421202
2022-07-05 12:00:00+00:00,9927.136777421203
2022-07-05 13:00:00+00:00,9927.623527421203
2022-07-05 14:00:00+00:00,9927.347497421202
2022-07-05 15:00:00+00:00,9928.109157421202
2022-07-05 16:00:00+00:00,9928.130609100777
2022-07-05 17:00:00+00:00,9928.261589100777
2022-07-05 18:00:00+00:00,9929.160559100777
2022-07-05 19:00:00+00:00,9929.436009100777
2022-07-05 20:00:00+00:00,9929.686649100777
2022-07-05 21:00:00+00:00,9929.908209100777
2022-07-05 22:00:00+00:00,9929.772339100777
2022-07-05 23:00:00+00:00,9929.990659100777
2022-07-06 00:00:00+00:00,9930.279041980386
2022-07-06 01:00:00+00:00,9930.583801110388
2022-07-06 02:00:00+00:00,9930.11982111039
2022-07-06 03:00:00+00:00,9930.561761110388
2022-07-06 04:00:00+00:00,9930.829661110389
2022-07-06 05:00:00+00:00,9930.547261110389
2022-07-06 06:00:00+00:00,9930.580611110388
2022-07-06 07:00:00+00:00,9930.864201110388
2022-07-06 08:00:00+00:00,9930.668907619793
2022-07-06 09:00:00+00:00,9930.619067619793
2022-07-06 10:00:00+00:00,9931.076947619793
2022-07-06 11:00:00+00:00,9930.564447619794
2022-07-06 12:00:00+00:00,9930.187227619794
2022-07-06 13:00:00+00:00,9930.635217619792
2022-07-06 14:00:00+00:00,9930.016617619793
2022-07-06 15:00:00+00:00,9929.827687619794
2022-07-06 16:00:00+00:00,9930.231065132972
2022-07-06 17:00:00+00:00,9929.961335132972
2022-07-06 18:00:00+00:00,9930.155115132971
2022-07-06 19:00:00+00:00,9930.06685513297
2022-07-06 20:00:00+00:00,9929.91969513297
2022-07-06 21:00:00+00:00,9929.626945132972
2022-07-06 22:00:00+00:00,9929.977905132972
2022-07-06 23:00:00+00:00,9930.287225132972
2022-07-07 00:00:00+00:00,9929.628872468873
2022-07-07 01:00:00+00:00,9928.857921624873
2022-07-07 02:00:00+00:00,9929.031831624872
2022-07-07 03:00:00+00:00,9929.246041624872
2022-07-07 04:00:00+00:00,9929.293721624872
2022-07-07 05:00:00+00:00,9928.831151624872
2022-07-07 06:00:00+00:00,9929.170171624872
2022-07-07 07:00:00+00:00,9929.470501624872
2022-07-07 08:00:00+00:00,9928.366021128266
2022-07-07 09:00:00+00:00,9928.486031128266
2022-07-07 10:00:00+00:00,9928.234601128266
2022-07-07 11:00:00+00:00,9928.264401128266
2022-07-07 12:00:00+00:00,9928.062481128267
2022-07-07 13:00:00+00:00,9927.627751128266
2022-07-07 14:00:00+00:00,9928.404371128267
2022-07-07 15:00:00+00:00,9928.979011128265
2022-07-07 16:00:00+00:00,9929.497574223407
2022-07-07 17:00:00+00:00,9929.930474223407
2022-07-07 18:00:00+00:00,9930.276094223407
2022-07-07 19:00:00+00:00,9930.175404223408
2022-07-07 20:00:00+00:00,9930.190214223407
2022-07-07 21:00:00+00:00,9930.525964223407
2022-07-07 22:00:00+00:00,9930.540414223407
2022-07-07 23:00:00+00:00,9930.255344223408
2022-07-08 00:00:00+00:00,9929.789779636005
2022-07-08 01:00:00+00:00,9929.049591334006
2022-07-08 02:00:00+00:00,9928.481011334005
2022-07-08 03:00:00+00:00,9927.307251334005
2022-07-08 04:00:00+00:00,9926.587831334005
2022-07-08 05:00:00+00:00,9926.323531334005
2022-07-08 06:00:00+00:00,9925.544291334005
2022-07-08 07:00:00+00:00,9925.334831334005
2022-07-08 08:00:00+00:00,9924.90628034978
2022-07-08 09:00:00+00:00,9925.731560349781
2022-07-08 10:00:00+00:00,9925.14408034978
2022-07-08 11:00:00+00:00,9925.07756034978
2022-07-08 12:00:00+00:00,9924.84958034978
2022-07-08 13:00:00+00:00,9925.22030034978
2022-07-08 14:00:00+00:00,9925.79048034978
2022-07-08 15:00:00+00:00,9926.16890034978
2022-07-08 16:00:00+00:00,9925.509009170926
2022-07-08 17:00:00+00:00,9925.449289170927
2022-07-08 18:00:00+00:00,9925.642509170926
2022-07-08 19:00:00+00:00,9925.809769170926
2022-07-08 20:00:00+00:00,9925.603589170927
2022-07-08 21:00:00+00:00,9925.239309170927
2022-07-08 22:00:00+00:00,9925.549029170927
2022-07-08 23:00:00+00:00,9924.634429170927
2022-07-09 00:00:00+00:00,9925.561258203783
2022-07-09 01:00:00+00:00,9925.941574481782
2022-07-09 02:00:00+00:00,9925.883874481782
2022-07-09 03:00:00+00:00,9925.860734481781
2022-07-09 04:00:00+00:00,9925.841784481781
2022-07-09 05:00:00+00:00,9925.652464481782
2022-07-09 06:00:00+00:00,9925.217064481782
2022-07-09 07:00:00+00:00,9925.423344481782
2022-07-09 08:00:00+00:00,9925.180430753544
2022-07-09 09:00:00+00:00,9925.014590753544
2022-07-09 10:00:00+00:00,9924.683560753545
2022-07-09 11:00:00+00:00,9925.018950753543
2022-07-09 12:00:00+00:00,9924.834530753544
2022-07-09 13:00:00+00:00,9924.782590753544
2022-07-09 14:00:00+00:00,9924.560390753544
2022-07-09 15:00:00+00:00,9924.541200753543
2022-07-09 16:00:00+00:00,9924.573906462767
2022-07-09 17:00:00+00:00,9924.475336462767
2022-07-09 18:00:00+00:00,9924.365696462768
2022-07-09 19:00:00+00:00,9924.661666462767
2022-07-09 20:00:00+00:00,9924.346946462767
2022-07-09 21:00:00+00:00,9924.611686462767
2022-07-09 22:00:00+00:00,9924.380026462768
2022-07-09 23:00:00+00:00,9924.313676462767
2022-07-10 00:00:00+00:00,9924.373830557244
2022-07-10 01:00:00+00:00,9924.252043337243
2022-07-10 02:00:00+00:00,9924.865743337243
2022-07-10 03:00:00+00:00,9924.696133337244
2022-07-10 04:00:00+00:00,9924.741363337243
2022-07-10 05:00:00+00:00,9924.672763337243
2022-07-10 06:00:00+00:00,9924.847393337242
2022-07-10 07:00:00+00:00,9924.984253337243
2022-07-10 08:00:00+00:00,9925.325638333046
2022-07-10 09:00:00+00:00,9925.402338333048
2022-07-10 10:00:00+00:00,9925.684438333046
2022-07-10 11:00:00+00:00,9925.570518333046
2022-07-10 12:00:00+00:00,9925.969088333048
2022-07-10 13:00:00+00:00,9926.117748333047
2022-07-10 14:00:00+00:00,9926.384348333047
2022-07-10 15:00:00+00:00,9925.632428333047
2022-07-10 16:00:00+00:00,9925.66633649537
2022-07-10 17:00:00+00:00,9925.83569649537
2022-07-10 18:00:00+00:00,9925.971516495369
2022-07-10 19:00:00+00:00,9925.824546495369
2022-07-10 20:00:00+00:00,9925.82330649537
2022-07-10 21:00:00+00:00,9925.691336495369
2022-07-10 22:00:00+00:00,9926.000326495368
2022-07-10 23:00:00+00:00,9926.331346495368
2022-07-11 00:00:00+00:00,9926.87544476141
2022-07-11 01:00:00+00:00,9926.691625249412
2022-07-11 02:00:00+00:00,9926.704875249412
2022-07-11 03:00:00+00:00,9926.67288524941
2022-07-11 04:00:00+00:00,9926.629695249412
2022-07-11 05:00:00+00:00,9926.852125249412
2022-07-11 06:00:00+00:00,9927.235695249412
2022-07-11 07:00:00+00:00,9927.029615249412
2022-07-11 08:00:00+00:00,9926.932926798872
2022-07-11 09:00:00+00:00,9927.160796798871
2022-07-11 10:00:00+00:00,9927.333756798871
2022-07-11 11:00:00+00:00,9927.542416798871
2022-07-11 12:00:00+00:00,9927.440346798872
2022-07-11 13:00:00+00:00,9927.986126798873
2022-07-11 14:00:00+00:00,9928.126096798873
2022-07-11 15:00:00+00:00,9927.836236798872
2022-07-11 16:00:00+00:00,9927.763000864285
2022-07-11 17:00:00+00:00,9927.681800864284
2022-07-11 18:00:00+00:00,9927.504430864285
2022-07-11 19:00:00+00:00,9927.810950864285
2022-07-11 20:00:00+00:00,9927.545990864284
2022-07-11 21:00:00+00:00,9928.015420864283
2022-07-11 22:00:00+00:00,9929.444340864284
2022-07-11 23:00:00+00:00,9929.013000864285
2022-07-12 00:00:00+00:00,9928.856136648972
2022-07-12 01:00:00+00:00,9928.75086301897
2022-07-12 02:00:00+00:00,9928.88663301897
2022-07-12 03:00:00+00:00,9928.24278301897
2022-07-12 04:00:00+00:00,9928.49718301897
2022-07-12 05:00:00+00:00,9928.50696301897
2022-07-12 06:00:00+00:00,9928.436143018971
2022-07-12 07:00:00+00:00,9927.99938301897
2022-07-12 08:00:00+00:00,9928.489062218376
2022-07-12 09:00:00+00:00,9928.122102218376
2022-07-12 10:00:00+00:00,9928.431732218376
2022-07-12 11:00:00+00:00,9928.631692218376
2022-07-12 12:00:00+00:00,9928.916472218376
2022-07-12 13:00:00+00:00,9928.864462218377
2022-07-12 14:00:00+00:00,9929.330412218376
2022-07-12 15:00:00+00:00,9929.271312218376
2022-07-12 16:00:00+00:00,9929.460681564653
2022-07-12 17:00:00+00:00,9929.306131564652
2022-07-12 18:00:00+00:00,9928.608951564653
2022-07-12 19:00:00+00:00,9928.633371564652
2022-07-12 20:00:00+00:00,9928.446991564653
2022-07-12 21:00:00+00:00,9928.074751564653
2022-07-12 22:00:00+00:00,9928.159101564652
2022-07-12 23:00:00+00:00,9927.985351564652
2022-07-13 00:00:00+00:00,9927.81441283542
2022-07-13 01:00:00+00:00,9927.244122211467
2022-07-13 02:00:00+00:00,9927.584202211467
2022-07-13 03:00:00+00:00,9927.180692211467
2022-07-13 04:00:00+00:00,9927.384252211466
2022-07-13 05:00:00+00:00,9927.558632211467
2022-07-13 06:00:00+00:00,9927.430852211466
2022-07-13 07:00:00+00:00,9927.883972211466
2022-07-13 08:00:00+00:00,9927.756050895781
2022-07-13 09:00:00+00:00,9927.759920895782
2022-07-13 10:00:00+00:00,9928.020440895782
2022-07-13 11:00:00+00:00,9928.00242089578
2022-07-13 12:00:00+00:00,9927.56548089578
2022-07-13 13:00:00+00:00,9927.904680895781
2022-07-13 14:00:00+00:00,9928.16226089578
2022-07-13 15:00:00+00:00,9928.185180895782
2022-07-13 16:00:00+00:00,9928.492207593668
2022-07-13 17:00:00+00:00,9928.69234759367
2022-07-13 18:00:00+00:00,9928.853457593668
2022-07-13 19:00:00+00:00,9928.727317593668
2022-07-13 20:00:00+00:00,9928.57655759367
2022-07-13 21:00:00+00:00,9928.875727593668
2022-07-13 22:00:00+00:00,9928.857337593668
2022-07-13 23:00:00+00:00,9929.00188759367
2022-07-14 00:00:00+00:00,9929.205128055135
2022-07-14 01:00:00+00:00,9929.708095233398
2022-07-14 02:00:00+00:00,9929.646459233398
2022-07-14 03:00:00+00:00,9929.657317233397
2022-07-14 04:00:00+00:00,9930.178351233397
2022-07-14 05:00:00+00:00,9931.039479233397
2022-07-14 06:00:00+00:00,9931.420975233397
2022-07-14 07:00:00+00:00,9931.858819233397
2022-07-14 08:00:00+00:00,9933.764998719687
2022-07-14 09:00:00+00:00,9932.908844719686
2022-07-14 10:00:00+00:00,9933.098250719688
2022-07-14 11:00:00+00:00,9932.977876719688
2022-07-14 12:00:00+00:00,9933.077732719687
2022-07-14 13:00:00+00:00,9933.459034719686
2022-07-14 14:00:00+00:00,9933.776448719687
2022-07-14 15:00:00+00:00,9933.640428719687
2022-07-14 16:00:00+00:00,9934.585649374101
2022-07-14 17:00:00+00:00,9934.693869374101
2022-07-14 18:00:00+00:00,9934.023011374102
2022-07-14 19:00:00+00:00,9933.295677374103
2022-07-14 20:00:00+00:00,9932.798571374102
2022-07-14 21:00:00+00:00,9933.032847374101
2022-07-14 22:00:00+00:00,9934.026247374102
2022-07-14 23:00:00+00:00,9934.417025374101
2022-07-15 00:00:00+00:00,9935.18135342759
2022-07-15 01:00:00+00:00,9929.585684121594
2022-07-15 02:00:00+00:00,9931.054126121595
2022-07-15 03:00:00+00:00,9930.799964121594
2022-07-15 04:00:00+00:00,9932.431842121594
2022-07-15 05:00:00+00:00,9932.298548121595
2022-07-15 06:00:00+00:00,9933.059184121594
2022-07-15 07:00:00+00:00,9927.538420121595
2022-07-15 08:00:00+00:00,9922.677066215445
2022-07-15 09:00:00+00:00,9919.178282215444
2022-07-15 10:00:00+00:00,9922.625702215444
2022-07-15 11:00:00+00:00,9923.509052215444
2022-07-15 12:00:00+00:00,9922.557902215445
2022-07-15 13:00:00+00:00,9922.601948215444
2022-07-15 14:00:00+00:00,9924.724606215445
2022-07-15 15:00:00+00:00,9926.520616215445
2022-07-15 16:00:00+00:00,9929.58129257319
2022-07-15 17:00:00+00:00,9930.10333257319
2022-07-15 18:00:00+00:00,9927.13044657319
2022-07-15 19:00:00+00:00,9925.30102257319
2022-07-15 20:00:00+00:00,9927.89634257319
2022-07-15 21:00:00+00:00,9927.23091257319
2022-07-15 22:00:00+00:00,9925.82720657319
2022-07-15 23:00:00+00:00,9927.428748573191
2022-07-16 00:00:00+00:00,9932.497185474269
2022-07-16 01:00:00+00:00,9929.03332114311
2022-07-16 02:00:00+00:00,9928.126167143111
2022-07-16 03:00:00+00:00,9929.78033914311
2022-07-16 04:00:00+00:00,9926.930978143111
2022-07-16 05:00:00+00:00,9927.42872814311
2022-07-16 06:00:00+00:00,9928.08498414311
2022-07-16 07:00:00+00:00,9928.08484114311
2022-07-16 08:00:00+00:00,9925.357210784121
2022-07-16 09:00:00+00:00,9926.27449678412
2022-07-16 10:00:00+00:00,9922.40786178412
2022-07-16 11:00:00+00:00,9923.988401784121
2022-07-16 12:00:00+00:00,9923.994618784121
2022-07-16 13:00:00+00:00,9928.42504478412
2022-07-16 14:00:00+00:00,9925.452918784122
2022-07-16 15:00:00+00:00,9925.34455078412
2022-07-16 16:00:00+00:00,9924.858429241895
2022-07-16 17:00:00+00:00,9928.233793241894
2022-07-16 18:00:00+00:00,9924.440628241895
2022-07-16 19:00:00+00:00,9926.757651241895
2022-07-16 20:00:00+00:00,9928.288747241895
2022-07-16 21:00:00+00:00,9928.349110241894
2022-07-16 22:00:00+00:00,9927.770377241895
2022-07-16 23:00:00+00:00,9927.553923241894
2022-07-17 00:00:00+00:00,9924.39411794279
2022-07-17 01:00:00+00:00,9928.632962793812
2022-07-17 02:00:00+00:00,9922.643849793812
2022-07-17 03:00:00+00:00,9928.874961793812
2022-07-17 04:00:00+00:00,9927.193120793812
2022-07-17 05:00:00+00:00,9929.767586793812
2022-07-17 06:00:00+00:00,9914.677754793813
2022-07-17 07:00:00+00:00,9922.350345793811
2022-07-17 08:00:00+00:00,9924.46730937588
2022-07-17 09:00:00+00:00,9924.336393375881
2022-07-17 10:00:00+00:00,9930.264635375881
2022-07-17 11:00:00+00:00,9925.553064375881
2022-07-17 12:00:00+00:00,9926.38833437588
2022-07-17 13:00:00+00:00,9928.93350937588
2022-07-17 14:00:00+00:00,9921.650591375881
2022-07-17 15:00:00+00:00,9929.710748375881
2022-07-17 16:00:00+00:00,9926.609652317205
2022-07-17 17:00:00+00:00,9934.757887317206
2022-07-17 18:00:00+00:00,9931.202400317205
2022-07-17 19:00:00+00:00,9934.631571317206
2022-07-17 20:00:00+00:00,9940.072019317206
2022-07-17 21:00:00+00:00,9936.435664317205
2022-07-17 22:00:00+00:00,9925.698921317206
2022-07-17 23:00:00+00:00,9924.691747317205
2022-07-18 00:00:00+00:00,9929.744682814586
2022-07-18 01:00:00+00:00,9919.780212217185
2022-07-18 02:00:00+00:00,9911.709149217186
2022-07-18 03:00:00+00:00,9903.239801217185
2022-07-18 04:00:00+00:00,9875.122136217185
2022-07-18 05:00:00+00:00,9885.544394217184
2022-07-18 06:00:00+00:00,9902.125852217185
2022-07-18 07:00:00+00:00,9918.055159217185
2022-07-18 08:00:00+00:00,9865.398996952874
2022-07-18 09:00:00+00:00,9865.759674952875
2022-07-18 10:00:00+00:00,9863.037474952875
2022-07-18 11:00:00+00:00,9863.909610952875
2022-07-18 12:00:00+00:00,9831.116772952875
2022-07-18 13:00:00+00:00,9827.235587952875
2022-07-18 14:00:00+00:00,9829.416113952875
2022-07-18 15:00:00+00:00,9849.681422952875
2022-07-18 16:00:00+00:00,9845.260735166717
2022-07-18 17:00:00+00:00,9850.320169166718
2022-07-18 18:00:00+00:00,9857.278081166718
2022-07-18 19:00:00+00:00,9854.129563166718
2022-07-18 20:00:00+00:00,9846.699161166718
2022-07-18 21:00:00+00:00,9837.607355166718
2022-07-18 22:00:00+00:00,9836.724246166717
2022-07-18 23:00:00+00:00,9850.187249166718
2022-07-19 00:00:00+00:00,9840.156342772494
2022-07-19 01:00:00+00:00,9841.389917943035
2022-07-19 02:00:00+00:00,9834.249918943036
2022-07-19 03:00:00+00:00,9824.267444943036
2022-07-19 04:00:00+00:00,9819.217233943036
2022-07-19 05:00:00+00:00,9823.089791943035
2022-07-19 06:00:00+00:00,9835.309971943036
2022-07-19 07:00:00+00:00,9817.202848943036
2022-07-19 08:00:00+00:00,9795.642381433972
2022-07-19 09:00:00+00:00,9796.842263433971
2022-07-19 10:00:00+00:00,9791.581592433971
2022-07-19 11:00:00+00:00,9768.331856433972
2022-07-19 12:00:00+00:00,9767.022054433972
2022-07-19 13:00:00+00:00,9778.100945433971
2022-07-19 14:00:00+00:00,9785.990719433972
2022-07-19 15:00:00+00:00,9807.644911433972
2022-07-19 16:00:00+00:00,9821.795739088702
2022-07-19 17:00:00+00:00,9825.703582088703
2022-07-19 18:00:00+00:00,9823.862337088703
2022-07-19 19:00:00+00:00,9828.152841088702
2022-07-19 20:00:00+00:00,9810.804045088704
2022-07-19 21:00:00+00:00,9788.988976088704
2022-07-19 22:00:00+00:00,9796.500102088703
2022-07-19 23:00:00+00:00,9786.113002088703
2022-07-20 00:00:00+00:00,9801.682125857456
2022-07-20 01:00:00+00:00,9763.851144480102
2022-07-20 02:00:00+00:00,9749.417616480103
2022-07-20 03:00:00+00:00,9758.809586480102
2022-07-20 04:00:00+00:00,9753.565858480102
2022-07-20 05:00:00+00:00,9742.975702480102
2022-07-20 06:00:00+00:00,9727.611518480102
2022-07-20 07:00:00+00:00,9723.762276480102
2022-07-20 08:00:00+00:00,9729.40463781704
2022-07-20 09:00:00+00:00,9710.073205817042
2022-07-20 10:00:00+00:00,9744.75184181704
2022-07-20 11:00:00+00:00,9754.69382981704
2022-07-20 12:00:00+00:00,9756.56463181704
2022-07-20 13:00:00+00:00,9753.953385817042
2022-07-20 14:00:00+00:00,9745.75889181704
2022-07-20 15:00:00+00:00,9775.226957817042
2022-07-20 16:00:00+00:00,9790.202278482811
2022-07-20 17:00:00+00:00,9789.879886482811
2022-07-20 18:00:00+00:00,9785.98304848281
2022-07-20 19:00:00+00:00,9780.470064482812
2022-07-20 20:00:00+00:00,9810.779226482811
2022-07-20 21:00:00+00:00,9795.45087448281
2022-07-20 22:00:00+00:00,9799.885858482812
2022-07-20 23:00:00+00:00,9802.983242482811
2022-07-21 00:00:00+00:00,9771.269115745927
2022-07-21 01:00:00+00:00,9789.067155333032
2022-07-21 02:00:00+00:00,9810.997893333031
2022-07-21 03:00:00+00:00,9799.443391333032
2022-07-21 04:00:00+00:00,9789.706581333032
2022-07-21 05:00:00+00:00,9790.648839333033
2022-07-21 06:00:00+00:00,9796.522909333033
2022-07-21 07:00:00+00:00,9803.412603333032
2022-07-21 08:00:00+00:00,9804.904705043728
2022-07-21 09:00:00+00:00,9806.271453043728
2022-07-21 10:00:00+00:00,9810.188497043728
2022-07-21 11:00:00+00:00,9802.056189043727
2022-07-21 12:00:00+00:00,9808.746707043727
2022-07-21 13:00:00+00:00,9802.460589043727
2022-07-21 14:00:00+00:00,9810.688495043727
2022-07-21 15:00:00+00:00,9820.471473043728
2022-07-21 16:00:00+00:00,9825.661497735857
2022-07-21 17:00:00+00:00,9808.521035735856
2022-07-21 18:00:00+00:00,9812.081175735857
2022-07-21 19:00:00+00:00,9807.233269735856
2022-07-21 20:00:00+00:00,9806.844319735856
2022-07-21 21:00:00+00:00,9803.720915735856
2022-07-21 22:00:00+00:00,9811.391097735856
2022-07-21 23:00:00+00:00,9809.301495735855
2022-07-22 00:00:00+00:00,9789.035972756634
2022-07-22 01:00:00+00:00,9785.138504004663
2022-07-22 02:00:00+00:00,9790.924498004662
2022-07-22 03:00:00+00:00,9804.831486004661
2022-07-22 04:00:00+00:00,9826.414752004663
2022-07-22 05:00:00+00:00,9820.307202004662
2022-07-22 06:00:00+00:00,9805.884498004662
2022-07-22 07:00:00+00:00,9809.312790004662
2022-07-22 08:00:00+00:00,9817.953593314247
2022-07-22 09:00:00+00:00,9813.982233314247
2022-07-22 10:00:00+00:00,9799.011985314248
2022-07-22 11:00:00+00:00,9812.662805314249
2022-07-22 12:00:00+00:00,9823.489533314249
2022-07-22 13:00:00+00:00,9845.132527314248
2022-07-22 14:00:00+00:00,9845.223629314249
2022-07-22 15:00:00+00:00,9862.595553314248
2022-07-22 16:00:00+00:00,9866.84018999272
2022-07-22 17:00:00+00:00,9864.072987992718
2022-07-22 18:00:00+00:00,9852.60639999272
2022-07-22 19:00:00+00:00,9870.45219199272
2022-07-22 20:00:00+00:00,9880.03411599272
2022-07-22 21:00:00+00:00,9869.41305599272
2022-07-22 22:00:00+00:00,9855.21226199272
2022-07-22 23:00:00+00:00,9860.95951199272
2022-07-23 00:00:00+00:00,9837.376834286095
2022-07-23 01:00:00+00:00,9826.185447724285
2022-07-23 02:00:00+00:00,9822.564572724286
2022-07-23 03:00:00+00:00,9825.177697724286
2022-07-23 04:00:00+00:00,9813.541287724285
2022-07-23 05:00:00+00:00,9815.679357724286
2022-07-23 06:00:00+00:00,9815.746167724286
2022-07-23 07:00:00+00:00,9813.958797724286
2022-07-23 08:00:00+00:00,9790.541977980973
2022-07-23 09:00:00+00:00,9772.00827798097
2022-07-23 10:00:00+00:00,9772.408897980971
2022-07-23 11:00:00+00:00,9773.959222980971
2022-07-23 12:00:00+00:00,9756.179177980972
2022-07-23 13:00:00+00:00,9755.776927746374
2022-07-23 14:00:00+00:00,9754.351583746375
2022-07-23 15:00:00+00:00,9750.154389746374
2022-07-23 16:00:00+00:00,9750.109313245372
2022-07-23 17:00:00+00:00,9746.658307245372
2022-07-23 18:00:00+00:00,9751.374853245372
2022-07-23 19:00:00+00:00,9750.475469245372
2022-07-23 20:00:00+00:00,9744.579041245372
2022-07-23 21:00:00+00:00,9739.800003245371
2022-07-23 22:00:00+00:00,9742.915999245371
2022-07-23 23:00:00+00:00,9743.371077245372
2022-07-24 00:00:00+00:00,9732.192285284149
2022-07-24 01:00:00+00:00,9738.95349717999
2022-07-24 02:00:00+00:00,9737.714805179989
2022-07-24 03:00:00+00:00,9749.255167179988
2022-07-24 04:00:00+00:00,9733.53990717999
2022-07-24 05:00:00+00:00,9755.25872117999
2022-07-24 06:00:00+00:00,9759.470397179988
2022-07-24 07:00:00+00:00,9764.66766017999
2022-07-24 08:00:00+00:00,9767.884781906456
2022-07-24 09:00:00+00:00,9767.402061906456
2022-07-24 10:00:00+00:00,9767.289872906456
2022-07-24 11:00:00+00:00,9777.817833906456
2022-07-24 12:00:00+00:00,9769.602519906457
2022-07-24 13:00:00+00:00,9770.922063906457
2022-07-24 14:00:00+00:00,9776.473977906457
2022-07-24 15:00:00+00:00,9782.567915906457
2022-07-24 16:00:00+00:00,9774.959928818582
2022-07-24 17:00:00+00:00,9784.71404181858
2022-07-24 18:00:00+00:00,9798.66977681858
2022-07-24 19:00:00+00:00,9800.321054818582
2022-07-24 20:00:00+00:00,9795.849428818581
2022-07-24 21:00:00+00:00,9788.819866818581
2022-07-24 22:00:00+00:00,9792.940960818582
2022-07-24 23:00:00+00:00,9792.84374681858
2022-07-25 00:00:00+00:00,9790.97621247486
2022-07-25 01:00:00+00:00,9792.34540722125
2022-07-25 02:00:00+00:00,9785.21189522125
2022-07-25 03:00:00+00:00,9790.748387221249
2022-07-25 04:00:00+00:00,9778.030782221249
2022-07-25 05:00:00+00:00,9778.63025122125
2022-07-25 06:00:00+00:00,9765.679691221249
2022-07-25 07:00:00+00:00,9775.722177221249
2022-07-25 08:00:00+00:00,9772.512280126572
2022-07-25 09:00:00+00:00,9775.724813126571
2022-07-25 10:00:00+00:00,9782.610392126573
2022-07-25 11:00:00+00:00,9783.510852126572
2022-07-25 12:00:00+00:00,9789.745157126572
2022-07-25 13:00:00+00:00,9791.281421126572
2022-07-25 14:00:00+00:00,9787.775008126573
2022-07-25 15:00:00+00:00,9791.851676126573
2022-07-25 16:00:00+00:00,9792.61200360598
2022-07-25 17:00:00+00:00,9793.794601605981
2022-07-25 18:00:00+00:00,9779.89889760598
2022-07-25 19:00:00+00:00,9777.14594060598
2022-07-25 20:00:00+00:00,9772.14565560598
2022-07-25 21:00:00+00:00,9774.175661605981
2022-07-25 22:00:00+00:00,9755.408050605982
2022-07-25 23:00:00+00:00,9764.427581605982
2022-07-26 00:00:00+00:00,9768.858971745634
2022-07-26 01:00:00+00:00,9758.197964987432
2022-07-26 02:00:00+00:00,9756.373791987431
2022-07-26 03:00:00+00:00,9758.975539987432
2022-07-26 04:00:00+00:00,9760.379857987431
2022-07-26 05:00:00+00:00,9756.189945987431
2022-07-26 06:00:00+00:00,9754.90687898743
2022-07-26 07:00:00+00:00,9745.139357987431
2022-07-26 08:00:00+00:00,9741.166899048181
2022-07-26 09:00:00+00:00,9733.763889048181
2022-07-26 10:00:00+00:00,9745.915841048181
2022-07-26 11:00:00+00:00,9742.053211048182
2022-07-26 12:00:00+00:00,9748.601370048182
2022-07-26 13:00:00+00:00,9746.178524048182
2022-07-26 14:00:00+00:00,9751.608017048182
2022-07-26 15:00:00+00:00,9746.845441048183
2022-07-26 16:00:00+00:00,9752.90090327291
2022-07-26 17:00:00+00:00,9766.73038727291
2022-07-26 18:00:00+00:00,9766.85144827291
2022-07-26 19:00:00+00:00,9761.27297927291
2022-07-26 20:00:00+00:00,9768.037920272911
2022-07-26 21:00:00+00:00,9771.42669427291
2022-07-26 22:00:00+00:00,9784.744576272911
2022-07-26 23:00:00+00:00,9794.07206827291
2022-07-27 00:00:00+00:00,9790.934645391742
2022-07-27 01:00:00+00:00,9796.590661952814
2022-07-27 02:00:00+00:00,9789.468835952814
2022-07-27 03:00:00+00:00,9785.775987952815
2022-07-27 04:00:00+00:00,9779.947874952813
2022-07-27 05:00:00+00:00,9792.665219952814
2022-07-27 06:00:00+00:00,9795.347303952814
2022-07-27 07:00:00+00:00,9797.790712952814
2022-07-27 08:00:00+00:00,9796.536640494212
2022-07-27 09:00:00+00:00,9800.582445494212
2022-07-27 10:00:00+00:00,9807.259261494211
2022-07-27 11:00:00+00:00,9803.635373494211
2022-07-27 12:00:00+00:00,9817.563529494211
2022-07-27 13:00:00+00:00,9826.338288494211
2022-07-27 14:00:00+00:00,9819.968494494211
2022-07-27 15:00:00+00:00,9819.942652494212
2022-07-27 16:00:00+00:00,9833.391527772963
2022-07-27 17:00:00+00:00,9834.776049772963
2022-07-27 18:00:00+00:00,9844.928394772964
2022-07-27 19:00:00+00:00,9847.597900772962
2022-07-27 20:00:00+00:00,9853.295055772962
2022-07-27 21:00:00+00:00,9856.885540772962
2022-07-27 22:00:00+00:00,9853.271012772962
2022-07-27 23:00:00+00:00,9863.205909772963
2022-07-28 00:00:00+00:00,9842.362227824358
2022-07-28 01:00:00+00:00,9832.289861738584
2022-07-28 02:00:00+00:00,9835.329197738583
2022-07-28 03:00:00+00:00,9844.506807738584
2022-07-28 04:00:00+00:00,9845.364859738584
2022-07-28 05:00:00+00:00,9833.077121738585
2022-07-28 06:00:00+00:00,9826.324233738584
2022-07-28 07:00:00+00:00,9831.755621738585
2022-07-28 08:00:00+00:00,9855.801890817478
2022-07-28 09:00:00+00:00,9857.643776817478
2022-07-28 10:00:00+00:00,9862.376710817478
2022-07-28 11:00:00+00:00,9840.435352817478
2022-07-28 12:00:00+00:00,9850.68530881748
2022-07-28 13:00:00+00:00,9841.482348817479
2022-07-28 14:00:00+00:00,9832.938706817478
2022-07-28 15:00:00+00:00,9834.838580817479
2022-07-28 16:00:00+00:00,9844.266874571887
2022-07-28 17:00:00+00:00,9833.019410571887
2022-07-28 18:00:00+00:00,9852.546442571887
2022-07-28 19:00:00+00:00,9851.135342571886
2022-07-28 20:00:00+00:00,9846.862360571886
2022-07-28 21:00:00+00:00,9834.902998571886
2022-07-28 22:00:00+00:00,9854.845058571887
2022-07-28 23:00:00+00:00,9865.817310571887
2022-07-29 00:00:00+00:00,9843.936924510132
2022-07-29 01:00:00+00:00,9829.808900110178
2022-07-29 02:00:00+00:00,9793.181552110178
2022-07-29 03:00:00+00:00,9763.797741110178
2022-07-29 04:00:00+00:00,9765.380083339533
2022-07-29 05:00:00+00:00,9748.218625339534
2022-07-29 06:00:00+00:00,9760.147561339532
2022-07-29 07:00:00+00:00,9753.437627339534
2022-07-29 08:00:00+00:00,9752.972192056626
2022-07-29 09:00:00+00:00,9760.353349056626
2022-07-29 10:00:00+00:00,9706.828014681974
2022-07-29 11:00:00+00:00,9728.86649388787
2022-07-29 12:00:00+00:00,9739.50279288787
2022-07-29 13:00:00+00:00,9743.53047488787
2022-07-29 14:00:00+00:00,9746.78228088787
2022-07-29 15:00:00+00:00,9746.641497887871
2022-07-29 16:00:00+00:00,9752.018237831666
2022-07-29 17:00:00+00:00,9751.844460831666
2022-07-29 18:00:00+00:00,9752.068362831666
2022-07-29 19:00:00+00:00,9750.320758831665
2022-07-29 20:00:00+00:00,9749.442164831666
2022-07-29 21:00:00+00:00,9745.469820831666
2022-07-29 22:00:00+00:00,9742.418960831665
2022-07-29 23:00:00+00:00,9735.774793831666
2022-07-30 00:00:00+00:00,9723.472930685986
2022-07-30 01:00:00+00:00,9743.55705904565
2022-07-30 02:00:00+00:00,9729.334268045652
2022-07-30 03:00:00+00:00,9731.06061204565
2022-07-30 04:00:00+00:00,9724.41023904565
2022-07-30 05:00:00+00:00,9738.25813804565
2022-07-30 06:00:00+00:00,9682.15959504565
2022-07-30 07:00:00+00:00,9650.469669045651
2022-07-30 08:00:00+00:00,9618.768950792477
2022-07-30 09:00:00+00:00,9592.15910344434
2022-07-30 10:00:00+00:00,9609.53602144434
2022-07-30 11:00:00+00:00,9606.04625644434
2022-07-30 12:00:00+00:00,9605.56982344434
2022-07-30 13:00:00+00:00,9611.529821444341
2022-07-30 14:00:00+00:00,9600.40383944434
2022-07-30 15:00:00+00:00,9582.39421144434
2022-07-30 16:00:00+00:00,9584.646704995259
2022-07-30 17:00:00+00:00,9589.254489995259
2022-07-30 18:00:00+00:00,9585.00607699526
2022-07-30 19:00:00+00:00,9597.75100899526
2022-07-30 20:00:00+00:00,9597.01098899526
2022-07-30 21:00:00+00:00,9606.89782399526
2022-07-30 22:00:00+00:00,9617.51866999526
2022-07-30 23:00:00+00:00,9598.89913599526
2022-07-31 00:00:00+00:00,9602.926518331773
2022-07-31 01:00:00+00:00,9605.2861629074
2022-07-31 02:00:00+00:00,9583.6837329074
2022-07-31 03:00:00+00:00,9573.9382029074
2022-07-31 04:00:00+00:00,9582.8811459074
2022-07-31 05:00:00+00:00,9594.4554109074
2022-07-31 06:00:00+00:00,9591.5365809074
2022-07-31 07:00:00+00:00,9594.2813219074
2022-07-31 08:00:00+00:00,9609.346167717738
2022-07-31 09:00:00+00:00,9588.294375717738
2022-07-31 10:00:00+00:00,9582.126451717739
2022-07-31 11:00:00+00:00,9596.426560717739
2022-07-31 12:00:00+00:00,9595.34373171774
2022-07-31 13:00:00+00:00,9561.83935271774
2022-07-31 14:00:00+00:00,9590.430862717738
2022-07-31 15:00:00+00:00,9594.087694717738
2022-07-31 16:00:00+00:00,9557.54376695663
2022-07-31 17:00:00+00:00,9560.79501595663
2022-07-31 18:00:00+00:00,9573.38341595663
2022-07-31 19:00:00+00:00,9582.56581195663
2022-07-31 20:00:00+00:00,9581.958738956631
2022-07-31 21:00:00+00:00,9590.70932595663
2022-07-31 22:00:00+00:00,9586.17381695663
2022-07-31 23:00:00+00:00,9577.424677956631
2022-08-01 00:00:00+00:00,9556.277112504336
2022-08-01 01:00:00+00:00,9547.09500731274
2022-08-01 02:00:00+00:00,9568.51140031274
2022-08-01 03:00:00+00:00,9567.88591631274
2022-08-01 04:00:00+00:00,9573.60073631274
2022-08-01 05:00:00+00:00,9598.76246531274
2022-08-01 06:00:00+00:00,9594.28754331274
2022-08-01 07:00:00+00:00,9598.10160331274
2022-08-01 08:00:00+00:00,9599.971010158508
2022-08-01 09:00:00+00:00,9597.794355158509
2022-08-01 10:00:00+00:00,9635.17775515851
2022-08-01 11:00:00+00:00,9632.097750158508
2022-08-01 12:00:00+00:00,9606.754368158508
2022-08-01 13:00:00+00:00,9600.163765158508
2022-08-01 14:00:00+00:00,9580.367639158509
2022-08-01 15:00:00+00:00,9586.463423158508
2022-08-01 16:00:00+00:00,9583.899003382801
2022-08-01 17:00:00+00:00,9581.030142382802
2022-08-01 18:00:00+00:00,9585.927031382802
2022-08-01 19:00:00+00:00,9571.690944382803
2022-08-01 20:00:00+00:00,9561.337585382802
2022-08-01 21:00:00+00:00,9571.163066382802
2022-08-01 22:00:00+00:00,9544.621877382802
2022-08-01 23:00:00+00:00,9542.610011382802
2022-08-02 00:00:00+00:00,9564.833093678082
2022-08-02 01:00:00+00:00,9597.074978743633
2022-08-02 02:00:00+00:00,9619.972639743632
2022-08-02 03:00:00+00:00,9648.560504743631
2022-08-02 04:00:00+00:00,9639.753803743632
2022-08-02 05:00:00+00:00,9627.083181743632
2022-08-02 06:00:00+00:00,9618.359600743632
2022-08-02 07:00:00+00:00,9628.581931743633
2022-08-02 08:00:00+00:00,9646.050416610438
2022-08-02 09:00:00+00:00,9642.674312610437
2022-08-02 10:00:00+00:00,9632.978209610437
2022-08-02 11:00:00+00:00,9647.408167610438
2022-08-02 12:00:00+00:00,9641.445129610438
2022-08-02 13:00:00+00:00,9654.072562610438
2022-08-02 14:00:00+00:00,9639.002538610437
2022-08-02 15:00:00+00:00,9644.068365610437
2022-08-02 16:00:00+00:00,9640.729006546258
2022-08-02 17:00:00+00:00,9643.693564546258
2022-08-02 18:00:00+00:00,9655.729891546258
2022-08-02 19:00:00+00:00,9654.051053546258
2022-08-02 20:00:00+00:00,9651.130316546258
2022-08-02 21:00:00+00:00,9657.123866546259
2022-08-02 22:00:00+00:00,9655.018805546259
2022-08-02 23:00:00+00:00,9675.044837546258
2022-08-03 00:00:00+00:00,9695.535608178378
2022-08-03 01:00:00+00:00,9690.724421134515
2022-08-03 02:00:00+00:00,9694.164488134515
2022-08-03 03:00:00+00:00,9679.950620134514
2022-08-03 04:00:00+00:00,9667.418315134515
2022-08-03 05:00:00+00:00,9644.038838134515
2022-08-03 06:00:00+00:00,9659.625122134514
2022-08-03 07:00:00+00:00,9651.894145134514
2022-08-03 08:00:00+00:00,9656.850361211806
2022-08-03 09:00:00+00:00,9665.579244211805
2022-08-03 10:00:00+00:00,9660.010934211807
2022-08-03 11:00:00+00:00,9641.029165211807
2022-08-03 12:00:00+00:00,9643.516737211807
2022-08-03 13:00:00+00:00,9635.915940211806
2022-08-03 14:00:00+00:00,9645.169436211807
2022-08-03 15:00:00+00:00,9651.144722211806
2022-08-03 16:00:00+00:00,9659.403567365265
2022-08-03 17:00:00+00:00,9672.349915365266
2022-08-03 18:00:00+00:00,9673.746671365267
2022-08-03 19:00:00+00:00,9675.432812365267
2022-08-03 20:00:00+00:00,9689.310074365267
2022-08-03 21:00:00+00:00,9683.997802365266
2022-08-03 22:00:00+00:00,9699.315746365266
2022-08-03 23:00:00+00:00,9700.758622365267
2022-08-04 00:00:00+00:00,9689.209736548166
2022-08-04 01:00:00+00:00,9681.826638428067
2022-08-04 02:00:00+00:00,9683.690207428068
2022-08-04 03:00:00+00:00,9667.583062428068
2022-08-04 04:00:00+00:00,9660.593160428067
2022-08-04 05:00:00+00:00,9653.192828428068
2022-08-04 06:00:00+00:00,9675.122906428067
2022-08-04 07:00:00+00:00,9674.681314428068
2022-08-04 08:00:00+00:00,9679.13237640226
2022-08-04 09:00:00+00:00,9671.31795640226
2022-08-04 10:00:00+00:00,9653.80041840226
2022-08-04 11:00:00+00:00,9649.909936402259
2022-08-04 12:00:00+00:00,9647.25071340226
2022-08-04 13:00:00+00:00,9643.549309402259
2022-08-04 14:00:00+00:00,9682.27888440226
2022-08-04 15:00:00+00:00,9694.02798240226
2022-08-04 16:00:00+00:00,9713.600005541022
2022-08-04 17:00:00+00:00,9694.492214541022
2022-08-04 18:00:00+00:00,9705.139878541022
2022-08-04 19:00:00+00:00,9711.769252541022
2022-08-04 20:00:00+00:00,9709.855332541023
2022-08-04 21:00:00+00:00,9705.774315541023
2022-08-04 22:00:00+00:00,9692.087280541022
2022-08-04 23:00:00+00:00,9686.996963541022
2022-08-05 00:00:00+00:00,9684.840840897717
2022-08-05 01:00:00+00:00,9687.76613047197
2022-08-05 02:00:00+00:00,9696.237134471969
2022-08-05 03:00:00+00:00,9670.63180247197
2022-08-05 04:00:00+00:00,9671.419589471969
2022-08-05 05:00:00+00:00,9672.612285471969
2022-08-05 06:00:00+00:00,9666.250638471969
2022-08-05 07:00:00+00:00,9679.149009471968
2022-08-05 08:00:00+00:00,9676.266492316045
2022-08-05 09:00:00+00:00,9670.129917316046
2022-08-05 10:00:00+00:00,9653.377724316046
2022-08-05 11:00:00+00:00,9670.453536316045
2022-08-05 12:00:00+00:00,9713.115874316045
2022-08-05 13:00:00+00:00,9694.221119316046
2022-08-05 14:00:00+00:00,9697.923529316045
2022-08-05 15:00:00+00:00,9690.062700316046
2022-08-05 16:00:00+00:00,9689.939321282485
2022-08-05 17:00:00+00:00,9692.830199282485
2022-08-05 18:00:00+00:00,9686.401616282485
2022-08-05 19:00:00+00:00,9681.294140282485
2022-08-05 20:00:00+00:00,9675.136367282485
2022-08-05 21:00:00+00:00,9666.164264282485
2022-08-05 22:00:00+00:00,9668.820965282484
2022-08-05 23:00:00+00:00,9680.955823282486
2022-08-06 00:00:00+00:00,9700.575236786823
2022-08-06 01:00:00+00:00,9709.039661909177
2022-08-06 02:00:00+00:00,9703.361959909176
2022-08-06 03:00:00+00:00,9709.758836909177
2022-08-06 04:00:00+00:00,9715.186173909176
2022-08-06 05:00:00+00:00,9714.956085909176
2022-08-06 06:00:00+00:00,9696.961294909177
2022-08-06 07:00:00+00:00,9678.585554909178
2022-08-06 08:00:00+00:00,9667.76683383304
2022-08-06 09:00:00+00:00,9684.88680483304
2022-08-06 10:00:00+00:00,9680.247064833042
2022-08-06 11:00:00+00:00,9672.57997283304
2022-08-06 12:00:00+00:00,9687.83163283304
2022-08-06 13:00:00+00:00,9682.678533833041
2022-08-06 14:00:00+00:00,9677.98299383304
2022-08-06 15:00:00+00:00,9672.43480283304
2022-08-06 16:00:00+00:00,9701.760310401809
2022-08-06 17:00:00+00:00,9717.026447401808
2022-08-06 18:00:00+00:00,9716.840674401808
2022-08-06 19:00:00+00:00,9714.558214401808
2022-08-06 20:00:00+00:00,9719.949660401808
2022-08-06 21:00:00+00:00,9714.576065401809
2022-08-06 22:00:00+00:00,9721.545807401808
2022-08-06 23:00:00+00:00,9721.209441401808
2022-08-07 00:00:00+00:00,9745.027654563892
2022-08-07 01:00:00+00:00,9716.43241841828
2022-08-07 02:00:00+00:00,9716.894696418281
2022-08-07 03:00:00+00:00,9705.60069741828
2022-08-07 04:00:00+00:00,9700.51554941828
2022-08-07 05:00:00+00:00,9705.10134241828
2022-08-07 06:00:00+00:00,9705.700135418281
2022-08-07 07:00:00+00:00,9711.60648441828
2022-08-07 08:00:00+00:00,9723.72799039345
2022-08-07 09:00:00+00:00,9711.52651839345
2022-08-07 10:00:00+00:00,9729.491715393451
2022-08-07 11:00:00+00:00,9726.087476393452
2022-08-07 12:00:00+00:00,9723.647321393451
2022-08-07 13:00:00+00:00,9703.55301939345
2022-08-07 14:00:00+00:00,9715.999512393451
2022-08-07 15:00:00+00:00,9714.18159939345
2022-08-07 16:00:00+00:00,9716.544126305367
2022-08-07 17:00:00+00:00,9714.266328305366
2022-08-07 18:00:00+00:00,9709.380473305368
2022-08-07 19:00:00+00:00,9715.215726305367
2022-08-07 20:00:00+00:00,9697.088287305367
2022-08-07 21:00:00+00:00,9698.041334305366
2022-08-07 22:00:00+00:00,9711.333176305367
2022-08-07 23:00:00+00:00,9713.501675305366
2022-08-08 00:00:00+00:00,9701.441567273001
2022-08-08 01:00:00+00:00,9695.23691533414
2022-08-08 02:00:00+00:00,9685.844331334141
2022-08-08 03:00:00+00:00,9652.945604334142
2022-08-08 04:00:00+00:00,9647.952123334142
2022-08-08 05:00:00+00:00,9632.70179733414
2022-08-08 06:00:00+00:00,9644.672370334141
2022-08-08 07:00:00+00:00,9660.807086334142
2022-08-08 08:00:00+00:00,9660.116989770248
2022-08-08 09:00:00+00:00,9667.697911770249
2022-08-08 10:00:00+00:00,9681.845142770248
2022-08-08 11:00:00+00:00,9685.856565770247
2022-08-08 12:00:00+00:00,9701.758931770248
2022-08-08 13:00:00+00:00,9694.819228770248
2022-08-08 14:00:00+00:00,9697.204347770248
2022-08-08 15:00:00+00:00,9716.303868770248
2022-08-08 16:00:00+00:00,9722.722771680214
2022-08-08 17:00:00+00:00,9708.833259680212
2022-08-08 18:00:00+00:00,9715.443720680212
2022-08-08 19:00:00+00:00,9715.761581680214
2022-08-08 20:00:00+00:00,9700.217164680213
2022-08-08 21:00:00+00:00,9703.068835680213
2022-08-08 22:00:00+00:00,9715.619176680213
2022-08-08 23:00:00+00:00,9705.492004680213
2022-08-09 00:00:00+00:00,9673.204502686547
2022-08-09 01:00:00+00:00,9684.941059393808
2022-08-09 02:00:00+00:00,9683.024641393808
2022-08-09 03:00:00+00:00,9672.959021393808
2022-08-09 04:00:00+00:00,9655.099435393808
2022-08-09 05:00:00+00:00,9656.688677393808
2022-08-09 06:00:00+00:00,9656.713536393809
2022-08-09 07:00:00+00:00,9652.396811393808
2022-08-09 08:00:00+00:00,9665.415116791472
2022-08-09 09:00:00+00:00,9652.001889791472
2022-08-09 10:00:00+00:00,9668.846538791471
2022-08-09 11:00:00+00:00,9661.426207791472
2022-08-09 12:00:00+00:00,9665.446498791473
2022-08-09 13:00:00+00:00,9666.060915791471
2022-08-09 14:00:00+00:00,9680.079255791472
2022-08-09 15:00:00+00:00,9670.186553791473
2022-08-09 16:00:00+00:00,9669.60399563502
2022-08-09 17:00:00+00:00,9669.64104463502
2022-08-09 18:00:00+00:00,9663.96137763502
2022-08-09 19:00:00+00:00,9646.03901263502
2022-08-09 20:00:00+00:00,9646.813399635019
2022-08-09 21:00:00+00:00,9647.95466063502
2022-08-09 22:00:00+00:00,9650.470981635019
2022-08-09 23:00:00+00:00,9647.40798363502
2022-08-10 00:00:00+00:00,9646.196084966743
2022-08-10 01:00:00+00:00,9653.539784078212
2022-08-10 02:00:00+00:00,9638.009308078212
2022-08-10 03:00:00+00:00,9638.204089078212
2022-08-10 04:00:00+00:00,9632.143879078212
2022-08-10 05:00:00+00:00,9634.775591078213
2022-08-10 06:00:00+00:00,9668.936324078211
2022-08-10 07:00:00+00:00,9675.832708078213
2022-08-10 08:00:00+00:00,9685.61174712269
2022-08-10 09:00:00+00:00,9702.47261712269
2022-08-10 10:00:00+00:00,9701.39758212269
2022-08-10 11:00:00+00:00,9681.33392512269
2022-08-10 12:00:00+00:00,9712.277555122691
2022-08-10 13:00:00+00:00,9719.87164412269
2022-08-10 14:00:00+00:00,9725.949231122691
2022-08-10 15:00:00+00:00,9701.04317212269
2022-08-10 16:00:00+00:00,9664.827493703455
2022-08-10 17:00:00+00:00,9681.477253703453
2022-08-10 18:00:00+00:00,9679.266167703454
2022-08-10 19:00:00+00:00,9674.032814703454
2022-08-10 20:00:00+00:00,9652.769302703455
2022-08-10 21:00:00+00:00,9651.995980703454
2022-08-10 22:00:00+00:00,9651.912469703453
2022-08-10 23:00:00+00:00,9649.567795703453
2022-08-11 00:00:00+00:00,9646.931887235
2022-08-11 01:00:00+00:00,9655.977658242204
2022-08-11 02:00:00+00:00,9647.508972242204
2022-08-11 03:00:00+00:00,9619.818020242203
2022-08-11 04:00:00+00:00,9620.08795951234
2022-08-11 05:00:00+00:00,9633.88844551234
2022-08-11 06:00:00+00:00,9629.43700551234
2022-08-11 07:00:00+00:00,9642.76654251234
2022-08-11 08:00:00+00:00,9635.558128197168
2022-08-11 09:00:00+00:00,9665.033021197169
2022-08-11 10:00:00+00:00,9691.162711197168
2022-08-11 11:00:00+00:00,9677.562889197168
2022-08-11 12:00:00+00:00,9707.806581197168
2022-08-11 13:00:00+00:00,9708.558235197168
2022-08-11 14:00:00+00:00,9736.388442197169
2022-08-11 15:00:00+00:00,9757.25177819717
2022-08-11 16:00:00+00:00,9750.985384228383
2022-08-11 17:00:00+00:00,9755.405159228383
2022-08-11 18:00:00+00:00,9774.643337228385
2022-08-11 19:00:00+00:00,9778.625266228384
2022-08-11 20:00:00+00:00,9779.695078228384
2022-08-11 21:00:00+00:00,9782.648167228384
2022-08-11 22:00:00+00:00,9792.621275228385
2022-08-11 23:00:00+00:00,9783.743046228383
2022-08-12 00:00:00+00:00,9768.954145612739
2022-08-12 01:00:00+00:00,9759.25371473154
2022-08-12 02:00:00+00:00,9770.28494273154
2022-08-12 03:00:00+00:00,9769.441797731539
2022-08-12 04:00:00+00:00,9764.530174731539
2022-08-12 05:00:00+00:00,9762.504028731539
2022-08-12 06:00:00+00:00,9727.83839373154
2022-08-12 07:00:00+00:00,9742.47986273154
2022-08-12 08:00:00+00:00,9754.939090430353
2022-08-12 09:00:00+00:00,9764.967218430353
2022-08-12 10:00:00+00:00,9791.253882430352
2022-08-12 11:00:00+00:00,9802.885978430353
2022-08-12 12:00:00+00:00,9806.312709430353
2022-08-12 13:00:00+00:00,9829.630238430353
2022-08-12 14:00:00+00:00,9834.561905430353
2022-08-12 15:00:00+00:00,9820.998606430352
2022-08-12 16:00:00+00:00,9812.387471635473
2022-08-12 17:00:00+00:00,9804.377120635472
2022-08-12 18:00:00+00:00,9803.987363635473
2022-08-12 19:00:00+00:00,9810.117869635473
2022-08-12 20:00:00+00:00,9809.590998635473
2022-08-12 21:00:00+00:00,9810.510762635473
2022-08-12 22:00:00+00:00,9808.687751635473
2022-08-12 23:00:00+00:00,9804.772542635472
2022-08-13 00:00:00+00:00,9785.721016567435
2022-08-13 01:00:00+00:00,9775.826024551125
2022-08-13 02:00:00+00:00,9769.024130551124
2022-08-13 03:00:00+00:00,9779.164956551125
2022-08-13 04:00:00+00:00,9785.181846551124
2022-08-13 05:00:00+00:00,9770.920849551125
2022-08-13 06:00:00+00:00,9775.386505551125
2022-08-13 07:00:00+00:00,9788.611359551125
2022-08-13 08:00:00+00:00,9778.275951935826
2022-08-13 09:00:00+00:00,9777.538600935826
2022-08-13 10:00:00+00:00,9783.046699935827
2022-08-13 11:00:00+00:00,9795.263504935827
2022-08-13 12:00:00+00:00,9797.696702935827
2022-08-13 13:00:00+00:00,9791.732242935826
2022-08-13 14:00:00+00:00,9791.726249935826
2022-08-13 15:00:00+00:00,9788.020241935827
2022-08-13 16:00:00+00:00,9793.516726707956
2022-08-13 17:00:00+00:00,9791.612097707957
2022-08-13 18:00:00+00:00,9800.824243707957
2022-08-13 19:00:00+00:00,9794.185788707957
2022-08-13 20:00:00+00:00,9790.435342707957
2022-08-13 21:00:00+00:00,9792.652919707956
2022-08-13 22:00:00+00:00,9790.082590707956
2022-08-13 23:00:00+00:00,9788.148214707957
2022-08-14 00:00:00+00:00,9790.764034481183
2022-08-14 01:00:00+00:00,9788.544353895193
2022-08-14 02:00:00+00:00,9788.442596895193
2022-08-14 03:00:00+00:00,9797.542749895192
2022-08-14 04:00:00+00:00,9802.568638895193
2022-08-14 05:00:00+00:00,9787.970453895192
2022-08-14 06:00:00+00:00,9789.549820895192
2022-08-14 07:00:00+00:00,9792.104127895193
2022-08-14 08:00:00+00:00,9797.944597122147
2022-08-14 09:00:00+00:00,9783.342115122146
2022-08-14 10:00:00+00:00,9785.089107122147
2022-08-14 11:00:00+00:00,9790.879706122147
2022-08-14 12:00:00+00:00,9795.024247122146
2022-08-14 13:00:00+00:00,9812.823211122146
2022-08-14 14:00:00+00:00,9816.292400122147
2022-08-14 15:00:00+00:00,9809.760590122147
2022-08-14 16:00:00+00:00,9849.589073108938
2022-08-14 17:00:00+00:00,9841.58977510894
2022-08-14 18:00:00+00:00,9838.437451108939
2022-08-14 19:00:00+00:00,9837.919573108938
2022-08-14 20:00:00+00:00,9844.24769510894
2022-08-14 21:00:00+00:00,9841.89534310894
2022-08-14 22:00:00+00:00,9841.48601510894
2022-08-14 23:00:00+00:00,9846.78455610894
2022-08-15 00:00:00+00:00,9833.601181500355
2022-08-15 01:00:00+00:00,9820.214643001129
2022-08-15 02:00:00+00:00,9817.29472600113
2022-08-15 03:00:00+00:00,9825.44058600113
2022-08-15 04:00:00+00:00,9811.92075400113
2022-08-15 05:00:00+00:00,9828.14242400113
2022-08-15 06:00:00+00:00,9827.05051900113
2022-08-15 07:00:00+00:00,9826.66050500113
2022-08-15 08:00:00+00:00,9835.299795968833
2022-08-15 09:00:00+00:00,9836.107438968833
2022-08-15 10:00:00+00:00,9834.476246968832
2022-08-15 11:00:00+00:00,9839.746430968833
2022-08-15 12:00:00+00:00,9843.947786968833
2022-08-15 13:00:00+00:00,9845.190805968832
2022-08-15 14:00:00+00:00,9854.399664968832
2022-08-15 15:00:00+00:00,9835.642854968833
2022-08-15 16:00:00+00:00,9832.31390934806
2022-08-15 17:00:00+00:00,9826.85306734806
2022-08-15 18:00:00+00:00,9837.37755334806
2022-08-15 19:00:00+00:00,9827.97168834806
2022-08-15 20:00:00+00:00,9834.43596934806
2022-08-15 21:00:00+00:00,9829.13660334806
2022-08-15 22:00:00+00:00,9835.15918634806
2022-08-15 23:00:00+00:00,9822.12620234806
2022-08-16 00:00:00+00:00,9828.085019064561
2022-08-16 01:00:00+00:00,9826.972801546339
2022-08-16 02:00:00+00:00,9836.181262546339
2022-08-16 03:00:00+00:00,9826.410051546338
2022-08-16 04:00:00+00:00,9814.159708546338
2022-08-16 05:00:00+00:00,9820.770500546338
2022-08-16 06:00:00+00:00,9820.474973546337
2022-08-16 07:00:00+00:00,9833.932987546339
2022-08-16 08:00:00+00:00,9843.563058680007
2022-08-16 09:00:00+00:00,9832.049952680007
2022-08-16 10:00:00+00:00,9838.102535680007
2022-08-16 11:00:00+00:00,9829.147297680007
2022-08-16 12:00:00+00:00,9833.620371680006
2022-08-16 13:00:00+00:00,9834.516611680006
2022-08-16 14:00:00+00:00,9834.071092680006
2022-08-16 15:00:00+00:00,9836.534089680006
2022-08-16 16:00:00+00:00,9836.157389178468
2022-08-16 17:00:00+00:00,9845.961462178468
2022-08-16 18:00:00+00:00,9848.731019178467
2022-08-16 19:00:00+00:00,9844.887804178468
2022-08-16 20:00:00+00:00,9852.028381178468
2022-08-16 21:00:00+00:00,9858.925872178468
2022-08-16 22:00:00+00:00,9852.923262178467
2022-08-16 23:00:00+00:00,9847.131948178467
2022-08-17 00:00:00+00:00,9842.800642560305
2022-08-17 01:00:00+00:00,9848.949479893285
2022-08-17 02:00:00+00:00,9862.627029893285
2022-08-17 03:00:00+00:00,9868.011889893285
2022-08-17 04:00:00+00:00,9883.026853893285
2022-08-17 05:00:00+00:00,9870.422843893284
2022-08-17 06:00:00+00:00,9872.668115893284
2022-08-17 07:00:00+00:00,9875.367605893285
2022-08-17 08:00:00+00:00,9883.360540695458
2022-08-17 09:00:00+00:00,9878.462880695457
2022-08-17 10:00:00+00:00,9891.935988695457
2022-08-17 11:00:00+00:00,9896.714742695456
2022-08-17 12:00:00+00:00,9911.457582695457
2022-08-17 13:00:00+00:00,9915.355204695457
2022-08-17 14:00:00+00:00,9914.743406695457
2022-08-17 15:00:00+00:00,9913.665856695457
2022-08-17 16:00:00+00:00,9921.773480469728
2022-08-17 17:00:00+00:00,9920.470386469728
2022-08-17 18:00:00+00:00,9918.195716469729
2022-08-17 19:00:00+00:00,9915.423916469728
2022-08-17 20:00:00+00:00,9919.144812469727
2022-08-17 21:00:00+00:00,9935.831792469728
2022-08-17 22:00:00+00:00,9935.731042469728
2022-08-17 23:00:00+00:00,9936.790754469728
2022-08-18 00:00:00+00:00,9919.618342450252
2022-08-18 01:00:00+00:00,9914.287242311253
2022-08-18 02:00:00+00:00,9914.147982311253
2022-08-18 03:00:00+00:00,9910.651641311253
2022-08-18 04:00:00+00:00,9914.769283311252
2022-08-18 05:00:00+00:00,9915.824286311254
2022-08-18 06:00:00+00:00,9923.236243311254
2022-08-18 07:00:00+00:00,9927.849077311253
2022-08-18 08:00:00+00:00,9930.8328358296
2022-08-18 09:00:00+00:00,9922.549616829601
2022-08-18 10:00:00+00:00,9924.9286368296
2022-08-18 11:00:00+00:00,9914.1826838296
2022-08-18 12:00:00+00:00,9920.216794829601
2022-08-18 13:00:00+00:00,9927.108574829601
2022-08-18 14:00:00+00:00,9927.7535918296
2022-08-18 15:00:00+00:00,9933.3777298296
2022-08-18 16:00:00+00:00,9934.188290535427
2022-08-18 17:00:00+00:00,9937.306889535428
2022-08-18 18:00:00+00:00,9940.942817535428
2022-08-18 19:00:00+00:00,9932.622626535427
2022-08-18 20:00:00+00:00,9940.620438535429
2022-08-18 21:00:00+00:00,9939.943904535428
2022-08-18 22:00:00+00:00,9952.550194535428
2022-08-18 23:00:00+00:00,9989.283697535428
2022-08-19 00:00:00+00:00,9982.77921726946
2022-08-19 01:00:00+00:00,9984.25046778942
2022-08-19 02:00:00+00:00,9986.63105578942
2022-08-19 03:00:00+00:00,9984.87560178942
2022-08-19 04:00:00+00:00,9989.387883789419
2022-08-19 05:00:00+00:00,9984.909207789418
2022-08-19 06:00:00+00:00,10003.268813789418
2022-08-19 07:00:00+00:00,9989.712707789418
2022-08-19 08:00:00+00:00,9976.518907971486
2022-08-19 09:00:00+00:00,9965.175709971485
2022-08-19 10:00:00+00:00,9962.177223971486
2022-08-19 11:00:00+00:00,9945.212223971486
2022-08-19 12:00:00+00:00,9934.860199971487
2022-08-19 13:00:00+00:00,9927.776111971485
2022-08-19 14:00:00+00:00,9927.047753971487
2022-08-19 15:00:00+00:00,9921.306031971486
2022-08-19 16:00:00+00:00,9937.366161154463
2022-08-19 17:00:00+00:00,9932.628155154463
2022-08-19 18:00:00+00:00,9935.182713154463
2022-08-19 19:00:00+00:00,9935.037389154464
2022-08-19 20:00:00+00:00,9929.782551154463
2022-08-19 21:00:00+00:00,9930.471861154463
2022-08-19 22:00:00+00:00,9922.686287154464
2022-08-19 23:00:00+00:00,9922.310093154465
2022-08-20 00:00:00+00:00,9906.427900024253
2022-08-20 01:00:00+00:00,9912.01800196903
2022-08-20 02:00:00+00:00,9910.33851596903
2022-08-20 03:00:00+00:00,9916.081540969031
2022-08-20 04:00:00+00:00,9911.88978396903
2022-08-20 05:00:00+00:00,9922.40165796903
2022-08-20 06:00:00+00:00,9919.50185496903
2022-08-20 07:00:00+00:00,9931.02774196903
2022-08-20 08:00:00+00:00,9933.72933897623
2022-08-20 09:00:00+00:00,9938.668719976231
2022-08-20 10:00:00+00:00,9938.69280697623
2022-08-20 11:00:00+00:00,9971.94151697623
2022-08-20 12:00:00+00:00,9983.20407897623
2022-08-20 13:00:00+00:00,9985.18671297623
2022-08-20 14:00:00+00:00,9991.02021197623
2022-08-20 15:00:00+00:00,10000.42345897623
2022-08-20 16:00:00+00:00,10006.855171526426
2022-08-20 17:00:00+00:00,10013.070286526427
2022-08-20 18:00:00+00:00,10024.108222526425
2022-08-20 19:00:00+00:00,10044.465383526425
2022-08-20 20:00:00+00:00,10041.429092526427
2022-08-20 21:00:00+00:00,10038.620165526427
2022-08-20 22:00:00+00:00,10039.482980526427
2022-08-20 23:00:00+00:00,10039.548673526426
2022-08-21 00:00:00+00:00,10030.43486249567
2022-08-21 01:00:00+00:00,10021.339093002549
2022-08-21 02:00:00+00:00,10024.017572002549
2022-08-21 03:00:00+00:00,10027.208896002548
2022-08-21 04:00:00+00:00,10028.94125300255
2022-08-21 05:00:00+00:00,10030.278017002549
2022-08-21 06:00:00+00:00,10042.441568002549
2022-08-21 07:00:00+00:00,10027.02581500255
2022-08-21 08:00:00+00:00,10022.197580902044
2022-08-21 09:00:00+00:00,10023.586824902044
2022-08-21 10:00:00+00:00,10027.141401902043
2022-08-21 11:00:00+00:00,10028.226626902044
2022-08-21 12:00:00+00:00,10031.757447902044
2022-08-21 13:00:00+00:00,10028.304938902043
2022-08-21 14:00:00+00:00,10028.793424902044
2022-08-21 15:00:00+00:00,10028.096472902043
2022-08-21 16:00:00+00:00,10022.190448030618
2022-08-21 17:00:00+00:00,10025.40890603062
2022-08-21 18:00:00+00:00,10035.672702030619
2022-08-21 19:00:00+00:00,10031.27610403062
2022-08-21 20:00:00+00:00,10033.80361903062
2022-08-21 21:00:00+00:00,10035.10758303062
2022-08-21 22:00:00+00:00,10043.331112030619
2022-08-21 23:00:00+00:00,10049.487083030619
2022-08-22 00:00:00+00:00,10052.65851244245
2022-08-22 01:00:00+00:00,10050.196781287186
2022-08-22 02:00:00+00:00,10041.883966287187
2022-08-22 03:00:00+00:00,10046.925924287187
2022-08-22 04:00:00+00:00,10041.067072287187
2022-08-22 05:00:00+00:00,10040.012713287188
2022-08-22 06:00:00+00:00,10051.870009287188
2022-08-22 07:00:00+00:00,10055.224322287188
2022-08-22 08:00:00+00:00,10051.449723153552
2022-08-22 09:00:00+00:00,10059.44801615355
2022-08-22 10:00:00+00:00,10067.29887115355
2022-08-22 11:00:00+00:00,10064.796755153551
2022-08-22 12:00:00+00:00,10072.162207153551
2022-08-22 13:00:00+00:00,10076.036913153552
2022-08-22 14:00:00+00:00,10082.59147215355
2022-08-22 15:00:00+00:00,10081.473537153552
2022-08-22 16:00:00+00:00,10088.521670978194
2022-08-22 17:00:00+00:00,10093.603738978194
2022-08-22 18:00:00+00:00,10093.550467978195
2022-08-22 19:00:00+00:00,10090.146209978195
2022-08-22 20:00:00+00:00,10108.486376978195
2022-08-22 21:00:00+00:00,10110.360935978195
2022-08-22 22:00:00+00:00,10108.931316978194
2022-08-22 23:00:00+00:00,10107.927851978195
2022-08-23 00:00:00+00:00,10098.141840291031
2022-08-23 01:00:00+00:00,10094.315006670806
2022-08-23 02:00:00+00:00,10092.705797670806
2022-08-23 03:00:00+00:00,10086.918568670806
2022-08-23 04:00:00+00:00,10087.244428670805
2022-08-23 05:00:00+00:00,10103.423712670805
2022-08-23 06:00:00+00:00,10099.902774670805
2022-08-23 07:00:00+00:00,10100.483155670805
2022-08-23 08:00:00+00:00,10102.625886313996
2022-08-23 09:00:00+00:00,10096.756537313995
2022-08-23 10:00:00+00:00,10096.188668313996
2022-08-23 11:00:00+00:00,10090.310272313996
2022-08-23 12:00:00+00:00,10096.221157313996
2022-08-23 13:00:00+00:00,10090.583931313995
2022-08-23 14:00:00+00:00,10077.418380313997
2022-08-23 15:00:00+00:00,10071.215660313996
2022-08-23 16:00:00+00:00,10083.790980694248
2022-08-23 17:00:00+00:00,10088.313574694248
2022-08-23 18:00:00+00:00,10095.786654694248
2022-08-23 19:00:00+00:00,10093.498662694248
2022-08-23 20:00:00+00:00,10099.99477569425
2022-08-23 21:00:00+00:00,10097.075772694248
2022-08-23 22:00:00+00:00,10098.974096694248
2022-08-23 23:00:00+00:00,10098.507017694248
2022-08-24 00:00:00+00:00,10099.525842382169
2022-08-24 01:00:00+00:00,10104.168661705706
2022-08-24 02:00:00+00:00,10107.454911705705
2022-08-24 03:00:00+00:00,10109.043587705706
2022-08-24 04:00:00+00:00,10110.903212705705
2022-08-24 05:00:00+00:00,10103.194852705707
2022-08-24 06:00:00+00:00,10104.603914705705
2022-08-24 07:00:00+00:00,10097.939296705707
2022-08-24 08:00:00+00:00,10083.845226147687
2022-08-24 09:00:00+00:00,10096.578798147688
2022-08-24 10:00:00+00:00,10100.548642147687
2022-08-24 11:00:00+00:00,10094.949096147688
2022-08-24 12:00:00+00:00,10106.526656147687
2022-08-24 13:00:00+00:00,10124.363643147688
2022-08-24 14:00:00+00:00,10122.177845147688
2022-08-24 15:00:00+00:00,10107.820280147687
2022-08-24 16:00:00+00:00,10116.61373962367
2022-08-24 17:00:00+00:00,10118.78996662367
2022-08-24 18:00:00+00:00,10122.20552162367
2022-08-24 19:00:00+00:00,10123.158364623669
2022-08-24 20:00:00+00:00,10120.345531623669
2022-08-24 21:00:00+00:00,10122.593451623668
2022-08-24 22:00:00+00:00,10121.46679062367
2022-08-24 23:00:00+00:00,10122.78933662367
2022-08-25 00:00:00+00:00,10113.865600023615
2022-08-25 01:00:00+00:00,10112.564919375342
2022-08-25 02:00:00+00:00,10111.013387375342
2022-08-25 03:00:00+00:00,10115.728036375342
2022-08-25 04:00:00+00:00,10109.769603375342
2022-08-25 05:00:00+00:00,10109.147783375342
2022-08-25 06:00:00+00:00,10098.859599375342
2022-08-25 07:00:00+00:00,10096.971325375342
2022-08-25 08:00:00+00:00,10103.008757971511
2022-08-25 09:00:00+00:00,10116.84142397151
2022-08-25 10:00:00+00:00,10129.77332197151
2022-08-25 11:00:00+00:00,10124.96878897151
2022-08-25 12:00:00+00:00,10127.80305897151
2022-08-25 13:00:00+00:00,10130.83055797151
2022-08-25 14:00:00+00:00,10127.54169497151
2022-08-25 15:00:00+00:00,10145.34493897151
2022-08-25 16:00:00+00:00,10145.314704341094
2022-08-25 17:00:00+00:00,10146.154322341094
2022-08-25 18:00:00+00:00,10145.120939341094
2022-08-25 19:00:00+00:00,10141.147970341093
2022-08-25 20:00:00+00:00,10142.235623341094
2022-08-25 21:00:00+00:00,10141.253188341094
2022-08-25 22:00:00+00:00,10144.183754341093
2022-08-25 23:00:00+00:00,10143.069380341094
2022-08-26 00:00:00+00:00,10141.821894447645
2022-08-26 01:00:00+00:00,10139.346272652065
2022-08-26 02:00:00+00:00,10135.995376652065
2022-08-26 03:00:00+00:00,10135.524827652065
2022-08-26 04:00:00+00:00,10145.226847652064
2022-08-26 05:00:00+00:00,10166.272307652065
2022-08-26 06:00:00+00:00,10168.296013652065
2022-08-26 07:00:00+00:00,10167.944646652064
2022-08-26 08:00:00+00:00,10176.915386567858
2022-08-26 09:00:00+00:00,10171.348632567857
2022-08-26 10:00:00+00:00,10176.191767567858
2022-08-26 11:00:00+00:00,10183.664387567856
2022-08-26 12:00:00+00:00,10167.198950567858
2022-08-26 13:00:00+00:00,10157.746272567858
2022-08-26 14:00:00+00:00,10175.697551567857
2022-08-26 15:00:00+00:00,10181.852383567857
2022-08-26 16:00:00+00:00,10178.294442387501
2022-08-26 17:00:00+00:00,10178.981491387502
2022-08-26 18:00:00+00:00,10182.3051753875
2022-08-26 19:00:00+00:00,10182.686308387501
2022-08-26 20:00:00+00:00,10178.932407387501
2022-08-26 21:00:00+00:00,10179.191317387502
2022-08-26 22:00:00+00:00,10187.2807983875
2022-08-26 23:00:00+00:00,10201.296410387502
2022-08-27 00:00:00+00:00,10198.282775852693
2022-08-27 01:00:00+00:00,10199.709594593716
2022-08-27 02:00:00+00:00,10200.223117593718
2022-08-27 03:00:00+00:00,10198.186954593717
2022-08-27 04:00:00+00:00,10203.015402593717
2022-08-27 05:00:00+00:00,10203.451232593718
2022-08-27 06:00:00+00:00,10195.385287593717
2022-08-27 07:00:00+00:00,10190.072273593716
2022-08-27 08:00:00+00:00,10188.388790584082
2022-08-27 09:00:00+00:00,10193.216326584083
2022-08-27 10:00:00+00:00,10192.140351584081
2022-08-27 11:00:00+00:00,10189.613010584082
2022-08-27 12:00:00+00:00,10195.830528584082
2022-08-27 13:00:00+00:00,10196.488296584082
2022-08-27 14:00:00+00:00,10203.213256584082
2022-08-27 15:00:00+00:00,10202.553532584083
2022-08-27 16:00:00+00:00,10199.19440642877
2022-08-27 17:00:00+00:00,10203.128814428772
2022-08-27 18:00:00+00:00,10204.485867428772
2022-08-27 19:00:00+00:00,10198.81732642877
2022-08-27 20:00:00+00:00,10197.782531428771
2022-08-27 21:00:00+00:00,10204.59762042877
2022-08-27 22:00:00+00:00,10200.915051428772
2022-08-27 23:00:00+00:00,10200.58819042877
2022-08-28 00:00:00+00:00,10201.400653744926
2022-08-28 01:00:00+00:00,10202.43131788578
2022-08-28 02:00:00+00:00,10203.154963885778
2022-08-28 03:00:00+00:00,10204.786371885779
2022-08-28 04:00:00+00:00,10208.215558885779
2022-08-28 05:00:00+00:00,10207.773475885779
2022-08-28 06:00:00+00:00,10207.903269885779
2022-08-28 07:00:00+00:00,10206.608174885778
2022-08-28 08:00:00+00:00,10208.718865716713
2022-08-28 09:00:00+00:00,10213.066707716715
2022-08-28 10:00:00+00:00,10215.281424716713
2022-08-28 11:00:00+00:00,10214.156462716714
2022-08-28 12:00:00+00:00,10220.718269716714
2022-08-28 13:00:00+00:00,10219.490244716713
2022-08-28 14:00:00+00:00,10221.048258716713
2022-08-28 15:00:00+00:00,10209.496086716714
2022-08-28 16:00:00+00:00,10207.43967104039
2022-08-28 17:00:00+00:00,10209.02316204039
2022-08-28 18:00:00+00:00,10208.61839504039
2022-08-28 19:00:00+00:00,10213.08766504039
2022-08-28 20:00:00+00:00,10215.69534004039
2022-08-28 21:00:00+00:00,10222.84790604039
2022-08-28 22:00:00+00:00,10228.57927704039
2022-08-28 23:00:00+00:00,10231.302470040391
2022-08-29 00:00:00+00:00,10238.1662793459
2022-08-29 01:00:00+00:00,10229.035668667026
2022-08-29 02:00:00+00:00,10224.286124667025
2022-08-29 03:00:00+00:00,10217.648804667026
2022-08-29 04:00:00+00:00,10217.527236667025
2022-08-29 05:00:00+00:00,10225.907507667025
2022-08-29 06:00:00+00:00,10216.609326667025
2022-08-29 07:00:00+00:00,10212.291732667025
2022-08-29 08:00:00+00:00,10217.398435597595
2022-08-29 09:00:00+00:00,10211.179730597596
2022-08-29 10:00:00+00:00,10214.721365597596
2022-08-29 11:00:00+00:00,10215.314552597596
2022-08-29 12:00:00+00:00,10205.570237597596
2022-08-29 13:00:00+00:00,10203.253533597595
2022-08-29 14:00:00+00:00,10200.630516597595
2022-08-29 15:00:00+00:00,10203.337385597597
2022-08-29 16:00:00+00:00,10196.716203682094
2022-08-29 17:00:00+00:00,10196.291119682093
2022-08-29 18:00:00+00:00,10199.533415682094
2022-08-29 19:00:00+00:00,10201.645638682094
2022-08-29 20:00:00+00:00,10196.232424682094
2022-08-29 21:00:00+00:00,10196.123174682094
2022-08-29 22:00:00+00:00,10197.687234682095
2022-08-29 23:00:00+00:00,10195.124436682094
2022-08-30 00:00:00+00:00,10201.454410878561
2022-08-30 01:00:00+00:00,10204.350123514443
2022-08-30 02:00:00+00:00,10202.918694514443
2022-08-30 03:00:00+00:00,10198.133003514444
2022-08-30 04:00:00+00:00,10183.704005514444
2022-08-30 05:00:00+00:00,10179.049792514443
2022-08-30 06:00:00+00:00,10184.411168514443
2022-08-30 07:00:00+00:00,10180.378057514443
2022-08-30 08:00:00+00:00,10181.027047800819
2022-08-30 09:00:00+00:00,10180.01710980082
2022-08-30 10:00:00+00:00,10181.75476280082
2022-08-30 11:00:00+00:00,10175.84953880082
2022-08-30 12:00:00+00:00,10178.97317380082
2022-08-30 13:00:00+00:00,10186.270400800819
2022-08-30 14:00:00+00:00,10192.46546880082
2022-08-30 15:00:00+00:00,10194.97998680082
2022-08-30 16:00:00+00:00,10189.129917646675
2022-08-30 17:00:00+00:00,10187.302083646673
2022-08-30 18:00:00+00:00,10187.125860646674
2022-08-30 19:00:00+00:00,10181.696681646674
2022-08-30 20:00:00+00:00,10177.990417646673
2022-08-30 21:00:00+00:00,10177.462026646674
2022-08-30 22:00:00+00:00,10175.770055646673
2022-08-30 23:00:00+00:00,10173.523187646673
2022-08-31 00:00:00+00:00,10163.462946080892
2022-08-31 01:00:00+00:00,10151.477309114633
2022-08-31 02:00:00+00:00,10147.734832114633
2022-08-31 03:00:00+00:00,10146.490959114633
2022-08-31 04:00:00+00:00,10151.173271114632
2022-08-31 05:00:00+00:00,10147.576433114633
2022-08-31 06:00:00+00:00,10159.290712114633
2022-08-31 07:00:00+00:00,10158.765291114632
2022-08-31 08:00:00+00:00,10161.777935052232
2022-08-31 09:00:00+00:00,10163.194311052233
2022-08-31 10:00:00+00:00,10151.910199052232
2022-08-31 11:00:00+00:00,10153.127775052233
2022-08-31 12:00:00+00:00,10157.590502052233
2022-08-31 13:00:00+00:00,10155.994756052232
2022-08-31 14:00:00+00:00,10168.173584052232
2022-08-31 15:00:00+00:00,10171.817348052233
2022-08-31 16:00:00+00:00,10182.417485971666
2022-08-31 17:00:00+00:00,10180.676133971665
2022-08-31 18:00:00+00:00,10178.867619971665
2022-08-31 19:00:00+00:00,10177.568191971666
2022-08-31 20:00:00+00:00,10184.111341971666
2022-08-31 21:00:00+00:00,10178.037455971666
2022-08-31 22:00:00+00:00,10182.674909971665
2022-08-31 23:00:00+00:00,10189.839872971666
2022-09-01 00:00:00+00:00,10182.402496525676
2022-09-01 01:00:00+00:00,10181.657507818112
2022-09-01 02:00:00+00:00,10185.933191818112
2022-09-01 03:00:00+00:00,10186.455109818111
2022-09-01 04:00:00+00:00,10189.303549818113
2022-09-01 05:00:00+00:00,10192.632114818112
2022-09-01 06:00:00+00:00,10201.252656818111
2022-09-01 07:00:00+00:00,10205.965878818111
2022-09-01 08:00:00+00:00,10218.330305705138
2022-09-01 09:00:00+00:00,10214.533009705137
2022-09-01 10:00:00+00:00,10215.283202705137
2022-09-01 11:00:00+00:00,10216.214997705138
2022-09-01 12:00:00+00:00,10227.392066705137
2022-09-01 13:00:00+00:00,10228.827433705137
2022-09-01 14:00:00+00:00,10236.962862705137
2022-09-01 15:00:00+00:00,10230.086295705138
2022-09-01 16:00:00+00:00,10237.25449133772
2022-09-01 17:00:00+00:00,10235.05955833772
2022-09-01 18:00:00+00:00,10233.76700533772
2022-09-01 19:00:00+00:00,10231.37708733772
2022-09-01 20:00:00+00:00,10229.69330533772
2022-09-01 21:00:00+00:00,10225.78757833772
2022-09-01 22:00:00+00:00,10231.73823233772
2022-09-01 23:00:00+00:00,10229.36406933772
2022-09-02 00:00:00+00:00,10228.326521615152
2022-09-02 01:00:00+00:00,10229.098366154567
2022-09-02 02:00:00+00:00,10227.679020154566
2022-09-02 03:00:00+00:00,10219.149386154566
2022-09-02 04:00:00+00:00,10215.202709154566
2022-09-02 05:00:00+00:00,10222.559826154566
2022-09-02 06:00:00+00:00,10234.099916154566
2022-09-02 07:00:00+00:00,10233.840060154567
2022-09-02 08:00:00+00:00,10240.386599357209
2022-09-02 09:00:00+00:00,10236.484655357208
2022-09-02 10:00:00+00:00,10248.75142435721
2022-09-02 11:00:00+00:00,10253.945182357209
2022-09-02 12:00:00+00:00,10238.09011835721
2022-09-02 13:00:00+00:00,10214.80646035721
2022-09-02 14:00:00+00:00,10203.803728357208
2022-09-02 15:00:00+00:00,10198.585071357209
2022-09-02 16:00:00+00:00,10211.252172364952
2022-09-02 17:00:00+00:00,10231.822687364951
2022-09-02 18:00:00+00:00,10237.027018364952
2022-09-02 19:00:00+00:00,10246.95116736495
2022-09-02 20:00:00+00:00,10245.461212364951
2022-09-02 21:00:00+00:00,10251.431681364951
2022-09-02 22:00:00+00:00,10248.67099236495
2022-09-02 23:00:00+00:00,10250.950317364952
2022-09-03 00:00:00+00:00,10243.669637938965
2022-09-03 01:00:00+00:00,10244.232216775168
2022-09-03 02:00:00+00:00,10256.402571775168
2022-09-03 03:00:00+00:00,10271.487830775168
2022-09-03 04:00:00+00:00,10265.557530775168
2022-09-03 05:00:00+00:00,10255.771893775167
2022-09-03 06:00:00+00:00,10250.245720775167
2022-09-03 07:00:00+00:00,10247.374168775168
2022-09-03 08:00:00+00:00,10244.003489274657
2022-09-03 09:00:00+00:00,10232.112006274658
2022-09-03 10:00:00+00:00,10233.489059274656
2022-09-03 11:00:00+00:00,10232.449344274657
2022-09-03 12:00:00+00:00,10226.646145274657
2022-09-03 13:00:00+00:00,10223.651664274657
2022-09-03 14:00:00+00:00,10229.280234274656
2022-09-03 15:00:00+00:00,10221.865114274657
2022-09-03 16:00:00+00:00,10226.185626732695
2022-09-03 17:00:00+00:00,10222.004872732696
2022-09-03 18:00:00+00:00,10225.092854732695
2022-09-03 19:00:00+00:00,10224.920969732695
2022-09-03 20:00:00+00:00,10224.225145732695
2022-09-03 21:00:00+00:00,10222.325457732695
2022-09-03 22:00:00+00:00,10223.042490732694
2022-09-03 23:00:00+00:00,10214.885766732696
2022-09-04 00:00:00+00:00,10217.046895692956
2022-09-04 01:00:00+00:00,10213.21307624105
2022-09-04 02:00:00+00:00,10208.762838241051
2022-09-04 03:00:00+00:00,10212.36048624105
2022-09-04 04:00:00+00:00,10213.239225241052
2022-09-04 05:00:00+00:00,10220.456699241051
2022-09-04 06:00:00+00:00,10233.44466324105
2022-09-04 07:00:00+00:00,10232.66796924105
2022-09-04 08:00:00+00:00,10225.626850476654
2022-09-04 09:00:00+00:00,10230.881535476654
2022-09-04 10:00:00+00:00,10228.777543476654
2022-09-04 11:00:00+00:00,10213.625095476655
2022-09-04 12:00:00+00:00,10209.690528476654
2022-09-04 13:00:00+00:00,10213.973265476654
2022-09-04 14:00:00+00:00,10205.824245476653
2022-09-04 15:00:00+00:00,10201.920207476654
2022-09-04 16:00:00+00:00,10212.784017721546
2022-09-04 17:00:00+00:00,10215.023888721546
2022-09-04 18:00:00+00:00,10213.678316721545
2022-09-04 19:00:00+00:00,10212.312726721546
2022-09-04 20:00:00+00:00,10213.058873721546
2022-09-04 21:00:00+00:00,10212.651773721545
2022-09-04 22:00:00+00:00,10214.541349721545
2022-09-04 23:00:00+00:00,10211.389870721547
2022-09-05 00:00:00+00:00,10202.517122979125
2022-09-05 01:00:00+00:00,10201.341330069072
2022-09-05 02:00:00+00:00,10193.562196069071
2022-09-05 03:00:00+00:00,10198.541277069071
2022-09-05 04:00:00+00:00,10196.401846069071
2022-09-05 05:00:00+00:00,10199.359532069071
2022-09-05 06:00:00+00:00,10196.28563506907
2022-09-05 07:00:00+00:00,10199.47352006907
2022-09-05 08:00:00+00:00,10200.787880719967
2022-09-05 09:00:00+00:00,10207.086858719966
2022-09-05 10:00:00+00:00,10217.914004719967
2022-09-05 11:00:00+00:00,10222.442607719966
2022-09-05 12:00:00+00:00,10223.920148719966
2022-09-05 13:00:00+00:00,10220.133908719967
2022-09-05 14:00:00+00:00,10217.387863719967
2022-09-05 15:00:00+00:00,10202.148578719967
2022-09-05 16:00:00+00:00,10203.087739359758
2022-09-05 17:00:00+00:00,10211.70781435976
2022-09-05 18:00:00+00:00,10205.436954359759
2022-09-05 19:00:00+00:00,10211.869102359758
2022-09-05 20:00:00+00:00,10202.558596359759
2022-09-05 21:00:00+00:00,10196.249916359759
2022-09-05 22:00:00+00:00,10185.91543735976
2022-09-05 23:00:00+00:00,10179.31093135976
2022-09-06 00:00:00+00:00,10170.545507071272
2022-09-06 01:00:00+00:00,10195.010062566973
2022-09-06 02:00:00+00:00,10192.414166566972
2022-09-06 03:00:00+00:00,10191.773049566973
2022-09-06 04:00:00+00:00,10194.702799566972
2022-09-06 05:00:00+00:00,10197.609545566973
2022-09-06 06:00:00+00:00,10191.199200566973
2022-09-06 07:00:00+00:00,10194.994104566973
2022-09-06 08:00:00+00:00,10194.272794025392
2022-09-06 09:00:00+00:00,10199.224489025391
2022-09-06 10:00:00+00:00,10193.265458025391
2022-09-06 11:00:00+00:00,10198.57913202539
2022-09-06 12:00:00+00:00,10201.662791025392
2022-09-06 13:00:00+00:00,10190.32087002539
2022-09-06 14:00:00+00:00,10182.91927202539
2022-09-06 15:00:00+00:00,10173.432239025391
2022-09-06 16:00:00+00:00,10172.567457413865
2022-09-06 17:00:00+00:00,10215.996612413865
2022-09-06 18:00:00+00:00,10235.581950413865
2022-09-06 19:00:00+00:00,10245.446055413864
2022-09-06 20:00:00+00:00,10236.776382413866
2022-09-06 21:00:00+00:00,10233.860357413865
2022-09-06 22:00:00+00:00,10230.895281413865
2022-09-06 23:00:00+00:00,10225.643379413865
2022-09-07 00:00:00+00:00,10225.70370193322
2022-09-07 01:00:00+00:00,10228.612913620429
2022-09-07 02:00:00+00:00,10233.832587620429
2022-09-07 03:00:00+00:00,10222.982574620428
2022-09-07 04:00:00+00:00,10232.870214620429
2022-09-07 05:00:00+00:00,10230.012871620429
2022-09-07 06:00:00+00:00,10232.325435620429
2022-09-07 07:00:00+00:00,10228.72407862043
2022-09-07 08:00:00+00:00,10226.954155598978
2022-09-07 09:00:00+00:00,10210.677881598976
2022-09-07 10:00:00+00:00,10199.973981598978
2022-09-07 11:00:00+00:00,10212.215695598978
2022-09-07 12:00:00+00:00,10216.600358598977
2022-09-07 13:00:00+00:00,10216.854280598976
2022-09-07 14:00:00+00:00,10191.723170598978
2022-09-07 15:00:00+00:00,10178.292094598977
2022-09-07 16:00:00+00:00,10182.459328075734
2022-09-07 17:00:00+00:00,10161.942690075735
2022-09-07 18:00:00+00:00,10155.459266075735
2022-09-07 19:00:00+00:00,10164.469364075736
2022-09-07 20:00:00+00:00,10139.751533075734
2022-09-07 21:00:00+00:00,10139.017620075736
2022-09-07 22:00:00+00:00,10127.891791075735
2022-09-07 23:00:00+00:00,10118.819386075735
2022-09-08 00:00:00+00:00,10091.987906957047
2022-09-08 01:00:00+00:00,10111.769537777434
2022-09-08 02:00:00+00:00,10108.140237777434
2022-09-08 03:00:00+00:00,10108.305675777434
2022-09-08 04:00:00+00:00,10097.390674777433
2022-09-08 05:00:00+00:00,10124.830176777434
2022-09-08 06:00:00+00:00,10144.545059777434
2022-09-08 07:00:00+00:00,10151.770629777433
2022-09-08 08:00:00+00:00,10147.016513218856
2022-09-08 09:00:00+00:00,10141.273707218856
2022-09-08 10:00:00+00:00,10135.309255218855
2022-09-08 11:00:00+00:00,10139.293032218857
2022-09-08 12:00:00+00:00,10157.032598218857
2022-09-08 13:00:00+00:00,10151.396348218856
2022-09-08 14:00:00+00:00,10163.940533218856
2022-09-08 15:00:00+00:00,10167.950362218857
2022-09-08 16:00:00+00:00,10171.692812676147
2022-09-08 17:00:00+00:00,10171.097426676148
2022-09-08 18:00:00+00:00,10162.529395676147
2022-09-08 19:00:00+00:00,10174.232066676148
2022-09-08 20:00:00+00:00,10178.391564676147
2022-09-08 21:00:00+00:00,10181.914239676147
2022-09-08 22:00:00+00:00,10179.161965676147
2022-09-08 23:00:00+00:00,10185.951936676147
2022-09-09 00:00:00+00:00,10176.380860055937
2022-09-09 01:00:00+00:00,10178.305452966293
2022-09-09 02:00:00+00:00,10191.797276966294
2022-09-09 03:00:00+00:00,10197.096526966294
2022-09-09 04:00:00+00:00,10196.084863966293
2022-09-09 05:00:00+00:00,10177.108387966293
2022-09-09 06:00:00+00:00,10143.376824966293
2022-09-09 07:00:00+00:00,10142.159865966294
2022-09-09 08:00:00+00:00,10160.08816710929
2022-09-09 09:00:00+00:00,10171.98157010929
2022-09-09 10:00:00+00:00,10176.428238109289
2022-09-09 11:00:00+00:00,10180.49819910929
2022-09-09 12:00:00+00:00,10162.03505810929
2022-09-09 13:00:00+00:00,10149.76009810929
2022-09-09 14:00:00+00:00,10162.41983810929
2022-09-09 15:00:00+00:00,10158.731217109289
2022-09-09 16:00:00+00:00,10141.622541904953
2022-09-09 17:00:00+00:00,10126.047147904954
2022-09-09 18:00:00+00:00,10133.277026904954
2022-09-09 19:00:00+00:00,10124.427201904953
2022-09-09 20:00:00+00:00,10114.710133904953
2022-09-09 21:00:00+00:00,10108.273975904953
2022-09-09 22:00:00+00:00,10114.523767904953
2022-09-09 23:00:00+00:00,10131.511888904954
2022-09-10 00:00:00+00:00,10130.688569383858
2022-09-10 01:00:00+00:00,10138.491724271289
2022-09-10 02:00:00+00:00,10144.31498727129
2022-09-10 03:00:00+00:00,10145.95976127129
2022-09-10 04:00:00+00:00,10148.07078027129
2022-09-10 05:00:00+00:00,10144.85307927129
2022-09-10 06:00:00+00:00,10126.744409271289
2022-09-10 07:00:00+00:00,10153.65372427129
2022-09-10 08:00:00+00:00,10149.91443448514
2022-09-10 09:00:00+00:00,10138.986852485139
2022-09-10 10:00:00+00:00,10125.534005485139
2022-09-10 11:00:00+00:00,10120.41536448514
2022-09-10 12:00:00+00:00,10130.96958948514
2022-09-10 13:00:00+00:00,10156.69282248514
2022-09-10 14:00:00+00:00,10156.280018485138
2022-09-10 15:00:00+00:00,10176.842583485139
2022-09-10 16:00:00+00:00,10170.386784532542
2022-09-10 17:00:00+00:00,10170.254541532542
2022-09-10 18:00:00+00:00,10158.358811532542
2022-09-10 19:00:00+00:00,10151.582938532543
2022-09-10 20:00:00+00:00,10159.841425532542
2022-09-10 21:00:00+00:00,10152.652130532542
2022-09-10 22:00:00+00:00,10141.636619532543
2022-09-10 23:00:00+00:00,10145.384347532543
2022-09-11 00:00:00+00:00,10140.796541039226
2022-09-11 01:00:00+00:00,10143.55336749443
2022-09-11 02:00:00+00:00,10146.03035149443
2022-09-11 03:00:00+00:00,10145.32399649443
2022-09-11 04:00:00+00:00,10137.07471449443
2022-09-11 05:00:00+00:00,10153.77191849443
2022-09-11 06:00:00+00:00,10172.93316549443
2022-09-11 07:00:00+00:00,10139.75677149443
2022-09-11 08:00:00+00:00,10147.024649511133
2022-09-11 09:00:00+00:00,10150.092294511132
2022-09-11 10:00:00+00:00,10145.889912511133
2022-09-11 11:00:00+00:00,10115.698281511133
2022-09-11 12:00:00+00:00,10133.265602511134
2022-09-11 13:00:00+00:00,10142.150495511132
2022-09-11 14:00:00+00:00,10137.711710511134
2022-09-11 15:00:00+00:00,10134.056942511133
2022-09-11 16:00:00+00:00,10133.861237857063
2022-09-11 17:00:00+00:00,10153.455643857063
2022-09-11 18:00:00+00:00,10168.078997857063
2022-09-11 19:00:00+00:00,10174.481064857062
2022-09-11 20:00:00+00:00,10183.313813857063
2022-09-11 21:00:00+00:00,10196.195871857062
2022-09-11 22:00:00+00:00,10188.096803857063
2022-09-11 23:00:00+00:00,10184.685292857062
2022-09-12 00:00:00+00:00,10214.411052788922
2022-09-12 01:00:00+00:00,10186.413817039198
2022-09-12 02:00:00+00:00,10193.506406039198
2022-09-12 03:00:00+00:00,10209.077186039198
2022-09-12 04:00:00+00:00,10200.976497039197
2022-09-12 05:00:00+00:00,10198.480276039198
2022-09-12 06:00:00+00:00,10193.643558039197
2022-09-12 07:00:00+00:00,10191.113925039197
2022-09-12 08:00:00+00:00,10171.124368721863
2022-09-12 09:00:00+00:00,10178.997986721863
2022-09-12 10:00:00+00:00,10171.199318721863
2022-09-12 11:00:00+00:00,10169.801026721863
2022-09-12 12:00:00+00:00,10178.097168721863
2022-09-12 13:00:00+00:00,10215.743960721862
2022-09-12 14:00:00+00:00,10247.515591721862
2022-09-12 15:00:00+00:00,10286.430075721863
2022-09-12 16:00:00+00:00,10283.232977073818
2022-09-12 17:00:00+00:00,10286.080034073817
2022-09-12 18:00:00+00:00,10297.105253073818
2022-09-12 19:00:00+00:00,10307.870977073817
2022-09-12 20:00:00+00:00,10306.617080073816
2022-09-12 21:00:00+00:00,10325.769741073816
2022-09-12 22:00:00+00:00,10326.485442073817
2022-09-12 23:00:00+00:00,10331.508074073818
2022-09-13 00:00:00+00:00,10323.442979927711
2022-09-13 01:00:00+00:00,10332.808649909357
2022-09-13 02:00:00+00:00,10305.856648909357
2022-09-13 03:00:00+00:00,10288.211377909358
2022-09-13 04:00:00+00:00,10309.227691909357
2022-09-13 05:00:00+00:00,10299.467219909357
2022-09-13 06:00:00+00:00,10291.616390909358
2022-09-13 07:00:00+00:00,10291.351129909357
2022-09-13 08:00:00+00:00,10308.776608783646
2022-09-13 09:00:00+00:00,10315.151471783645
2022-09-13 10:00:00+00:00,10302.064563783646
2022-09-13 11:00:00+00:00,10312.373282783647
2022-09-13 12:00:00+00:00,10393.865865783646
2022-09-13 13:00:00+00:00,10354.453119783646
2022-09-13 14:00:00+00:00,10322.142816783646
2022-09-13 15:00:00+00:00,10327.673063783646
2022-09-13 16:00:00+00:00,10328.860415085735
2022-09-13 17:00:00+00:00,10335.490109085737
2022-09-13 18:00:00+00:00,10337.446186085735
2022-09-13 19:00:00+00:00,10335.898067085736
2022-09-13 20:00:00+00:00,10341.552534085737
2022-09-13 21:00:00+00:00,10346.671642085736
2022-09-13 22:00:00+00:00,10359.791867085736
2022-09-13 23:00:00+00:00,10366.231598085737
2022-09-14 00:00:00+00:00,10350.865033017244
2022-09-14 01:00:00+00:00,10329.824902018805
2022-09-14 02:00:00+00:00,10338.031855018806
2022-09-14 03:00:00+00:00,10336.621343018805
2022-09-14 04:00:00+00:00,10345.047871018805
2022-09-14 05:00:00+00:00,10357.233358018806
2022-09-14 06:00:00+00:00,10345.465337018806
2022-09-14 07:00:00+00:00,10373.511087018805
2022-09-14 08:00:00+00:00,10365.783140255387
2022-09-14 09:00:00+00:00,10365.568657255388
2022-09-14 10:00:00+00:00,10366.241023255388
2022-09-14 11:00:00+00:00,10385.301181255387
2022-09-14 12:00:00+00:00,10391.218261255388
2022-09-14 13:00:00+00:00,10413.246592255387
2022-09-14 14:00:00+00:00,10418.791138255388
2022-09-14 15:00:00+00:00,10413.870490255387
2022-09-14 16:00:00+00:00,10405.215591824606
2022-09-14 17:00:00+00:00,10407.244827824605
2022-09-14 18:00:00+00:00,10408.760841824605
2022-09-14 19:00:00+00:00,10411.451474824606
2022-09-14 20:00:00+00:00,10421.356628824606
2022-09-14 21:00:00+00:00,10421.769275824605
2022-09-14 22:00:00+00:00,10423.287455824606
2022-09-14 23:00:00+00:00,10422.678777824605
2022-09-15 00:00:00+00:00,10433.851180825439
2022-09-15 01:00:00+00:00,10435.377977126072
2022-09-15 02:00:00+00:00,10450.797068126072
2022-09-15 03:00:00+00:00,10474.179920126073
2022-09-15 04:00:00+00:00,10478.554969126073
2022-09-15 05:00:00+00:00,10472.769754126073
2022-09-15 06:00:00+00:00,10468.124302126073
2022-09-15 07:00:00+00:00,10467.371658126072
2022-09-15 08:00:00+00:00,10467.90510717156
2022-09-15 09:00:00+00:00,10458.515705171561
2022-09-15 10:00:00+00:00,10466.644021171562
2022-09-15 11:00:00+00:00,10459.18968417156
2022-09-15 12:00:00+00:00,10449.93338117156
2022-09-15 13:00:00+00:00,10457.398791171561
2022-09-15 14:00:00+00:00,10447.330432171562
2022-09-15 15:00:00+00:00,10441.952141171561
2022-09-15 16:00:00+00:00,10444.005156080717
2022-09-15 17:00:00+00:00,10448.435376080715
2022-09-15 18:00:00+00:00,10443.415802080715
2022-09-15 19:00:00+00:00,10446.650175080717
2022-09-15 20:00:00+00:00,10447.299476080716
2022-09-15 21:00:00+00:00,10452.884451080716
2022-09-15 22:00:00+00:00,10461.696040080717
2022-09-15 23:00:00+00:00,10467.065558080716
2022-09-16 00:00:00+00:00,10468.485055658228
2022-09-16 01:00:00+00:00,10460.868602750284
2022-09-16 02:00:00+00:00,10455.665284750285
2022-09-16 03:00:00+00:00,10439.579090750285
2022-09-16 04:00:00+00:00,10421.955810750285
2022-09-16 05:00:00+00:00,10417.803388750284
2022-09-16 06:00:00+00:00,10408.756275750286
2022-09-16 07:00:00+00:00,10424.607336750285
2022-09-16 08:00:00+00:00,10443.667095820647
2022-09-16 09:00:00+00:00,10460.620141820647
2022-09-16 10:00:00+00:00,10455.189356820647
2022-09-16 11:00:00+00:00,10457.228751820647
2022-09-16 12:00:00+00:00,10468.591417820648
2022-09-16 13:00:00+00:00,10493.229935820647
2022-09-16 14:00:00+00:00,10500.516723820647
2022-09-16 15:00:00+00:00,10505.367400820647
2022-09-16 16:00:00+00:00,10523.649034415905
2022-09-16 17:00:00+00:00,10521.673150415905
2022-09-16 18:00:00+00:00,10506.832532415905
2022-09-16 19:00:00+00:00,10508.171120415904
2022-09-16 20:00:00+00:00,10498.634848415904
2022-09-16 21:00:00+00:00,10499.513057415905
2022-09-16 22:00:00+00:00,10512.938384415904
2022-09-16 23:00:00+00:00,10515.295119415905
2022-09-17 00:00:00+00:00,10497.63693285873
2022-09-17 01:00:00+00:00,10491.012153239131
2022-09-17 02:00:00+00:00,10479.30958023913
2022-09-17 03:00:00+00:00,10476.19844023913
2022-09-17 04:00:00+00:00,10474.716036239131
2022-09-17 05:00:00+00:00,10492.092524239131
2022-09-17 06:00:00+00:00,10486.49727723913
2022-09-17 07:00:00+00:00,10480.02292923913
2022-09-17 08:00:00+00:00,10472.167207944394
2022-09-17 09:00:00+00:00,10483.195993944395
2022-09-17 10:00:00+00:00,10489.760668944395
2022-09-17 11:00:00+00:00,10480.178144944395
2022-09-17 12:00:00+00:00,10481.493905944395
2022-09-17 13:00:00+00:00,10506.276393944396
2022-09-17 14:00:00+00:00,10516.054739944395
2022-09-17 15:00:00+00:00,10497.935474944396
2022-09-17 16:00:00+00:00,10491.102802106374
2022-09-17 17:00:00+00:00,10492.149291106374
2022-09-17 18:00:00+00:00,10503.671799106374
2022-09-17 19:00:00+00:00,10490.055335106374
2022-09-17 20:00:00+00:00,10491.528170106374
2022-09-17 21:00:00+00:00,10476.948895106374
2022-09-17 22:00:00+00:00,10471.293039106375
2022-09-17 23:00:00+00:00,10456.078273106374
2022-09-18 00:00:00+00:00,10453.094324519067
2022-09-18 01:00:00+00:00,10425.032116735734
2022-09-18 02:00:00+00:00,10436.597074735733
2022-09-18 03:00:00+00:00,10435.787488735734
2022-09-18 04:00:00+00:00,10440.072746735734
2022-09-18 05:00:00+00:00,10440.493330735733
2022-09-18 06:00:00+00:00,10445.478717735734
2022-09-18 07:00:00+00:00,10497.472460735733
2022-09-18 08:00:00+00:00,10482.754348717266
2022-09-18 09:00:00+00:00,10505.273262717266
2022-09-18 10:00:00+00:00,10476.992839717266
2022-09-18 11:00:00+00:00,10481.621598717265
2022-09-18 12:00:00+00:00,10471.302959717266
2022-09-18 13:00:00+00:00,10485.881082717266
2022-09-18 14:00:00+00:00,10500.213535717266
2022-09-18 15:00:00+00:00,10505.800361717265
2022-09-18 16:00:00+00:00,10492.331252584438
2022-09-18 17:00:00+00:00,10541.025227584438
2022-09-18 18:00:00+00:00,10557.208360584438
2022-09-18 19:00:00+00:00,10555.439933584437
2022-09-18 20:00:00+00:00,10553.940012584437
2022-09-18 21:00:00+00:00,10587.682143584438
2022-09-18 22:00:00+00:00,10562.436232584438
2022-09-18 23:00:00+00:00,10554.787166584438
2022-09-19 00:00:00+00:00,10550.964575210384
2022-09-19 01:00:00+00:00,10533.227563096472
2022-09-19 02:00:00+00:00,10516.949800096474
2022-09-19 03:00:00+00:00,10539.329767096473
2022-09-19 04:00:00+00:00,10537.904544096473
2022-09-19 05:00:00+00:00,10560.540811096473
2022-09-19 06:00:00+00:00,10552.918034096474
2022-09-19 07:00:00+00:00,10545.822685096473
2022-09-19 08:00:00+00:00,10545.29438763411
2022-09-19 09:00:00+00:00,10535.09661363411
2022-09-19 10:00:00+00:00,10537.145926634112
2022-09-19 11:00:00+00:00,10533.53863763411
2022-09-19 12:00:00+00:00,10515.829079634112
2022-09-19 13:00:00+00:00,10500.907847634111
2022-09-19 14:00:00+00:00,10513.010479634111
2022-09-19 15:00:00+00:00,10512.568732634112
2022-09-19 16:00:00+00:00,10513.835221373516
2022-09-19 17:00:00+00:00,10578.364662373515
2022-09-19 18:00:00+00:00,10599.435558373516
2022-09-19 19:00:00+00:00,10610.319889373515
2022-09-19 20:00:00+00:00,10591.481056373515
2022-09-19 21:00:00+00:00,10576.748319373515
2022-09-19 22:00:00+00:00,10576.054896373516
2022-09-19 23:00:00+00:00,10573.679304373516
2022-09-20 00:00:00+00:00,10561.519217855022
2022-09-20 01:00:00+00:00,10568.172999470338
2022-09-20 02:00:00+00:00,10573.100673470339
2022-09-20 03:00:00+00:00,10573.145269470338
2022-09-20 04:00:00+00:00,10582.972840470338
2022-09-20 05:00:00+00:00,10574.50174047034
2022-09-20 06:00:00+00:00,10569.69220047034
2022-09-20 07:00:00+00:00,10570.27498947034
2022-09-20 08:00:00+00:00,10581.819865191539
2022-09-20 09:00:00+00:00,10585.616266191539
2022-09-20 10:00:00+00:00,10587.499883191538
2022-09-20 11:00:00+00:00,10603.259656191538
2022-09-20 12:00:00+00:00,10617.94451119154
2022-09-20 13:00:00+00:00,10605.59761819154
2022-09-20 14:00:00+00:00,10620.274200191538
2022-09-20 15:00:00+00:00,10679.540976191538
2022-09-20 16:00:00+00:00,10688.240140903044
2022-09-20 17:00:00+00:00,10673.571958903043
2022-09-20 18:00:00+00:00,10675.412244903044
2022-09-20 19:00:00+00:00,10688.690213903044
2022-09-20 20:00:00+00:00,10661.005221903044
2022-09-20 21:00:00+00:00,10682.982454903044
2022-09-20 22:00:00+00:00,10695.034728903043
2022-09-20 23:00:00+00:00,10691.888717903044
2022-09-21 00:00:00+00:00,10691.376751665402
2022-09-21 01:00:00+00:00,10664.378964570315
2022-09-21 02:00:00+00:00,10659.856063570314
2022-09-21 03:00:00+00:00,10654.631169570315
2022-09-21 04:00:00+00:00,10674.826092570314
2022-09-21 05:00:00+00:00,10664.640539570315
2022-09-21 06:00:00+00:00,10647.628510570314
2022-09-21 07:00:00+00:00,10688.425853570314
2022-09-21 08:00:00+00:00,10688.06363781343
2022-09-21 09:00:00+00:00,10681.30978581343
2022-09-21 10:00:00+00:00,10676.19153981343
2022-09-21 11:00:00+00:00,10681.14251581343
2022-09-21 12:00:00+00:00,10678.19209381343
2022-09-21 13:00:00+00:00,10680.55997381343
2022-09-21 14:00:00+00:00,10680.77940581343
2022-09-21 15:00:00+00:00,10649.68278981343
2022-09-21 16:00:00+00:00,10653.865354729387
2022-09-21 17:00:00+00:00,10659.697317729388
2022-09-21 18:00:00+00:00,10736.156710729387
2022-09-21 19:00:00+00:00,10699.924736729386
2022-09-21 20:00:00+00:00,10705.129814729387
2022-09-21 21:00:00+00:00,10694.563580729387
2022-09-21 22:00:00+00:00,10689.331074729387
2022-09-21 23:00:00+00:00,10678.897784729386
2022-09-22 00:00:00+00:00,10685.644430573697
2022-09-22 01:00:00+00:00,10670.389700953101
2022-09-22 02:00:00+00:00,10642.9124659531
2022-09-22 03:00:00+00:00,10662.809902953102
2022-09-22 04:00:00+00:00,10683.282815953102
2022-09-22 05:00:00+00:00,10712.017769953101
2022-09-22 06:00:00+00:00,10706.661663953102
2022-09-22 07:00:00+00:00,10707.8911829531
2022-09-22 08:00:00+00:00,10716.734044047824
2022-09-22 09:00:00+00:00,10718.605133047824
2022-09-22 10:00:00+00:00,10725.622687047824
2022-09-22 11:00:00+00:00,10750.088214047824
2022-09-22 12:00:00+00:00,10784.996333047824
2022-09-22 13:00:00+00:00,10785.577121047823
2022-09-22 14:00:00+00:00,10793.413746047823
2022-09-22 15:00:00+00:00,10789.674768047824
2022-09-22 16:00:00+00:00,10793.811399856853
2022-09-22 17:00:00+00:00,10822.165993856854
2022-09-22 18:00:00+00:00,10844.155100856853
2022-09-22 19:00:00+00:00,10876.462717856853
2022-09-22 20:00:00+00:00,10893.171041856855
2022-09-22 21:00:00+00:00,10900.171008856854
2022-09-22 22:00:00+00:00,10922.715898856854
2022-09-22 23:00:00+00:00,10911.064523856854
2022-09-23 00:00:00+00:00,10903.351446339422
2022-09-23 01:00:00+00:00,10914.776648210864
2022-09-23 02:00:00+00:00,10937.937134210864
2022-09-23 03:00:00+00:00,10998.572211210863
2022-09-23 04:00:00+00:00,10966.980539210863
2022-09-23 05:00:00+00:00,10985.193783210863
2022-09-23 06:00:00+00:00,10993.647337210863
2022-09-23 07:00:00+00:00,10957.958863210864
2022-09-23 08:00:00+00:00,10941.21814345077
2022-09-23 09:00:00+00:00,10940.75176945077
2022-09-23 10:00:00+00:00,10924.52503745077
2022-09-23 11:00:00+00:00,10933.68202745077
2022-09-23 12:00:00+00:00,10929.19429345077
2022-09-23 13:00:00+00:00,10926.08602145077
2022-09-23 14:00:00+00:00,10902.651043450769
2022-09-23 15:00:00+00:00,10921.16605145077
2022-09-23 16:00:00+00:00,10892.204134133122
2022-09-23 17:00:00+00:00,10881.374293133124
2022-09-23 18:00:00+00:00,10860.802445133122
2022-09-23 19:00:00+00:00,10871.904230133123
2022-09-23 20:00:00+00:00,10890.941545133122
2022-09-23 21:00:00+00:00,10928.835247133124
2022-09-23 22:00:00+00:00,10924.634835133122
2022-09-23 23:00:00+00:00,10886.363039133123
2022-09-24 00:00:00+00:00,10891.686388545108
2022-09-24 01:00:00+00:00,10878.065010797816
2022-09-24 02:00:00+00:00,10873.660791797816
2022-09-24 03:00:00+00:00,10881.021151797815
2022-09-24 04:00:00+00:00,10880.903542797816
2022-09-24 05:00:00+00:00,10896.858011797816
2022-09-24 06:00:00+00:00,10881.711591797815
2022-09-24 07:00:00+00:00,10882.870534797816
2022-09-24 08:00:00+00:00,10881.357023177274
2022-09-24 09:00:00+00:00,10882.421206177274
2022-09-24 10:00:00+00:00,10887.831751177275
2022-09-24 11:00:00+00:00,10889.270890177275
2022-09-24 12:00:00+00:00,10876.747898177275
2022-09-24 13:00:00+00:00,10862.344871177274
2022-09-24 14:00:00+00:00,10836.367276177274
2022-09-24 15:00:00+00:00,10839.402242177273
2022-09-24 16:00:00+00:00,10859.135201814328
2022-09-24 17:00:00+00:00,10883.597872814327
2022-09-24 18:00:00+00:00,10916.626013814328
2022-09-24 19:00:00+00:00,10949.55934881433
2022-09-24 20:00:00+00:00,10964.675029814329
2022-09-24 21:00:00+00:00,10956.797215814328
2022-09-24 22:00:00+00:00,10954.899340814329
2022-09-24 23:00:00+00:00,10940.412621814328
2022-09-25 00:00:00+00:00,10906.556582713154
2022-09-25 01:00:00+00:00,10900.104668902886
2022-09-25 02:00:00+00:00,10908.469968902886
2022-09-25 03:00:00+00:00,10895.735287902886
2022-09-25 04:00:00+00:00,10897.046623902886
2022-09-25 05:00:00+00:00,10885.229989902886
2022-09-25 06:00:00+00:00,10866.058610902886
2022-09-25 07:00:00+00:00,10884.410026902886
2022-09-25 08:00:00+00:00,10874.438735350483
2022-09-25 09:00:00+00:00,10875.851563350483
2022-09-25 10:00:00+00:00,10870.994167350482
2022-09-25 11:00:00+00:00,10893.982063350482
2022-09-25 12:00:00+00:00,10927.498178350483
2022-09-25 13:00:00+00:00,10904.015757350482
2022-09-25 14:00:00+00:00,10890.475924350481
2022-09-25 15:00:00+00:00,10899.740591350483
2022-09-25 16:00:00+00:00,10894.060525664596
2022-09-25 17:00:00+00:00,10917.726712664595
2022-09-25 18:00:00+00:00,10908.775684664595
2022-09-25 19:00:00+00:00,10894.556176664595
2022-09-25 20:00:00+00:00,10905.124979664595
2022-09-25 21:00:00+00:00,10927.820363664596
2022-09-25 22:00:00+00:00,10917.315907664595
2022-09-25 23:00:00+00:00,10917.943163664595
2022-09-26 00:00:00+00:00,10915.4337872555
2022-09-26 01:00:00+00:00,10907.700649405311
2022-09-26 02:00:00+00:00,10886.46997740531
2022-09-26 03:00:00+00:00,10899.59280140531
2022-09-26 04:00:00+00:00,10900.35911940531
2022-09-26 05:00:00+00:00,10891.485542405311
2022-09-26 06:00:00+00:00,10901.38031540531
2022-09-26 07:00:00+00:00,10896.598512405311
2022-09-26 08:00:00+00:00,10875.262660048738
2022-09-26 09:00:00+00:00,10803.783117048739
2022-09-26 10:00:00+00:00,10792.690704553748
2022-09-26 11:00:00+00:00,10795.432085553748
2022-09-26 12:00:00+00:00,10787.610461553748
2022-09-26 13:00:00+00:00,10783.714804553749
2022-09-26 14:00:00+00:00,10781.323848553748
2022-09-26 15:00:00+00:00,10784.506255553748
2022-09-26 16:00:00+00:00,10786.627154411257
2022-09-26 17:00:00+00:00,10788.669435411257
2022-09-26 18:00:00+00:00,10791.331193411257
2022-09-26 19:00:00+00:00,10789.613549411257
2022-09-26 20:00:00+00:00,10790.192348411258
2022-09-26 21:00:00+00:00,10790.486027411258
2022-09-26 22:00:00+00:00,10783.952322411258
2022-09-26 23:00:00+00:00,10781.017474411257
2022-09-27 00:00:00+00:00,10787.829817431082
2022-09-27 01:00:00+00:00,10771.802186587296
2022-09-27 02:00:00+00:00,10764.835448587295
2022-09-27 03:00:00+00:00,10768.565954587295
2022-09-27 04:00:00+00:00,10784.190072587295
2022-09-27 05:00:00+00:00,10790.087308587295
2022-09-27 06:00:00+00:00,10801.023044587295
2022-09-27 07:00:00+00:00,10796.035472587295
2022-09-27 08:00:00+00:00,10805.891224378354
2022-09-27 09:00:00+00:00,10798.723755378354
2022-09-27 10:00:00+00:00,10797.858508378355
2022-09-27 11:00:00+00:00,10779.817220378354
2022-09-27 12:00:00+00:00,10788.398315378354
2022-09-27 13:00:00+00:00,10790.072645378355
2022-09-27 14:00:00+00:00,10787.679262378355
2022-09-27 15:00:00+00:00,10796.919220378355
2022-09-27 16:00:00+00:00,10787.176322653982
2022-09-27 17:00:00+00:00,10787.490660653983
2022-09-27 18:00:00+00:00,10778.836101653984
2022-09-27 19:00:00+00:00,10768.331704653983
2022-09-27 20:00:00+00:00,10767.539129653984
2022-09-27 21:00:00+00:00,10771.269757653983
2022-09-27 22:00:00+00:00,10766.863638653984
2022-09-27 23:00:00+00:00,10763.130884653983
2022-09-28 00:00:00+00:00,10757.949965063015
2022-09-28 01:00:00+00:00,10764.900630420696
2022-09-28 02:00:00+00:00,10795.585330420696
2022-09-28 03:00:00+00:00,10798.293999420695
2022-09-28 04:00:00+00:00,10799.474159420695
2022-09-28 05:00:00+00:00,10810.388029420696
2022-09-28 06:00:00+00:00,10808.847538420696
2022-09-28 07:00:00+00:00,10818.134470420695
2022-09-28 08:00:00+00:00,10824.333184717267
2022-09-28 09:00:00+00:00,10822.694186717268
2022-09-28 10:00:00+00:00,10805.653168717268
2022-09-28 11:00:00+00:00,10813.499219717267
2022-09-28 12:00:00+00:00,10803.059809717268
2022-09-28 13:00:00+00:00,10795.401365717267
2022-09-28 14:00:00+00:00,10790.755654717268
2022-09-28 15:00:00+00:00,10797.763948717267
2022-09-28 16:00:00+00:00,10796.052270048807
2022-09-28 17:00:00+00:00,10791.912832048807
2022-09-28 18:00:00+00:00,10789.002078048808
2022-09-28 19:00:00+00:00,10783.004844048808
2022-09-28 20:00:00+00:00,10781.005234048807
2022-09-28 21:00:00+00:00,10797.173777048807
2022-09-28 22:00:00+00:00,10804.981518048808
2022-09-28 23:00:00+00:00,10803.965902048809
2022-09-29 00:00:00+00:00,10809.103957955263
2022-09-29 01:00:00+00:00,10794.482295248257
2022-09-29 02:00:00+00:00,10797.179528248256
2022-09-29 03:00:00+00:00,10790.063539248256
2022-09-29 04:00:00+00:00,10783.140627248256
2022-09-29 05:00:00+00:00,10788.671833248256
2022-09-29 06:00:00+00:00,10787.488647248258
2022-09-29 07:00:00+00:00,10794.878507248257
2022-09-29 08:00:00+00:00,10791.497551694469
2022-09-29 09:00:00+00:00,10785.178678694469
2022-09-29 10:00:00+00:00,10790.223601694468
2022-09-29 11:00:00+00:00,10786.907997694469
2022-09-29 12:00:00+00:00,10791.793961694468
2022-09-29 13:00:00+00:00,10794.900768694468
2022-09-29 14:00:00+00:00,10784.197784694468
2022-09-29 15:00:00+00:00,10793.339836694468
2022-09-29 16:00:00+00:00,10792.572580237886
2022-09-29 17:00:00+00:00,10793.684709237887
2022-09-29 18:00:00+00:00,10797.939539237886
2022-09-29 19:00:00+00:00,10795.281206237887
2022-09-29 20:00:00+00:00,10838.136345237886
2022-09-29 21:00:00+00:00,10874.671647237887
2022-09-29 22:00:00+00:00,10843.133582237886
2022-09-29 23:00:00+00:00,10835.351287237887
2022-09-30 00:00:00+00:00,10829.92668483306
2022-09-30 01:00:00+00:00,10831.78110926911
2022-09-30 02:00:00+00:00,10838.37007326911
2022-09-30 03:00:00+00:00,10841.62169426911
2022-09-30 04:00:00+00:00,10843.67749126911
2022-09-30 05:00:00+00:00,10848.76194326911
2022-09-30 06:00:00+00:00,10827.470154269111
2022-09-30 07:00:00+00:00,10831.20622926911
2022-09-30 08:00:00+00:00,10836.756694503134
2022-09-30 09:00:00+00:00,10847.933434503135
2022-09-30 10:00:00+00:00,10841.636918503134
2022-09-30 11:00:00+00:00,10823.459837503135
2022-09-30 12:00:00+00:00,10813.903721503133
2022-09-30 13:00:00+00:00,10808.256844503134
2022-09-30 14:00:00+00:00,10819.804764503133
2022-09-30 15:00:00+00:00,10813.457411503134
2022-09-30 16:00:00+00:00,10816.767942288687
2022-09-30 17:00:00+00:00,10844.157869288687
2022-09-30 18:00:00+00:00,10838.041952288686
2022-09-30 19:00:00+00:00,10835.856164288687
2022-09-30 20:00:00+00:00,10824.776628288686
2022-09-30 21:00:00+00:00,10829.729403288686
2022-09-30 22:00:00+00:00,10819.536014288686
2022-09-30 23:00:00+00:00,10819.554627288686
2022-10-01 00:00:00+00:00,10811.332246436798
2022-10-01 01:00:00+00:00,10815.740315215888
2022-10-01 02:00:00+00:00,10821.263188215888
2022-10-01 03:00:00+00:00,10822.080028215887
2022-10-01 04:00:00+00:00,10827.854546215887
2022-10-01 05:00:00+00:00,10836.296041215886
2022-10-01 06:00:00+00:00,10837.101147215886
2022-10-01 07:00:00+00:00,10835.793011215887
2022-10-01 08:00:00+00:00,10832.69127184809
2022-10-01 09:00:00+00:00,10838.10476384809
2022-10-01 10:00:00+00:00,10840.81063184809
2022-10-01 11:00:00+00:00,10845.38278384809
2022-10-01 12:00:00+00:00,10844.17600484809
2022-10-01 13:00:00+00:00,10850.66059984809
2022-10-01 14:00:00+00:00,10851.79800984809
2022-10-01 15:00:00+00:00,10857.66671084809
2022-10-01 16:00:00+00:00,10843.442360328983
2022-10-01 17:00:00+00:00,10824.087783328983
2022-10-01 18:00:00+00:00,10835.527040328983
2022-10-01 19:00:00+00:00,10831.101053328983
2022-10-01 20:00:00+00:00,10821.835655328983
2022-10-01 21:00:00+00:00,10817.786728328983
2022-10-01 22:00:00+00:00,10805.263933328984
2022-10-01 23:00:00+00:00,10803.400492328983
2022-10-02 00:00:00+00:00,10816.612985471387
2022-10-02 01:00:00+00:00,10807.216884554593
2022-10-02 02:00:00+00:00,10810.033406554594
2022-10-02 03:00:00+00:00,10803.017950554593
2022-10-02 04:00:00+00:00,10790.093898554594
2022-10-02 05:00:00+00:00,10792.635194554594
2022-10-02 06:00:00+00:00,10800.657326554594
2022-10-02 07:00:00+00:00,10810.224004554593
2022-10-02 08:00:00+00:00,10813.847862439747
2022-10-02 09:00:00+00:00,10821.192086439747
2022-10-02 10:00:00+00:00,10820.845858439747
2022-10-02 11:00:00+00:00,10821.701944439747
2022-10-02 12:00:00+00:00,10823.665738439748
2022-10-02 13:00:00+00:00,10815.575682439747
2022-10-02 14:00:00+00:00,10819.057508439748
2022-10-02 15:00:00+00:00,10821.993626439747
2022-10-02 16:00:00+00:00,10829.863008950793
2022-10-02 17:00:00+00:00,10794.188162950792
2022-10-02 18:00:00+00:00,10786.427212950792
2022-10-02 19:00:00+00:00,10778.914076950792
2022-10-02 20:00:00+00:00,10773.525142950792
2022-10-02 21:00:00+00:00,10772.853270950793
2022-10-02 22:00:00+00:00,10772.658778950792
2022-10-02 23:00:00+00:00,10786.189672950792
2022-10-03 00:00:00+00:00,10791.759532332972
2022-10-03 01:00:00+00:00,10775.350562237816
2022-10-03 02:00:00+00:00,10776.942443237816
2022-10-03 03:00:00+00:00,10778.365553237816
2022-10-03 04:00:00+00:00,10791.146645237815
2022-10-03 05:00:00+00:00,10794.820767237816
2022-10-03 06:00:00+00:00,10793.977155237815
2022-10-03 07:00:00+00:00,10787.647945237815
2022-10-03 08:00:00+00:00,10787.608642302037
2022-10-03 09:00:00+00:00,10788.057088302037
2022-10-03 10:00:00+00:00,10780.262488302038
2022-10-03 11:00:00+00:00,10777.863113302037
2022-10-03 12:00:00+00:00,10775.635981302037
2022-10-03 13:00:00+00:00,10779.018335302038
2022-10-03 14:00:00+00:00,10770.940615302037
2022-10-03 15:00:00+00:00,10767.190885302038
2022-10-03 16:00:00+00:00,10774.435724810748
2022-10-03 17:00:00+00:00,10770.24700881075
2022-10-03 18:00:00+00:00,10767.45644181075
2022-10-03 19:00:00+00:00,10766.688660810749
2022-10-03 20:00:00+00:00,10768.96544781075
2022-10-03 21:00:00+00:00,10754.89402381075
2022-10-03 22:00:00+00:00,10756.328192810748
2022-10-03 23:00:00+00:00,10751.23358281075
2022-10-04 00:00:00+00:00,10742.873565322907
2022-10-04 01:00:00+00:00,10751.196718763118
2022-10-04 02:00:00+00:00,10747.149733763117
2022-10-04 03:00:00+00:00,10746.388066763118
2022-10-04 04:00:00+00:00,10744.570331763118
2022-10-04 05:00:00+00:00,10739.410623763117
2022-10-04 06:00:00+00:00,10731.928660763118
2022-10-04 07:00:00+00:00,10729.736463763118
2022-10-04 08:00:00+00:00,10736.224558218593
2022-10-04 09:00:00+00:00,10745.615406218592
2022-10-04 10:00:00+00:00,10750.143878218592
2022-10-04 11:00:00+00:00,10753.685631218594
2022-10-04 12:00:00+00:00,10748.422960218593
2022-10-04 13:00:00+00:00,10749.271337218594
2022-10-04 14:00:00+00:00,10748.295194218594
2022-10-04 15:00:00+00:00,10741.204101218593
2022-10-04 16:00:00+00:00,10740.592554078969
2022-10-04 17:00:00+00:00,10741.559363078968
2022-10-04 18:00:00+00:00,10740.720058078969
2022-10-04 19:00:00+00:00,10741.350113078968
2022-10-04 20:00:00+00:00,10738.352923078968
2022-10-04 21:00:00+00:00,10743.794724078969
2022-10-04 22:00:00+00:00,10743.656925078969
2022-10-04 23:00:00+00:00,10740.799664078968
2022-10-05 00:00:00+00:00,10743.437367107774
2022-10-05 01:00:00+00:00,10738.173917457098
2022-10-05 02:00:00+00:00,10737.853158457097
2022-10-05 03:00:00+00:00,10742.210257457096
2022-10-05 04:00:00+00:00,10742.457347457097
2022-10-05 05:00:00+00:00,10750.947471457097
2022-10-05 06:00:00+00:00,10739.690703457098
2022-10-05 07:00:00+00:00,10737.930449457097
2022-10-05 08:00:00+00:00,10738.836129085794
2022-10-05 09:00:00+00:00,10746.069612085794
2022-10-05 10:00:00+00:00,10747.517365085792
2022-10-05 11:00:00+00:00,10750.498157085793
2022-10-05 12:00:00+00:00,10753.581718085792
2022-10-05 13:00:00+00:00,10760.388932085792
2022-10-05 14:00:00+00:00,10761.360292085794
2022-10-05 15:00:00+00:00,10764.403003085792
2022-10-05 16:00:00+00:00,10755.741452612305
2022-10-05 17:00:00+00:00,10752.441115612306
2022-10-05 18:00:00+00:00,10750.344322612305
2022-10-05 19:00:00+00:00,10750.140993612305
2022-10-05 20:00:00+00:00,10749.205233612305
2022-10-05 21:00:00+00:00,10744.325170612305
2022-10-05 22:00:00+00:00,10741.387800612305
2022-10-05 23:00:00+00:00,10737.563204612305
2022-10-06 00:00:00+00:00,10740.82635694141
2022-10-06 01:00:00+00:00,10736.165107307092
2022-10-06 02:00:00+00:00,10732.36060530709
2022-10-06 03:00:00+00:00,10732.07802730709
2022-10-06 04:00:00+00:00,10735.605179307091
2022-10-06 05:00:00+00:00,10735.99824730709
2022-10-06 06:00:00+00:00,10735.29156630709
2022-10-06 07:00:00+00:00,10738.16992830709
2022-10-06 08:00:00+00:00,10736.277179565315
2022-10-06 09:00:00+00:00,10735.942632565315
2022-10-06 10:00:00+00:00,10736.371141565316
2022-10-06 11:00:00+00:00,10734.566842565315
2022-10-06 12:00:00+00:00,10734.361959565316
2022-10-06 13:00:00+00:00,10725.673581565316
2022-10-06 14:00:00+00:00,10722.161514565316
2022-10-06 15:00:00+00:00,10721.780269565315
2022-10-06 16:00:00+00:00,10728.08267415568
2022-10-06 17:00:00+00:00,10727.02051415568
2022-10-06 18:00:00+00:00,10730.28679815568
2022-10-06 19:00:00+00:00,10731.93270515568
2022-10-06 20:00:00+00:00,10728.701402155679
2022-10-06 21:00:00+00:00,10724.79082815568
2022-10-06 22:00:00+00:00,10730.18399115568
2022-10-06 23:00:00+00:00,10730.930264155679
2022-10-07 00:00:00+00:00,10730.403118957778
2022-10-07 01:00:00+00:00,10728.413662333009
2022-10-07 02:00:00+00:00,10726.168022333008
2022-10-07 03:00:00+00:00,10726.286776333009
2022-10-07 04:00:00+00:00,10723.837606333009
2022-10-07 05:00:00+00:00,10725.71054933301
2022-10-07 06:00:00+00:00,10726.573572333009
2022-10-07 07:00:00+00:00,10724.033187333009
2022-10-07 08:00:00+00:00,10723.169313959184
2022-10-07 09:00:00+00:00,10721.361573959184
2022-10-07 10:00:00+00:00,10720.840034959183
2022-10-07 11:00:00+00:00,10719.982036959183
2022-10-07 12:00:00+00:00,10727.973852959183
2022-10-07 13:00:00+00:00,10737.019336959183
2022-10-07 14:00:00+00:00,10739.901610959183
2022-10-07 15:00:00+00:00,10742.997053959183
2022-10-07 16:00:00+00:00,10747.308058680883
2022-10-07 17:00:00+00:00,10746.828675680883
2022-10-07 18:00:00+00:00,10749.215067680883
2022-10-07 19:00:00+00:00,10746.431607680883
2022-10-07 20:00:00+00:00,10742.321642680883
2022-10-07 21:00:00+00:00,10742.159694680882
2022-10-07 22:00:00+00:00,10742.474953680883
2022-10-07 23:00:00+00:00,10742.295359680882
2022-10-08 00:00:00+00:00,10737.934905083086
2022-10-08 01:00:00+00:00,10734.022919050693
2022-10-08 02:00:00+00:00,10733.376388050692
2022-10-08 03:00:00+00:00,10736.979180050692
2022-10-08 04:00:00+00:00,10738.129431050691
2022-10-08 05:00:00+00:00,10738.506587050691
2022-10-08 06:00:00+00:00,10738.900667050691
2022-10-08 07:00:00+00:00,10736.910300050691
2022-10-08 08:00:00+00:00,10737.871697431061
2022-10-08 09:00:00+00:00,10736.15956943106
2022-10-08 10:00:00+00:00,10734.35994443106
2022-10-08 11:00:00+00:00,10738.09889143106
2022-10-08 12:00:00+00:00,10736.95306443106
2022-10-08 13:00:00+00:00,10736.069610431061
2022-10-08 14:00:00+00:00,10736.52123843106
2022-10-08 15:00:00+00:00,10735.79468143106
2022-10-08 16:00:00+00:00,10736.386299150527
2022-10-08 17:00:00+00:00,10733.706700150527
2022-10-08 18:00:00+00:00,10733.855741150526
2022-10-08 19:00:00+00:00,10734.228388150526
2022-10-08 20:00:00+00:00,10736.254872150526
2022-10-08 21:00:00+00:00,10733.561385150528
2022-10-08 22:00:00+00:00,10735.182202150527
2022-10-08 23:00:00+00:00,10734.812297150527
2022-10-09 00:00:00+00:00,10737.602021079494
2022-10-09 01:00:00+00:00,10738.711080836687
2022-10-09 02:00:00+00:00,10740.131334836688
2022-10-09 03:00:00+00:00,10739.406579836688
2022-10-09 04:00:00+00:00,10739.365741836687
2022-10-09 05:00:00+00:00,10739.328084836687
2022-10-09 06:00:00+00:00,10738.361525836688
2022-10-09 07:00:00+00:00,10738.410586836688
2022-10-09 08:00:00+00:00,10738.227828399915
2022-10-09 09:00:00+00:00,10736.759669399915
2022-10-09 10:00:00+00:00,10736.657810399915
2022-10-09 11:00:00+00:00,10737.565901399916
2022-10-09 12:00:00+00:00,10736.628258399915
2022-10-09 13:00:00+00:00,10737.535706399914
2022-10-09 14:00:00+00:00,10739.421523399915
2022-10-09 15:00:00+00:00,10740.402845399914
2022-10-09 16:00:00+00:00,10738.407476118016
2022-10-09 17:00:00+00:00,10739.109355118017
2022-10-09 18:00:00+00:00,10742.133631118017
2022-10-09 19:00:00+00:00,10740.795490118016
2022-10-09 20:00:00+00:00,10739.314489118016
2022-10-09 21:00:00+00:00,10739.482533118016
2022-10-09 22:00:00+00:00,10740.166371118015
2022-10-09 23:00:00+00:00,10738.740334118016
2022-10-10 00:00:00+00:00,10739.297504778275
2022-10-10 01:00:00+00:00,10738.365893479724
2022-10-10 02:00:00+00:00,10738.226268479724
2022-10-10 03:00:00+00:00,10740.375913479724
2022-10-10 04:00:00+00:00,10744.819893479724
2022-10-10 05:00:00+00:00,10744.911933479723
2022-10-10 06:00:00+00:00,10746.017708479723
2022-10-10 07:00:00+00:00,10745.123408479723
2022-10-10 08:00:00+00:00,10751.369148989665
2022-10-10 09:00:00+00:00,10749.169418989664
2022-10-10 10:00:00+00:00,10753.165718989665
2022-10-10 11:00:00+00:00,10751.377278989665
2022-10-10 12:00:00+00:00,10749.163868989664
2022-10-10 13:00:00+00:00,10748.203028989665
2022-10-10 14:00:00+00:00,10750.625368989666
2022-10-10 15:00:00+00:00,10753.860703989665
2022-10-10 16:00:00+00:00,10757.882513494016
2022-10-10 17:00:00+00:00,10759.313518494017
2022-10-10 18:00:00+00:00,10755.629238494017
2022-10-10 19:00:00+00:00,10756.267518494016
2022-10-10 20:00:00+00:00,10755.581983494018
2022-10-10 21:00:00+00:00,10754.591173494016
2022-10-10 22:00:00+00:00,10760.223668494016
2022-10-10 23:00:00+00:00,10762.687128494017
2022-10-11 00:00:00+00:00,10774.090972626269
2022-10-11 01:00:00+00:00,10771.211045726544
2022-10-11 02:00:00+00:00,10763.872018726544
2022-10-11 03:00:00+00:00,10764.095779726544
2022-10-11 04:00:00+00:00,10758.409364726544
2022-10-11 05:00:00+00:00,10753.468834726544
2022-10-11 06:00:00+00:00,10749.529121726544
2022-10-11 07:00:00+00:00,10747.613170726545
2022-10-11 08:00:00+00:00,10748.86735851544
2022-10-11 09:00:00+00:00,10744.688152515439
2022-10-11 10:00:00+00:00,10742.00723851544
2022-10-11 11:00:00+00:00,10738.36986951544
2022-10-11 12:00:00+00:00,10738.625561515439
2022-10-11 13:00:00+00:00,10740.338179515438
2022-10-11 14:00:00+00:00,10738.926991515438
2022-10-11 15:00:00+00:00,10737.26449051544
2022-10-11 16:00:00+00:00,10737.444506884876
2022-10-11 17:00:00+00:00,10739.923440884877
2022-10-11 18:00:00+00:00,10738.410009884878
2022-10-11 19:00:00+00:00,10741.091212884878
2022-10-11 20:00:00+00:00,10740.387244884878
2022-10-11 21:00:00+00:00,10743.278018884877
2022-10-11 22:00:00+00:00,10738.322276884877
2022-10-11 23:00:00+00:00,10738.325558884877
2022-10-12 00:00:00+00:00,10735.99547260769
2022-10-12 01:00:00+00:00,10733.074426701709
2022-10-12 02:00:00+00:00,10733.86543070171
2022-10-12 03:00:00+00:00,10735.80048870171
2022-10-12 04:00:00+00:00,10735.51294170171
2022-10-12 05:00:00+00:00,10736.18587270171
2022-10-12 06:00:00+00:00,10728.66669970171
2022-10-12 07:00:00+00:00,10733.71311270171
2022-10-12 08:00:00+00:00,10733.22661960603
2022-10-12 09:00:00+00:00,10732.125422606028
2022-10-12 10:00:00+00:00,10730.909398606029
2022-10-12 11:00:00+00:00,10737.01109160603
2022-10-12 12:00:00+00:00,10741.018019606028
2022-10-12 13:00:00+00:00,10739.141726606029
2022-10-12 14:00:00+00:00,10739.23534960603
2022-10-12 15:00:00+00:00,10737.97398460603
2022-10-12 16:00:00+00:00,10736.359536488591
2022-10-12 17:00:00+00:00,10739.199288488591
2022-10-12 18:00:00+00:00,10738.108387488592
2022-10-12 19:00:00+00:00,10737.774301488591
2022-10-12 20:00:00+00:00,10736.193652488591
2022-10-12 21:00:00+00:00,10737.034852488592
2022-10-12 22:00:00+00:00,10735.062390488592
2022-10-12 23:00:00+00:00,10733.898992488592
2022-10-13 00:00:00+00:00,10739.949039843019
2022-10-13 01:00:00+00:00,10739.864349240795
2022-10-13 02:00:00+00:00,10744.925986240794
2022-10-13 03:00:00+00:00,10746.134956240794
2022-10-13 04:00:00+00:00,10747.227729240794
2022-10-13 05:00:00+00:00,10749.688282240795
2022-10-13 06:00:00+00:00,10747.481677240794
2022-10-13 07:00:00+00:00,10750.816888240795
2022-10-13 08:00:00+00:00,10750.324412845177
2022-10-13 09:00:00+00:00,10751.941381845178
2022-10-13 10:00:00+00:00,10753.998946845179
2022-10-13 11:00:00+00:00,10755.043346845177
2022-10-13 12:00:00+00:00,10752.862409845178
2022-10-13 13:00:00+00:00,10751.469373845179
2022-10-13 14:00:00+00:00,10748.125460845178
2022-10-13 15:00:00+00:00,10750.011498845179
2022-10-13 16:00:00+00:00,10751.999369344156
2022-10-13 17:00:00+00:00,10747.141232344155
2022-10-13 18:00:00+00:00,10746.304873344156
2022-10-13 19:00:00+00:00,10756.620773344155
2022-10-13 20:00:00+00:00,10755.672099344156
2022-10-13 21:00:00+00:00,10755.414361344156
2022-10-13 22:00:00+00:00,10755.850022344155
2022-10-13 23:00:00+00:00,10755.334387344155
2022-10-14 00:00:00+00:00,10750.479247244866
2022-10-14 01:00:00+00:00,10748.664731435672
2022-10-14 02:00:00+00:00,10751.515203435672
2022-10-14 03:00:00+00:00,10749.433611435672
2022-10-14 04:00:00+00:00,10747.296639435672
2022-10-14 05:00:00+00:00,10746.350939435672
2022-10-14 06:00:00+00:00,10745.420585435671
2022-10-14 07:00:00+00:00,10751.734019435673
2022-10-14 08:00:00+00:00,10754.889310503106
2022-10-14 09:00:00+00:00,10752.329688503105
2022-10-14 10:00:00+00:00,10750.511054503106
2022-10-14 11:00:00+00:00,10755.126720503105
2022-10-14 12:00:00+00:00,10758.906086503106
2022-10-14 13:00:00+00:00,10764.850274503106
2022-10-14 14:00:00+00:00,10763.733316503105
2022-10-14 15:00:00+00:00,10766.080342503106
2022-10-14 16:00:00+00:00,10766.127339441158
2022-10-14 17:00:00+00:00,10767.438215441158
2022-10-14 18:00:00+00:00,10766.65604544116
2022-10-14 19:00:00+00:00,10768.27189544116
2022-10-14 20:00:00+00:00,10766.244425441158
2022-10-14 21:00:00+00:00,10769.264159441158
2022-10-14 22:00:00+00:00,10769.25415344116
2022-10-14 23:00:00+00:00,10770.716175441159
2022-10-15 00:00:00+00:00,10770.618855251389
2022-10-15 01:00:00+00:00,10769.432153499247
2022-10-15 02:00:00+00:00,10771.264383499247
2022-10-15 03:00:00+00:00,10770.452533499247
2022-10-15 04:00:00+00:00,10770.535748499247
2022-10-15 05:00:00+00:00,10774.023178499247
2022-10-15 06:00:00+00:00,10772.577568499248
2022-10-15 07:00:00+00:00,10773.310853499246
2022-10-15 08:00:00+00:00,10778.0139550356
2022-10-15 09:00:00+00:00,10780.7389700356
2022-10-15 10:00:00+00:00,10778.130630035601
2022-10-15 11:00:00+00:00,10771.1360650356
2022-10-15 12:00:00+00:00,10771.6765700356
2022-10-15 13:00:00+00:00,10773.3412200356
2022-10-15 14:00:00+00:00,10775.8746350356
2022-10-15 15:00:00+00:00,10772.9608900356
2022-10-15 16:00:00+00:00,10773.616166015667
2022-10-15 17:00:00+00:00,10775.034206015667
2022-10-15 18:00:00+00:00,10775.946611015666
2022-10-15 19:00:00+00:00,10777.567231015666
2022-10-15 20:00:00+00:00,10775.494556015667
2022-10-15 21:00:00+00:00,10775.700336015667
2022-10-15 22:00:00+00:00,10778.667171015666
2022-10-15 23:00:00+00:00,10779.498041015666
2022-10-16 00:00:00+00:00,10772.090017312139
2022-10-16 01:00:00+00:00,10772.11586856014
2022-10-16 02:00:00+00:00,10773.19133856014
2022-10-16 03:00:00+00:00,10773.08894356014
2022-10-16 04:00:00+00:00,10769.01036356014
2022-10-16 05:00:00+00:00,10772.73574356014
2022-10-16 06:00:00+00:00,10774.99597356014
2022-10-16 07:00:00+00:00,10774.267703560141
2022-10-16 08:00:00+00:00,10775.689036194435
2022-10-16 09:00:00+00:00,10776.126176194435
2022-10-16 10:00:00+00:00,10775.928406194435
2022-10-16 11:00:00+00:00,10776.198876194436
2022-10-16 12:00:00+00:00,10775.834111194436
2022-10-16 13:00:00+00:00,10775.915221194435
2022-10-16 14:00:00+00:00,10779.688751194435
2022-10-16 15:00:00+00:00,10779.520741194436
2022-10-16 16:00:00+00:00,10781.210038179961
2022-10-16 17:00:00+00:00,10779.71568317996
2022-10-16 18:00:00+00:00,10780.843298179961
2022-10-16 19:00:00+00:00,10781.40100817996
2022-10-16 20:00:00+00:00,10779.41965817996
2022-10-16 21:00:00+00:00,10780.140693179961
2022-10-16 22:00:00+00:00,10776.901643179961
2022-10-16 23:00:00+00:00,10777.283818179962
2022-10-17 00:00:00+00:00,10777.646913964181
2022-10-17 01:00:00+00:00,10775.556466446384
2022-10-17 02:00:00+00:00,10773.883106446385
2022-10-17 03:00:00+00:00,10774.079800446385
2022-10-17 04:00:00+00:00,10775.482074446385
2022-10-17 05:00:00+00:00,10769.094058446384
2022-10-17 06:00:00+00:00,10773.342998446384
2022-10-17 07:00:00+00:00,10775.020350446384
2022-10-17 08:00:00+00:00,10774.64488245985
2022-10-17 09:00:00+00:00,10772.50194645985
2022-10-17 10:00:00+00:00,10776.689980459849
2022-10-17 11:00:00+00:00,10779.68059645985
2022-10-17 12:00:00+00:00,10776.49313845985
2022-10-17 13:00:00+00:00,10776.50467045985
2022-10-17 14:00:00+00:00,10777.86465645985
2022-10-17 15:00:00+00:00,10776.14661245985
2022-10-17 16:00:00+00:00,10767.624900869554
2022-10-17 17:00:00+00:00,10768.536390869554
2022-10-17 18:00:00+00:00,10768.241480869554
2022-10-17 19:00:00+00:00,10762.715188869555
2022-10-17 20:00:00+00:00,10765.564906869555
2022-10-17 21:00:00+00:00,10764.414668869555
2022-10-17 22:00:00+00:00,10761.929478869555
2022-10-17 23:00:00+00:00,10764.236480869555
2022-10-18 00:00:00+00:00,10761.538178132118
2022-10-18 01:00:00+00:00,10758.42047939281
2022-10-18 02:00:00+00:00,10760.69185939281
2022-10-18 03:00:00+00:00,10764.22520939281
2022-10-18 04:00:00+00:00,10767.38475939281
2022-10-18 05:00:00+00:00,10766.85580939281
2022-10-18 06:00:00+00:00,10766.110939392809
2022-10-18 07:00:00+00:00,10770.95032939281
2022-10-18 08:00:00+00:00,10777.039039075149
2022-10-18 09:00:00+00:00,10776.25372907515
2022-10-18 10:00:00+00:00,10772.40859907515
2022-10-18 11:00:00+00:00,10776.95502907515
2022-10-18 12:00:00+00:00,10776.32635907515
2022-10-18 13:00:00+00:00,10780.080529075149
2022-10-18 14:00:00+00:00,10781.82413907515
2022-10-18 15:00:00+00:00,10784.52596907515
2022-10-18 16:00:00+00:00,10787.129218257869
2022-10-18 17:00:00+00:00,10790.11190825787
2022-10-18 18:00:00+00:00,10789.68671825787
2022-10-18 19:00:00+00:00,10786.03593825787
2022-10-18 20:00:00+00:00,10785.24723825787
2022-10-18 21:00:00+00:00,10787.80181825787
2022-10-18 22:00:00+00:00,10787.04228825787
2022-10-18 23:00:00+00:00,10785.70201825787
2022-10-19 00:00:00+00:00,10787.301919661271
2022-10-19 01:00:00+00:00,10788.298916553438
2022-10-19 02:00:00+00:00,10793.300071553438
2022-10-19 03:00:00+00:00,10796.073378553438
2022-10-19 04:00:00+00:00,10798.881748553438
2022-10-19 05:00:00+00:00,10808.188337553438
2022-10-19 06:00:00+00:00,10808.887384553438
2022-10-19 07:00:00+00:00,10812.314853553438
2022-10-19 08:00:00+00:00,10807.549815664404
2022-10-19 09:00:00+00:00,10800.829116664403
2022-10-19 10:00:00+00:00,10805.754026664403
2022-10-19 11:00:00+00:00,10810.229900664404
2022-10-19 12:00:00+00:00,10811.605625664404
2022-10-19 13:00:00+00:00,10821.080065664404
2022-10-19 14:00:00+00:00,10821.331627664404
2022-10-19 15:00:00+00:00,10818.679923664404
2022-10-19 16:00:00+00:00,10825.027452609374
2022-10-19 17:00:00+00:00,10825.272533609375
2022-10-19 18:00:00+00:00,10817.857242609374
2022-10-19 19:00:00+00:00,10818.513310609374
2022-10-19 20:00:00+00:00,10820.300373609374
2022-10-19 21:00:00+00:00,10822.636427609375
2022-10-19 22:00:00+00:00,10838.633997609375
2022-10-19 23:00:00+00:00,10835.390417609375
2022-10-20 00:00:00+00:00,10839.495263101011
2022-10-20 01:00:00+00:00,10834.132560305976
2022-10-20 02:00:00+00:00,10831.355986305976
2022-10-20 03:00:00+00:00,10827.643714305976
2022-10-20 04:00:00+00:00,10821.205662305976
2022-10-20 05:00:00+00:00,10821.461611305975
2022-10-20 06:00:00+00:00,10820.583455305976
2022-10-20 07:00:00+00:00,10824.193128305975
2022-10-20 08:00:00+00:00,10826.034455827597
2022-10-20 09:00:00+00:00,10822.303555827597
2022-10-20 10:00:00+00:00,10818.168928827597
2022-10-20 11:00:00+00:00,10820.236482827597
2022-10-20 12:00:00+00:00,10825.339950827598
2022-10-20 13:00:00+00:00,10824.077855827598
2022-10-20 14:00:00+00:00,10819.447054827599
2022-10-20 15:00:00+00:00,10824.578804827597
2022-10-20 16:00:00+00:00,10825.160118005098
2022-10-20 17:00:00+00:00,10830.457451005099
2022-10-20 18:00:00+00:00,10834.643187005098
2022-10-20 19:00:00+00:00,10832.812191005098
2022-10-20 20:00:00+00:00,10840.424095005099
2022-10-20 21:00:00+00:00,10841.2285200051
2022-10-20 22:00:00+00:00,10842.604172005098
2022-10-20 23:00:00+00:00,10839.401090005098
2022-10-21 00:00:00+00:00,10844.906174517946
2022-10-21 01:00:00+00:00,10833.14594600591
2022-10-21 02:00:00+00:00,10827.422916005911
2022-10-21 03:00:00+00:00,10830.89471600591
2022-10-21 04:00:00+00:00,10834.07507600591
2022-10-21 05:00:00+00:00,10830.05492600591
2022-10-21 06:00:00+00:00,10835.531656005911
2022-10-21 07:00:00+00:00,10841.360406005911
2022-10-21 08:00:00+00:00,10852.395973126146
2022-10-21 09:00:00+00:00,10847.840023126146
2022-10-21 10:00:00+00:00,10850.796123126145
2022-10-21 11:00:00+00:00,10856.564023126146
2022-10-21 12:00:00+00:00,10855.291903126144
2022-10-21 13:00:00+00:00,10854.406513126145
2022-10-21 14:00:00+00:00,10857.004183126144
2022-10-21 15:00:00+00:00,10846.489873126146
2022-10-21 16:00:00+00:00,10842.900364373812
2022-10-21 17:00:00+00:00,10834.614144373812
2022-10-21 18:00:00+00:00,10832.698914373812
2022-10-21 19:00:00+00:00,10828.408914373811
2022-10-21 20:00:00+00:00,10825.427074373813
2022-10-21 21:00:00+00:00,10825.736974373813
2022-10-21 22:00:00+00:00,10821.649934373812
2022-10-21 23:00:00+00:00,10825.124684373812
2022-10-22 00:00:00+00:00,10819.573533831528
2022-10-22 01:00:00+00:00,10829.536207852208
2022-10-22 02:00:00+00:00,10834.390789852208
2022-10-22 03:00:00+00:00,10830.10045685221
2022-10-22 04:00:00+00:00,10829.099425852208
2022-10-22 05:00:00+00:00,10833.71671985221
2022-10-22 06:00:00+00:00,10834.015380852208
2022-10-22 07:00:00+00:00,10828.383434852209
2022-10-22 08:00:00+00:00,10828.676694539516
2022-10-22 09:00:00+00:00,10828.376280539516
2022-10-22 10:00:00+00:00,10823.707711539517
2022-10-22 11:00:00+00:00,10825.935087539516
2022-10-22 12:00:00+00:00,10830.431804539516
2022-10-22 13:00:00+00:00,10825.620973539517
2022-10-22 14:00:00+00:00,10819.787988539516
2022-10-22 15:00:00+00:00,10818.965279539516
2022-10-22 16:00:00+00:00,10821.631160653154
2022-10-22 17:00:00+00:00,10817.273869653154
2022-10-22 18:00:00+00:00,10815.810292653154
2022-10-22 19:00:00+00:00,10816.942998653154
2022-10-22 20:00:00+00:00,10812.722724653153
2022-10-22 21:00:00+00:00,10813.651991653154
2022-10-22 22:00:00+00:00,10814.489339653153
2022-10-22 23:00:00+00:00,10814.776777653155
2022-10-23 00:00:00+00:00,10811.949720503253
2022-10-23 01:00:00+00:00,10817.555162335579
2022-10-23 02:00:00+00:00,10807.939076335579
2022-10-23 03:00:00+00:00,10799.439891335578
2022-10-23 04:00:00+00:00,10803.70794833558
2022-10-23 05:00:00+00:00,10807.80720633558
2022-10-23 06:00:00+00:00,10807.32982733558
2022-10-23 07:00:00+00:00,10807.443303335578
2022-10-23 08:00:00+00:00,10802.943819732278
2022-10-23 09:00:00+00:00,10812.592507732279
2022-10-23 10:00:00+00:00,10802.754766732278
2022-10-23 11:00:00+00:00,10805.028871732278
2022-10-23 12:00:00+00:00,10809.825272732278
2022-10-23 13:00:00+00:00,10804.482888732278
2022-10-23 14:00:00+00:00,10802.515153732278
2022-10-23 15:00:00+00:00,10786.953710732278
2022-10-23 16:00:00+00:00,10785.599422275216
2022-10-23 17:00:00+00:00,10785.103479275216
2022-10-23 18:00:00+00:00,10787.552137275216
2022-10-23 19:00:00+00:00,10763.506071275217
2022-10-23 20:00:00+00:00,10753.475641275216
2022-10-23 21:00:00+00:00,10753.200682275216
2022-10-23 22:00:00+00:00,10766.180349275217
2022-10-23 23:00:00+00:00,10772.044784275216
2022-10-24 00:00:00+00:00,10759.209155511093
2022-10-24 01:00:00+00:00,10770.235598829206
2022-10-24 02:00:00+00:00,10766.297040829206
2022-10-24 03:00:00+00:00,10767.919304829205
2022-10-24 04:00:00+00:00,10761.609634829205
2022-10-24 05:00:00+00:00,10777.302282829205
2022-10-24 06:00:00+00:00,10764.715242829205
2022-10-24 07:00:00+00:00,10776.473824829205
2022-10-24 08:00:00+00:00,10772.936676344538
2022-10-24 09:00:00+00:00,10765.210356344538
2022-10-24 10:00:00+00:00,10751.474390344538
2022-10-24 11:00:00+00:00,10755.549658344538
2022-10-24 12:00:00+00:00,10760.109600344538
2022-10-24 13:00:00+00:00,10769.891824344539
2022-10-24 14:00:00+00:00,10768.921968344539
2022-10-24 15:00:00+00:00,10774.308802344538
2022-10-24 16:00:00+00:00,10767.710320137392
2022-10-24 17:00:00+00:00,10753.807896137392
2022-10-24 18:00:00+00:00,10750.524534137392
2022-10-24 19:00:00+00:00,10758.415390137392
2022-10-24 20:00:00+00:00,10751.269108137392
2022-10-24 21:00:00+00:00,10756.31740813739
2022-10-24 22:00:00+00:00,10751.899998137393
2022-10-24 23:00:00+00:00,10755.864074137391
2022-10-25 00:00:00+00:00,10768.444355293532
2022-10-25 01:00:00+00:00,10772.886612818254
2022-10-25 02:00:00+00:00,10770.022983818255
2022-10-25 03:00:00+00:00,10763.557852818254
2022-10-25 04:00:00+00:00,10761.770983818255
2022-10-25 05:00:00+00:00,10765.066070818255
2022-10-25 06:00:00+00:00,10773.930472818254
2022-10-25 07:00:00+00:00,10775.440697818254
2022-10-25 08:00:00+00:00,10777.803207286886
2022-10-25 09:00:00+00:00,10779.025473286887
2022-10-25 10:00:00+00:00,10779.449559286886
2022-10-25 11:00:00+00:00,10781.707014286887
2022-10-25 12:00:00+00:00,10779.792304286886
2022-10-25 13:00:00+00:00,10793.097623286887
2022-10-25 14:00:00+00:00,10783.211647286887
2022-10-25 15:00:00+00:00,10788.515912286886
2022-10-25 16:00:00+00:00,10772.712331450944
2022-10-25 17:00:00+00:00,10778.045869450943
2022-10-25 18:00:00+00:00,10788.274559450943
2022-10-25 19:00:00+00:00,10807.248791450944
2022-10-25 20:00:00+00:00,10809.304898450944
2022-10-25 21:00:00+00:00,10794.294947450944
2022-10-25 22:00:00+00:00,10784.785081450944
2022-10-25 23:00:00+00:00,10784.169463450944
2022-10-26 00:00:00+00:00,10783.546395953123
2022-10-26 01:00:00+00:00,10797.10059497551
2022-10-26 02:00:00+00:00,10787.67434097551
2022-10-26 03:00:00+00:00,10783.21813697551
2022-10-26 04:00:00+00:00,10770.333756975511
2022-10-26 05:00:00+00:00,10774.94967897551
2022-10-26 06:00:00+00:00,10759.730812975511
2022-10-26 07:00:00+00:00,10766.29697497551
2022-10-26 08:00:00+00:00,10786.772541175129
2022-10-26 09:00:00+00:00,10780.540835175128
2022-10-26 10:00:00+00:00,10770.780131175128
2022-10-26 11:00:00+00:00,10788.681165175129
2022-10-26 12:00:00+00:00,10796.741869175128
2022-10-26 13:00:00+00:00,10801.957005175129
2022-10-26 14:00:00+00:00,10832.906435175128
2022-10-26 15:00:00+00:00,10827.124291175129
2022-10-26 16:00:00+00:00,10823.843485907651
2022-10-26 17:00:00+00:00,10835.497221907652
2022-10-26 18:00:00+00:00,10838.424613907651
2022-10-26 19:00:00+00:00,10835.086011907651
2022-10-26 20:00:00+00:00,10822.189705907651
2022-10-26 21:00:00+00:00,10812.513055907652
2022-10-26 22:00:00+00:00,10830.46803790765
2022-10-26 23:00:00+00:00,10816.413981907652
2022-10-27 00:00:00+00:00,10813.307886685987
2022-10-27 01:00:00+00:00,10804.478071112171
2022-10-27 02:00:00+00:00,10799.951158112171
2022-10-27 03:00:00+00:00,10761.13829011217
2022-10-27 04:00:00+00:00,10741.790611480097
2022-10-27 05:00:00+00:00,10702.582499480097
2022-10-27 06:00:00+00:00,10707.081398684675
2022-10-27 07:00:00+00:00,10711.269034684674
2022-10-27 08:00:00+00:00,10709.047481434682
2022-10-27 09:00:00+00:00,10717.315347434682
2022-10-27 10:00:00+00:00,10720.450989434681
2022-10-27 11:00:00+00:00,10721.761687434682
2022-10-27 12:00:00+00:00,10722.427869434681
2022-10-27 13:00:00+00:00,10723.10665743468
2022-10-27 14:00:00+00:00,10713.964741434682
2022-10-27 15:00:00+00:00,10716.450033434681
2022-10-27 16:00:00+00:00,10713.33153302104
2022-10-27 17:00:00+00:00,10711.14955702104
2022-10-27 18:00:00+00:00,10714.03684302104
2022-10-27 19:00:00+00:00,10710.32289902104
2022-10-27 20:00:00+00:00,10719.05219502104
2022-10-27 21:00:00+00:00,10722.07336702104
2022-10-27 22:00:00+00:00,10729.31797102104
2022-10-27 23:00:00+00:00,10734.15117302104
2022-10-28 00:00:00+00:00,10735.418088164162
2022-10-28 01:00:00+00:00,10735.575019067985
2022-10-28 02:00:00+00:00,10748.799043067984
2022-10-28 03:00:00+00:00,10752.934469067985
2022-10-28 04:00:00+00:00,10753.225116067984
2022-10-28 05:00:00+00:00,10767.462755067983
2022-10-28 06:00:00+00:00,10778.535450067984
2022-10-28 07:00:00+00:00,10793.429678067983
2022-10-28 08:00:00+00:00,10786.435877660555
2022-10-28 09:00:00+00:00,10780.880550660555
2022-10-28 10:00:00+00:00,10781.365632660556
2022-10-28 11:00:00+00:00,10778.841661660555
2022-10-28 12:00:00+00:00,10779.748099660555
2022-10-28 13:00:00+00:00,10790.130310660556
2022-10-28 14:00:00+00:00,10778.568772660556
2022-10-28 15:00:00+00:00,10778.953796660555
2022-10-28 16:00:00+00:00,10768.171377299766
2022-10-28 17:00:00+00:00,10771.958651299767
2022-10-28 18:00:00+00:00,10773.526236299766
2022-10-28 19:00:00+00:00,10763.642928299765
2022-10-28 20:00:00+00:00,10762.066219299766
2022-10-28 21:00:00+00:00,10762.999846299766
2022-10-28 22:00:00+00:00,10764.578828299766
2022-10-28 23:00:00+00:00,10778.290188299767
2022-10-29 00:00:00+00:00,10745.99372120581
2022-10-29 01:00:00+00:00,10743.355547389616
2022-10-29 02:00:00+00:00,10742.832943389616
2022-10-29 03:00:00+00:00,10749.902855389617
2022-10-29 04:00:00+00:00,10739.452623389616
2022-10-29 05:00:00+00:00,10738.785337389616
2022-10-29 06:00:00+00:00,10721.671811389617
2022-10-29 07:00:00+00:00,10728.905063389617
2022-10-29 08:00:00+00:00,10727.290654993736
2022-10-29 09:00:00+00:00,10705.811661795375
2022-10-29 10:00:00+00:00,10732.716221795374
2022-10-29 11:00:00+00:00,10734.925071795375
2022-10-29 12:00:00+00:00,10717.966147795374
2022-10-29 13:00:00+00:00,10728.261291795374
2022-10-29 14:00:00+00:00,10732.510415795374
2022-10-29 15:00:00+00:00,10737.720929795374
2022-10-29 16:00:00+00:00,10711.534481159539
2022-10-29 17:00:00+00:00,10738.420365159538
2022-10-29 18:00:00+00:00,10757.086859159539
2022-10-29 19:00:00+00:00,10775.571427159539
2022-10-29 20:00:00+00:00,10761.63660915954
2022-10-29 21:00:00+00:00,10763.70513315954
2022-10-29 22:00:00+00:00,10777.034541159539
2022-10-29 23:00:00+00:00,10763.07233715954
2022-10-30 00:00:00+00:00,10760.518619011205
2022-10-30 01:00:00+00:00,10729.484848576014
2022-10-30 02:00:00+00:00,10718.376000576012
2022-10-30 03:00:00+00:00,10723.178648576013
2022-10-30 04:00:00+00:00,10718.811701576013
2022-10-30 05:00:00+00:00,10688.978208576013
2022-10-30 06:00:00+00:00,10685.191637576014
2022-10-30 07:00:00+00:00,10695.677491576012
2022-10-30 08:00:00+00:00,10706.59249915522
2022-10-30 09:00:00+00:00,10734.59815115522
2022-10-30 10:00:00+00:00,10726.64764715522
2022-10-30 11:00:00+00:00,10728.39793515522
2022-10-30 12:00:00+00:00,10713.48230215522
2022-10-30 13:00:00+00:00,10745.89659615522
2022-10-30 14:00:00+00:00,10734.879581155219
2022-10-30 15:00:00+00:00,10792.83753915522
2022-10-30 16:00:00+00:00,10805.829048383213
2022-10-30 17:00:00+00:00,10787.305105383213
2022-10-30 18:00:00+00:00,10770.305015383212
2022-10-30 19:00:00+00:00,10775.510702383212
2022-10-30 20:00:00+00:00,10765.302159383213
2022-10-30 21:00:00+00:00,10758.645562383212
2022-10-30 22:00:00+00:00,10764.317871383213
2022-10-30 23:00:00+00:00,10767.329815383213
2022-10-31 00:00:00+00:00,10764.855583006052
2022-10-31 01:00:00+00:00,10747.60315299705
2022-10-31 02:00:00+00:00,10753.83173699705
2022-10-31 03:00:00+00:00,10738.200198997049
2022-10-31 04:00:00+00:00,10752.115680997049
2022-10-31 05:00:00+00:00,10759.491121997049
2022-10-31 06:00:00+00:00,10748.980599997049
2022-10-31 07:00:00+00:00,10742.60438199705
2022-10-31 08:00:00+00:00,10757.405567811791
2022-10-31 09:00:00+00:00,10776.476853811791
2022-10-31 10:00:00+00:00,10771.53757181179
2022-10-31 11:00:00+00:00,10775.047927811791
2022-10-31 12:00:00+00:00,10796.96882381179
2022-10-31 13:00:00+00:00,10800.127349811792
2022-10-31 14:00:00+00:00,10773.989068811792
2022-10-31 15:00:00+00:00,10758.529602811792
2022-10-31 16:00:00+00:00,10779.615035470046
2022-10-31 17:00:00+00:00,10772.800901470046
2022-10-31 18:00:00+00:00,10783.758981470044
2022-10-31 19:00:00+00:00,10796.364565470045
2022-10-31 20:00:00+00:00,10787.615386470045
2022-10-31 21:00:00+00:00,10786.717732470044
2022-10-31 22:00:00+00:00,10792.440954470045
2022-10-31 23:00:00+00:00,10784.742699470045
2022-11-01 00:00:00+00:00,10786.835789167619
2022-11-01 01:00:00+00:00,10804.52095836402
2022-11-01 02:00:00+00:00,10828.571552364021
2022-11-01 03:00:00+00:00,10817.239859364021
2022-11-01 04:00:00+00:00,10836.375971364021
2022-11-01 05:00:00+00:00,10837.408076364021
2022-11-01 06:00:00+00:00,10828.667360364021
2022-11-01 07:00:00+00:00,10826.322234364021
2022-11-01 08:00:00+00:00,10818.132797913755
2022-11-01 09:00:00+00:00,10817.269114913755
2022-11-01 10:00:00+00:00,10821.219806913756
2022-11-01 11:00:00+00:00,10820.748944913756
2022-11-01 12:00:00+00:00,10808.206608913755
2022-11-01 13:00:00+00:00,10810.138176913755
2022-11-01 14:00:00+00:00,10805.376719913755
2022-11-01 15:00:00+00:00,10812.075372913756
2022-11-01 16:00:00+00:00,10829.979299389268
2022-11-01 17:00:00+00:00,10849.168819389268
2022-11-01 18:00:00+00:00,10855.411483389267
2022-11-01 19:00:00+00:00,10861.357919389267
2022-11-01 20:00:00+00:00,10862.016925389267
2022-11-01 21:00:00+00:00,10868.676998389268
2022-11-01 22:00:00+00:00,10869.291542389268
2022-11-01 23:00:00+00:00,10871.628552389267
2022-11-02 00:00:00+00:00,10886.325243325053
2022-11-02 01:00:00+00:00,10879.969170116778
2022-11-02 02:00:00+00:00,10892.082899116776
2022-11-02 03:00:00+00:00,10839.320399116777
2022-11-02 04:00:00+00:00,10801.829887116777
2022-11-02 05:00:00+00:00,10760.69380552476
2022-11-02 06:00:00+00:00,10769.317678331683
2022-11-02 07:00:00+00:00,10770.870209331682
2022-11-02 08:00:00+00:00,10768.212172506157
2022-11-02 09:00:00+00:00,10795.815486506157
2022-11-02 10:00:00+00:00,10792.937442506156
2022-11-02 11:00:00+00:00,10791.129739506157
2022-11-02 12:00:00+00:00,10795.699243506157
2022-11-02 13:00:00+00:00,10792.907884506158
2022-11-02 14:00:00+00:00,10791.571110506156
2022-11-02 15:00:00+00:00,10792.531854506156
2022-11-02 16:00:00+00:00,10798.110989698938
2022-11-02 17:00:00+00:00,10800.548808698939
2022-11-02 18:00:00+00:00,10777.22504969894
2022-11-02 19:00:00+00:00,10767.859212698939
2022-11-02 20:00:00+00:00,10778.363659698938
2022-11-02 21:00:00+00:00,10770.60708069894
2022-11-02 22:00:00+00:00,10780.451055698939
2022-11-02 23:00:00+00:00,10776.855817698939
2022-11-03 00:00:00+00:00,10782.846599207181
2022-11-03 01:00:00+00:00,10769.636670282593
2022-11-03 02:00:00+00:00,10658.553046282594
2022-11-03 03:00:00+00:00,10626.348801845317
2022-11-03 04:00:00+00:00,10650.321350845317
2022-11-03 05:00:00+00:00,10624.833495845318
2022-11-03 06:00:00+00:00,10634.242860845317
2022-11-03 07:00:00+00:00,10648.964236845317
2022-11-03 08:00:00+00:00,10638.378685116557
2022-11-03 09:00:00+00:00,10636.836082116555
2022-11-03 10:00:00+00:00,10650.463256116556
2022-11-03 11:00:00+00:00,10658.454995116555
2022-11-03 12:00:00+00:00,10653.458326116555
2022-11-03 13:00:00+00:00,10647.741546116556
2022-11-03 14:00:00+00:00,10648.007341116556
2022-11-03 15:00:00+00:00,10649.758134116557
2022-11-03 16:00:00+00:00,10643.85578880789
2022-11-03 17:00:00+00:00,10661.34680380789
2022-11-03 18:00:00+00:00,10649.813036807891
2022-11-03 19:00:00+00:00,10646.35651480789
2022-11-03 20:00:00+00:00,10652.573740624557
2022-11-03 21:00:00+00:00,10644.239364624558
2022-11-03 22:00:00+00:00,10665.860348624557
2022-11-03 23:00:00+00:00,10655.829550624558
2022-11-04 00:00:00+00:00,10688.589881056714
2022-11-04 01:00:00+00:00,10712.357486807387
2022-11-04 02:00:00+00:00,10723.079633807387
2022-11-04 03:00:00+00:00,10726.390909807385
2022-11-04 04:00:00+00:00,10751.081159807387
2022-11-04 05:00:00+00:00,10806.488653807386
2022-11-04 06:00:00+00:00,10788.141265807386
2022-11-04 07:00:00+00:00,10787.749968807386
2022-11-04 08:00:00+00:00,10808.337030373174
2022-11-04 09:00:00+00:00,10822.027879373174
2022-11-04 10:00:00+00:00,10835.711081373174
2022-11-04 11:00:00+00:00,10840.926766373173
2022-11-04 12:00:00+00:00,10834.634432373174
2022-11-04 13:00:00+00:00,10866.151680373174
2022-11-04 14:00:00+00:00,10863.180750373174
2022-11-04 15:00:00+00:00,10864.428822373175
2022-11-04 16:00:00+00:00,10820.392405631876
2022-11-04 17:00:00+00:00,10747.952532631876
2022-11-04 18:00:00+00:00,10784.373094631876
2022-11-04 19:00:00+00:00,10767.553398631875
2022-11-04 20:00:00+00:00,10762.005481631875
2022-11-04 21:00:00+00:00,10761.545067631876
2022-11-04 22:00:00+00:00,10749.045588631876
2022-11-04 23:00:00+00:00,10753.044784631875
2022-11-05 00:00:00+00:00,10750.004521633162
2022-11-05 01:00:00+00:00,10745.968954320555
2022-11-05 02:00:00+00:00,10729.716483320555
2022-11-05 03:00:00+00:00,10742.473587320555
2022-11-05 04:00:00+00:00,10777.234134320555
2022-11-05 05:00:00+00:00,10788.606785320555
2022-11-05 06:00:00+00:00,10772.719602320556
2022-11-05 07:00:00+00:00,10774.395437320556
2022-11-05 08:00:00+00:00,10774.263472751345
2022-11-05 09:00:00+00:00,10769.957722751346
2022-11-05 10:00:00+00:00,10772.197596751346
2022-11-05 11:00:00+00:00,10780.084291751346
2022-11-05 12:00:00+00:00,10766.214770751347
2022-11-05 13:00:00+00:00,10781.612221751346
2022-11-05 14:00:00+00:00,10792.518740751346
2022-11-05 15:00:00+00:00,10814.931794751346
2022-11-05 16:00:00+00:00,10796.572733013167
2022-11-05 17:00:00+00:00,10780.076302013167
2022-11-05 18:00:00+00:00,10784.671777013167
2022-11-05 19:00:00+00:00,10795.308919013167
2022-11-05 20:00:00+00:00,10791.541252013167
2022-11-05 21:00:00+00:00,10796.774435013167
2022-11-05 22:00:00+00:00,10788.129926013167
2022-11-05 23:00:00+00:00,10810.323973013166
2022-11-06 00:00:00+00:00,10797.291863814708
2022-11-06 01:00:00+00:00,10795.967953187694
2022-11-06 02:00:00+00:00,10787.790235187695
2022-11-06 03:00:00+00:00,10780.140461187695
2022-11-06 04:00:00+00:00,10795.317951187695
2022-11-06 05:00:00+00:00,10794.355968187694
2022-11-06 06:00:00+00:00,10811.878348187694
2022-11-06 07:00:00+00:00,10820.565719187694
2022-11-06 08:00:00+00:00,10815.08253093837
2022-11-06 09:00:00+00:00,10806.97017393837
2022-11-06 10:00:00+00:00,10815.954019938372
2022-11-06 11:00:00+00:00,10835.18805293837
2022-11-06 12:00:00+00:00,10828.374743938371
2022-11-06 13:00:00+00:00,10814.328490938371
2022-11-06 14:00:00+00:00,10804.798193938372
2022-11-06 15:00:00+00:00,10846.385292938372
2022-11-06 16:00:00+00:00,10852.564478356977
2022-11-06 17:00:00+00:00,10849.048925356976
2022-11-06 18:00:00+00:00,10862.859396356977
2022-11-06 19:00:00+00:00,10868.223338356976
2022-11-06 20:00:00+00:00,10862.327258356976
2022-11-06 21:00:00+00:00,10866.898136356976
2022-11-06 22:00:00+00:00,10857.162169356978
2022-11-06 23:00:00+00:00,10936.699556356976
2022-11-07 00:00:00+00:00,10916.445272127352
2022-11-07 01:00:00+00:00,10913.67105394535
2022-11-07 02:00:00+00:00,10904.28455794535
2022-11-07 03:00:00+00:00,10899.338243945349
2022-11-07 04:00:00+00:00,10895.59561294535
2022-11-07 05:00:00+00:00,10865.47104494535
2022-11-07 06:00:00+00:00,10883.92058494535
2022-11-07 07:00:00+00:00,10912.66629194535
2022-11-07 08:00:00+00:00,10898.212816407116
2022-11-07 09:00:00+00:00,10881.041480407115
2022-11-07 10:00:00+00:00,10891.037832407115
2022-11-07 11:00:00+00:00,10889.654625407116
2022-11-07 12:00:00+00:00,10898.915198407116
2022-11-07 13:00:00+00:00,10912.001350407116
2022-11-07 14:00:00+00:00,10929.215640407116
2022-11-07 15:00:00+00:00,10927.747522407115
2022-11-07 16:00:00+00:00,10940.318351300459
2022-11-07 17:00:00+00:00,10947.551192300458
2022-11-07 18:00:00+00:00,10932.259506300457
2022-11-07 19:00:00+00:00,10922.526844300457
2022-11-07 20:00:00+00:00,10918.279878300458
2022-11-07 21:00:00+00:00,10895.159605300458
2022-11-07 22:00:00+00:00,10852.179531300459
2022-11-07 23:00:00+00:00,10842.905646300458
2022-11-08 00:00:00+00:00,10820.068540442939
2022-11-08 01:00:00+00:00,10830.267299882544
2022-11-08 02:00:00+00:00,10880.198594882544
2022-11-08 03:00:00+00:00,10895.044198882544
2022-11-08 04:00:00+00:00,10889.646393882544
2022-11-08 05:00:00+00:00,10916.821432882543
2022-11-08 06:00:00+00:00,10922.405026882543
2022-11-08 07:00:00+00:00,10921.305954882544
2022-11-08 08:00:00+00:00,10918.720980460352
2022-11-08 09:00:00+00:00,10903.52494446035
2022-11-08 10:00:00+00:00,10904.75087346035
2022-11-08 11:00:00+00:00,10918.925421460352
2022-11-08 12:00:00+00:00,10918.107370460351
2022-11-08 13:00:00+00:00,10918.27089146035
2022-11-08 14:00:00+00:00,10925.33744546035
2022-11-08 15:00:00+00:00,10935.068188460351
2022-11-08 16:00:00+00:00,11067.107186754341
