,F,F2,F2_nofund,F2d,F14,F14A,F14A5,FA1,FA2,K13,K14,R3b,D2,D
2022-01-02 00:00:00+00:00,0.0031802565302869734,0.0030074995722368936,0.0028405021144815024,0.003579537596116955,0.0034488789714608448,0.003005727548939463,0.003283099210577234,0.0030716288072976106,0.0021408364757984355,0.0037092148726560747,0.0024727671887396774,0.0039231707967464224,-0.0034824866965588175,-0.004208444189112259
2022-01-03 00:00:00+00:00,0.004149122030786767,0.002635167253975057,0.0025142228977668157,0.0018397282581750218,0.0038720816480526388,0.0031912406182645903,0.003098351887820927,0.002566953236561753,0.0023349155610685735,0.004385856499186547,0.004770157357992133,0.004938482828458657,0.0058043565197534175,0.00770248147213759
2022-01-04 00:00:00+00:00,0.001636398526611682,-0.001579854599672581,-0.0016989877656514718,-0.0005965303485150342,0.001865076499010243,0.0002755575450497094,0.0016045807393065825,0.0025612977426534567,-0.0008795593260856327,0.00037688244172362495,0.0019443378912953335,0.0006569937300164863,-0.0001369750284268001,0.0010627698441709743
2022-01-05 00:00:00+00:00,0.007590698486854119,0.0058346736682188816,0.005781598844482261,0.004543861465894805,0.004893869386209948,0.0028779119707442735,0.007537997688366493,0.007405494636670618,0.0037618682291473693,0.008116653452040712,0.01045445902780151,0.009681338415024277,0.005586373668690525,0.007952437897309483
2022-01-06 00:00:00+00:00,0.0016993087383372352,0.0024593742838772137,0.0022565699680161533,0.0029588793623971377,0.0019444270356570037,0.0015722910443898286,0.0011212748513842463,0.0031739070035639028,0.0025111650743012692,0.004645422316222447,0.0032268351341195878,0.003950992994883551,0.001745473958191912,-0.00016704605956630036
2022-01-07 00:00:00+00:00,0.0017777586003262513,0.00211705954994712,0.0019000924049730195,0.001614790092067775,-0.0007609861581477917,0.0008540417464986128,0.0005000695544514766,0.0018404242086524913,0.0009190798986653537,-0.00024166705117389942,-0.0002100775213415007,0.002421267988094833,0.00013256715860143764,0.0018251806760807288
2022-01-08 00:00:00+00:00,0.0032319245289098575,0.003924796080520432,0.003677568189241587,0.005366477559528349,0.002344253935008478,0.0029292292552756116,0.0027784676684612375,0.001907698978092398,0.0034683658310257215,0.0005571379467594895,-0.000973312007589211,0.00014673800625875089,0.002850405295115266,0.00011170203181021243
2022-01-09 00:00:00+00:00,0.0017154655032500798,0.00027597439349613673,-0.00016339387192643162,-0.0002959533431183825,0.0004151731311372586,-0.00036691278711054043,-0.0004852330393179116,0.0007819111255789046,-0.00021212377826340667,0.00182726330586358,0.002269069200114826,0.003069935601271112,-0.0015479172380030715,-0.00015868268935492758
2022-01-10 00:00:00+00:00,0.003970877168940623,0.003199729805418272,0.002909858900826512,0.0019580119155293563,0.004243080525940801,0.0031992085560621497,0.0042764716027152705,0.001573211820512066,0.00525067899747067,0.002687177538975849,0.005508064268426205,0.0025123202164356595,0.004718884953615721,0.005296024395382348
2022-01-11 00:00:00+00:00,0.010017620596543209,0.01385126388783009,0.013321091431911736,0.010809853905395572,0.010702615814507821,0.013052847361711306,0.011802908231300702,0.01548076757766026,0.010167721869211332,0.014920573900359946,0.013662283697654543,0.015228325054739145,0.0045155753756997985,0.004152742798671394
2022-01-12 00:00:00+00:00,0.00024253042052291285,-0.0011699691513517019,-0.0012847034570903082,-0.0031458137058716362,-0.0008346164131066702,-0.004158836404879351,-0.003157992651702024,-0.0021615160318668725,-0.002292438399015717,0.0026966093684250847,0.000689138096481301,0.0007676741151536604,-0.01036020061847509,-0.010394997254434046
2022-01-13 00:00:00+00:00,0.009699069247272929,0.010751286459419696,0.010484885037040037,0.011407220379282101,0.010541610149733538,0.010238646642301674,0.011050939243071545,0.011037395342012424,0.01371329742659233,0.011969170505028659,0.014537997526486102,0.01334862815079485,0.013118451788945773,0.013509762607447628
2022-01-14 00:00:00+00:00,-0.001096832198752784,-0.004743478678795321,-0.00508001149132653,-0.0035916124172968855,-0.0008895574946917728,-0.0026254073177841564,-0.0034201821843663494,-0.005179717453147603,-0.005551271289355619,-0.0023066424352481407,-0.00305667608887894,-0.0014868877894859134,0.0012417557629849085,5.2427192332560324e-05
2022-01-15 00:00:00+00:00,-0.00031503384921816036,-0.004105499657862888,-0.004289632471216387,-0.0029949711428429726,-0.0005389775409849751,-0.0032478745221963257,-0.0013340473052450008,-0.00217269957431121,-0.0018004923917821491,-0.0025294612476339795,-0.0031692136762742074,-0.003556439044421378,-0.0034350921528644163,-0.0034316942261881644
2022-01-16 00:00:00+00:00,0.0026655321771471563,0.0020147948545359284,0.0018198875043202722,0.002383618464568471,0.005029710519959707,0.001679890091042413,0.0037284217157680377,0.0017682226510371546,0.0038094529350496398,0.004771792502975547,0.00498830795546068,0.00261102666055657,0.0017204060731133008,0.0022716431670941617
2022-01-17 00:00:00+00:00,-0.0017521297841400774,-0.00017519218605521747,-0.00032910150118115045,0.000302583760541264,-0.0033525140839286705,-0.002998509729884802,-0.00317213041876907,-0.0013328340564972008,-0.0014004578630956166,-0.003711686815379589,-0.0050409684539435284,-0.00819100842968401,0.0026634901397786237,0.006743127062742715
2022-01-18 00:00:00+00:00,0.003071606106114011,0.0023734750634623047,0.0023132841650026492,0.00320761577336115,0.0035673387530021916,0.002366014045443121,0.0019071993969999035,0.0008493139261804838,0.0033546309392127327,0.0006789223208640838,0.00026916181366032355,7.3564643900958515e-06,-0.0002504822211438773,-0.0037308422811891395
2022-01-19 00:00:00+00:00,0.0034439893030120405,0.0034281267166145213,0.00296891324129267,0.0032530583209604558,0.0026112421334925084,0.002295372485526581,0.001556081833041123,0.003344594685033453,0.0037902068971624736,0.0015829558288666945,0.002356684823706212,0.0008433736059307861,0.003747805979180008,0.002671929904425996
2022-01-20 00:00:00+00:00,0.002043550534121641,0.007098903219061592,0.007021851405884183,0.009060249472299331,0.002463761950904031,0.008434042405385922,0.002306487775627586,0.008665334304048367,0.004989138436418017,0.0029931867649868327,0.005409058145752432,0.003553268938695675,0.006015811128494031,0.004470953954272883
2022-01-21 00:00:00+00:00,0.010055132162544611,0.00752386503352831,0.006550503638779626,0.012174656373305837,0.012107045059443822,0.011598146846281354,0.01126604951576482,0.010345695238693109,0.004455001056464347,0.013515758295675973,0.00903737953141559,0.012706661128430108,0.013307401095969729,0.014960670214517746
2022-01-22 00:00:00+00:00,0.006035585136992205,0.003992754502378126,0.002430623184356273,0.00843098762923189,0.006752228328284593,0.005077213199461195,0.007764038841935772,0.005327010630987061,-0.000578406876962867,0.010151323609582485,0.00995277912677106,0.010679322996901996,0.005535338157920622,0.001390062533673797
2022-01-23 00:00:00+00:00,0.0037538342108414113,0.0016002047531824548,0.0012849357476840684,-0.0009631511990304542,0.003871268152557672,0.003380697001552191,-0.0002731048406054981,0.0015453179151470042,-0.0003214386996911456,0.0036847510918269766,0.0017290715558786474,0.0038870748186714543,-0.0013800944674015048,0.0011186535974638812
2022-01-24 00:00:00+00:00,-0.0019596352371574755,0.001191379047468688,0.0006094594982231083,0.002400951947298502,-0.00030979908694750424,0.0022928337852190506,0.0012875581570537253,-0.0010126378516138734,0.00022802913512465217,0.003173327069377674,0.002011022587921296,0.006634946168124101,0.0016994868022610632,0.002270008719763794
2022-01-25 00:00:00+00:00,0.002800500020725627,0.0002975296600649102,-6.052832293057531e-05,-0.0024437604679427016,0.004500271152568125,0.0003051576269181844,0.00021903424440483654,0.0002755363839679337,-0.0019314518852133755,-3.129107420063448e-05,0.0035206779478849093,-0.0007209935834211478,-0.0008280409871566086,0.000592801689433653
2022-01-26 00:00:00+00:00,0.001433352780543462,-0.00021342963233694778,-0.0007235801163348876,-0.0007230621401828063,-0.00018433787994620587,-0.0020477634263590394,-0.00244156024654274,0.0015213392826385341,-0.001020208654225696,0.0037435855322434097,0.0023395758689153112,0.0010412506992241166,-0.001448916213384055,-0.0008274996504186172
2022-01-27 00:00:00+00:00,-0.006189350628303503,-0.0025493315201976507,-0.0031299585999700064,-0.0017059283968093863,-0.00436694254369685,-0.0015938984778020027,-0.0035062459728608664,-0.00485682268763743,-0.0005855761876932819,-0.001981269638007377,-0.0013011098400717014,8.330508128984171e-05,-0.005442039574698465,-0.007063746373678348
2022-01-28 00:00:00+00:00,0.0037949149335989585,0.0008365419630405047,0.0004797264385247857,-0.0007548979538960499,0.004455238203227685,0.0006718282843238832,0.0026193005617927145,0.0008744801636948463,0.0004939645522739067,0.000766821210567814,0.0018675170211539527,-0.0005538717312687513,-0.00031415274309665175,-0.00014859930827892942
2022-01-29 00:00:00+00:00,-0.0012394266371380525,0.0005750095900749486,0.0005852485388810891,-0.0008999211946697505,-0.0017838476729219455,-0.0018679367114220469,-0.0014050135764279714,-0.0016556403560984423,-0.0010392808281967092,0.0071703842296062525,0.009683431028129075,0.005789588190490802,-0.00045627517384061456,-0.0045315402282619655
2022-01-30 00:00:00+00:00,0.010180067668282833,0.012280398782282154,0.01227167741882318,0.012393448754139724,0.008193091131075692,0.010148261206843312,0.008731872815790798,0.010834665909035701,0.012814013730566565,0.008676257532681975,0.006468486546519214,0.007018873723198205,0.010732737401218495,0.007962294700557981
2022-01-31 00:00:00+00:00,-0.004652474825822095,0.0040366730697218856,0.00377439037259486,0.0007684904203406617,-0.0009388081677577098,-0.0006509294752405914,0.00030456521565191963,-0.0004914133364305462,0.000669121714032439,0.0008001162034383391,0.0004073071354413482,0.0033253031967808155,0.0008739795160321862,-0.0005677531291544691
2022-02-01 00:00:00+00:00,-0.0028259046413317,-0.00369737060367048,-0.0037610353778561034,-0.003954127817784814,-0.0008212956710051955,-0.0031246682436766315,-0.0020804148849158377,-0.0013733718728956568,-0.0061789156590037475,-0.005917536148508873,-0.005395732414817833,-0.006410711176635608,-0.007499817532412023,-0.007036558493090039
2022-02-02 00:00:00+00:00,0.0015849507663183715,0.0024864515508733476,0.0023874109077561823,0.0009635983365554601,0.0022877975132038486,0.002532400127525758,0.003008067549448601,0.004133921996394951,0.0014707125790840436,0.0019039642057208095,0.0014854950993936633,-0.00052739827945536,0.0018796173050146248,0.0033567015497457664
2022-02-03 00:00:00+00:00,0.007639578728304786,0.00605278472709303,0.005785003872591288,0.006000964200235659,0.007388940617876871,0.004434372586195723,0.007488992768657221,0.007008226740584433,0.006922441487155817,0.006643872798228312,0.005729272059975976,0.004548203583402133,0.004801871455298423,0.003528872396381333
2022-02-04 00:00:00+00:00,-0.005040011951730761,-0.002351527126176922,-0.0024646925954369125,-0.001221770438554537,0.0005647411515230516,-0.004314217390607333,-0.0030459280124965904,0.002226479416785221,-0.004010012165665655,0.0010558268744171873,-5.409228403263633e-05,0.0005075215385041965,-0.007076083449170656,-0.008369081105038867
2022-02-05 00:00:00+00:00,0.0015335388428665553,0.006470186371362541,0.006391973409719087,0.006332622417742462,0.00862691788774339,0.009701437246250055,0.009099544716343777,0.004085207958080872,0.008285750838302297,0.005050033547774335,0.003109069831641831,0.0010144618467102795,0.00801735993300734,0.004618471613981212
2022-02-06 00:00:00+00:00,-0.01053302419164659,-0.009457930571649342,-0.009609168525786305,-0.008316269383262576,-0.011042826620981883,-0.009733408545578914,-0.011088072365001311,-0.00995231721271217,-0.009058193002070558,-0.012459131916982225,-0.01373129512198179,-0.012516085051276993,-0.004199592665039331,-0.007060548826198443
2022-02-07 00:00:00+00:00,0.0023677056244457706,-0.001913198527422999,-0.0018953471539907563,-0.0007591930512166334,0.0015604132937876436,-0.0007661404454112342,-0.0003747875281218116,0.0014439181039551663,0.0005310005236023319,0.0004979449438153871,-0.002754036712926289,-0.0031589079153038213,-0.004856596278852265,-0.0039049223385789755
2022-02-08 00:00:00+00:00,0.011160304248120534,0.009372524538453053,0.009225842863622047,0.009548133988553253,0.011525494844944584,0.009894866153326465,0.011253130646450948,0.010551066823503596,0.01019069938702244,0.009428019078972616,0.00863324211616101,0.009761063925182611,0.009875678072119864,0.013569596103983672
2022-02-09 00:00:00+00:00,-0.008009853285635415,0.0002429530933056867,6.670638276418117e-06,0.000883067577542862,-0.006984494586411261,0.0006448484076415628,-0.0019802794045641336,-0.0031569486950648873,-0.0007396449408704209,-0.005791910899600516,-0.0034138804679967327,-0.00555548888889934,0.00234677139973849,-0.00409090227012221
2022-02-10 00:00:00+00:00,0.002103984193907671,0.006098414664857277,0.005834514222787135,0.00570008862304805,0.006216390071500655,0.0062520176387002024,0.00629867104482007,0.004143853860844038,0.007476294101822711,0.003315503458087843,0.002040057337047374,0.002812165579247683,0.00801995063704819,0.009053289205716908
2022-02-11 00:00:00+00:00,-0.0024371911180736117,-0.00400426597092296,-0.004232756082142464,-0.0034678470072015966,-0.006635916179454027,-0.004026556662701686,-0.006845588989093043,-0.0010303055508572578,-0.006681282895694363,-0.006522399885314445,-0.00421091855855571,-0.006308091756093592,0.0003318866034009993,0.0011980353456928494
2022-02-12 00:00:00+00:00,0.0033156612403300034,0.0010525111762564876,0.0007459368648219389,0.0014153774998877378,0.003260319254380306,0.0006138125461088162,0.0016433602275387482,0.001123342529404825,0.0013794224408441025,0.002036874657795229,0.001752310841311333,0.0013054559975902436,0.0003715589636903438,0.0016696645483875727
2022-02-13 00:00:00+00:00,0.011593612656194185,0.011204722456865879,0.010768983061831827,0.009295429005848233,0.010908014430107471,0.009339880906152676,0.010501919090392997,0.009586544189152946,0.01292778473566858,0.011231383707423825,0.01162572365421255,0.00920423519968594,0.01126952257042002,0.010547350906661812
2022-02-14 00:00:00+00:00,-0.005317182810059884,-0.0054855915493484675,-0.005665803201251318,-0.005442151906322912,-0.0052698498261478655,-0.0037589649458031893,-0.005468545716937445,-0.0059152527420476275,-0.00509125641405872,-0.00582312712901345,-0.00657807438507696,-0.006412871232917339,-0.0029315790489725657,-0.005281649520636256
2022-02-15 00:00:00+00:00,-0.005474924676312165,-0.0032132730943125187,-0.0034464787673760267,-0.003785806178408513,-0.002172594489088797,-0.0030665111889586205,0.0023059103539000425,-0.0034851223309322332,-0.0036797372324016697,-0.006013355343489568,-0.008256941083385927,-0.008095331999463662,-0.004850014265389335,-0.0008044877564205022
2022-02-16 00:00:00+00:00,0.002173201809735348,0.0029998972102380783,0.0029248508196417777,0.0026875808095057074,0.00115800322419779,0.0026507088900815656,0.0012838627414304415,0.0027788502657415393,0.002000556774460982,0.002651065323079127,0.0018306907866834088,0.0029505822100222012,0.0007004459157771148,0.00011155863328671245
2022-02-17 00:00:00+00:00,0.0020474256450910833,0.0007629256883301405,0.00012979457134898453,0.0011359466677962615,-0.002681208641070465,0.001525169462579079,0.0023288432322274844,0.0008084048736016758,0.004414037173728236,0.0035159042122141493,0.0034458869282265603,0.002450965308962383,0.0023715647871378476,0.0020760148246325993
2022-02-18 00:00:00+00:00,-0.0015592325725486411,-0.0007442121464497076,-0.0003791784272461074,-0.001101114383153634,0.0005946514299906003,-0.0005688970353486811,-0.0009979521188386853,-0.0007778498448972604,-0.0010069306000227707,-0.0002716426895195134,-0.001634364268541355,-0.000892551447172818,0.0004503369581505545,-0.0010280143901113536
2022-02-19 00:00:00+00:00,-0.0046076535924755024,-0.004726169033185568,-0.004951883205673857,-0.00396452735042907,-0.004131441391998503,-0.0042882831274182465,-0.00539568215507602,-0.004126903670402804,-0.003807720849665408,-0.0053332989686663,-0.004837384695966507,-0.002617639724830423,-0.004817628378641303,-0.005302204756717943
2022-02-20 00:00:00+00:00,-0.0006469085199928282,0.0008971411789524542,0.00047073465326996633,0.0001785318479918807,-0.0005331339977240335,0.0021197600413500606,0.0006319183919389904,-0.00015422784986307558,0.004221629458146525,-0.0006046031061970325,-0.0007073670108044272,0.0006092998307563047,0.003415307352389263,-0.0004512069291202625
2022-02-21 00:00:00+00:00,4.3919594978403254e-05,-0.0033486661705429688,-0.004046801570039782,-0.0017040347556058766,0.0008902066238827278,-0.004714771581738608,-0.004549613382335949,-0.0013592968114554127,-0.003216632395543484,0.0015950873813510569,0.0006098629323298965,0.006010135636015601,-0.0033683080984462377,-0.001048810527022992
2022-02-22 00:00:00+00:00,2.2254459233428392e-05,-0.0004520271520856989,-0.0009967888396944513,-0.0027751781692967326,0.0008210394530272502,-0.0017088132243059384,-0.0007061859489474465,0.0004933333753136537,-0.0011894565835885995,-0.0016537342979322522,-0.0006895120378924702,-0.002463539822633587,-0.004109422750284697,-0.002862233119483082
2022-02-23 00:00:00+00:00,-0.006427356957700137,-0.0044801128705384,-0.004916016338898377,-0.003848596162757567,-0.006289065817361772,-0.005016630082677165,-0.00577760870479882,-0.0024409891317975774,-0.004308759394817674,-0.007916947111433315,-0.008619938432231855,-0.002288096295624986,0.0011962816984767422,0.0015163742178323503
2022-02-24 00:00:00+00:00,-0.005500916275247292,-0.00493031290735757,-0.006182119724507995,-0.003529078497654381,-0.010117536461751842,-0.004971396169555442,-0.005875502190486825,-0.005659014094409165,-0.001615879718472768,-0.008162179889416588,-0.00632166514734378,-0.006682068975254363,-0.0025019581301598537,-0.0011941404085044072
2022-02-25 00:00:00+00:00,-0.022261502088689378,-0.025831603961741445,-0.02621055326552124,-0.026173627277638833,-0.019964171518138896,-0.026012922170958075,-0.0210362297719785,-0.023906798269986984,-0.025215841456426524,-0.017984849159269678,-0.016513969807257833,-0.018964499671113022,-0.028015698403393352,-0.02358010384775633
2022-02-26 00:00:00+00:00,-0.0008861690982635562,0.0022705003410123936,0.0019406203858980398,0.0016554951231535497,-0.00011969124560107236,0.0005815712198040668,0.0008293627995987762,0.0016462847018274829,0.00028516404213774216,-0.0003401532216408265,-0.00086727316878632,0.0005001808280606923,0.0013743295553034773,-0.0014371036912457225
2022-02-27 00:00:00+00:00,0.0018352764883842188,0.0026920478826324423,0.003349634381933919,0.003969746199691038,0.0015108503785146166,0.004818502007937653,0.0014325988178134352,0.002818250832125946,0.00424896775735073,0.0007307781981946704,-0.00022376718714955945,0.0016440155712242888,-0.0010523975560218224,-0.003122089049164556
2022-02-28 00:00:00+00:00,-0.000916996888643884,0.0022531139854353732,0.00048598333495863955,0.0014489217736253224,0.003342608966330207,0.001907155541523542,0.0044149275597134,7.696912998889083e-05,-0.0026493309073601923,0.0029164252371094435,0.0011627662421003215,-0.002127410746088687,-0.00040699640719144003,0.0011211788300675707
2022-03-01 00:00:00+00:00,0.007348339857976338,0.009469339615304273,0.008894557666600855,0.009714531679851923,0.008288138010166035,0.00450806549064664,0.010096930372496926,0.008824649601379964,0.0068185559026263665,0.0073411027322067834,0.006252806927713461,0.006557433791466671,0.008135742313524874,0.007844953876032124
2022-03-02 00:00:00+00:00,0.009491239933244966,0.007853575240808652,0.007838976741944892,0.007443666903035995,0.008503169874641614,0.007722431272630281,0.00720819824744412,0.00660509200224757,0.008486440080296642,0.008155837218253525,0.006989575679873017,0.005109713147347872,0.00733891758524341,0.009189455384025935
2022-03-03 00:00:00+00:00,0.0013973189546807596,0.0030265780392606523,0.0026832468162407697,0.004372803572011641,0.0017308455734983408,0.004554920027721954,0.0019254191508268903,0.002728344121091242,0.0028571886433070848,0.0006052468830943791,0.00114211486264848,0.002586096486065559,0.004188382844191985,0.0022342989337467145
2022-03-04 00:00:00+00:00,0.007711683275110071,0.007333565755996974,0.007605846987535525,0.005050847658071955,0.006164702039275438,0.007241983579284517,0.00438789058105149,0.008687069712735696,0.003720465820079122,0.002506442468252379,0.0026834777928226305,0.0009243003494023849,0.0007346896736390995,0.002551959092198519
2022-03-05 00:00:00+00:00,0.0026266241158479087,0.004888549341734327,0.004172979155140366,0.004098172210028395,0.0025341430391758735,0.0042429559145946705,0.002472669143521955,0.003981363376250213,0.002884144176147796,0.0002591239073381768,0.00018766489849331158,-0.001680206844030252,-0.0011508160661092282,-0.0027262675929634606
2022-03-06 00:00:00+00:00,-0.0026106705634039162,-0.002300629336056126,-0.002611065144268454,-0.002252767936483324,-0.004285037279650572,-0.004028097072440229,-0.0036395186070854457,-0.004013451914518296,-0.0037625861518807424,-0.004196990979296933,-0.004156526367024349,-0.005188737832774737,-0.0025551697406365204,-0.00021138648399121607
2022-03-07 00:00:00+00:00,0.00037176230081947814,0.004495470624196418,0.004395777513073185,0.00417998146468701,-0.0014830724463880118,0.003961533668602302,0.0012910521879623271,0.0014784280306312514,0.0018267050474498614,0.0032625542223656545,0.0033300501664126347,0.004085436465030012,0.002443872707761141,-0.000766097000803101
2022-03-08 00:00:00+00:00,-0.0020913936909000563,-0.0028673200789700592,-0.002836032178532566,-0.002762951371055866,-0.002422502628841805,-0.0025856832818133,-0.001618646319446304,-0.0024998866923895413,-0.003990095593372267,0.0004497480431382428,0.001242841275464146,0.0015118048848974386,-0.0002644952337879092,-0.0029552324564378063
2022-03-09 00:00:00+00:00,-0.0008060646451899522,-0.004598526280636617,-0.004293915958866967,-0.0039310982706888264,-0.006564209328483228,-0.007106224197455879,-0.006221978865963984,-0.004962344584077294,1.6405525329776793e-05,-0.000588027582347328,-0.001144125043267552,-0.0017880011278071928,0.0023870224958133512,0.0013025877765988625
2022-03-10 00:00:00+00:00,0.002476495104902998,0.002693083110415051,0.0019008439268959343,0.0012902703117285697,0.0022145377911799713,-0.0008758650697665571,-0.0024197370669852836,-7.004729515946995e-05,0.002037407823525683,0.0006187797491974401,0.0024362270390110297,0.0033050369686347114,0.0013230819054037557,0.0012273927729933298
2022-03-11 00:00:00+00:00,0.009667282366731422,0.008746262500261004,0.008721517474683527,0.010020445332756811,0.0116942604613397,0.009144553215810536,0.011246905696454368,0.010624079540955789,0.012588293485486846,0.002207035900608778,0.0018190174767920286,-0.0003364395734670733,0.013791385824675428,0.013625314345689254
2022-03-12 00:00:00+00:00,0.002511601181280021,0.003510188032360917,0.003463548405109984,0.0030453078274581546,0.0022667307337598253,0.0034599388628762107,0.0023520198611057808,0.0023391129063161653,0.002887092147964454,0.001970861782061295,0.0025063177588859897,0.002089831622537286,0.004122943418971126,0.0037107723193730013
2022-03-13 00:00:00+00:00,0.0002161850376301011,0.0007147100797042505,0.0005924100236636143,0.0008208002018375016,-0.0004176768832897526,-0.0003371348714309441,0.000961981133866141,-0.0007674323207675915,0.001839725683265847,-0.0009592274420292535,0.00037208699759427866,-0.0024292065090375514,-0.0013168750804619656,-0.0036642895192614544
2022-03-14 00:00:00+00:00,0.0011596454560001135,0.0023388869279286073,0.001918481232785041,0.0003732928002513347,0.0022104199588122153,0.002635266491796573,0.0007239990882019764,0.00010620058843180402,0.001500462407311165,0.003949380788073942,0.003206374505732912,0.00409922012259023,0.0017223507239192415,0.0008999455736595774
2022-03-15 00:00:00+00:00,-0.00472412583462456,-0.003984000644412844,-0.004270305316574796,-0.003911377467399113,-0.004992450326184339,-0.004788946144641759,-0.005492781558461446,-0.00614894548449163,-0.004637845929628348,-0.0028819438781979567,-0.0031812608990515745,-0.0023174333395185043,-0.007654788220425424,-0.007660063432974762
2022-03-16 00:00:00+00:00,-0.0004916366192431187,0.00014715566897738341,-0.00048313458556448197,-0.0014872978641498058,0.0010767834292564338,0.0018281690984485177,0.002476913939141623,-0.0004523885910951986,-0.0018680361721948868,0.002809604667296517,0.004151847812519538,0.0018844054098177132,-0.005490258970395678,1.053238178960747e-05
2022-03-17 00:00:00+00:00,0.006914813458496649,0.007227957901152493,0.00719570723863705,0.007044116255048305,0.0056437837349372355,0.006746296176377564,0.006682611080776502,0.00883989207546687,0.005322497403004389,0.0016758346861760476,0.0009397441002798601,0.0018595580480855745,0.010853865210319613,0.013476046050000301
2022-03-18 00:00:00+00:00,-0.00011212715129327311,0.00035672038530187855,0.0004911931709747908,0.000591815253869088,0.00189972371534175,0.002410227859041436,0.0019040911228807023,0.0013866250179559447,-0.005545552984351554,0.005694545133779094,0.005384546867139628,0.0031520593525795615,0.00022849614680708896,-0.00017835246580066855
2022-03-19 00:00:00+00:00,0.004822258459687534,0.007052448291599012,0.006847571304104516,0.0051532022008839995,0.00552640460503917,0.008554402870555755,0.0034241204251723723,0.008192660312109634,0.006119760141632735,0.012948637348488834,0.01449738711418691,0.014528435723242028,0.00020487147784598037,0.0034088505456846274
2022-03-20 00:00:00+00:00,0.008552386268266599,0.009852218775301846,0.010000277213076725,0.009407059896721304,0.00948264973186208,0.005776129226321425,0.006834064380675464,0.008679119714062322,0.010000723423519098,0.005887846002367025,0.006950588033160399,0.005715369383807012,0.00913600740630316,0.0098673330814949
2022-03-21 00:00:00+00:00,-0.00206388433328597,-0.001849658907899121,-0.0026475908225415123,-0.0012421764113537126,-0.0012826448017131398,3.0252597452484764e-05,0.0004470535085052685,0.00025516491340527025,-0.002420467191481923,-0.002792836510971064,-0.0029744362488844933,-0.0022700150406511632,-0.004468550610312927,-0.002962299622225273
2022-03-22 00:00:00+00:00,-0.0004190014368079531,0.001466588087340348,0.0016758627334618748,0.0006811125327275125,-0.0008976431729389445,0.001362253850812234,0.002118799546614758,0.001693476623264134,0.00038303521008287156,0.002398753766127415,0.0033012623148935827,0.0034594480826619645,0.0003693432464828561,0.0014609234790323722
2022-03-23 00:00:00+00:00,-0.0005780177669718611,0.003315564180866648,0.003439725570081986,0.001779091067238392,0.0015511277850075444,0.004953611497171551,0.002351531592797551,0.0014908251062575317,-0.00014042436632200062,0.003489748929428993,0.0014122578221933413,0.002274181129328312,-0.0002360752605045091,-0.002104672042093858
2022-03-24 00:00:00+00:00,-0.0001921024695908935,-0.00018541804707083998,-7.668757097301082e-05,-0.0021006930238119947,0.0004148352638511099,0.00030807551014300216,0.001114751566684502,0.00048553538266582486,0.00024084734169260713,-0.002303687601110771,-0.0032131033248683494,-0.0022612594202835457,0.004326825121244715,0.004414915056819346
2022-03-25 00:00:00+00:00,-0.0025232051640710074,0.0018390308881357509,0.0025217630876035457,0.002076575301101613,-0.000689524919646689,0.0008439408683427185,-0.001897624791993513,0.0015526643256980055,0.00013035040787601204,0.0028486605502580087,0.003144806341304651,0.00022825467297082902,0.002775677725442627,0.0009422409042787461
2022-03-26 00:00:00+00:00,-0.0149577186003379,-0.010582736488517264,-0.011330642749262099,-0.013555590748256185,-0.007202412827043925,-0.008695163690304764,-0.008114293683102236,-0.01054380973604796,-0.012402138476019564,-0.004944795216506703,-0.0047220928041653565,-0.0036733311384720135,-0.019443475194904747,-0.02379728528700198
2022-03-27 00:00:00+00:00,0.000706149610594009,0.0011235222056886762,0.0006183972118152248,8.215035675873672e-05,0.004773743417110454,-0.0016547095485305308,-0.0004323141539449571,-0.004182866052765077,-0.0014599518248994414,0.0019077385992598561,0.0006156375909434075,-0.001645614747720514,-0.011387123503234231,-0.007211723052304553
2022-03-28 00:00:00+00:00,-0.0007719770812384397,-0.0001689831680964371,-4.2859696902874944e-05,-0.00013557569010103077,-0.002747198338574841,-0.0004126374595060378,-0.0006819005244625975,-0.0003071289256284526,-0.0010201562196903158,0.004851292812807939,0.003974872361287796,0.003914180934673661,0.0013107254386857115,-0.0007964063162397839
2022-03-29 00:00:00+00:00,-0.00768254102212107,-0.01152336230112394,-0.01121844688268181,-0.010624382701324375,-0.003981574987621417,-0.00922722956295885,-0.009203478261758047,-0.010479617327078583,-0.010995602603073973,-0.0038177807237039785,-0.0034263265928101694,-0.005076629672912336,-0.010185238949452224,-0.007277499196798098
2022-03-30 00:00:00+00:00,-0.004357733819021714,-0.004144082465255883,-0.0038765634984120334,-0.0049588087657090885,-0.004324286224367313,-0.004818585204482306,-0.005751487709831804,-0.003512728470920101,-0.004863495965951814,-0.0025126822029457596,-0.002473623492235011,-0.00028779041368953706,-0.010266444206671,-0.010658225305804181
2022-03-31 00:00:00+00:00,-0.01508499821465148,-0.017056048016705794,-0.017843352215299424,-0.015194777062771059,-0.014311240294396121,-0.012406259392371055,-0.015462537046379454,-0.010707655129000626,-0.020900168996645374,-0.011649283671435362,-0.0059980032546683715,-0.009370209120065254,0.000525731405302432,-0.001657085646545986
2022-04-01 00:00:00+00:00,-0.005937650695563734,-0.00929734091404033,-0.009012282984226738,-0.0075878976330059356,-0.005969727789603807,-0.008807956376729043,-0.007847161175114303,-0.008368582717094841,-0.004485028517384082,-0.006882094827873053,-0.007755793034967984,-0.00707212516329947,-0.00898556006601181,-0.00432021534151783
2022-04-02 00:00:00+00:00,-0.0025697356206350053,0.001327375900264327,0.0012175062514672153,-0.0028783095628192035,-0.0034223507925824626,-0.0032622261207416736,-0.0011255768673033018,-0.007895452457801322,-0.0006093002046383411,-0.005214649656708259,-0.0028534371838415673,-0.005616707839090518,-0.005972667219621863,-0.008522689650633186
2022-04-03 00:00:00+00:00,-0.004006242113816172,-0.004262292938738144,-0.0039420506899359165,-0.003222792288734011,-0.007162610244297651,-0.003901180160079787,-0.005451154337833386,-0.0017530115620006947,-0.006262536232429894,-0.006042057460848738,-0.003217586681419027,-0.007016873167197346,-0.0025708143965647023,-0.004883307654005464
2022-04-04 00:00:00+00:00,-0.0029097019559094495,-0.004633978583254317,-0.0049024526706717975,-0.005333054069253662,-0.002181428214786063,-0.0014736471485083946,-0.0016215764337005334,-0.0036272746512227005,-0.005304891424715463,-0.005708280284009493,-0.00316467025476308,-0.003697354683371623,-0.005273275598920657,-0.005625730767400583
2022-04-05 00:00:00+00:00,0.0011597385317796416,-2.868814271950182e-05,-2.476010318808175e-05,-0.00024624981599574713,-0.0013120041367397084,0.00021042018588346423,-0.000631631915101738,0.0001606383157248814,0.003966328280061271,0.0011114041440851707,0.0017557469246010093,0.0010552817537139436,-0.00022288369583289835,-0.003561440480484568
2022-04-06 00:00:00+00:00,0.005794468044788781,0.012703590338931425,0.010149031265890729,0.01210273092383618,0.00330637197613326,0.009176342326617348,0.00804316999098309,0.008147964803880248,0.01092852301069458,0.005533801782049208,0.008343101150894539,0.010804057486283325,0.0064440728581631745,-0.0006118462696892424
2022-04-07 00:00:00+00:00,0.002027177255741641,0.002116847891422635,0.002321140563169566,-0.0007753034776182277,0.0015786637090955402,0.0015700284031296974,0.0006410829683718422,0.0024976820109334774,0.000562348403138957,0.0015368482531723515,0.0016316964642504317,0.0016375591428503533,-0.0014882375689957428,-0.00045975770995498877
2022-04-08 00:00:00+00:00,0.0024221287538217506,0.002125854811959371,0.0006445095728035977,0.002117626749468693,0.0014828437182892173,0.003003508467438465,0.0027857175478573915,0.003481912994370173,0.002000753369944208,0.0012382762456464302,0.0035077426658205457,0.0031966061013679603,0.004034313018244529,0.0020810943260101133
2022-04-09 00:00:00+00:00,-0.0011038508505508693,-0.0008155133876387444,-0.0006545262153067055,-0.0008984158665237274,-0.00037056918025291097,-0.0009659712340073234,-0.0012938895727880872,0.00016202444648283354,-0.001515005390463342,0.0025520454810836757,1.095029694320182e-05,0.0018413880389054338,-0.000684597268519993,0.0005318707475654438
2022-04-10 00:00:00+00:00,0.00036296085347697904,-0.0003606665516024954,-0.0007277858367744638,0.0002148144893188153,0.0011624238868372938,0.0003094387595694581,0.0016495026822214154,0.001114375018479219,-0.00047183614790013984,0.00048172293770631924,0.0004886467257128047,-0.0005747819896525508,-0.00044175383357325515,-0.0009027542883314199
2022-04-11 00:00:00+00:00,0.002910429254224134,0.0032115282195033235,0.004180256335346799,0.004359241306013395,0.002631353245180046,0.00040036965445722217,0.002819005011376774,0.0018833226306675943,0.0037774294500472205,0.0005236834686819236,0.0009878057165231269,-0.0014256661264608894,0.0007397454939499504,-0.0003708106631900021
2022-04-12 00:00:00+00:00,0.006206587360714666,0.009368577730756167,0.008094621503847765,0.008575178394471195,0.0035575077727592053,0.008439049991879388,0.005809415413268404,0.005988105159678403,0.008678466605062995,0.006991702549848489,0.006332438887089564,0.00660771989927933,0.0033214313609117863,-0.001896570082075666
2022-04-13 00:00:00+00:00,-0.0025234855983122806,-0.003945057579640587,-0.004895769245279125,-0.004716819867486621,-0.005538314295460478,-0.005222239816685792,-0.005663288404191946,-0.003697960141091139,-0.0037832121244365524,-0.0008139712980301805,-0.0007456360837458931,-0.002638851461438274,-0.0026687823172398817,-0.0007790220580417007
2022-04-14 00:00:00+00:00,0.00025474225340382795,0.0023887950266703317,0.002425025055398544,0.003138669840706987,0.0010444450839830477,0.002215372755395739,0.0007434947103717171,0.0012041579053481133,0.0020443743136919768,0.0016834817261308643,0.0014729827779116356,0.0022402897672710864,4.937015133954503e-05,-5.393759715310864e-05
2022-04-15 00:00:00+00:00,0.0007797813643706242,5.002036489853978e-05,-0.00016429866175371455,-7.586918741409043e-05,0.0009206475066969588,-9.424216705422594e-05,0.0006363494186376606,0.0017553511484877937,-0.00033408707270166094,-0.0007715591491741502,-0.001163524380673131,-0.002332794286228901,0.0025219201983162076,0.002210171375602865
2022-04-16 00:00:00+00:00,0.0015065666641704833,0.0012485633665080265,0.0011174092247789869,0.001023036905333674,0.0008662576260942689,0.0014801372321577855,0.00118239752509397,0.0008883052365804556,0.0012148641027815987,0.0009957086007517102,0.0012478230235286603,-0.00012111442764761726,0.001264605611398295,0.001065612764084456
2022-04-17 00:00:00+00:00,0.008956177436239665,0.008991694906714365,0.009431077865847293,0.008429041676168758,0.007132038789201101,0.009443549467003987,0.007982744434873013,0.010597179896520759,0.009128631554002009,0.008785348802274218,0.010451930202479698,0.010726973700944109,0.011047733122133696,0.006005975932599883
2022-04-18 00:00:00+00:00,-0.007281341629423177,-0.00023873575914301615,-0.0013608917257154074,9.711089058739297e-05,-0.010268050530707673,-0.002336314069910417,-0.005613120379626024,-0.004455314589294823,-0.003721564132114108,-0.003974873850654426,-0.001818347464840664,-0.0026799077855691467,-0.003809561049544774,-0.008940585436040482
2022-04-19 00:00:00+00:00,-0.008693539728530042,-0.004052854132779116,-0.004396822353957552,-0.004483468532931023,-0.009337341364309082,-0.00613170846803579,-0.005628083170560849,-0.0056505972934126625,-0.005065657278299884,-0.0045533534031694245,-0.0050385783894821845,-0.005767847719661767,-0.008667257529702543,-0.011117664857526077
2022-04-20 00:00:00+00:00,-0.014248498555044398,-0.013662688791085453,-0.013510040019771408,-0.012566508409501798,-0.01625566525264588,-0.014647391774171181,-0.016113061256231465,-0.01239322742754001,-0.01288768349127467,-0.00853880578544819,-0.01002108028358617,-0.005071298935163893,-0.010788749306116174,-0.006425493321880582
2022-04-21 00:00:00+00:00,0.006446105454389395,0.002528618192511267,0.0033512865534806036,0.0026603375873330837,0.0032217559305360854,0.0019189999676443303,0.001868004152921321,0.003669080183703821,0.0034399460863885345,0.0022563366604326784,0.00277107559844203,-0.00010150130197339458,0.004603195701091689,0.004223452023756069
2022-04-22 00:00:00+00:00,0.0036450542309161005,0.002460511156252787,0.0022020370546662615,0.0021016177071571107,0.004307988733953216,0.002810922274670391,0.002344673990873014,0.003154054351269364,0.001596020626185135,0.002783875598944885,0.0026257030703551454,0.00292856451401291,0.00014954515906429044,-0.0011138851573114783
2022-04-23 00:00:00+00:00,0.0017206427980809291,0.0017163127812196421,0.002018830867783983,0.0021530457004990122,0.0019496458906964609,0.003324760301131491,0.0035383668841453275,0.0006119415414824747,0.0028353434620114193,0.0015495531972240517,0.0011026138116552175,0.0031517211732134953,0.003591418746950792,0.0019020229003507971
2022-04-24 00:00:00+00:00,0.0009406399223086392,0.0009903914357924926,0.0009036327560738577,0.0007442552072263187,-0.0009861029989267633,0.001934967772624363,0.0005642486147001691,0.0004115240285755828,0.0012840454065365936,0.0012620448316809085,0.0011268391939251998,0.001690507361110427,0.0006342385812645457,-0.00031016656768012574
2022-04-25 00:00:00+00:00,0.002484772360013654,0.00382019664751021,0.003683488520288991,0.0042828661785403455,0.004814760030922738,0.006532007402322959,0.006026177182643755,0.0036497138001840845,0.0067150115554091006,0.0035684054181226443,0.0028999392518134215,0.006946002691786024,0.0020868734421342072,0.000349750692062889
2022-04-26 00:00:00+00:00,0.008838612379830968,0.0054257578408709595,0.006906343084058797,0.006275997758475649,0.007320548765006318,0.0068367814411780525,0.0064036676410914595,0.009084468180136307,0.00319170469697605,0.0072359053562531805,0.005988008427967095,0.006522942506586249,0.008274540305803768,0.006727924923638273
2022-04-27 00:00:00+00:00,-0.0035815962360267184,-0.0026936186325655642,-0.0031982661270448798,-0.0026703860441091853,-0.0016012451752092094,-0.002537988155256632,-0.002308230869377925,-0.002508249820508568,-0.002341883437656289,-0.0014000791422501546,-0.0013452273826006778,0.0003141580473733363,-0.0023117405914842015,-0.0013277691934104885
2022-04-28 00:00:00+00:00,-0.0009805433606280278,0.0021148128959040946,0.0011493759749752197,0.0008385865578568463,0.00019081191404146658,0.0025129209330407853,0.0014909278485364386,0.0005301524193752627,0.0006417208950943998,0.0009420184499482342,0.0012416720882117982,0.002518029783232123,0.0025269908043485945,0.00096633501825516
2022-04-29 00:00:00+00:00,0.005535509147784223,0.0016125354738458775,0.002155682469852538,0.0021649515066066716,0.006660361860229447,0.0022492391280048984,0.0060108212855374266,0.0034880095436780056,0.003979587634937998,0.004389258887230074,0.0031016887741288635,0.0009659683189737756,0.002137876658153015,0.006998320602238817
2022-04-30 00:00:00+00:00,0.008861133920600617,0.011046386144409004,0.010734655287643502,0.010028310439401666,0.007635818776300818,0.011190652758114927,0.009996167291891789,0.008753587501096005,0.011263729539808587,0.010308377201035057,0.010564335385603973,0.010754399355397348,0.012922881693642418,0.016348925554031446
2022-05-01 00:00:00+00:00,0.00033504375740123216,-0.002723232385379304,-0.0026407867774635996,-0.0009874864142933593,0.0014307609670491939,-0.003017035927531664,-0.00039657551932714696,0.00018783262394150846,-0.001812393465986828,-0.0011990835531394683,-0.002681057429087086,-0.00044382935827858017,-0.008266062259310147,-0.005304282750546063
2022-05-02 00:00:00+00:00,0.002691210480888939,0.0005530599172882678,0.0005578947885735985,0.0007386130945470359,0.0009987665689474845,-0.0012070725359276668,0.00013535820823040723,0.002706624498037602,0.0017192005297745894,0.002477458036689084,0.0020798518015161527,0.0019123465124051275,0.0006999931137310345,0.0025814893682694073
2022-05-03 00:00:00+00:00,-0.004367543520303441,-0.004776465298882093,-0.00413695112885204,-0.0051092751043907425,-0.001822037224603723,-0.0028706152131615648,-0.0035849504177024594,-0.004818363666958758,-0.005077101413613949,-0.00409652910535474,-0.005160896397959136,-0.004502498925029186,-0.002048371201414989,-0.0024354024960746568
2022-05-04 00:00:00+00:00,-0.009009043755482282,-0.009039064988974777,-0.009994578677324006,-0.006250010563017994,-0.008385597518102528,-0.0058528503076172855,-0.004976806647905896,-0.01058998346261475,-0.00389244807680611,-0.004937068595324168,-0.004042939444371729,-0.005881553675715856,-0.011752078196478388,-0.011682454568978873
2022-05-05 00:00:00+00:00,0.0012337315418533557,-0.003483704410128241,-0.004081607915418672,-0.0031882387587147676,-0.0013053824753633814,-0.006453387718763803,-0.008111634765986198,-0.0015147886777063801,-0.003069847330075093,-0.003394050889178213,-0.0027181983344839455,-0.0056166116758964435,0.0006092928013856636,-0.001292044316579477
2022-05-06 00:00:00+00:00,0.0019460446297319134,-0.0020708616473429364,-0.0015317610227322254,-0.0018306430327538203,0.0018059268102956771,-0.0015331005813081777,0.0007238720796267639,0.0018758617530134636,-0.0003302684166135439,0.0020971264877407414,0.0018549028435645987,0.000806407302654133,-0.001872314555706689,0.0008629269259181616
2022-05-07 00:00:00+00:00,0.0046750646671425145,0.004403398419960514,0.0036746494733939095,0.004061984250086859,0.004878814542006227,0.003561395402025491,0.0035538812705797618,0.004629943378038792,0.004772518546679594,0.0009988240169931384,0.0021359240584808425,0.0011121671707905456,0.005298300837045966,0.007365914069512369
2022-05-08 00:00:00+00:00,-0.004526034830949377,-0.003610025783360782,-0.0038046679281109608,-0.004413546745150154,-0.0008898946752592396,-0.0014438415422345363,-0.002239867676774865,-0.003943867510274424,-0.003714856204972361,-0.0036985568313447903,-0.004336047253998054,-0.0033357630487624856,-0.0019151943445983033,-0.0013594504824298026
2022-05-09 00:00:00+00:00,0.008251686436026917,0.007253942272669844,0.009740499707431516,0.006540725447017337,0.009774114128324296,0.007186621831219764,0.009947294493735548,0.007686725429896901,0.006482706758954793,-0.0029151751983252927,0.0030278346395562483,-0.007823506963645976,0.005486298749947771,0.010307361666900272
2022-05-10 00:00:00+00:00,0.006247191334598501,0.0021113797159260095,0.0010248468572879865,0.0011599788453673376,0.007206833896037823,0.003314844386603122,0.0034587314123912805,0.010833524013959872,0.0005381751890374264,0.0034542361768670204,0.0031670727852006753,0.004015039133478782,-0.0011474444406254225,0.005256228845331279
2022-05-11 00:00:00+00:00,0.03280724945911251,0.025279538740639484,0.02248942353777328,0.02705808404218013,0.027048543769401023,0.020028149815308538,0.02140417287809515,0.023394700706877103,0.025588805171131268,0.012689051828319808,0.01671592323951865,0.020516949174901544,0.016911293757106538,0.023975364961594137
2022-05-12 00:00:00+00:00,0.010170782501554676,-0.005237897174066308,-0.004770780324373725,-0.004814811070072422,0.006343878200124831,-0.013009173954486086,0.0026925993041093665,0.0038275879437355,0.007707584770865417,0.0034973409147776024,0.0013448577811043805,-0.00040083879508034936,0.002308179585927661,0.010932467066149476
2022-05-13 00:00:00+00:00,-0.0043052306324823375,0.0007298051090456337,-0.0013043088684554505,0.003177139386892014,-0.0014892878843115742,-0.006501078069808597,-0.005949811128942106,-0.0028651285800166404,-0.003150498274430813,-0.008830217027440135,-0.007311091732053576,-0.0064105054380428905,-0.006740793970696934,-0.00867030419215098
2022-05-14 00:00:00+00:00,-0.005034346366006304,-0.0039083647760125295,-0.003649967896477535,-0.005668720984830178,-0.005368443712118198,-0.006655397996756407,-0.005078205975201033,-0.003541112656301193,-0.005308174629043427,0.001259483801876904,0.0006580354893042095,0.00013431992410484206,-0.008602048419257047,-0.004975279736677107
2022-05-15 00:00:00+00:00,-0.001266849864545616,0.0023905101451189292,0.002717607568606839,0.003693232910919164,-0.00040791442006016254,0.005843982643344292,0.001896399582580699,0.0008427517314224531,0.002358370997740167,-0.003241449353294512,-0.002641451499834191,-0.002184224231464915,0.0018910536153875501,-0.0010002282249057526
2022-05-16 00:00:00+00:00,0.0064120281489672415,0.004320765364949519,0.004876460225150092,0.006031366013170558,0.009089364812091327,0.004584009633508579,0.008881482389521134,0.006647126987569862,0.006516401489740975,0.005072562418430238,0.003929855976245289,0.004522627382576694,0.0072348662312795575,0.00559279482141628
2022-05-17 00:00:00+00:00,-0.005531312472639605,-0.004839860944105601,-0.004782792498801869,-0.00488144256011902,-0.0055725175300450625,-0.004581196294655143,-0.006470999895079488,-0.004459093317320084,-0.004339724763928965,-0.004253220029767135,-0.004244378248053793,-0.0017093907016274557,-0.009122468508125925,-0.008326202460552046
2022-05-18 00:00:00+00:00,0.0022298279085020134,0.00654084215415951,0.004372157785172082,0.006341895411198228,0.0014391178845309938,0.004015651768460637,0.002707809939306083,0.005279016045680596,0.0034595984468270835,0.0012123528448937382,0.001749982665595784,0.002684575983057158,0.010575352298651586,0.004940538101205316
2022-05-19 00:00:00+00:00,0.005742041503843831,0.003992953241825692,0.00501136153263837,0.0042841452690822734,0.006069589958306976,0.0028685862364705716,0.004133798293442181,0.005969098622548907,0.006646002671768292,0.013082680732146912,0.012754396175534088,0.011338932816652214,-0.0030860060996890093,-0.002450373804597783
2022-05-20 00:00:00+00:00,0.0009956834037250228,-0.0005442840056367748,-0.0008221312798691871,-0.0010530476182819548,-0.0003132694576023498,-0.0006604612753164929,-0.0010590976096399585,-0.00018382135196159943,-0.0018702352893820162,-0.0004152452769220494,-0.0008349868305256303,0.0004324806421018845,0.002581766690268772,0.003931925181789753
2022-05-21 00:00:00+00:00,0.0020061977532637165,0.00043868121756340805,0.0003852485328208477,0.0010613842899542814,0.0021255501971433333,0.0014188186041530493,0.001425283043246628,-0.0008358911842313299,0.0022956686173998264,0.009267823722703294,0.00661400720452221,0.007390270496516305,-0.0008916230944636672,-0.0006747467097102389
2022-05-22 00:00:00+00:00,-0.0026151859496612584,-0.0032358168535978615,-0.004712231786336729,-0.004250113784607934,-0.0010464480775486118,-0.0034497446035451906,-0.002264396188168094,-0.0013331398470366462,-0.004239683697303764,-0.0017325223898979614,-0.0006566587354976949,-0.0005698385974979292,-0.006518105375783456,-0.004590817838508232
2022-05-23 00:00:00+00:00,0.0012566853281115176,0.0008440867905363802,-0.001641041654877995,-0.0023000471480439932,0.002951596521576061,-0.0015325090897346794,0.0022479887647131047,0.000400227330201508,0.0009381534024870408,-0.00018341037556390827,0.000907475613701525,-0.0038539050320937074,-0.00014335122062658634,-0.00017660236563854514
2022-05-24 00:00:00+00:00,0.0022507980718011744,0.0027710162681513495,0.002331665316845921,0.0028844526152920213,0.005562892672797304,0.0028488625874458773,0.0036688130288542453,0.0038608510320687905,0.004630895228374676,0.006069125403233233,0.0039495625190058,0.005133402983358293,-0.0009648124419696646,6.681074904846263e-05
2022-05-25 00:00:00+00:00,0.0012043202362366223,0.0009589242458925007,0.00142217518468013,0.0005035268378243973,0.003221340530969119,0.00017663636068987465,0.0016371029215982436,0.0019678461551906334,0.0008310340477499789,0.0006193171268764619,0.0004032681080159417,0.000748959333308985,0.0009848537425471982,0.003096613857707098
2022-05-26 00:00:00+00:00,4.0586983780732666e-05,-0.0022183015577805776,-0.00042450801261839644,-0.0002628632871011227,0.0027252254023657496,-0.0004809666267193702,-0.0004993618410030765,0.000831977032784259,-0.001291918480357035,-0.005406500589485108,-0.005606985565827394,-0.006254322459961603,-0.00011225562578176529,0.0045550469073525335
2022-05-27 00:00:00+00:00,0.003440805743090136,0.004766579582628605,0.004009589271637859,0.005771702188140493,0.00367169151819402,0.005294738290952505,0.005466420973528008,0.006071788327838279,0.006314308432207261,0.0077245873309617075,0.006956920052159976,0.0056943033905381135,0.0017929597127068764,0.001956805980321219
2022-05-28 00:00:00+00:00,0.002518804817819076,0.0002877426624046109,8.027826139200833e-05,0.0005250886523806564,0.002111325569157829,0.00022281329392659366,0.001993252571423687,0.0009998109128082078,0.0026735470873608946,0.004461401914078955,0.0031591211358765747,0.0032516663127217793,0.002934201746870757,0.003272005163403202
2022-05-29 00:00:00+00:00,0.0037846929691818243,0.009489878253189366,0.010246808317125655,0.00991924110943132,0.014247716128748644,0.012792115425072748,0.015483556828811862,0.0066850108074199,0.012207143183224023,0.011592259704090724,0.011935367001686403,0.010606056356653903,0.015201560047843676,0.004872686810198479
2022-05-30 00:00:00+00:00,0.0020685835404237185,0.008733802966449877,0.007047041456300418,0.007719722723371847,0.007708063227140904,0.006637060465925826,0.008716454289703135,0.0001541858761346937,0.010282072776898188,0.007554972880984279,0.0056254498590160296,0.005009080466753968,0.0018486622000239983,-0.001685633242660911
2022-05-31 00:00:00+00:00,0.0025177636266373593,-0.0017769480892775302,-0.000708382876584035,-0.0009699196221539808,-0.0002817114491804329,0.0006080830890913269,-0.00011443927215482042,-0.0007481665395864256,-0.00023074611873041828,0.0044392356267020094,0.004225456977970943,0.004166580447312773,-0.00730517767426031,-0.0054173863674434886
2022-06-01 00:00:00+00:00,0.002929546984840936,0.0024532457602677304,0.0020892298052270775,0.003357457052098667,0.005230120592910836,0.0012966663351978713,0.0027478122717161657,0.003859370493582981,0.00231676852089846,0.0006941490343894685,0.0005366086383440383,0.0008463416131492263,0.0010514654624518283,0.004021147406049197
2022-06-02 00:00:00+00:00,-0.0007940018577953234,-0.001468943905237885,-0.001033466058497301,-0.0012778155143298164,-0.00048423693417398717,-0.0011963777961554456,-0.0010206376863647337,-0.0008504528811336121,-0.00026854951613108913,0.00030929256415301865,0.0010568889841910956,-0.0002461499031407577,-0.0012035058450461378,-6.357887816643704e-05
2022-06-03 00:00:00+00:00,0.005007214531646875,0.005419125802721414,0.004306537641138641,0.0047617741651120316,0.004890501796076752,0.004427544083091428,0.00467241641471583,0.004565767336107918,0.005657156087166104,0.007752699855605671,0.005755701248931322,0.004160132995579602,0.010871265598890734,0.00964144444532633
2022-06-04 00:00:00+00:00,-0.0038930326633368484,-0.005168814601330118,-0.005343116954115268,-0.0051644086455495675,-0.005006735691965192,-0.0052925554473503,-0.004895668932818897,-0.003052213495798206,-0.0040895852176334735,-0.005169744695099343,-0.0036841730449889143,-0.0037287618783005128,-0.0075916114435866655,-0.006488310141745335
2022-06-05 00:00:00+00:00,0.0024659863416938155,0.0012992719371143213,0.0010415478118408483,0.0018416591568510832,0.0029892045392421185,0.0015752001244393465,0.002594354043739644,0.002296727653141817,0.0020064443354044226,0.0011744560773929713,0.0018529247532390603,0.003004731720944065,0.0006446366957413296,0.001617358277288261
2022-06-06 00:00:00+00:00,0.004815836333946111,0.005963500557008672,0.005337874849639546,0.0061254775221391,0.004766387284324214,0.006512467116099874,0.005591910316886439,0.0072249946044613544,0.005966964758999049,0.007989858461006083,0.00589098793330689,0.0072779115084620205,0.004989896596777621,0.0033668744249131244
2022-06-07 00:00:00+00:00,0.013521149264225762,0.02812022157759242,0.02823135801440424,0.01871663931079981,0.017837531476047497,0.017958804755624724,0.02479574887132463,0.013143247401099512,0.019673092805256864,0.038869753261098205,0.040216457967553465,0.04851570738246247,0.014519921079584552,0.005327715127322774
2022-06-08 00:00:00+00:00,-0.008697669765707294,-0.01769175752062002,-0.015487419476629682,-0.013720111232657484,-0.011438704206150785,-0.015246297010595322,-0.013525076641934586,-0.009092774733237885,-0.014778260379239794,-0.02159730799598758,-0.020737585601698028,-0.021098871751067727,-0.011735813340908674,-0.007235682295210322
2022-06-09 00:00:00+00:00,0.0008987515818836833,0.0034464751114855474,0.001958297486272187,0.0027061418431741924,0.002640859687852659,0.0018288953364906657,0.0028713200575569697,0.0030618473471328844,0.002731419672411972,0.0035654780248501883,0.0023959737028853567,0.003907716514689463,0.0005320368227166306,-0.0006898060396306471
2022-06-10 00:00:00+00:00,0.001864590161692048,0.003655307576117206,0.0007188305827183772,0.0010681629286268812,0.0016694682593261234,0.003525186980577466,0.001258477489088028,0.00047410093456279334,0.0019734519024734443,0.004510823515263329,0.004513409463901663,0.002697086244767055,0.005893129250454043,0.005168762911413882
2022-06-11 00:00:00+00:00,-0.00012934633084327185,0.004184372522582525,0.0012981400356577577,0.0011278248810271396,0.0032218980548492926,0.00317180475581047,0.004396633110279824,0.005718884706132243,0.002997291169948735,-0.002376146587445449,-0.0047759582933073474,-0.004272426620647973,0.006208746145757171,0.005779176536486741
2022-06-12 00:00:00+00:00,0.004665440006569321,-0.0012918009614040216,-0.002983559742803399,0.00033144207285951133,0.002645301611698958,-0.0019109345736757488,-0.00063779461619351,0.0017461391670761106,0.0011385737699500798,0.00030741661242617013,-0.0035157882881300395,-0.0003230705469081663,0.0015804501728551301,0.0020369355829870095
2022-06-13 00:00:00+00:00,-0.0076088117830108715,-0.005450969330399125,-0.007325578494744578,-0.006266701155215881,-0.008413027801970285,-0.00802665933855573,-0.0036350530106739054,-0.0019193086832429707,-0.00741026816504653,0.013102503394509135,0.011254011252670448,0.007053941879451964,-0.007282938527767846,-0.005033903876001666
2022-06-14 00:00:00+00:00,-0.005327933987004707,-0.005937107936223263,-0.0063638778838598364,-0.005819424138069573,-0.004563399059159479,-0.002708299669390346,-0.002222667669655509,-0.00340685167715038,-0.0059247739507968245,0.0014803909392924197,0.0008923506060547481,0.0012099900373190309,-0.003184692145332124,-0.004865804302217391
2022-06-15 00:00:00+00:00,0.005028743932836033,0.007373206892491435,0.003745210516691966,0.008716240377939721,0.005464875691717053,0.003390157459488341,0.011868153342840193,0.014465004373381385,0.0009490127130322712,0.008370506459433047,0.0051554728081892875,0.007879031472668663,0.006838261992582639,0.006822967847133654
2022-06-16 00:00:00+00:00,-0.004301412456221176,-0.008631396066814734,-0.007319575431477876,-0.007873406979517439,-0.004113160487772327,-0.005731159809769015,-0.009133824577659877,-0.00920258809123109,-0.00417564966238515,-0.0068515139124267765,-0.0034084750913274675,-0.007730967078134143,-0.0034922932450039967,-0.00130809429624823
2022-06-17 00:00:00+00:00,-0.0047466373314069,-0.0038973652430918104,-0.003665771906058213,-0.0030747051677646464,-0.00568880556420337,-0.0023500405087863996,-0.0037556647679847233,-0.00391907234882416,-0.0028423375044414056,0.001042954281334163,0.00021156127932320246,-0.00027084069787142173,-0.0029654831033527618,-0.004365814343228358
2022-06-18 00:00:00+00:00,0.0026166834089120794,-0.00019580109914607569,-7.250447525153358e-05,2.5249130656268548e-05,0.0034628857174618943,-0.001827247542053767,0.0009247009647626037,0.0014425143131007179,0.0019670094836163887,0.0007988116242119148,0.0014167249888679123,0.0005719015544052297,-2.89430365686405e-05,0.0033009801291585816
2022-06-19 00:00:00+00:00,0.002320764175546053,0.0015324755387453592,0.0015451199063574172,0.004497659804752363,0.0029846099142294413,0.0037614409933042214,0.0023906059504261723,-0.0018209067812213764,0.0001200448730649395,0.0032326509840150397,0.003569718350733053,0.002812218249133913,0.004116069519014776,0.002455403540679635
2022-06-20 00:00:00+00:00,-0.004015251498206918,0.002563447522600848,0.0013752752913902544,0.0010100018929168897,0.0018178942651241314,0.004670476145666402,0.0029075762836108243,0.0008989157902168365,0.0023756770645579905,0.0021090196471111877,0.0012110122380166732,0.002446436435742383,0.006860793730262271,-0.0021562105329302472
2022-06-21 00:00:00+00:00,-0.004182147024483496,-0.0031598985345941966,-0.003723646752691212,-0.002052613496301814,-0.003761658879429919,-0.0016555826882016511,-0.00245736861660506,-0.00777408398821422,0.00091091153800682,-0.0057794124471199915,-0.005312943311046037,-0.0022919961173998304,-0.008942620701805515,-0.012846373491767094
2022-06-22 00:00:00+00:00,-0.0012555779302171333,0.00044051670562184064,-8.555800420240178e-05,0.0006572528908117548,9.865652443874495e-06,0.00063764955943868,-0.0007544937147290209,-0.0026836090634790866,0.001821454917350751,-0.0015554096958523278,-0.001489975445661429,-0.0012176193947585068,0.004303629579178958,0.0016008067565711492
2022-06-23 00:00:00+00:00,0.0004653366745828169,-0.0004096172458670777,0.0001556241414748527,-0.0017095460995961709,-0.0005273824195380916,-0.0026002929823578658,-0.0006887358237621655,-0.004628058817960468,0.0027190810626571693,-0.003405498088779435,-0.0033890061517989345,-0.00410911853638829,0.0031169279231648694,0.004326237149848033
2022-06-24 00:00:00+00:00,-0.00038658488760401344,-0.0014875578963716718,-0.0009271824547266716,-0.0020287135382471844,0.0021651839506857673,0.00018580317269689672,0.001936093385443094,-0.001884350656397249,-0.0008252427472749124,-0.0001241923730845862,0.0001490063327853619,0.0007797687783519525,-0.003706766378884785,-0.000992133119989469
2022-06-25 00:00:00+00:00,0.0019366356309518107,0.001940547212592847,0.002677386296885409,0.003058027960930021,-0.0007265258168339672,0.0016889923191603096,0.0005023009368303466,0.0022935922147044874,0.0006728294871165552,-0.00046486991489325113,-0.0015569990695818436,0.0005188255063686142,-0.000947324318371634,-0.002521013388535942
2022-06-26 00:00:00+00:00,0.0027213098682712378,-0.0005358480659012343,-0.0011960555529935135,0.0009093442980827593,0.0033867166760630507,-0.0015195637457132705,0.0016550339168373007,0.003498778640417699,0.0010663014662140036,0.0008557874295833656,0.0018770999965143087,-0.0005900188593930267,0.0004729848280411453,0.0006520578255133636
2022-06-27 00:00:00+00:00,-0.005709172575957933,-0.0026555977481608206,-0.0038905358449007332,-0.0035394467917162498,-0.006235511060169396,-0.0035504704272646403,-0.005789863356946756,-0.005253428335908361,-0.006263868105879866,-0.006027601748357703,-0.004318756595490525,-0.0043614140031091875,-0.004629123122021017,-0.005789489150011096
2022-06-28 00:00:00+00:00,-0.005004059799732952,-0.005831909424031889,-0.006555688642159163,-0.008057694058912102,-0.003979038061419304,-0.0027954430395542573,-0.0014400725342058607,-0.006146362373782521,-0.007367920437910569,-0.0045860951461141886,-0.0041549545693075896,-0.004532488360289966,-0.004277707471432524,-0.005857811149667103
2022-06-29 00:00:00+00:00,-0.004530458444388374,-0.004477381719987905,-0.0059640260300940495,-0.006529350314205984,-0.0038645594095536584,-0.004558083036009353,-0.003081079521549235,-0.003581773013356937,-0.003964423269994799,-5.4979801907384385e-05,0.0006223690218534195,0.0011472854306564528,-0.00733726637292631,-0.004634309192859898
2022-06-30 00:00:00+00:00,0.007179182809474494,0.007947116200916149,0.005809907998678199,0.0045716950506797804,0.006833923802146424,0.0071128635523056705,0.003570693928126367,0.008256814379937083,0.005538774174201899,0.004505958830145929,0.002564462533489742,0.001882460375152828,0.006943568722224569,0.007591353452586214
2022-07-01 00:00:00+00:00,0.0016926286421528047,0.0042872555624831055,0.0034116627876517036,0.003453776875465442,0.00022093952402091332,0.0030786020953121884,0.001601555845003988,0.003529979506558867,0.003265958097116828,0.0016857289147227394,0.0007406279558537232,0.0010541053294201852,0.002645788536991933,0.0010630457626021883
2022-07-02 00:00:00+00:00,-0.0005709953704550186,-0.0008279749963396865,-0.0017769206257727266,0.0002524914070372031,-0.0003760205987705101,-0.00028494828015879214,-0.0005903715122850262,-0.0008985107709656992,-0.001694283557628462,-0.0032320958054494753,-0.0020658417370383875,-0.0028760043092931342,-0.0009106160516051398,-0.0023603339896354214
2022-07-03 00:00:00+00:00,0.0017809088683364838,-0.0009982834402918472,-0.0023499638174508952,-0.0020154807673576913,0.0005827532447444383,-0.0008767671245057951,-8.221980182099298e-05,-0.00037287077653536116,-0.0017885577364157301,0.0011987314410419891,0.0002865938991785111,0.0009507895851506021,-0.0028293899820494017,-0.0005606501104883366
2022-07-04 00:00:00+00:00,-0.002102254972048745,-0.0022378430250276082,-0.0020451369410999787,-0.0009054937792450923,-0.001783597099346168,-0.0024195171664972426,-0.0015935450585277122,-3.1453466197928215e-05,-0.0010676279445337444,-0.002011711375609737,-0.000864344084612112,-0.0014470544517869444,0.0029643214131493956,0.0022925349623543756
2022-07-05 00:00:00+00:00,0.0047047564947459986,0.005148750173554317,0.004313442720569771,0.003994780453726365,0.005701633711873155,0.0068245216894129435,0.006206766361614768,0.006478170101254177,0.004406219082905283,0.00448059050314531,0.003787355769808931,0.0033195902105294106,0.005818198639853556,0.010127204880419516
2022-07-06 00:00:00+00:00,-0.0023837129508140764,-0.003831666151587254,-0.003943547091020627,-0.0039148870702675476,-0.001903162590467744,-0.0046862999183275855,-0.0022080222547334882,-0.0026208811560708423,-0.0027232053257437716,-0.0021024489155888615,-0.001940510948181151,-0.002167661826156908,-0.0021511537083369614,-0.0010804092055645143
2022-07-07 00:00:00+00:00,-0.002209642241946641,-0.003682498417608371,-0.004417423279115762,-0.004877563063497403,-0.002998362794473297,-0.004476139372359356,-0.0018258564756165052,-0.004869554327190717,-0.002128904527540443,-0.0012509721383412442,-0.0006993988926329298,-0.0009968902911541289,-0.005859578445488123,-0.00563154075273975
2022-07-08 00:00:00+00:00,-0.0024001725965088205,-0.002898967454423862,-0.0029482950971031485,-0.003599904322316272,-0.0014218980205954468,-0.004563176807317659,-0.0031649616625185617,-0.003142682098626559,-0.0019743646287991856,-0.001326016554044518,-0.002312708224234572,-0.0002929553995095757,-0.0027812138532294917,-0.0021242370817604606
2022-07-09 00:00:00+00:00,-0.0025507611965389643,-0.0016053255373856823,-0.0022141278195240144,-0.0026492666376427554,-0.0005597082566975997,-0.0021567198367083984,-0.003616587253628789,-0.0021773550955482834,-0.0016788030504939488,-0.001606653725429008,-0.002625164118292944,-0.0012354288233453747,-0.004755699286761006,-0.004643305248480223
2022-07-10 00:00:00+00:00,5.29025704063546e-05,-0.0023499940054095836,-0.0011114111074090882,-0.001303736754292073,-0.0011943208293470065,-0.0021961461110413527,-0.004240411435181168,-0.0009996958129030453,-0.0019565747497710673,-0.0015012817307393789,-0.0024942095303235323,-3.17293870444324e-05,-0.0021386764337616437,-0.0009129835598000735
2022-07-11 00:00:00+00:00,0.0025206785964768663,0.003234214303799554,0.0032479599824657424,0.0033393467136306754,0.006001046420363476,0.0055085194037407526,0.003931660269755,0.0028252908219870143,0.0006910745053221312,0.0018249702161261538,0.00029529315043430593,0.00030982637509802124,0.00044057690548870987,-9.741319468115073e-05
2022-07-12 00:00:00+00:00,0.0006359236707629279,0.0005461221775595604,0.0007267198101541528,0.00033514806386114593,-5.8152231627195405e-05,-0.0005420518967423904,0.0011917377044998734,0.0001544989839208366,-0.00016014532338071152,-0.0008146744356802849,-0.0011062654800412242,-0.0027100142106704084,0.0007514112718756127,0.0018150555250517897
2022-07-13 00:00:00+00:00,-0.004048542955284451,-0.00837349462440573,-0.009495297648269618,-0.00747051603615978,-0.007430036815378793,-0.009156341072046326,-0.00941152644742893,-0.005601325477562091,-0.007161874534951207,-0.006423899771565211,-0.006378480602932002,-0.004008896950765339,-0.002163164890460312,0.0021307348414771887
2022-07-14 00:00:00+00:00,-0.001152202442063155,-0.00025814030677040467,-0.00250844367751768,-0.0006782127695827977,0.0019968125879312737,0.0019607582631144815,0.0014809361815979472,0.00013802930916795297,-0.0015475306019072654,0.0008456475245262052,-7.681309686624616e-05,0.0027291753638059024,0.0023643493872076426,0.0023919228945119553
2022-07-15 00:00:00+00:00,-0.0031877796235806333,-8.795612229306471e-05,-0.0012289502057780677,-0.0016403934892119665,-0.003675515163833132,-0.0008449339995330041,-0.0030451260058429463,-0.004144036233559634,-0.0032835185645072595,-0.005571975559111708,-0.003122380544526071,-0.005896468142462585,0.002425184899551125,-0.00274361393033673
2022-07-16 00:00:00+00:00,0.0014596292876614125,-0.0011242681395723375,-0.00161293067601187,-0.0011714357192529334,0.003845556290305474,-0.0006942773289428938,0.0010880693631565297,0.0020644080391358788,0.0009332055315676158,0.0030687655353625054,0.0016353642807052093,0.0027108916414950723,-0.0011428477394612724,0.001660125718731642
2022-07-17 00:00:00+00:00,0.0029427922351144,0.0032759392205330418,0.002771670750706834,0.0011207002241075958,0.004219948658335859,0.003376737393084639,0.0034618888347681676,0.003171630297453154,0.0024884287532651594,0.004301884791267252,0.0032870040953270063,0.005072820973061942,-0.0031385685700603405,-0.0014142455527428321
2022-07-18 00:00:00+00:00,0.0038085925615825023,0.0013431440234059622,0.0007925915123006,0.0007788821187326711,0.006809593185598484,0.0017203194646744357,0.0025393087220455524,0.0019981362864560648,0.003553483817452241,0.0037699704316647153,0.00566132206819514,0.008602026847213562,-0.005313785720519881,-0.004850153906539867
2022-07-19 00:00:00+00:00,-0.0053895769845371255,-0.008584539546893422,-0.007885815737333712,-0.006626816111420353,-0.003358849560318955,-0.00767767584459611,-0.008112383951503488,-0.0054948769433295075,-0.005088376216709545,-0.007661782525994698,-0.007238629661018292,-0.008487736894705944,-0.006047459929995558,-0.0038955919123865312
2022-07-20 00:00:00+00:00,-0.002219871960071451,0.0023734356972788806,0.0008205286426823388,-0.0006505101488168963,-0.0038499362995764175,0.0023597123679228726,0.0013448781104123952,0.0005687913028544767,0.0018578395795496583,-0.0015265193599595106,-0.0031224002749544733,-0.0032957165359116525,0.0007896771835806948,-0.00014780910497269595
2022-07-21 00:00:00+00:00,0.005140481872851099,0.004921469442219495,0.004329664184426374,0.004497677256487753,0.0033124658430994103,0.003797834642012665,0.005300096424716072,0.004014230892743997,0.0038185892745701278,0.006679461232534267,0.007432917081638291,0.008159721480123228,0.006004737307470531,0.005433360684494515
2022-07-22 00:00:00+00:00,0.0031617057843367213,0.0012554939897413409,0.0008618150379513523,0.0029358831926571405,0.005541620092620603,0.001924833826797201,0.005443310691065406,0.002048145673375412,0.00041321584068576556,0.0031448475632875894,0.004704889348415842,0.003829927748933981,-0.0023253878869443634,0.00015251549154271515
2022-07-23 00:00:00+00:00,-0.004230386003814535,0.0007807743356713637,0.00036897431626337074,0.000746165013570721,-0.003962259280361202,0.00037304830805395817,-0.002201609122825632,-0.002779261263752275,-0.0019375151084062292,-0.002455658052627263,-0.0005149900519038075,-0.0019511680887916993,-0.0042414936658927704,-0.011875004228809827
2022-07-24 00:00:00+00:00,0.0037216598457090466,0.0028628729783639617,0.0030155915953280488,0.002363574690275927,0.0035905870659727057,0.003054516606440183,0.003156496093305927,0.003038717641239419,0.004011091053918836,0.004245428892494907,0.0031109756418989942,0.004109937328847568,0.0036736502505632096,0.0049514750088461845
2022-07-25 00:00:00+00:00,-0.0023228983240374257,-0.0030467594491275785,-0.0026831210377037396,-0.0038742700336911184,-0.002700589103772355,-0.002156683144068694,-0.004266694685465255,-0.0017743931651679201,-0.0029070772141093215,-0.00410980304984554,-0.007812182656119826,-0.006468774733341065,-0.006253748526425684,-0.004630305538444901
2022-07-26 00:00:00+00:00,0.0037215629317444154,0.005789039333281343,0.005236620264178704,0.004296308866118537,0.0032436619051419147,0.0048206057054918094,0.004528816268724256,0.0029611698180285195,0.003944150295992266,0.004855726760680357,0.005040982073618139,0.005077488325212043,0.002486061388727201,0.0009941238890414095
2022-07-27 00:00:00+00:00,-0.0022444900700775428,-0.002605681923044556,-0.0011130097540389405,0.0034263931953313342,0.001082907675499456,0.00316388397546441,0.0010635969763070907,0.001479919480677161,-0.002883379288700527,0.003226649720141417,0.0023669199017599674,0.007277249822329912,0.007968783660817103,0.004472779188853915
2022-07-28 00:00:00+00:00,0.007167275050344424,0.006657211820006337,0.007371924620026116,0.00924642448176538,0.004552762308598357,0.005747171663236905,0.006099969329683708,0.010909199149348181,0.002039067572496167,0.007222576942112147,0.009419023752226252,0.011177015714770366,0.007531297252759694,0.009034615355934639
2022-07-29 00:00:00+00:00,-0.006723652437923278,-0.007773261849108648,-0.00593585098419569,-0.00779352061655092,-0.0038673637330551847,-0.005683931659781316,-0.003317705211447919,-0.002147906595955318,-0.010247653820117497,-0.005186422787474831,-0.004567374118669032,0.0018775573486420338,-0.013090984712393117,-0.014215781239008352
2022-07-30 00:00:00+00:00,-0.006044830768591858,-0.002668685991048192,-0.004815339292526644,-0.0034567280422173052,-0.00033918287389411717,0.00025901143840978413,-0.0008610486344549084,-0.005873214318334319,-0.005011492572291054,-0.002961148719983875,-0.004076814517687488,-0.004667624273388182,-0.0146047609499097,-0.013114863472958982
2022-07-31 00:00:00+00:00,0.0026912587216343375,-0.0013283138911118764,-0.0010812943299425282,-0.0002852585674174568,3.3430025557779075e-05,-0.0016579214696335054,-0.002158717492580564,0.003483997693318752,-0.0015947304839667442,0.0016728219472805783,0.003148784104668234,0.002575830525780809,-0.009462942177525746,-0.006315256070227648
2022-08-01 00:00:00+00:00,0.004820544376106239,0.0021559792260761323,0.0024756804574830316,0.002509458297656364,0.008007801715173901,0.004431022757348524,0.00745733135004345,0.0040738960229074195,0.004741247529237214,0.004059918995078737,0.005217512583406636,0.003950782934208252,-0.004171479915643039,-0.0035717975750164666
2022-08-02 00:00:00+00:00,0.009907624901442036,0.012373523118117014,0.011758258937220711,0.012027880806493974,0.008052427890994807,0.011566374734236273,0.011660487294781863,0.008812600847420304,0.01217942190385557,0.010648147780045303,0.008456601706597677,0.01002198281587563,0.011185573305946717,0.00966438685498705
2022-08-03 00:00:00+00:00,-0.002137360453523751,-0.0034261377563286066,-0.003480253464730909,-0.0033759119175578167,-0.0031048924984067305,-0.004497581715713461,-0.0035538093875369103,-0.00047543342408251643,-0.004459082372820999,0.0025450717612640616,0.0019996244109556915,0.0018901526606804886,-0.001843296297909136,-0.0003270311067421483
2022-08-04 00:00:00+00:00,-0.000779450048646213,-0.0011588448294951315,-0.00180113637778323,-0.0016599018528191678,-0.001852921752780401,-0.00031153628607538675,-0.00029892831622901905,-0.004336924562937328,-0.0004786353701879964,-0.0007236780710832003,-0.0011484184377851259,-0.004313210274441648,-0.0012742041316429198,-0.0025954395713810863
2022-08-05 00:00:00+00:00,0.0025406211937015755,-0.0007850923235513951,-0.002669593830093242,-0.0013596803387413425,0.004270440009805476,-0.001274483442582297,0.003003780588505922,0.0006355479253494778,-0.00010623732843217937,0.0021481101100462308,0.0036896402550030682,0.0007621684425842545,-0.003490384374367994,0.0028472169348403575
2022-08-06 00:00:00+00:00,0.004296782539844335,0.00418512925317982,0.004662522776852196,0.004081481368075401,0.005110650648717963,0.004616744914927251,0.004453111420008815,0.0033354271951573367,0.0051698145693832576,0.005290849727139557,0.004416716812405408,0.0051424610332675424,0.0015463232370189761,0.0017018746841406251
2022-08-07 00:00:00+00:00,0.00013722647182290437,-0.0006630240960241451,-0.0016812102540147977,0.0001706286900136078,-0.0013676100412136627,-0.0005616990197171434,-0.0004504649549696982,0.0012373260311615564,-0.002340724258958926,-0.0012945047813667232,-0.0008337613114247633,-0.0010482364136628064,-0.0011501437031383732,-0.0018959115755544653
2022-08-08 00:00:00+00:00,0.0008595613587532025,0.002060463060866713,0.0014717189470097036,0.0005801522129926795,0.0008874634192497233,0.0012100383789039881,-0.00046867016306872955,0.0004534460397500606,0.0008544927592335494,0.0011180454629693415,-9.110469927642306e-05,0.001962166773022078,-0.0006686030702910406,-0.0012306802004907746
2022-08-09 00:00:00+00:00,0.008749671724817443,0.0026736089917720474,0.003225052269984152,0.004372111759962216,0.008791268658783435,0.000678101627687111,0.006834273879054997,0.007472448462784165,0.005476839695303992,0.006456355394757862,0.005948642460954945,0.004941579502900417,0.0016974199920558597,0.0042523870979847
2022-08-10 00:00:00+00:00,-0.0023130783523119813,0.0026638227849733465,0.0022465373486186824,0.0003997787992295887,0.00027770976588659124,0.004477797828343233,0.0009725812941976386,0.0021395033274926867,-0.00023259945385822878,-0.0026654693911054572,0.00024378202513375413,0.002288338059220685,0.002463636613127207,-0.0028846382342712085
2022-08-11 00:00:00+00:00,0.0021693575296304335,-0.0001922736202326636,-4.7507121596956914e-05,0.000374156769452183,0.002690838839495724,0.0016603162753137113,-0.00018583837581154228,0.0018626314592919968,-0.0010697670492915146,0.0023394764833577497,0.002230076215588239,0.0004698835874243912,-0.002102812706074264,0.006494712270306291
2022-08-12 00:00:00+00:00,0.004348811461810431,0.0021080791760912376,0.001305175707401629,0.0018848206975732307,0.005303741295673126,0.0023128387804876027,0.0037324752195331268,0.003061744651192466,0.0032915203801635595,0.005998692369313385,0.0043683420731543965,0.005776396405008821,0.00029522682324079064,0.0009284813968020167
2022-08-13 00:00:00+00:00,-0.00024492009614718313,-0.0007343113784168409,-0.0007231492254708982,-0.0008128149489908809,-0.0006093638397995926,-0.00027542645990030756,-0.0006682437949756537,-0.0004185495142956519,0.00017977016849446414,-0.0007261529402419198,-0.0007524893159535084,-0.000992532261999024,-0.0006509797603677647,-0.0010611105474657156
2022-08-14 00:00:00+00:00,0.0018219273466058006,0.0005310468213559627,-5.854155024809238e-05,0.0021305429198685832,0.0023318773160687645,0.0012103368583058494,0.0032405400374060367,0.0008456847147697566,-0.0006680434979018379,0.0013611509132573918,0.0023415906546813137,0.0007150293686966069,0.004977113613717332,0.006334161192376175
2022-08-15 00:00:00+00:00,-0.0021842741061799398,-0.004307629099440491,-0.00452179587453172,-0.003871227650210307,-0.0031695309093245916,-0.005485470309029683,-0.00545237344085181,-0.003216755043204178,-0.00562052934854651,-0.002329806481282559,-0.0026169139607546965,-0.0005679377237403083,-0.003924880046754509,-0.002630376992398209
2022-08-16 00:00:00+00:00,0.0005215345211675437,0.00017580807327410852,0.00011017432194182497,0.0012024688656508964,0.0011516660888111208,0.0012628889291346201,0.0009073709862859047,-0.0008071104483539093,0.0005364244730412526,0.0008459601516912496,0.0004897518463073958,0.002546428842406412,0.0024825460168902413,0.0019997920199938957
2022-08-17 00:00:00+00:00,0.005758236655215798,0.011048089705582465,0.011467902680229347,0.00979535305675494,0.006986001458020086,0.00995722472610372,0.009292101464003055,0.007861673784658851,0.007688575255193175,0.006259645519360646,0.004239480636282877,0.0035516091113032555,0.00886050750316203,0.00626492211275842
2022-08-18 00:00:00+00:00,0.0054282063537935965,0.005139636531731329,0.005252345223176302,0.00512488040538428,0.005364934641374441,0.005913431407620129,0.0058724808437995435,0.0031238075174242486,0.008931215684797156,0.005881413288612025,0.0033999428904436524,0.0037125112076092925,0.006168916857868911,0.005889337196573585
2022-08-19 00:00:00+00:00,-0.0038131603604817377,-0.0031110328706906998,-0.004237454598925994,-0.0028129231240950903,-0.001585508836944971,-0.004167680202039392,-0.001971738584329641,-0.002675849954982046,-0.001943552526950998,-0.001554363053339225,0.0007393698970958873,-0.001657328717776907,-0.010775339349438862,-0.008912571743387554
2022-08-20 00:00:00+00:00,0.01638348927175759,0.017807885282851377,0.01251992110831246,0.01534306256034701,0.018656690718579227,0.01533692464762848,0.01587342928498514,0.015116789325217317,0.014800627969367763,0.01694904689806731,0.014639007320148112,0.012590530918421772,0.010026182779559134,0.008625755471623364
2022-08-21 00:00:00+00:00,0.0023912390073206335,-0.0008038095299069958,-0.0013396641156273592,-0.001336436183836276,0.0017966438280019315,-0.0016656378562556196,0.0010993113667177035,0.0019058375243412584,0.0007348822151196366,0.003785667222442335,0.003663449272228503,0.003923348733164245,-0.00197058593607935,-0.0006038814635791478
2022-08-22 00:00:00+00:00,0.0002814743462149494,-0.0033626844410246104,-0.0038221813481607025,-0.0019388163004214753,0.0008741621565171442,-0.0032435117338651676,-0.0016617047154774411,-0.0003384823271390669,-0.0030784017988387813,0.00015122091990438236,-0.0002561371628099218,0.0004648881206248401,-0.0018549286647124852,0.001622464739211349
2022-08-23 00:00:00+00:00,0.0006591578707870749,-2.6426367722764965e-05,0.0006048854477009868,0.001660775395277314,0.0006846783824714375,0.0008631719629585977,0.001363652420573791,-0.0017822961082204491,0.0013102287152786385,3.58363808878881e-05,0.0002260693293423266,-0.00011259195759960594,-0.0009668258419640585,-0.0029024512778437206
2022-08-24 00:00:00+00:00,-8.878341821993985e-05,-0.001253366040966264,-0.001613920528485413,-0.0004964909865932121,-2.6344138949307983e-05,0.0008500251023975114,0.0002140870902822556,-0.001979405382476651,0.0012013658290552787,-0.0011429978758357162,-0.0007616778607698604,-0.0001126777568317694,0.0029165911483155504,0.0025867925198967967
2022-08-25 00:00:00+00:00,0.005112089507611106,0.0043169188296363625,0.004694575318826555,0.004856242468476157,0.0019319666040020778,0.004335940935282334,0.004894709731475544,0.003366707906510502,0.005278368776616249,0.004538202695336446,0.0043572883187523725,0.0010595089385323497,0.0037875736084946876,0.0033150339352512326
2022-08-26 00:00:00+00:00,0.007224454578172557,0.004056155833542796,0.0037444161026372047,0.004636533820192579,0.004504254010800901,0.0026492008445822,0.006728926869938201,0.0057224803699731375,0.007566792980071346,0.010203939298986109,0.0070151449570501345,0.007210597217579773,0.005776069000245965,0.010384788089903951
2022-08-27 00:00:00+00:00,-0.0007448027143593938,0.003352162972275252,0.0028626313530790704,0.0031216173639223577,-0.0014386807528379286,0.003949490440803505,0.0007544700051218545,0.0012741273233898287,0.001984470893630297,-0.0008129454939361791,-0.0009474649721876727,4.832280876998496e-06,0.001443262820191249,-0.001989624473130447
2022-08-28 00:00:00+00:00,0.00511973905806129,0.004027757977945745,0.004948515570690315,0.0029196760366643204,0.004447786212937732,0.003710738243807965,0.002287564016236532,0.004997182393937871,0.004352761670267213,0.007916909197868138,0.006989766498094019,0.005047513551875493,0.0037988173038996376,0.005821155267932809
2022-08-29 00:00:00+00:00,0.0021052012311484347,-0.0006142677736034052,-0.0011520782136063001,0.0022839895023469836,0.0023015592120954054,-0.00023983461867160827,-0.00156879013530542,-0.0013413414349608965,0.002256341359261116,-0.001308684554234718,0.0011559801995488783,-0.0011742973570059156,-0.0004406604909430456,-0.004296550198639282
2022-08-30 00:00:00+00:00,-0.005691939837527804,-0.00230427903328434,-0.0019209874627090784,-0.00385287056646888,-0.006030457048821103,-0.0042109871268609655,-0.004183579866072984,-0.0042366762312811,-0.0031407861249423963,-0.0047935521699938866,-0.004512378037856979,-0.00823330348286766,-0.001760312300216782,-0.003958492156185822
2022-08-31 00:00:00+00:00,0.0002071418018838589,0.001612821730246683,0.001105982498851743,0.0009276522451560076,0.0012993727290089296,0.00012213343771150242,0.0004230256519086595,-0.00037651312544284554,0.0005808083078706616,0.0020028471010706816,0.001285876497287619,0.0003220188524322154,0.002201408356687473,0.0014018815319070121
2022-09-01 00:00:00+00:00,0.0027477286720016814,6.751149341543972e-05,-0.0008223868336632023,-0.0005580662336643893,0.0018606444107285292,-0.001895649899675944,0.0004877321708953719,0.0018041233141523616,0.0008731885084631852,0.0026394754686365207,0.0024475212414267755,0.003883248519282567,0.00023982457453564088,0.004479628285514625
2022-09-02 00:00:00+00:00,-0.0035344190450768975,-0.004278701615313296,-0.005275266035722259,-0.005994869739282316,-0.004424351115113745,-0.005553746217806466,-0.005516022593452852,-0.004432726002686516,-0.0034128727499196376,-0.0035960270061040633,-0.0038133813620403467,-0.0038771521956522115,-0.00029888588115778436,0.0009903886362343517
2022-09-03 00:00:00+00:00,-0.0033132215139265453,-0.003011652283325339,-0.004215691473340333,-0.0032047403056213453,-0.004013951165913632,-0.003942360886401652,-0.0030039562186237045,-0.0024145968577594656,-0.003174021152887452,-0.003195265711552042,-0.004010208170171281,-0.0047808233508584985,-0.004803975454706344,-0.005030556120754315
2022-09-04 00:00:00+00:00,0.0006031787110829523,-4.6912957926026344e-05,-0.0008515824260789673,4.3426214131558893e-05,0.0005598976515419629,0.00011820081166580287,-0.00016111761160186866,0.0007268867635841225,-0.0002464582975912899,0.0006767960775089232,0.000682143582250827,-0.0007628916444952782,-0.002035935064272465,-0.0008176055994234543
2022-09-05 00:00:00+00:00,0.0019006068632436701,0.0033118209476872273,0.003366157410937154,0.0034199151432638963,0.00044977292600001384,0.0036499227518018706,0.002432582164324071,0.002839619345565758,0.002736108154578698,-0.0013161279282906113,0.0004500405263951901,0.0029506101222902537,0.0024063510960359302,-0.002653682166361304
2022-09-06 00:00:00+00:00,-0.0027210154305313816,0.0022153895558230108,0.007025945427289848,0.005033604201840625,0.0008352585697988246,0.0007840553701832231,-0.0014850011140015162,-0.003780501358754962,0.0030703493130359583,0.0019469215159957365,-0.00010642574794283988,-0.0008699601281766389,0.0018981390744434723,-0.00025876719749806654
2022-09-07 00:00:00+00:00,-0.0025257533403373333,-0.0004762266704230189,-0.0024143577969725216,-0.000996158045338924,-0.003987439268912429,-0.0009098390068169593,0.0009128725776152979,0.0004440265826739509,0.0024555038230043014,-8.205689356310941e-05,-0.0014283138661864703,-0.0009438204037712783,0.0015806264844504536,-0.0018810055199499631
2022-09-08 00:00:00+00:00,0.009706341506675153,0.009006271832330492,0.008103374616049486,0.007522170661715233,0.011393052318189767,0.009811943896790298,0.010970325418683258,0.009163863003911255,0.008518489581210043,0.011182056126944007,0.010209473170539773,0.014133524781330342,0.0031310596391742607,0.003539758017290673
2022-09-09 00:00:00+00:00,-0.0049262023903535734,-0.0007449152101900447,-0.0017795063581269588,0.0008882035127322219,-0.0021353801483373624,-0.0023130771912237558,-0.0017392232934718699,0.0005491394088645851,-0.004509893651139518,-0.0015481637449840102,-0.0030867753070381587,0.0019296304463989333,-0.003415874599183022,-0.006609049313191062
2022-09-10 00:00:00+00:00,0.004057335769040327,0.0008422096209483865,0.0022535436574686596,0.0014751864800535142,0.004132500186440291,0.000905284136277773,0.0037874610676202902,0.0025184093354406745,0.0029118456161250084,0.0052898059475017245,0.005185104157197307,0.0012530665078354097,0.003067512047502774,0.002730384506783645
2022-09-11 00:00:00+00:00,0.000884137185351852,0.0006367729706617808,0.0005421621381587194,0.0007909331821391863,0.0009252972202009602,0.0006681446173117944,0.0009223267002471669,-0.001391177375292374,0.0006779620837147338,0.0010742889476991202,0.0005716117861742642,0.0020545837315875115,0.0010572802323214336,0.0017409243241275352
2022-09-12 00:00:00+00:00,0.0032559258073370234,0.006500349087214863,0.006757223963510306,0.005121553636748155,0.004646259111503959,0.008336795944157815,0.0064609018185179945,0.00638602870600935,0.0022223028118151245,0.003430599007066215,0.0031395445839561553,0.004104419507544144,0.0017405767724330001,0.003100809129821913
2022-09-13 00:00:00+00:00,-0.00703579020975742,0.0003914306865786532,0.001019909690442633,0.0017008515919945122,-0.005482338435087386,0.0008432669488032118,-0.0026212564959260387,-0.004168390332582983,-0.0009449440050616209,-0.005224702366267708,-0.007011587238663242,-0.00887180163262058,0.006003762336445062,0.0005080747356647208
2022-09-14 00:00:00+00:00,0.005716616088891291,0.008235225013447423,0.007586294234522395,0.007176209216036122,0.004493857424080039,0.0031945017866623626,0.004887762071204005,0.006845211422246589,0.005973716284545683,0.0027169197379570686,0.003001004651040029,0.001846031092777256,0.011896985735396548,0.00904581752133038
2022-09-15 00:00:00+00:00,0.006130110636795472,0.0032529323834746826,0.0033047300160418125,0.0035912531306714346,0.004676231682709586,0.004560321137991652,0.004562009555250768,0.0031142024248451694,0.006494746892035108,0.009327776250533049,0.007572599250970091,0.006250531911229151,0.0012637803853350338,0.005098914755885309
2022-09-16 00:00:00+00:00,0.002571215169055563,0.0020968966458900784,0.001587805680169918,0.003259758037786442,0.0014859494642975868,0.0017600419905376974,0.002025367279161694,0.0010597495888240438,0.0034550109456281675,0.0004933318692912358,0.0011943846449942175,-0.0011638601249748248,0.002580063073876593,-0.00083039838022958
2022-09-17 00:00:00+00:00,-0.0020583012342989537,-0.0025415768744622147,-0.0026600597154764483,-0.0010981667947280727,-0.002468410473576599,-0.001156550465455708,-0.0014844644830982467,-0.0015088853535960567,-0.002746545785165866,-0.004081031135489632,-0.004141488257157544,-0.0034376232523869454,-0.0020043330221097833,-0.0036583261449038007
2022-09-18 00:00:00+00:00,-0.0040944390582714485,-0.005008991270930574,-0.0025167131510924756,-0.0026880290043753696,-0.0012287012953875465,-0.0019260230963391578,-0.005348619386959186,-0.005270465367978039,-0.004845210742411732,0.0009532697465306494,0.0011597756370471668,0.00042583192576750584,-0.00012868886058736706,0.005137285456961793
2022-09-19 00:00:00+00:00,0.0010670634922551603,0.0012704242818881717,0.0008132212405846939,0.0012472395637821432,0.0022542636560483054,0.001184841330887254,0.002494754164594104,0.002383591260073148,0.00284070784638657,0.0009198479822762895,0.0013079363914232367,0.000511164001025799,0.002659403304827279,0.0017364831454518281
2022-09-20 00:00:00+00:00,0.0034207220945889905,0.0025036866020589077,0.0019241428961480622,0.0013626687755718958,0.005562701718032859,0.0032000399343481423,0.003250432239583656,0.00033507633638540923,0.0028389377403468252,0.0028905808880870243,0.003062246927689083,0.0044630529444820155,0.005191243658136724,0.00449775132168817
2022-09-21 00:00:00+00:00,0.003516230729270653,0.00499726057143568,0.004873717038060388,0.0037693423061977427,0.0056337177257290705,0.005027046330141172,0.0041922674770382695,0.005418614314883552,0.00570093922676862,0.003002485649989728,0.002447409439720216,0.0052874209601962985,0.0014011669304290209,0.0016248185246661162
2022-09-22 00:00:00+00:00,0.010364536000202262,0.008086722135568714,0.00814249182708715,0.00919651513285391,0.009714153010402349,0.008279968813245553,0.00824654015418691,0.008597564325814933,0.006007038605148507,0.002990559647861657,0.0017784838790779744,0.0005836019817566651,0.00929493904865164,0.008216554387486807
2022-09-23 00:00:00+00:00,-0.004069197061231877,-0.0036515030213291055,-0.0027262192074796188,-0.004596705306963211,-0.0032389282755231896,-0.0013579793245845906,-0.0020805443779423616,-0.0041254335022195,-0.0039940495253362185,-0.0071383008457054364,-0.00724145911715901,-0.005258554743198585,-0.004653813769964543,-0.0044726698287066435
2022-09-24 00:00:00+00:00,-0.005343966994681315,-0.0036978465406571903,-0.004289752861998064,-0.003918372983981455,-0.0029349422046706097,-0.003923621959044277,-0.0038803583213998794,-0.0056120270131800876,-0.0024677148383138725,-0.0030946315176083594,-0.004377628011059231,-0.002605806382447451,0.003433275452376261,0.0011289318902807377
2022-09-25 00:00:00+00:00,0.0042895116217032125,0.0058768835631501926,0.005514589215018129,0.0046974414478140325,0.004953345409286269,0.006304016768557075,0.006868063112099865,0.005933075268680366,0.003418635899790745,0.00496340003851814,0.006109453701998557,0.004535808864354562,0.005299564569558157,0.00453569264051823
2022-09-26 00:00:00+00:00,-0.0025628151405026056,-0.005549924019074615,-0.005747569660556673,-0.005585321316879055,-0.00645979034204569,-0.008082896591496191,-0.007905940897432129,-0.0040314691959913995,-0.005918163388713871,-2.025839239727656e-05,0.0003269575472268915,0.00019878133053907732,-0.015023182038472527,-0.01109951592125935
2022-09-27 00:00:00+00:00,0.004995510220811239,0.005685104795923435,0.00555135034982257,0.00640323374252505,0.005050165616122149,0.00458235772596538,0.004436388710402861,0.004590571729137016,0.003989490344983082,0.004232049530239479,0.004807049784605555,0.0050573536142179965,0.0007906261699870409,0.0018817164578515122
2022-09-28 00:00:00+00:00,0.007187541971893419,0.007222108440947839,0.006099662678498818,0.006068441841857508,0.006927907571213865,0.007470497275363197,0.006502958765032707,0.00616004698519923,0.006697088543001328,0.006575134247650105,0.007297969878728328,0.005633135293994673,0.002238645762300706,0.0022612267043178313
2022-09-29 00:00:00+00:00,0.0019124962234422505,0.00023231648872124033,0.0012527138459079712,0.0013556558027343346,0.0023666112820315277,0.0009903109310998026,0.0022926221726466967,0.0009024488952833476,0.0020991574376039157,0.0009846366434529408,0.0005467008939379348,-9.41270191977539e-05,0.001546848527924638,0.0010146113835074466
2022-09-30 00:00:00+00:00,0.000845248452989722,0.002590083954425948,0.0019864747042035447,0.0028630777723361867,0.0016368418597518808,0.002189252042487544,0.001513099926798489,0.0029315322935132837,0.0005492753559239727,0.0012002252809486524,0.001982225312689767,0.003442524614774678,0.0011817408254688466,-0.0009983427032628223
2022-10-01 00:00:00+00:00,-8.691692798223905e-05,0.001582791461274713,0.001718265824335985,0.002317786495790841,0.00021170429375994004,0.0017151208456902545,0.0005215787080317114,-0.0009029145134227257,0.0018420251634356788,0.0010428579821988304,0.0013704281813868846,0.0005785442937433771,0.003618459054566925,-0.0018907053188506051
2022-10-02 00:00:00+00:00,0.0004550744425111386,0.0019030699225444092,0.001236862878727596,0.0008126033522861675,0.0002447507497003176,0.004395463938983379,0.0022955077057318363,0.0004956948272447637,0.00266751530810172,-9.107337782887637e-05,7.86715860796594e-05,0.003169003211026311,0.0014480987277900592,-0.00043387682447981746
2022-10-03 00:00:00+00:00,0.003606005663810752,0.004829114782852306,0.004903604603533118,0.0036163083932556628,0.004684750979623953,0.006667823377268789,0.00589244365510222,0.003536174058667907,0.001486634139059806,0.0018508358593729568,0.001906554828999818,0.005435342334911608,-0.0024541922061523946,-0.0028120231943532525
2022-10-04 00:00:00+00:00,0.004560329684535347,0.002320584513034518,0.001455857343526601,0.001955739057353467,0.005527821129525545,0.0020771980878766527,0.004067280418770025,0.00400491762341626,0.002292162522165908,0.005071175441691889,0.004439541989271323,0.0029141518147950407,-0.002073816730360001,0.001182870133306979
2022-10-05 00:00:00+00:00,-0.0003133291225982937,0.0029064085884731305,0.0027231128391473902,0.002921978769035327,-0.0005726525100435698,0.0020954944897975114,0.0008158136808289473,0.0008127302457656693,0.0011532781766179223,-7.397861242097736e-05,-0.0001614526759019519,0.0024456991946875117,0.0026168734890001932,-0.00031902297248798117
2022-10-06 00:00:00+00:00,-0.002170120858396851,-0.0013336251200222193,-0.0022508426224874256,-0.0014742550415797195,-0.0011713478868230487,0.00040252720943656506,-0.0004299805407758095,-0.002274193366608168,-0.002017769141002712,-0.003171151159225505,-0.002914558718996596,-0.0028270877545165662,-0.000676680261734175,-0.0004096209905251058
2022-10-07 00:00:00+00:00,0.0006329902538291243,0.0009377482457522124,0.0009351078464405749,0.0015245765690454771,0.000256443759300895,0.0003116387627462025,0.0007123490713720759,0.0006723516688706965,0.0004573052073992834,0.0010195474399514737,0.0001675905972065017,-0.000948424100672085,0.0017547815817360313,0.0011232782142951425
2022-10-08 00:00:00+00:00,0.0030490442428403597,0.003364313804229191,0.0032080852077558397,0.0030562411024444014,0.003225829991735152,0.003327345670138593,0.003240457756933157,0.0024984472997953144,0.0021958435530273768,0.0034537707869854994,0.0036763840074975906,0.003100423860189272,-0.002100780161385707,-0.0024207858756274403
2022-10-09 00:00:00+00:00,0.004571040234286894,0.002286255908482193,0.0020430896940477616,0.002557026278876995,0.004378421102808838,0.003115093189905327,0.0031557249639542206,0.0038475552439889427,0.002667798761968543,0.0037741257126389094,0.0036671529955742965,0.004017120324870005,0.0003084662126069393,-0.0006217523896038246
2022-10-10 00:00:00+00:00,0.0023440240151912928,0.00453159658408353,0.00461320914295027,0.004222352661352735,0.0016821589022779637,0.004584587382284511,0.0035738672208724953,0.00461829704099026,0.0028217466661266677,0.0013692612977007634,0.003343799921323498,0.0022970499694590085,0.005966032666331111,0.0051524226936170425
2022-10-11 00:00:00+00:00,-0.0028273589554546064,-0.00037401087297828095,-0.0004519078968274748,-0.0013989006268056992,-0.0035270653896788406,-0.0013609964286758203,-0.0020025206483541558,-0.0017766986157441433,-0.0015522242688480459,-0.0014795275850689737,-0.0005959274055530317,-0.0026517267809897938,-0.0012839747157820103,-0.001585024712002836
2022-10-12 00:00:00+00:00,0.0028690663284667295,0.004250584598465279,0.003987187596954378,0.004675514470096065,0.0023852507986663607,0.004824820694836918,0.0044021811258323496,0.004654968041186924,0.0031167041456647837,0.0036442635578000093,0.0023504174228154984,0.0038400904458602003,0.0045335051426893536,0.0008896414576804457
2022-10-13 00:00:00+00:00,0.0003777942978011595,2.2326441985853762e-05,-0.001310593481546829,-0.0009649057258773741,-6.966930726437504e-05,-0.001633611677720026,0.0012224744053375147,-0.003978155097419167,0.0014133535336136038,0.001296595803904843,0.0010570203147579615,0.0014736881143608827,0.0034762576358624564,0.0020547781165969337
2022-10-14 00:00:00+00:00,0.0006752912616392326,-0.0016893049478894362,-0.0018974275612729796,-0.001878539575662641,0.0011879663236127325,-0.0012021350920091711,0.00020526381461638543,1.4195379938186647e-06,0.00022419176487997738,0.0012647674191816893,0.0011762325018338515,0.0030296914754612825,-0.0002485458113464789,0.003617285282903948
2022-10-15 00:00:00+00:00,-0.001034008476600845,-0.0032235333294594604,-0.002837195112988966,-0.005546878795471888,-0.0008402953518537037,-0.003078822752677013,-0.002252743065024654,-0.00030265218530323157,-0.0051585974714715155,-0.0014485992764894373,-0.0015381473495102993,-0.0030243267000239493,-0.002597778514451199,0.0038006350452925997
2022-10-16 00:00:00+00:00,0.0020500761210162644,-0.0005374910393314281,-0.0007514061891170654,-0.00015660040696485744,0.002359446771292628,-0.0014874082979695613,0.0008295646305302995,-0.0002821985928227466,0.00012036256318781469,0.001976178098167747,0.0018500950487110313,0.002893973327460886,-2.9392913157066936e-05,-0.0014228090982408848
2022-10-17 00:00:00+00:00,-0.003496811614481121,-0.0015832833567404059,-0.0026931433441984565,-0.0030542044632625442,-0.0034048867432722174,-0.0026137444601076476,-0.003177309656602789,-0.0019381961492245248,-0.0037088987421851627,-0.002135483284890549,-0.00199145656975952,-0.0020917239895027473,-0.002000638834056878,-0.0026320660420450226
2022-10-18 00:00:00+00:00,0.001596022492606597,0.0007314851849662407,0.0005016778198188021,0.0012190028027054822,0.004294120932068601,0.0022380764388851837,0.0029679374293871685,0.003196278003181785,0.000375427773096515,0.0009627148738300395,0.001660168787397387,0.004129516318257753,0.005811923928989771,0.005440760905964348
2022-10-19 00:00:00+00:00,0.010835026301182937,0.008704868460890802,0.008251362876111612,0.009791288089848749,0.010469354699220279,0.008318513909585601,0.009388539151314212,0.009805568645623985,0.009663434033735152,0.011707248381501945,0.011011196101575527,0.012769632675650122,0.0075154055719204305,0.007304105060353505
2022-10-20 00:00:00+00:00,0.002540710815757574,-0.0011968158127125816,-0.0013817938602713742,-0.0010053825401981076,0.001518641843401003,-0.002415832216264624,-0.00039503302900190107,0.001470965714547745,-0.0007813014623427872,0.0010190548737698535,0.0011669776659053444,0.0008397686332264342,-0.0044199427520105194,-0.0017411114614458434
2022-10-21 00:00:00+00:00,-0.0011444325038868497,0.0017389099192137714,0.001311920695794111,0.00043166327913413127,-0.0013600829897548739,0.0003035745631336795,0.0015880426806884618,0.0037439717826701635,-0.0018734339626504948,-0.00032477479711678914,-0.0010753769744212827,-0.0017675668586927262,-0.004410752260595618,-0.0001844680881579741
2022-10-22 00:00:00+00:00,0.0009610773029635755,0.0007620193983686185,0.0004126786410185712,0.000563318164795934,0.001000123516998741,0.0011660596762010922,0.0010935044307076591,0.0014636759760677798,8.020816799447772e-05,0.0010440525553543356,0.000856021278594854,0.0010721249504745956,-0.0010507681958086268,-0.001143805802658937
2022-10-23 00:00:00+00:00,0.00054135763689378,0.005709955130862587,0.005204361943104807,0.004815009612854748,-0.001854900080337174,0.004123632431087376,0.0019432265312742114,0.0037281436615725916,0.0006094826841644974,-0.0009316939419176107,0.0001598640139004459,-0.0002450715896946676,0.002179133878914774,0.0006105716190121235
2022-10-24 00:00:00+00:00,-0.0030409541627872683,0.000931803656028185,0.000766455987343484,0.0005691228883635269,-0.004915605655231192,0.0007349361461850279,-0.0034016685403128744,-0.001938326503964305,-0.0029119488789134396,-0.004278339175534107,-0.0019011979768395193,-0.003608614961471246,0.0030068884459455436,-0.0017434488342239485
2022-10-25 00:00:00+00:00,0.0030816677253096003,0.004744955221423153,0.003977864393672759,0.004477459968706077,0.0028719952953428773,0.00292707844691642,0.0042316516241029944,0.004777451873153149,0.004532030716562829,0.0043877368133802275,0.0011491677675476986,0.0024917954699319456,0.00328472851339745,0.0023538019931437226
2022-10-26 00:00:00+00:00,0.000597457925338718,-3.992759463400386e-05,-6.35915026819811e-05,-0.00015582115615253578,0.001259255156929262,-0.001732045634657009,0.0009511992114004109,-0.00014212299457228017,0.00020894293338824532,0.0001999887374253273,0.0017429510682471783,0.00312424964817537,-0.0012788519392175068,-0.0004303081389882557
2022-10-27 00:00:00+00:00,-0.010673443915644953,-0.009221777543083176,-0.009024607031410392,-0.007738154012009946,-0.01028946682750742,-0.007713066069752084,-0.00963238370079278,-0.010452233584644643,-0.006945747963709281,-0.00985912988872284,-0.009248723283960092,-0.009372246388046235,-0.005431501914357817,-0.007016818856349638
2022-10-28 00:00:00+00:00,0.0015641771629277823,0.0034308388231214515,0.0029359628046499164,0.0012022039335042312,0.0036774290035128665,0.003988185632281427,0.004536294763425985,0.005575862336538728,-0.0006439799465862706,0.00010166294094582362,-0.0005970476095696897,0.004627186933996885,0.00040616061135767545,-0.002188320605141958
2022-10-29 00:00:00+00:00,0.0038540868812002582,0.008724898248626323,0.00813568123389996,0.009683791053956003,0.0038668699792006045,0.006342288606690616,0.005448905124781689,0.011580290929913195,0.003273961263601022,0.006181492852726178,0.0024254757533705984,0.010415542644013787,0.009225150683049632,-0.002469006746540714
2022-10-30 00:00:00+00:00,0.00033421557458601647,-0.0018185904583342127,-0.002017974212141116,-0.0028103426005943177,0.0014160086500023539,0.0031753769683540156,0.002424956077654805,-0.0004175119270800609,0.0006577153077582665,-0.0010958632183684092,-0.000430738173347045,-0.00396139647987559,-0.007524960097400335,-0.0013404990990764087
2022-10-31 00:00:00+00:00,0.007109768115773019,0.012445892497888522,0.011596138245824505,0.01075043715723778,0.007209014183961804,0.009455539677786229,0.008742432877545836,0.0085900916494146,0.008010453759385028,0.010692423390095573,0.010416667244216526,0.008595962559237336,0.007416422210893003,0.004581217698042428
2022-11-01 00:00:00+00:00,0.010019401679441708,0.010350747147125139,0.010486633583671745,0.010786565917251911,0.009759995806375654,0.011056943893212878,0.0102637551209519,0.009847535454036382,0.011648489674069396,0.0108906746800419,0.009538435616209817,0.008248306582775422,0.011605330088489962,0.011881903151534923
2022-11-02 00:00:00+00:00,-0.001980528370272072,0.0010914349267994172,0.0008576129918711484,0.00042371444845956674,0.00017358646164011837,0.0036943595060732193,0.004699621338529969,-0.0035138620696343326,0.009557690835727994,-0.00104151172477851,-0.0020062889802279216,0.009272001515024053,0.008954604547067424,0.000854271802694262
2022-11-03 00:00:00+00:00,-0.026704585262446123,-0.02350940767515275,-0.02372922318852777,-0.023785309538802535,-0.025195710728688092,-0.018441901156240448,-0.023751950044189396,-0.025192176701377966,-0.02087254994140797,-0.025210102440772264,-0.02644115058413632,-0.023248607456449633,-0.01396224724687889,-0.01916142401177523
2022-11-04 00:00:00+00:00,0.0069996658950084445,0.002846363268017571,0.0015935682420646913,0.001413926647134467,0.005409667347824776,0.002083486560915837,0.003948849112979547,0.0048944048290961994,0.0068489791877401895,0.007612909009017121,0.009159800784577454,0.0038338390928305266,0.0003102925075852969,0.0011119503420136123
2022-11-05 00:00:00+00:00,0.00987577644781168,0.01141013235831223,0.01088138823356899,0.01157272391989439,0.00816736688935249,0.009513817475266695,0.010502837316418656,0.007305245599426469,0.010168427468533414,0.00792087514249773,0.00997418398936234,0.007781481672701096,0.008516834225400505,0.005855106521102549
2022-11-06 00:00:00+00:00,0.008703402152445472,0.009797665696923419,0.009768983331701397,0.010351813517459174,0.007846560097631405,0.008989086864928941,0.009838515705053563,0.007873013870560497,0.008386604522096164,0.009885928731757643,0.008519433771038809,0.011502274388237144,0.008514709889029026,0.011273864288198432
2022-11-07 00:00:00+00:00,-0.0028396220155374463,-0.0007127187893097853,-0.0007341957667595933,0.0005549239618434232,-0.0033034427164565505,-0.0017802981301701104,-0.001915402830683477,-0.0014725890039105627,-0.002770413949021111,0.0011166037302086096,-0.0001515017985632694,-0.002252028131285222,-0.004392332184846692,-0.006641977338611826
2022-11-08 00:00:00+00:00,0.017997092932828584,0.019574868756908836,0.018986540768878735,0.01823180797113455,0.020527550089583624,0.021000044044931165,0.01823089333458472,0.01484838769680663,0.019330718128260926,0.012886807745350115,0.016267947529503335,0.019688009464676526,0.019862165725070602,0.02219814016184407
2022-11-09 00:00:00+00:00,-0.009837271711517048,-0.019111016490021115,-0.020588397474222142,-0.017741612708885524,-0.0018153851235234164,-0.022934412033443263,-0.008469795942981473,-0.015058487157994849,-0.01896661977227687,-0.012079792638938658,-0.005797554351187784,-0.004766877218978394,-0.013381314910276942,-0.004019153774641238
2022-11-10 00:00:00+00:00,0.00973040370112832,0.02949482919401114,0.02492821841307813,0.029129170858690046,0.009684124392756122,0.029922007088912794,0.02386076374004431,0.017169428474067328,0.02023977696608914,0.011051272539162493,0.00804861900295939,0.005880243393751261,0.038546239555534045,0.0161908170614391
2022-11-11 00:00:00+00:00,0.003753278724494935,0.0010925110255664006,0.000497297027176824,0.001960521212498456,0.004090777658413147,-4.8578803255150405e-05,0.001720860032694782,0.0024803019658374836,0.00270193203478053,0.002281892737091118,-0.0003312476401352571,0.0050976068283228315,0.005191595961380635,0.007238993915234415
2022-11-12 00:00:00+00:00,0.004613641418583114,0.0040751805458731916,0.0037154328925657065,0.003541052925391419,0.003139173448464927,0.0019618521076607554,0.004025990418584868,0.0057346856653379685,0.0026829155637317914,0.003339169307074785,0.0034124051968094093,0.007228106604586948,-0.00032405772807819755,0.0034623989924997822
2022-11-13 00:00:00+00:00,0.004240174057922985,0.0044617804696609475,0.003788116085555071,0.0030728342095052152,0.005809339417327086,0.00596615484591001,0.005185970153994912,0.010948939444922479,-0.0008770838894859301,0.006066760292471551,0.004607568265226458,0.014721801776919952,-0.007022215412518129,-0.003328276330942459
2022-11-14 00:00:00+00:00,0.0011964664986208184,0.009415712645922891,0.008269734845642862,0.008031602394967363,-0.0001443298809852278,0.011521446492335219,0.0055894827003961645,0.004876191634059834,0.005842252724880925,-0.002425901143871867,-0.0007378941260159921,-0.000645299001253874,0.005444385424602238,-0.002596641574740266
2022-11-15 00:00:00+00:00,0.0022572641293474582,0.0024527215501766175,0.000894150743050659,0.002963369923308923,0.001282758325433564,0.002864659639498779,0.0012747223564066879,0.0021920295486232977,0.0010690258003618336,0.0049154455617590465,0.005127461276368983,0.0009545141791675871,0.00338739154415868,0.003549007550054828
2022-11-16 00:00:00+00:00,0.0011807412819713203,0.00142534638057068,0.0013131428537174195,0.0023201705212765322,0.0024633328686336498,0.001529659023966845,0.0020376483946371593,0.0015232550611581352,0.0013910646646757563,0.0025323669221040124,0.002107404742476948,0.0028366949300266953,0.0028106343924843014,0.001901700930577066
2022-11-17 00:00:00+00:00,0.0012531679750811264,0.002100125082962645,0.002106193541101087,0.002231873414377583,0.0014452717923376657,0.002595100790688809,0.0015101429200121697,0.001846358254499636,0.0029019119674100757,0.0028767543964216546,0.0018001516385632854,0.0025689265165718123,0.0033528159357114617,0.0033374874038121227
2022-11-18 00:00:00+00:00,0.00030271004954651737,-0.0003591915330989348,-0.000608609625396217,-0.0006024148907001203,7.903752951277099e-05,0.0005365828349959134,0.0006353645256151896,-0.00012278143765542815,-0.0002686091745121022,3.099078034551894e-05,0.0008320610958634234,0.0030528012718655795,-0.0013243058292599086,-0.0012154736701833757
2022-11-19 00:00:00+00:00,0.0006248139806197539,-0.0011718858011677824,-0.0012312176789514018,-0.001004129456668279,0.0008422685796722895,-0.001711411010013264,-0.0009590534558296948,-0.00010310235595623052,-0.0001556136395268748,0.0002400396814254968,-0.001027704468001378,-0.0008514273544613093,-0.004230565007140363,-0.0028884618741285006
2022-11-20 00:00:00+00:00,0.007632713159212656,0.00492282051347992,0.004493010372067285,0.004143205625551261,0.008002292764593744,0.00478362561154877,0.005741802762988524,0.005700018587121436,0.007567572844987991,0.0057850783862050115,0.007242501690535086,0.0034396353060737184,0.001108153744630913,0.0027826879369490243
2022-11-21 00:00:00+00:00,0.0074823029270993935,0.01041087517901329,0.009987103640632489,0.012275766277337397,0.0073494358171524166,0.011329094049014055,0.009987487563158481,0.010896497053779264,0.009401555472080103,0.009082481777886064,0.008127377547324288,0.008729681246848475,0.004278977876057022,0.00259302876998202
2022-11-22 00:00:00+00:00,-0.0031197629363366453,-0.0024145674286335517,-0.0023115277783387622,-0.0028320297633254166,-0.0024131028312568414,-0.0007729672647797114,-0.0002434380560072391,-0.0043102111903091656,-0.002194650511225471,-0.005119534811784954,-0.003986581591541194,-0.0074718078396045495,-0.00016095182995434776,-0.003435701054259832
2022-11-23 00:00:00+00:00,0.008016154216488491,0.002594580622038878,0.00371907623854284,0.003217193923408024,0.005774255684682705,0.0033741607595210166,0.004700654067847365,0.005312199241609639,0.0018554332159226306,0.004737721852985821,0.0036485334507811995,0.0026815441417917807,0.0003004084020352682,0.0027257318969557964
2022-11-24 00:00:00+00:00,0.006449758443699993,0.0051764450691698105,0.005133934000769891,0.005398654206132392,0.004900075406439219,0.004677707907817297,0.005095976940036495,0.005587269699774966,0.005720947633098827,0.004898126380371348,0.006060391795748021,0.006488793642375423,0.0032825147683166467,0.004376907774796601
2022-11-25 00:00:00+00:00,-0.006508584056635236,-0.006312984117818665,-0.006655260803434704,-0.00722198748700309,-0.007623531099209879,-0.006760898323407427,-0.009923421706456104,-0.0070743635031847996,-0.008863321162971172,-0.008409152392916952,-0.006749719565817269,-0.007077873411884594,-0.004707385930793229,-0.007156379115716871
2022-11-26 00:00:00+00:00,-0.0020237359167599722,-0.0006760178789182447,-0.0014471766057152502,-0.000269179434197353,-0.0009740152914488043,-0.0011574459457852626,-0.0004791001016474228,-0.0011898351451783418,-0.001320532908127725,-0.0013157123955602756,-0.0015557489158768423,-0.0008405588586112289,0.0005841779476312148,-0.0008407668706106319
2022-11-27 00:00:00+00:00,9.51269522893039e-05,-0.0016152651896870207,-0.0021056976234545832,-0.001483468865107751,0.00027201037581892074,-0.0019468877180177646,-0.0015746896396041654,-0.0018550871671239033,-0.0017576462759432143,-0.0012116075788469738,-0.0007864588686843366,-0.00035268048287639964,-0.0027164039744651536,-0.0020320046360063904
2022-11-28 00:00:00+00:00,-0.0029031030684191217,-0.005489086056147285,-0.00609910574158623,-0.005982779885808087,-0.0025226973401124564,-0.004993439503272357,-0.004302774582878088,-0.005269505314214107,-0.005074022268256151,-0.005676628449843735,-0.0038055441315906213,-0.0035472132721623417,-0.002441026379429889,0.0007540634730540674
2022-11-29 00:00:00+00:00,-0.0006406022914775544,-0.0007974552567466819,-0.000913923231663949,-0.00022444161722268152,-0.0005813541971247949,0.0006739703769169658,6.873750506475318e-05,-0.00025430026392636584,-0.001253129579397605,-0.000714015350143149,-0.0001389320878367739,-6.275080083451012e-05,-0.0015142936500563975,-0.0017449125304577207
2022-11-30 00:00:00+00:00,-0.002429746144534173,-0.004045393022990784,-0.003700187958426193,-0.0039190665206615405,-0.003234585092415365,-0.004621533803593203,-0.005128596147272901,-0.002703570386830112,-0.0032478935694879585,-0.004403631182115841,-0.003106143233625236,-0.004077696352251414,-0.0029209157438186972,-0.00352244607198271
2022-12-01 00:00:00+00:00,0.001500716647352851,-0.0010584776540270013,-0.001354864347288709,-0.0017254225276499557,0.002740439556029539,-0.001872628624512429,0.00012513538399772095,6.185862821750376e-05,-0.0010282652072823861,0.00223163825797168,0.0024262305854787503,0.0027401737282390926,-0.0007453408845210507,0.0007867028834749323
2022-12-02 00:00:00+00:00,-0.00020080891587648253,-0.0012699231285436818,-0.001280802491957167,-0.0011007121589847735,-0.0005035088079609062,-0.0018324143826724537,-0.0014240524641474517,-0.0021767904709062424,-0.0008849040162643984,-0.001133693047299933,-0.0009091517688533113,-0.0013810110790277719,-0.004440940780537028,-0.006137299619803693
2022-12-03 00:00:00+00:00,0.006216701653434464,0.002856602193563207,0.002497576114767197,0.0027502964620265136,0.0037402665383747813,0.002519182561687483,0.003580443579681347,0.0030938570322474046,0.0019756666393211386,0.004854671385344123,0.005362125414350549,0.005634999597468937,0.003175936241750721,0.003730918763259039
2022-12-04 00:00:00+00:00,0.0030631662099616097,0.001979112254919757,0.002359944338436115,0.0024613856852724325,0.004821938804584036,0.00014434640942684318,-9.516635845141508e-06,0.0034634504677466538,0.003696807931446111,0.003158467012458477,0.0024687689663531742,0.004783748568148782,0.0033763625498433036,0.005487359619564147
2022-12-05 00:00:00+00:00,0.009724267940752318,0.009002846235460549,0.008939528327553736,0.008966368498347421,0.009140309623071552,0.008503731109282375,0.011669313089746725,0.008980274771239971,0.00960694265737061,0.00994502544270004,0.009002716432826796,0.009299123776727258,0.004858783035101233,0.008053700199665226
2022-12-06 00:00:00+00:00,0.0018542637367138237,0.0005473745725799173,0.00018715252920475933,5.926562511215927e-05,0.0019321763963557892,0.0002063437843580207,0.001063273474905646,0.0018295105854759797,-0.00019517203309449283,0.0015295424774566246,0.0014625385528783674,0.0012212315449837696,0.00047973822970526214,0.0007271264215074069
2022-12-07 00:00:00+00:00,6.386357820353794e-06,0.002024455297839012,0.0017765547161228135,0.0006015965554373448,0.0009876016915550956,0.0022067669874004103,0.0018822688024711098,0.002084935315072478,0.00023305413039431677,0.00208860281969514,0.002121432104621457,0.0036939640304569643,0.002063384400363688,0.0018427513888208402
2022-12-08 00:00:00+00:00,0.0011112566901203547,0.00019225037682413237,-5.199556771828817e-05,-0.0003487793316852006,0.0018484219283583236,8.476076320906856e-05,-0.00025767900028272894,-0.001600810707770406,0.001697216327913198,0.0015874995012030713,0.0012279549634288678,0.00043700668064539094,-0.000626730587881319,0.0001680147723526204
2022-12-09 00:00:00+00:00,-0.0027245873875880733,-0.0034799452825328148,-0.0037644473009187385,-0.003534692750418844,-0.0025584802492136793,-0.0029391728204892775,-0.0015344836706482345,-0.0031364682836192426,-0.003634165799186184,-0.0025520871010785706,-0.0024836479426756375,-0.0021644117805357244,-0.0012237653315764208,-0.0024827766839089493
2022-12-10 00:00:00+00:00,0.0031329236595378784,0.002379628303298631,0.0024670254055927376,0.0028794515000625243,0.00439515525436418,0.00297235998225287,0.0028796243605131444,0.004547993072504752,0.0026264449042732174,0.0037595893613064923,0.0032221589331067335,0.0031255032579917685,0.001358251769155494,0.0022548876366859094
2022-12-11 00:00:00+00:00,0.002316382389255134,0.004720859560010782,0.004095935429735853,0.00488669823965826,0.0025518027583446568,0.005083689208096542,0.004168320687816918,0.0028682661551771016,0.003188043745410596,0.002805249103495555,0.0034735332027855392,0.0023773317713531306,0.005008318072466933,0.002081835255658415
2022-12-12 00:00:00+00:00,7.765803532655546e-05,0.0011963183441081604,0.0011826079722319083,0.001542408062152445,-0.0008214637167871519,0.002340380296367517,0.0011280681424414851,0.0021849527821109493,0.0012906650699795463,0.0005332778362050483,0.0008797535968683157,0.0004056019333706917,0.0016763987017993642,0.0007070505374489056
2022-12-13 00:00:00+00:00,0.0028165588769855088,0.0009931979002419933,0.0009131170965355206,0.00038665079799682367,0.004260177672765986,0.0035036383453244113,0.003940838953761405,0.0011187507330214785,0.002995873967540641,0.0028672908608231573,0.004268668601213665,0.0009856294178980374,0.00014676069257046898,-0.00042619576981806073
2022-12-14 00:00:00+00:00,0.0020339511915172803,0.003984238731028933,0.0032773425567109715,0.0032181568722435827,0.001586022083391203,0.0032575098568727867,0.002630933198147112,0.0032993659197466663,0.0015298022156642332,0.003415744259268827,0.0037673109402323046,0.0036995226204969978,0.005228798765207543,0.0019997965182929622
2022-12-15 00:00:00+00:00,0.0021103431362123892,7.644279337526427e-06,-0.0004037844535910162,-0.00038107183516866705,0.0003615174916447028,-0.0004176921595739902,0.0004746693293447013,0.001236982426888078,0.0009498613864331595,0.00119209750537963,0.0018290698768250735,0.001911674315050238,-0.002112809069770294,-0.0019692794292656135
2022-12-16 00:00:00+00:00,0.00750389252405248,0.0052821369643147875,0.003475902598013114,0.0019671822550322293,0.005657118712078635,0.00763710593676592,0.006136664881501774,0.005662332519635882,0.010438632038441309,0.014039020893145793,0.015716281218008055,0.01147322920801419,0.0050801252227248295,0.006191161371098097
2022-12-17 00:00:00+00:00,-0.0018294039673082407,-0.003538819053753084,-0.0039059977368753884,-0.0028692858196308624,-0.0030539610061004474,-0.0037943266511027973,-0.00361588590955475,-0.004449058544590989,-0.004129011038492836,-0.003594491742435535,-0.0033407573777924915,-0.0029512390341175365,-0.0033135008340893224,-0.003873436351599757
2022-12-18 00:00:00+00:00,-0.0010976258223295288,-0.00155337059260785,-0.00202208023826822,-0.0016467800602035787,-0.0026737139786702224,-0.002344383390033955,-0.002105120825759421,-0.0005948531110178124,-0.001793930168039748,-0.0007766300307563423,-0.0004123526001988953,-0.0013282585298024507,-0.0005402922083074246,0.0005798675495276573
2022-12-19 00:00:00+00:00,0.004891570472673301,0.0053286520389741465,0.005321729880016557,0.004841080832399536,0.004590645096523405,0.007021113970204773,0.005934716114846417,0.002775239732781154,0.00530347481758886,0.0064807304150176215,0.005679891271239024,0.0064856453153716576,0.007274197323156928,0.00469338937078656
2022-12-20 00:00:00+00:00,-0.0017432756489379475,0.002957797998078382,0.0017417264484929085,0.001475358719273956,-0.0020406340916543364,0.0016661625906311262,-0.0021911008456182435,-0.0017870114381650648,-0.0007310401831548408,-0.0030802165620228417,-0.003472131880372986,-0.0023024579550919855,-0.0017704542187316763,-0.003834282317473625
2022-12-21 00:00:00+00:00,0.006408533516714998,0.009372521555142121,0.00794106831860053,0.009701047925223305,0.009160268215107958,0.010721066576456106,0.011333730044113643,0.010126875416238246,0.009485886520707032,0.005899690948508063,0.006457056781462578,0.003984349402291754,0.013025022382394003,0.008416181399869993
2022-12-22 00:00:00+00:00,-0.00016164377108551786,-0.0029334737371894404,-0.003999850077651468,-0.0026774674960554634,0.001752874947620331,-0.0030885911075013706,-0.0004058870991654473,-0.00020847506834464902,-0.0022428848231081933,0.00014978951296229503,-0.0005245719247596314,-0.0019842118886487237,-0.0049658429730496945,-0.0022872059077648776
2022-12-23 00:00:00+00:00,-0.003589918632947997,-0.0038065334258283734,-0.003603987490943261,-0.003458884524959571,-0.003211361446812666,-0.003174400463405447,-0.0040295044484726095,-0.004131513033281853,-0.0012844146241399734,-0.0032905219222219007,-0.0022717311751752067,-0.00321376339398749,0.0006428691412283527,0.0006170671995664456
2022-12-24 00:00:00+00:00,0.0006400295114636911,-0.0006619564910390618,-0.0010470746237860595,-0.00016500248525663785,0.00037836438366944947,-0.0001979236727898126,0.00016936317285543012,0.00010955552578262306,-0.0004541474722637995,0.001218110634454872,0.0010581569153824688,0.0017966302640182175,-1.3353574132013435e-05,0.0004570478991323679
2022-12-25 00:00:00+00:00,0.004390319262043141,0.004159986911809188,0.0037042950224239757,0.003522621589023389,0.004921888743383507,0.005223716172333637,0.004648034319274075,0.0037522812997845545,0.003261821547491328,0.004156399334681371,0.003790340687021665,0.0035580373730659254,0.004034167562765978,0.0044989229993301905
2022-12-26 00:00:00+00:00,-0.006809330578730122,-0.00536061479474681,-0.0053505521611588724,-0.005089774667276448,-0.006837670243802885,-0.0032370990970982394,-0.004294417461295885,-0.008053200782251357,-0.005549897915068436,-0.009408247847685458,-0.008672301008966099,-0.0072286425752396966,-0.004975725749602922,-0.006978764511482494
2022-12-27 00:00:00+00:00,-0.001174676887126469,-0.00161951178867914,-0.00197657446596311,-0.0017623797345015513,-0.0015037222241203185,-0.002081614553577582,-0.0016076337153673181,-0.002939288173174459,-0.001331405306237765,-0.0008749944638296592,-0.0005328864512166298,0.00040906723935374423,-0.0008599527062157497,-0.0013205094385557725
2022-12-28 00:00:00+00:00,0.004279696212224682,0.0016921753334964151,0.001885409836061891,0.0029249346626256667,0.0049407750363352765,0.0021554836019219703,0.0016655711824484776,0.0011868907655865346,0.003523033553772592,0.005556943584689833,0.006877595130629688,0.0037838651872461604,0.007095041838108385,0.009131304345399771
2022-12-29 00:00:00+00:00,-0.003530528741088501,-0.006784976881658578,-0.006781491826071462,-0.006871346949272383,-0.0024588529219544686,-0.0055833642768085,-0.004581971764576864,-0.004108075014781942,-0.005953430217882971,-0.0025441239192214304,-0.0020587497393985688,-0.0016762009991247995,-0.004585329305677344,-0.002733417098544244
2022-12-30 00:00:00+00:00,-0.0011898334450911596,0.0008335154175829196,0.0005721360180190871,0.0011547639493847406,-0.0014030910616469328,0.001264588770452102,-0.0013979690773777698,-0.0007167445457439969,-0.0020247389931074,-0.0010699649401894051,-0.0010576689908124992,-0.001746724172765668,0.0013699973454919245,0.0009703047753473193
2022-12-31 00:00:00+00:00,0.001740958656152758,0.002714882187405232,0.001901208191519288,0.002434435626753384,0.0007183064351679036,0.0016432220911806183,0.0021417282497779855,0.0014917388158566247,0.0022273961544183596,0.0006629158625934828,0.0005491699495232538,0.0004688252255125036,0.001609175800470597,0.0017180900546232003
2023-01-01 00:00:00+00:00,0.002969343889973164,0.00352517199744673,0.0028246054661624775,0.002762338203725845,0.0013555232537556527,0.002093822043954807,0.0021098778177963684,0.0033486562486275684,0.004155473715001579,0.0031294380864135274,0.0029881577173158647,0.00301553033863744,0.0008199384234421903,0.000544560811571726
2023-01-02 00:00:00+00:00,0.0006750692767485411,0.003905203747260666,0.0036270330322676347,0.0022288678373649784,0.0019116977735371687,0.005967976013085297,0.00464394111791,0.0011589809550249797,0.003553163924055802,-0.002447590888935647,-0.001470611395033461,-0.003681926408723335,0.0013288766827439513,-0.002365470984655893
2023-01-03 00:00:00+00:00,-0.005510711198630003,0.0008762175254573012,0.0005597852526155744,0.0001651574148751056,-0.006940252237591427,0.0009535014984145551,-0.0022096502327496603,-0.005423971194340127,8.72858890266226e-05,-0.0075634536523572216,-0.006250540105778746,-0.007024265262450258,0.00346058024184126,-0.006731870126414963
2023-01-04 00:00:00+00:00,0.0015160681683474841,0.003979792991431141,0.0036175448376738473,0.0032954015443256157,-0.00019281012530547592,0.0029651353757094157,0.0025220081357528734,0.0026834811299982775,0.0025089255210430927,-0.0006476613785667551,-0.0003291761617510991,0.0003091468169196254,0.0011516873453618626,0.0019319574675455975
2023-01-05 00:00:00+00:00,0.00364171680905212,0.003172854448064255,0.003023499569740462,0.0022264829317983903,0.003479540256102087,0.002254937901936538,0.002613207430967268,0.00209122978342946,0.002872195073346795,0.0028706200971453377,0.002861053306970396,0.0021635123111027887,-0.0013601731436960751,-5.2861365481660094e-05
2023-01-06 00:00:00+00:00,-0.0007254963405969317,-0.0022500699835603655,-0.0022767854223382233,-0.0032875210501300822,0.000774471005882571,-3.758371855988596e-05,0.0006376159761636302,-1.5610608792515634e-05,-0.0012424144854842334,-0.0010838219569836438,-0.0009571444374730786,0.002193767591172069,-0.001809275123034304,0.0009261648500460407
2023-01-07 00:00:00+00:00,0.0018411724742446456,0.0009753539529431254,0.0007745971592467704,0.0016665138092173404,0.0011695924840009475,0.0010188253171936612,0.0007850114408318731,0.0016518805513210388,0.0001618591146164139,0.001416403853132131,0.0012523940049011806,0.001798545030726073,-0.000371608516762989,-0.0011100779747064138
2023-01-08 00:00:00+00:00,0.007150168506945276,0.009739100108389298,0.00989288031440827,0.00978563235424268,0.005431294704925094,0.009036963563593403,0.010128167843519664,0.009352831025893238,0.011712648121500413,0.005520318780086075,0.0056542953968987675,0.005820739488085591,0.0060390346871241896,0.004292081439563056
2023-01-09 00:00:00+00:00,-0.014439560884425995,-0.00702323920374337,-0.006922029659859219,-0.007261007936576136,-0.014575304790294008,-0.009582828077519312,-0.01046441771721085,-0.009199090969196688,-0.0036745994753307754,-0.007076468252063206,-0.006418899863385286,-0.007425252393675863,-0.008160533598753905,-0.014898715166035581
2023-01-10 00:00:00+00:00,0.0020557427146377094,0.0011168505339942403,0.001037598974223064,0.0009023014206541724,3.284985098472859e-05,-0.0010781884743662484,-0.000916408586087547,0.0004098429965520012,0.0007834268285986656,0.0006324354483742134,0.000500856749404921,0.002072787209259186,-0.0010229590249145604,-0.0028593287746814244
2023-01-11 00:00:00+00:00,0.013290076082916213,0.004817113820405394,0.004477850024460217,0.006395053555499297,0.008850207857225456,0.002347335699122155,0.0063035795336297,0.00864131611756469,0.00623348474938501,0.009877335220417782,0.009135919670589576,0.0051669834781900015,0.00021498040030221155,0.004362622992166276
2023-01-12 00:00:00+00:00,0.0008979200963170619,7.515722967532668e-05,0.00021469484343739076,-0.0010675180400755435,0.0007798218551975378,-3.360498079474361e-05,0.0005536501999390264,-0.002039077928403632,-0.00032443545097027293,0.004154379356360094,0.002892832359413511,0.006098785783616556,-0.0010765414023297115,-0.004596609995562995
2023-01-13 00:00:00+00:00,0.004988475706985351,0.002906038177946657,0.0030982909078651755,-0.001350381590991212,0.0017131459534960314,0.0039408360586408175,0.0046177992514853106,0.004690410308612503,0.000843058967663568,0.005073727119140781,0.0015345867790759193,0.00790215154406071,-0.00020169004420811376,-0.00015306016043292736
2023-01-14 00:00:00+00:00,0.009624711289539567,0.007143905876355383,0.007007326528583269,0.004074718304853953,0.009158734283311931,0.0050489474378954124,0.007651498920043798,0.008207633122195412,0.009103990006605,0.009191904310215326,0.008941324062248235,0.01326863974249326,0.011857239265533615,0.00665744997237816
2023-01-15 00:00:00+00:00,0.004099673206218846,0.0041563344260404644,0.003947206717265006,0.004734681048380152,0.006485918881762309,0.004700556010758472,0.0036170367776735546,0.004746120214628391,0.002766794881325474,0.0032737901041119954,0.0037713370934515655,0.005963442628284632,-0.00211743846722634,-0.0024077629694051472
2023-01-16 00:00:00+00:00,0.005450404259378372,0.006389539912454056,0.006291791065614394,0.0073617313956513275,0.006386269817548529,0.0061284382552095895,0.007488231494131803,0.006259033427283178,0.006286359961468868,0.0057520377182966875,0.007460667710433855,0.007736993457600372,0.003256880707082077,0.0028438506923664786
2023-01-17 00:00:00+00:00,-0.003735725865840145,-0.001773381646475336,-0.0018412324649170753,-0.0011152982615807439,-0.002732328946119189,-0.0020168577019287204,-0.00249965801130414,-0.002059659326847485,-0.0023018916979806736,-0.0027966545858507663,-0.0036567760515433534,-0.0008152785360794335,0.0005057131399770487,-0.0009458149678582828
2023-01-18 00:00:00+00:00,0.00011815347399757314,-0.002361286028963794,-0.0023463460874681985,-0.0007097434159146765,0.0005981314855632025,-0.0027823271099194358,-0.0006823596586206238,-0.002980487079508709,0.0038866745458436824,0.0013774271521425074,0.002333347563309829,0.0026923435042625066,0.006056193313757285,0.0037865084220856104
2023-01-19 00:00:00+00:00,-0.0017755935771672782,-0.0025409546614075795,-0.002971242164538146,-0.0022737882327517056,-0.0016306038363439468,-0.0012653284161738831,-0.003274189641135572,-0.0018854335286283552,-0.0002601304225726686,-0.0020184142763589596,-0.0020394454064622813,-0.00363572252890898,0.0009088777488113209,0.0017617328077703664
2023-01-20 00:00:00+00:00,-0.004033779817580796,-0.002466865826814768,-0.003333215910341747,-0.002583314772330092,-0.002868679836771193,-0.0011724896777470795,-0.00397162154558639,-0.0036615764000309525,-0.006802668587606031,-0.004670077152858165,-0.0072961506956086275,-0.003679668271778791,-0.00241638798699384,0.0036430866145789054
2023-01-21 00:00:00+00:00,-0.0026451888611431773,-0.0029134593992607982,-0.0033317248133943878,-0.0033924708386714464,-0.0017489051143159129,-0.005108265838190573,-0.003928264117005642,-0.003848842789147544,-0.0031687119589197676,-0.0008021878162129958,-0.002100099932622279,-0.001901166273464705,-0.005903572448382688,-0.006291833085210197
2023-01-22 00:00:00+00:00,-0.0027013807919643584,-0.0012746773477839701,-0.001473634107299171,-0.0011838748597355897,-0.0016747028883811188,-2.5258012778195393e-05,-0.003367439101095382,-0.0007274274369365452,-0.0035776946394874276,-0.0055436716099394046,-0.004862980557741481,-0.0047571019191539055,-0.0019085772531934886,0.0006615468942856584
2023-01-23 00:00:00+00:00,-0.0032254273348921725,-0.0034420268961715683,-0.002974029650245291,-0.0032688773621420975,-0.00455156765962339,-0.003424158986471859,-0.005363912138005245,-0.0023595598865917555,-0.004869577880489917,-0.003524689508555001,-0.0042871569128105635,-0.003690797463001161,-0.007610897726285315,-0.007171155958690223
2023-01-24 00:00:00+00:00,0.009901930129868841,-0.000915045318276686,0.0027533533691328493,3.4686895462821e-05,0.006387833242417873,0.0010731115221445098,0.0026736860866889423,0.0017837550440809036,0.005364223210701624,0.007907246772167476,0.007775315044176834,0.002801195648001853,0.00089335029705917,0.008255598346139204
2023-01-25 00:00:00+00:00,0.00012792404770189947,-0.002759809250356904,-0.002602159120819958,0.0005741397159966244,-0.0014844803935446516,-0.0033117560984220473,-0.0029853642930037783,-0.0021541324665236283,-0.0012222604321184827,-0.001889766202441967,-0.0018689849369959433,0.004962810582161081,-0.009097846560741085,-0.010111873310752917
2023-01-26 00:00:00+00:00,-0.0003682359647630973,0.0006505433519181647,0.0016693932732410044,0.0018122887354756756,0.0004437363990503762,0.0021652337700865942,-0.0006216794812478055,3.531936829248572e-05,0.0001327784009927946,-0.0016493874881265969,-0.002041342974683502,0.0007870869779826872,-0.002906234422681675,-0.0014552154966226416
2023-01-27 00:00:00+00:00,0.00012436647576996585,0.0008342729442287755,0.0009626749294113779,0.0014387687730739174,0.0031903184774979554,-0.00016141484776088788,0.0012649676408504895,-0.001855208383131246,0.0012917354287702576,0.00028127733998073445,-7.915380445777664e-05,-0.0013671628807486735,-0.00011817444128647825,-0.0008822319212787866
2023-01-28 00:00:00+00:00,-0.0003968892730490392,-0.00024367184205953407,-0.00026117443437834176,-0.0008698129346187411,-0.0010617039962137476,-3.797334517352535e-05,0.00023089661486253021,-0.001880507572843415,-0.00139403588549325,0.0006443089558849646,0.0022672464220807598,0.0001148752881030557,-0.002298078133073145,-0.0020367638769310803
2023-01-29 00:00:00+00:00,-0.003913875563513858,-0.0017156750214313288,-0.00228763491273698,-0.0021461236688037344,-0.00284244750710938,-0.004024993727536397,-0.00400887627653268,-0.0035814915300792505,-0.0023370461232495865,-0.00394045311495872,-0.00445271104217515,-0.002807787375873505,-0.0033566994564910857,-0.004563692213366943
2023-01-30 00:00:00+00:00,0.003812929646785257,0.004507788127785295,0.0032768875883284476,0.005478197414372499,0.002380569116414488,0.0063965798517413575,0.004138557949876498,0.0028474633550759076,0.002708330201970366,0.003779462880517226,0.0063486987181105015,0.006106424902340368,0.0047544022090504345,0.004725304758297799
2023-01-31 00:00:00+00:00,-0.009664986486487614,-0.014416958666050195,-0.014282752495707318,-0.013928118050256733,-0.009992796392024439,-0.015939086055013818,-0.012401842915661376,-0.010292033105241405,-0.013687426627324029,-0.009805951011568226,-0.009175883431759901,-0.008209795122904096,-0.013111525397614843,-0.0066172408822051665
2023-02-01 00:00:00+00:00,-0.007343541628844763,-0.009378112167594765,-0.009332612045298672,-0.008781119110000124,-0.006500425832373535,-0.0065350499006671114,-0.008426876779264458,-0.005715078505958315,-0.01178513276176929,-0.007319243291053712,-0.003456250653503967,-0.0034179210305135266,-0.009852577455783607,-0.007940000376885692
2023-02-02 00:00:00+00:00,0.0001850444814317509,0.0002003041860443311,0.00047964555382828955,0.002761627210250639,0.0026041539743246744,0.0018782943323112367,0.001800042838363547,0.0024567953833991574,-0.0010408512920613289,-0.0004798777106543861,-0.0002563739407727139,-0.0012555143200876362,-6.036241229800954e-05,-0.00189344500540789
2023-02-03 00:00:00+00:00,-0.006816673853645705,-0.006902013619075831,-0.0071911158014619225,-0.006632607792013356,-0.006884078163969409,-0.008260851586183837,-0.007014617776054055,-0.007818709719326855,-0.00721841308001836,-0.006193708717473823,-0.006255932076108972,-0.006684217639362,-0.011735119331544697,-0.009385668690323201
2023-02-04 00:00:00+00:00,-0.0022722327021214017,-0.006025405665570638,-0.006629510924840654,-0.005928404932853626,-0.0013248106572568696,-0.0029416777976314368,-0.004034989751767193,-0.007016976470514358,-0.003992432066128426,-0.0063988975016116,-0.002610988875428877,-0.005367266995426223,-0.006465135553616941,-0.005712125598774986
2023-02-05 00:00:00+00:00,-0.00354372385688162,-0.0028874079367370298,-0.0028257576965169395,-0.0037799394635052996,-0.0032024057547160867,-0.001663701855841082,-0.0011984625759802192,-0.0011293014667989043,-0.00324901981037784,-0.0005857979264648483,0.0010735926957479158,-0.0011420496330101226,-0.0011811327431865415,-0.004157246708587303
2023-02-06 00:00:00+00:00,-0.007723042756528797,-0.005023333725821644,-0.005154994761417786,-0.006537210362710932,-0.007449226995182023,-0.004472437418777675,-0.005566164256470829,-0.007648442379789344,-0.005968521281680572,-0.004427055917538225,-0.005357859941316878,-0.004922691572477933,-0.007411268294265638,-0.007953555970065529
2023-02-07 00:00:00+00:00,0.002278167477989923,0.003257348313665309,0.0025700675034263654,0.0016010753452679882,0.00137574513315597,-0.0002298112290027854,0.0004125408193045299,0.004807380637275482,0.0008003711313313566,0.0018904076950456705,-0.0002709945342392883,0.001992611594924254,-0.00016825853022139903,0.0026906249133806792
2023-02-08 00:00:00+00:00,0.011135605332510679,0.008762979050246367,0.008534012494756826,0.00991675851376228,0.01271272492254516,0.011565306237042883,0.011192618424845646,0.011256219273425794,0.008911045062294676,0.009932825240807741,0.010677039259683996,0.007294395098883966,0.004643791531656172,0.0034985001463756493
2023-02-09 00:00:00+00:00,0.006647917055160324,0.009730713886248576,0.0080178292677473,0.011984740275038375,0.006470271582409426,0.005534452002358581,0.006728533749656984,0.007213668483876168,0.004906604439240736,0.006052185918362651,0.009524378105920661,0.002133668779081166,0.007806722658561416,0.005694940526621339
2023-02-10 00:00:00+00:00,-0.005729210122678241,-0.0053896670301947225,-0.005408480049884479,-0.005749124849590115,-0.005262103213366176,-0.004479286032697427,-0.004068152431377925,-0.003027942265957484,-0.006756604556639401,-0.005719770581482209,-0.006715124359210067,-0.004406090569431198,-0.006552974178200999,-0.0043702848930134985
2023-02-11 00:00:00+00:00,-0.00740095255021711,-0.009056912039914544,-0.009332358877122249,-0.009287667541029387,-0.010893104161571299,-0.009803464385788385,-0.010308228533594699,-0.009369279558994359,-0.007498393426217831,-0.008924721021199788,-0.008544719631695785,-0.0073204711591350335,-0.0043777953451458185,-0.0028605184737151568
2023-02-12 00:00:00+00:00,-0.0031378331772844437,-0.001143555383229411,-0.0014036741124567875,-0.0012896303271605625,-0.0006710839327381812,-0.0005184227902762517,-0.000814670782649296,-0.0010599866002148906,-0.002525169459279164,-0.0025517502234123635,-0.002891782453937841,-0.0020556307671467655,-0.0034158028561664944,-0.00689534546965298
2023-02-13 00:00:00+00:00,0.003072259993609716,0.004137050480550908,0.004234028908423282,0.004699013209702452,0.0038660622312833848,0.004661281790439453,0.0033676566461111612,0.00657886043456779,0.005709664481169385,0.006759906507661562,0.006376796889695058,0.004112037442297156,0.0034605075236546767,0.0013145839272332704
2023-02-14 00:00:00+00:00,-0.006274237960108842,-0.006907257838143388,-0.00694517294300423,-0.006780220601178111,-0.005310804806293312,-0.007575903222058034,-0.006560330926506319,-0.005684467533504489,-0.005815628643157544,-0.005132810545779187,-0.003872822006504073,-0.0033321369492765873,-0.008486392072847293,-0.0050252601778805195
2023-02-15 00:00:00+00:00,-0.0006525029129945681,-0.002458185432361981,-0.0022313036664930452,-0.0027697005374255346,-0.0008850480254181115,-0.000580647155876135,-0.006493760062263543,-0.0007403263084628797,-0.0038343756852249333,-0.00013444028049269807,0.0009696936922249932,0.003702743737805436,-0.006637734885411639,-0.00903498821647164
2023-02-16 00:00:00+00:00,0.013962957932967646,0.009773278959949838,0.009431662181099476,0.010578854335822951,0.014292367430412511,0.010515616395541105,0.013334552013833267,0.011616213345810866,0.007343042585673976,0.010445933847234246,0.010282709359019426,0.013876656983450086,0.009204556850964218,0.013995529276283447
2023-02-17 00:00:00+00:00,-0.006637745757312463,-0.006249474151547196,-0.006502066477789725,-0.0063828403564056835,-0.007874689185103478,-0.006697526208025106,-0.008299587742368497,-0.002986973841405338,-0.008009003360834988,-0.005382990593061798,-0.005845549671703809,-0.0055430345121257885,-0.007414393909127126,-0.005131941639970994
2023-02-18 00:00:00+00:00,-0.0011498104198558456,-0.0010150780823245942,-0.0011383577852187576,-0.0006460549499659463,-0.0017333366060675592,-0.0013923716333289482,-0.0013545668081098583,-0.002041152434843596,-0.00010392229206712678,-0.001181239474293938,-0.0009244490149856732,-0.00195977678194581,-0.0007920248261980012,0.0003870781498016562
2023-02-19 00:00:00+00:00,0.002894004451432952,0.0008667009792939773,0.0005923929940603312,-0.0017976787289135654,0.003947829967336336,0.0007131818666239464,0.001203683514158227,-0.00083532705629219,-0.0006986385095032466,-0.001250474672400026,0.00013725279624665632,0.0007925964436648059,-0.004117600186225756,-0.0020055550129132182
2023-02-20 00:00:00+00:00,0.0037039343217437626,-0.001050220427709636,-0.0018311742777915585,-0.0003135957863138472,0.004317964257795959,0.000825908281423704,0.0024522520122725044,0.001469092606178224,-0.0003513837376352136,0.0014368108731417362,-0.0010683930247814555,0.0002047571558503325,-0.001556038660115333,-0.001560864852845012
2023-02-21 00:00:00+00:00,1.4116815350018186e-05,0.0031008199814326343,0.0031497740519361717,0.002277122587130087,-0.0010443667456112582,0.002185095004592963,0.0009803022651091453,0.0012991676666949115,0.0008250394615159085,0.0009263263612462325,0.0006449455294710305,-0.0024178397765676207,0.00030405081924822497,-0.002041659593318035
2023-02-22 00:00:00+00:00,0.0028488049053334574,0.0030534900251668606,0.0032285505242490853,0.0019769020724387243,0.004926902101135999,0.004884621046753024,0.005865962991560947,0.004291345666627588,0.0033445333784705156,0.0021179817827603475,0.0013278360213118123,0.0031722733792416413,0.0034453377391336915,0.004594152565411402
2023-02-23 00:00:00+00:00,-0.0011217276248493002,-8.569077859277296e-05,-0.0001338115051664479,-0.00037714937642963076,-0.00271528240771024,-0.0022609217267944848,-0.0018864603469589403,-0.002054132355545857,-0.0005515353777719723,0.0005657405668635374,-0.00115082724605442,-0.001217549182569,-0.00296194462370325,-0.0036724210179718275
2023-02-24 00:00:00+00:00,0.0020371349330958743,0.006646330024594249,0.006917991714498362,0.006334175636245831,0.0032813878011732633,0.005094467668460556,0.006774614082943886,0.006610738680659978,0.006524696623936732,0.004663339814500178,0.002279297647337364,0.003921063051833151,0.005600094328909844,0.0014785303250475224
2023-02-25 00:00:00+00:00,0.002327052076712244,0.0009964470139032233,0.0010206083840860192,0.0014320792587554365,0.0038049444708565527,0.001507742531458911,0.002730099231390559,0.001308094389322223,-8.573234531383811e-05,0.0019873856112222477,0.0009937615452209059,1.266445357250845e-05,0.002744852065116099,0.0045811810387303975
2023-02-26 00:00:00+00:00,-0.0005956323036240274,-0.002576874762553971,-0.002876794729529508,-0.002822416729164612,-0.0020022493424775023,-0.004562158328437871,-0.002558166798722561,-0.003168719692447808,-0.0021927171173353743,-0.001845035546553797,-0.0008445901904943209,-0.0007335806127370947,-6.937889469260661e-05,-1.7341796853087565e-05
2023-02-27 00:00:00+00:00,-0.004518720814140842,-0.005267379682496354,-0.004319102979637668,-0.004821570999006264,-0.0038600233133826434,-0.005246458802267595,-0.0036397571236886916,-0.0025154060510241827,-0.007018963927164612,-0.002912073241680191,-0.003152827809591363,-0.0035407903619788517,-0.005960114397496885,0.00015278695984144441
2023-02-28 00:00:00+00:00,0.001703332006938174,0.003439949285301447,0.002649752046411713,0.0018821000182143166,0.0033772076751403812,0.0035092608809061954,0.0032478767621106908,0.002915754702471185,0.001425433289332645,0.003073637180445843,0.003747980852387922,0.0032580657070071517,-0.0014718992528267583,-0.0021983614652699712
2023-03-01 00:00:00+00:00,-0.009711850757663454,-0.00818400905828709,-0.008993010390942913,-0.007750721535716543,-0.008777130323489812,-0.010482585160077829,-0.006408292153398332,-0.005429229829874371,-0.00815012798550907,-0.004099000815164566,-0.00504514763738495,-0.006319978829859685,-0.009169909980940916,-0.009370395285820177
2023-03-02 00:00:00+00:00,0.002837964934728765,0.0024944064193057613,0.002996879681452569,0.003086123120906059,0.003999352815525992,0.004359768834772293,0.003311199063266823,0.0021723204501080673,0.0019191386033698965,0.002999085564337367,0.001266812018343444,0.0041813488128044085,0.0007307543324877042,0.0014442492030921628
2023-03-03 00:00:00+00:00,0.004851568209500945,0.005577884359022844,0.004648309960331831,0.003236948283650287,0.0038076802108815144,0.008395147669334913,0.006262843156804587,0.004758561914079973,0.008892638967042732,-0.0003971865585600254,-0.0017468172521053482,0.0007137866953874639,0.011070344835835355,0.008815303387723628
2023-03-04 00:00:00+00:00,0.004952987609116111,0.0069737260572029225,0.007554145938157175,0.006052951918549709,0.005841632176289968,0.008381600305139347,0.00695136547914732,0.005828106865310989,0.007290075760256753,0.0018314528199578906,0.0020844491073546134,0.0018898464179786245,0.00788208562791981,0.005205224840607814
2023-03-05 00:00:00+00:00,-0.005305077893376864,-0.003864742721348402,-0.003991576889904813,-0.00334360288080926,-0.005498309198064044,-0.0034405851049494895,-0.003605570979632877,-0.004943493602443505,-0.004045156403188366,-0.0035786765834716627,-0.003159341233236801,-0.0019999078043143603,-0.004187221709156419,-0.008316372145083073
2023-03-06 00:00:00+00:00,0.0017453015425503704,0.0015276967123845075,0.0013135089207712003,0.0019512009628035454,0.001419100548456953,0.0012010884970479196,0.0006860851266234924,0.0015810177567840977,0.00239331812726018,0.0012130192182990829,0.0015898978238415573,0.0011406112494849463,0.0014583715529921104,-0.0009748181532345246
2023-03-07 00:00:00+00:00,0.0038509299951772213,0.003376841002337594,0.0037644167701540443,0.003710717899852556,0.005287234680804831,0.003367591457785979,0.0049990295162407605,0.003897482766576088,0.003962325281838597,0.004472353469864521,0.003549978348496463,0.005033710589223084,0.002232311649966512,0.00312388730982871
2023-03-08 00:00:00+00:00,0.012608489245425902,0.01098887429077089,0.011500488098975747,0.010329658733751579,0.012946954485400175,0.012088286352049504,0.012278288852900499,0.012926226334290858,0.013164169678754112,0.01022625129653143,0.011284556628146092,0.008586135297333986,0.010485710505681922,0.01708198805701988
2023-03-09 00:00:00+00:00,0.00017487813615923997,0.004135053448102166,0.00380409949254501,0.0027485892568299697,0.001027205362736261,0.002664087558421402,0.0029831571435186,0.001069835237193839,0.003814163024392192,-1.8876340128870517e-05,0.0006466908103157643,0.003142576432535682,-0.002939945867671767,-0.00409342650173683
2023-03-10 00:00:00+00:00,0.00178671979543088,0.0009737170081320912,0.00021789989318632408,0.0014826497445592501,0.002255902696592038,0.00045162987717906056,-0.0003052771508896823,0.0007891830790667242,0.0008597821069407097,-0.0005639514386042155,-1.860365812678122e-05,-0.0021015170738023503,0.0008979027625086733,-0.0009293446144632567
2023-03-11 00:00:00+00:00,0.013354527139661343,0.013135876732549345,0.01325151506389144,0.013184491233988016,0.013862653872376729,0.009465511402837024,0.01209905321013971,0.013912921572845072,0.011774118184730176,0.008821421354306302,0.009021168261982515,0.007473987489666989,0.013739511287020889,0.01424901734309758
2023-03-12 00:00:00+00:00,-0.00899886996039101,-0.007696016271129813,-0.00945546900051586,-0.009693093340276682,-0.011606261125784889,-0.012030129875546858,-0.012114968615902666,-0.00848300084576925,-0.00859244427021344,-0.00263526086598298,-0.006358416845687276,-0.0022283609666950976,-0.01299542773621265,-0.023914140996061595
2023-03-13 00:00:00+00:00,-0.0030270839163734076,-0.004541787731805691,-0.004500223154019323,-0.003079282545392803,-0.0039167442457817,-0.004996458753452004,-0.003984552940911823,-0.004584900311761286,-0.004487245818112662,-0.0003917834202212811,-0.001455332686617239,-0.0008849631855119,-0.006632762498275713,-0.008697383450070761
2023-03-14 00:00:00+00:00,-0.013610769000446332,-0.011644864521363929,-0.012995930896921859,-0.013862362720389543,-0.012245234761983026,-0.01335337074651044,-0.015127640242406426,-0.012423324648335288,-0.011614204579078913,-0.008565571273421058,-0.012187135722547704,-0.009156543128266525,-0.01637926670497425,-0.015476968808809444
2023-03-15 00:00:00+00:00,0.009534348281540206,0.009752053873572475,0.009160271166084755,0.006960740704930357,0.009987104295199334,0.00973786046044367,0.008699668060586419,0.006496770119763795,0.010664741416134493,0.008599992940009349,0.010644147614313981,0.008046981268589048,0.009843481305230606,0.00916240101874366
2023-03-16 00:00:00+00:00,-0.00047553708896441726,-0.0005995260865847563,-0.0005234232628155144,-0.00020703160180524094,-0.0006025939041973682,0.00015643715288726767,-0.0003644592663809565,-0.0008823445721057865,-0.00020589263202230867,0.0024335753487561007,0.0010235691623294851,0.0023297512949451704,-0.0011755591705657764,-0.0012913851089632056
2023-03-17 00:00:00+00:00,-0.008003475777428215,-0.003600631189989323,-0.004171272359000278,-0.007384313988228253,-0.007584495248475043,-0.005023358104931597,-0.00687437632223642,-0.0062507631389440155,-0.004676717772423511,-0.005950731139944709,-0.0025261427967504524,-0.005924762018706176,-0.009024852049960619,-0.010671774241314158
2023-03-18 00:00:00+00:00,0.003058363340856962,0.003013572272192233,0.0028279637886632347,0.0023567237551038733,0.0021417218140882266,0.0030348226165153314,0.0023172189679392385,0.0023695217334462892,0.0017004339711843564,0.0005474852847167089,0.0007225459111834809,0.0016965617430535485,0.0033321444332061745,0.003938762385759409
2023-03-19 00:00:00+00:00,-9.824043882611377e-06,0.004122171590722923,0.003636570580383358,0.0036954808467082323,-0.0007288055372245417,0.0024086483589702556,0.0005387258743672074,0.003017316084630739,0.00259093184285053,0.001054434414965888,0.0010384373665750513,-0.004348682945237714,0.0016011737077430421,0.0004000304258735543
2023-03-20 00:00:00+00:00,0.0050761525752462955,0.009479482686736151,0.00951243233200616,0.0079558025813804,0.005586089226430557,0.00857032267387714,0.007695608386836694,0.007020887729086711,0.008683296551988517,0.003911144057166194,0.0017686526979443506,0.002003171950287097,0.010506562450163459,0.00877063997737193
2023-03-21 00:00:00+00:00,0.001533792337167883,-0.0034594382688915015,-0.004047581682180557,-0.004185280105977629,0.0009628403719730283,-0.00424877941138968,-0.0018416685290624235,0.0005461464972291719,-0.0030351466437693597,-0.0021816407095922585,-0.0007314406911526072,-0.004613922564183026,-0.004304082972046985,0.00020947614023247851
2023-03-22 00:00:00+00:00,-0.0014231092754800612,0.00040937845229360725,0.00018108907376435113,0.00010139192574110112,-0.002024109186701928,7.268063683474324e-05,-0.00118429765689676,-0.0018603640711788438,-0.0006340684778357586,0.0005795174304172868,-0.00016645951656701907,0.0010454557118850794,-0.0019946816482203644,-0.0041452689320296
2023-03-23 00:00:00+00:00,0.002549329713422255,-0.0008883436265518796,-0.0009117081398521965,-0.00040278503406232513,0.0016275106910161874,0.000903168552662148,0.0007767035871795169,0.001872276099543324,-0.00043186206679168837,0.0006966033832331853,0.0010564611353511832,-0.0007931735989540334,-0.0006227221117971471,0.004210413120450562
2023-03-24 00:00:00+00:00,0.004392574872072341,0.005715436048432165,0.005532769023362416,0.005447086183802741,0.0030309143064406463,0.004124611281280277,0.003389377688032491,0.004273203844801676,0.004230837079006733,0.004881954968776192,0.004382795427433583,0.004031630212166348,0.004981422772419197,0.002332861898205696
2023-03-25 00:00:00+00:00,0.00474651966185724,0.001594349542286544,0.0013347080659111832,0.002096643787145913,0.004717535478773627,0.001581463059742827,0.0037042596443574993,0.002843873804411867,0.004742692159264594,0.005440616756617889,0.0036865723093224556,0.002568260270019662,0.0023272027212577484,0.0041740129136016435
2023-03-26 00:00:00+00:00,0.00030057177740094865,0.0013724353818900248,0.0009972518786987017,0.0013816375133828274,0.0006294448959878185,0.0014204020635184555,0.0019975284739519594,0.0009110640309764051,0.000660725175656296,0.0012411897413084905,0.0009632291288439454,0.002035554504244308,0.0010700469126896373,-0.00015678372217386993
2023-03-27 00:00:00+00:00,0.00459830250112514,0.0023356212568870216,0.0023877948347106326,0.0022676662875880105,0.004338362080336777,0.003633612750018722,0.004062651165926523,0.0023030957641068106,0.0034095529120936607,0.0033416135752519782,0.002933055130263096,0.001906672850687352,0.003108193750043453,0.0032513221500998224
2023-03-28 00:00:00+00:00,0.0017328005804200242,-0.00023088606787347032,-8.24295712249512e-05,0.0009401655076399784,-1.3051964302790431e-05,-0.001477869401500742,-0.0008016226027471873,0.0009276622408584956,0.0016609270455942848,0.00016540831635891706,0.00088780511053832,0.000828508782279691,0.00025642705177775227,0.0010024709964056022
2023-03-29 00:00:00+00:00,-0.00554194646219941,-0.003947161192910831,-0.0035619556979498146,-0.005373027160001875,-0.006454092690409419,-0.001989443294101556,-0.004831939788162765,-0.004432384062968975,-0.005656556305111193,-0.007086889747354164,-0.005666382635328926,-0.00326530755406651,-0.007176805888732707,-0.004809436452862692
2023-03-30 00:00:00+00:00,0.009013297539380405,0.007757842985733454,0.006829286973171422,0.007782016494973121,0.007838848278188815,0.006109229283475459,0.007374514171951452,0.008617932274356033,0.008136190466637938,0.00880308089153603,0.009110302969223216,0.00781653462443277,0.003655426821892682,0.004048831573651768
2023-03-31 00:00:00+00:00,-0.0009551786582384647,0.001897640275455359,0.001343615219142169,0.0010122045111580213,-0.0018981346561893764,0.0009284961946445236,-0.0012465959945591187,-0.0003257831258897115,-7.691696922951241e-05,-0.0014045759126626312,-0.0015823217312160853,-0.00015098169852523213,0.002458151384724161,0.0008243562073759758
2023-04-01 00:00:00+00:00,-9.402157508020537e-05,-0.003264126549795132,-0.0028277237509618525,-0.0023867424302081997,0.0011702005242688607,-0.0021543139820155988,-0.0006778519420459483,-0.0011604600460645154,-0.0011846966187425423,0.0014298017333826962,-0.000412507001364415,0.0008791260165219583,-0.003418298358687344,-0.001954615765150991
2023-04-02 00:00:00+00:00,0.004635756839348915,0.0018216548813643207,0.0013179556421880623,0.002492642643815657,0.005908923169511082,0.0027991926255170885,0.0042754730187490875,0.002054858043227581,0.004314236834230156,0.004671471042603237,0.004796779124945916,0.0042047843160630816,0.002581989200987289,0.004328900575840455
2023-04-03 00:00:00+00:00,0.009326782349062812,0.0075360142361835525,0.006499251849733323,0.0070537042107896575,0.008877313797527986,0.007950385093370649,0.00877398676964991,0.006262451773906941,0.006901127745092772,0.007093612654986314,0.006755663474547147,0.008309379483421697,0.007629226515989407,0.007587406745683811
2023-04-04 00:00:00+00:00,-0.006980119678006602,-0.01011878224183671,-0.010545425182371782,-0.008434017341968802,-0.007367813958620739,-0.009011838494585533,-0.007986219461736166,-0.008359733198961772,-0.006246043174650939,-0.007557124372622015,-0.007175798050784166,-0.004778071462750666,-0.009522813719285206,-0.007144435132328875
2023-04-05 00:00:00+00:00,-0.00016719613932747457,-0.0019391619199239374,-0.002324852819246437,-0.0028088950317859407,-0.0013244109731207487,-0.0029026740808617557,-0.0019154685592737142,-0.001728909366304543,-0.0006806157627512466,0.0005600827570553246,0.0005138014041523586,0.0007134539089819203,-0.003799638930046312,-0.000578253621384639
2023-04-06 00:00:00+00:00,-0.0021485838376889,-0.0028019461591448636,-0.0029556470703459015,-0.004291584848982177,-0.0010620017316225194,-0.0019066790547259682,-0.001428350840305015,-0.0020343155455447848,-0.00259975017795111,-0.0035366685157811606,-0.002474062084461104,-0.0003436096490474494,-0.00675643398119985,-0.004187640306030027
2023-04-07 00:00:00+00:00,0.004479668753840649,0.005531170714920597,0.005488942771386451,0.004874546086765852,0.004937322947794698,0.004821643032231648,0.0046762263256698855,0.00482832370120212,0.004000228221350488,0.003701551272517145,0.004234439919421407,0.005144027787393313,0.003946861618067565,0.002257001645072032
2023-04-08 00:00:00+00:00,0.0034661802580424617,0.002574138170850171,0.0016164899302615332,0.0022732559935183527,0.004594532673922513,0.003016708471792251,0.003638068572885622,0.0037522910124903053,0.0017669431309546013,0.0030744876476869187,0.0025700330913440705,0.0037057735757584087,-0.0009965990556599635,0.00028577026239950953
2023-04-09 00:00:00+00:00,-0.0035700490902214055,-0.00544957930956691,-0.006389306290845331,-0.005406112237545169,-0.00353990676168614,-0.005828024221976813,-0.0039504455830584595,-0.005547143077650252,-0.0032410577016077635,-0.0038516537714143873,-0.002809699963067236,-0.006121004243933248,-0.004804815629130044,-0.003729041811434408
2023-04-10 00:00:00+00:00,-0.002101135282342903,-0.001776435118444275,-0.001480121318158667,-0.0011665406998218053,-7.992032405690352e-05,-0.0010148947849822898,-0.0009682592272266533,-0.0010981787122926745,-0.0029091780002439283,0.0011297637554787965,0.0004558401809391377,0.001255966444695833,-0.0018705962545290111,-0.00216391120174253
2023-04-11 00:00:00+00:00,0.006197864002714715,0.004702801114480515,0.004005381926585061,0.005386848254858911,0.0053707896480872375,0.004409446058189825,0.0044308087704130195,0.005493095977675333,0.005124413832596542,0.004335931569731333,0.0036986926980169255,0.003755183053288924,0.004734202655961139,0.005261814684413224
2023-04-12 00:00:00+00:00,0.002526692466196412,0.00023219035993160553,-0.0001009505033088276,0.0019440688987697463,0.0011978696445666959,0.0008226240925082173,0.0012131539330182406,0.0024329553940198867,0.0003543539506953852,0.0011454801553050231,0.0015465612384173433,0.0011915509637965283,0.002242380965392643,0.0036522057089936055
2023-04-13 00:00:00+00:00,-0.0052658815108491686,-0.004037941717354276,-0.003956975250882899,-0.004971120627929926,-0.004389632322419956,-0.004574269127085362,-0.00375188881202837,-0.004323853277480194,-0.0045635728516078,-0.0015386703555811954,-0.0017588947284147283,-0.0013972771789469984,-0.008363968866057392,-0.006096297399247441
2023-04-14 00:00:00+00:00,-0.01294207359782329,-0.005786225294211689,-0.0057204761901041845,-0.007580569837862372,-0.012952200692168625,-0.008975986581980622,-0.010442766214147525,-0.01116682857665463,-0.006651933751650296,-0.00779151730883898,-0.008024036241482513,-0.006645084075971974,-0.006853099943835983,-0.009993699979172543
2023-04-15 00:00:00+00:00,0.00015831122608589432,0.0019115607266499968,0.002036931783965912,0.0014018863810021376,1.2855721030158307e-05,0.001368831228932832,0.001177474296776948,0.0008616045990326171,0.0009472472107858732,0.0011227317084532284,0.0022547669427741557,0.001078020401389157,0.0012593932416840037,0.0010233295591446367
2023-04-16 00:00:00+00:00,-0.0031211927107331894,-0.0072159323323556235,-0.007033435327764126,-0.0060644477684016485,-0.0035555770733256553,-0.006339770940215095,-0.0046890395413409225,-0.005628527034497788,-0.004591003160029361,-0.0030883095479964373,-0.0033287128945289624,-0.0030284075374232833,-0.005715765274842299,-0.0008372925808074472
2023-04-17 00:00:00+00:00,-0.007718429499929291,-0.007232952841050744,-0.008054894474500807,-0.007072275916508053,-0.007998870638988964,-0.006791559715491502,-0.009784859854116701,-0.006580512796231064,-0.005462414992652986,-0.007119592228905569,-0.004948429575234892,-0.0060409869266288,-0.006556199930895068,-0.007090745559385492
2023-04-18 00:00:00+00:00,0.006186975874193257,0.0028795444971638773,0.003571553650190795,0.0019120862907409109,0.00636466373446698,0.0028554343436750784,0.005700788496160847,0.0038052299807889156,0.003328898583168538,0.006603425462673229,0.00745324364411748,0.00863631057601566,0.0014452579586932135,0.0026512399235263384
2023-04-19 00:00:00+00:00,0.004130505300924403,0.004167489895428256,0.003964488136575461,0.006478574854031693,0.003638895949808152,0.0016844125409534172,0.0029463515745991042,0.005564447736778444,0.00487181780631496,0.001648886067202815,0.0010115429808368326,0.003670625454864851,0.002177014513464748,0.005044383198123281
2023-04-20 00:00:00+00:00,0.0056314802408543585,0.005530365119065017,0.005757921602930205,0.00585325742332965,0.0050811085171231785,0.005872438610309727,0.004247519447292625,0.005046039354519527,0.006627684605678308,0.003823279187288753,0.003767508418157206,0.004339492762205355,0.006341437890063029,0.006837540026739752
2023-04-21 00:00:00+00:00,0.008438140217915446,0.010376017095723222,0.01040655929078671,0.009954700871426692,0.00576864339387817,0.007491779246681984,0.0073904784601832585,0.010252685496326075,0.008549352960463441,0.004420047160027751,0.00715924633012488,0.003993244772834137,0.005299036640116217,0.0036128463529061516
2023-04-22 00:00:00+00:00,-0.0035029815977202228,-0.003443044703002718,-0.0034679327823982087,-0.0029016759883613297,-0.002261461951976629,-0.00343307156195638,-0.0031901252777883915,-0.0036469309279899553,-0.0024818202353339425,-0.003676234951634716,-0.003115455974394221,-0.004199955783147358,0.0016895333017437064,0.0012803759644446355
2023-04-23 00:00:00+00:00,0.004535833778466225,0.006316908742711513,0.0061990721266798055,0.007220772721774793,0.003559434328440636,0.005568058787410068,0.004887565499688495,0.007062869729769217,0.004951054650992326,0.003959032787622885,0.004337724050805347,0.0020009698279870314,0.0016127559674024017,0.000490949196590762
2023-04-24 00:00:00+00:00,-0.0012373036882292743,-0.0015518003777186262,-0.0019717610762375326,-0.0015320529710441955,-0.0010411310112735661,-0.001508406558979991,-0.0010135199889699242,-0.00013176178055707144,-0.0024680705702474492,0.000661537928674738,0.0009550650293939089,-0.0007464046906607846,-0.001905437733185411,-0.0010702423322913601
2023-04-25 00:00:00+00:00,-0.003967664847946417,-0.00378385542381543,-0.003958916046982619,-0.004167445966724803,-0.0024021977869540523,-0.0016769800166495097,-0.0027730226694370197,-0.0051287230792144145,-0.004681074921798589,-0.0065623905051580556,-0.005289133778942023,-0.003311404521427419,-0.0010739670603125973,-0.002289722563079244
2023-04-26 00:00:00+00:00,0.002947809316431238,0.0055146965582455465,0.004376235994039135,0.004804334706814961,0.0026905080329582276,0.006538454233889768,0.004808708943408124,0.0008176846983747321,0.003567207099989922,0.007185039427607176,0.004556150573290729,0.005879440901255029,0.005961940535745391,0.004917328191730519
2023-04-27 00:00:00+00:00,0.0018624731089436075,-4.1600977313205334e-05,-0.00014047661203087092,0.0011874099854889408,0.0012606795265868165,-0.0008522987392057813,-0.0003489295978232887,0.0012772520311117308,0.0013758367163836382,0.001262862690177835,0.000833024892819445,0.00017120890644806153,0.004304564593175186,0.005413519697000213
2023-04-28 00:00:00+00:00,0.0002756580501090955,-0.00022593063895814947,-0.00040658094733980743,0.0009000158237268963,0.0008658909450562913,-1.3892117140645865e-05,0.0001498787785703115,0.00042676148676212833,0.0007331467940219216,-0.0023382039356726336,-0.002793126306091853,-0.0012631712828439223,0.0013403555918232168,0.0010801631891983465
2023-04-29 00:00:00+00:00,-0.005038949180002583,-0.004844696288135331,-0.005109228353397333,-0.004523993648331559,-0.004924551093069107,-0.004933846298428968,-0.006723801040599331,-0.002830468898589289,-0.007676963692223926,-0.0072563021056222254,-0.007320102123403394,-0.005560390811252813,-0.003321766544598481,-0.003555747361332351
2023-04-30 00:00:00+00:00,0.0031730859215171048,0.0005908911752690038,0.00048562393977702456,0.00046803363711411805,0.0027714993115957043,0.000212184756540168,0.000756661059789776,0.0006352863230989492,0.0030336872463831988,0.0018357661335621778,0.0025703944329791284,0.0007732886914806336,0.0013246122720182996,0.003038222795670009
2023-05-01 00:00:00+00:00,-5.035804438724423e-05,-0.001441395523168909,-0.0016040776913466281,-0.0005994585807216346,9.987825391788441e-05,-0.0001307249644678654,-0.00043417261394340656,-0.001682196948179171,-0.0006939331462759712,-0.0026375845280572907,-0.0019787021663264515,-0.0029235299504243306,6.232621387591841e-05,-0.00049320476690351
2023-05-02 00:00:00+00:00,-0.005718724873525649,-0.007631443826347728,-0.0076486050321905585,-0.00664350107027345,-0.005939102687612996,-0.006993578183666749,-0.006736240487477563,-0.006322611999355132,-0.006231028547314055,-0.006411969701669018,-0.005481676078463837,-0.005713218004216314,-0.007780425837714322,-0.006422617300170574
2023-05-03 00:00:00+00:00,0.006570404391133877,0.007156607526816128,0.006813104639320722,0.0069218473349090814,0.005015548642721024,0.006295828265153514,0.006509446485285064,0.0068342329108939115,0.0066591202848933495,0.006958338118328022,0.007096660894103213,0.008568265440029421,0.005076580648346152,0.004462211706588226
2023-05-04 00:00:00+00:00,0.0027447620272909035,0.0006997199045559732,0.000824966281288475,0.0011939097073676574,0.0039073573018741925,0.002937473284520653,0.002454514868759583,0.002617131608602108,-0.0006165068662340456,0.002414834792607623,0.0015050914907359658,0.002213111964140424,0.0010215756798175324,0.0025597495363345324
2023-05-05 00:00:00+00:00,-0.0020708828996678363,-0.002196608748528117,-0.001779603712702249,8.662008093396345e-05,-0.0007513505232030759,-0.0012442673478273436,-0.0001045578513105827,-0.0011265642647758645,-0.0029376396176581387,-0.004068737753654794,-0.002365283707136845,-0.0007761471428872069,0.00034862656872602926,-0.0008746140650310874
2023-05-06 00:00:00+00:00,0.009959956555865901,0.011021536126387677,0.011247103835556604,0.00780987349224449,0.008174319497971316,0.010773134715819088,0.010477020674708681,0.0069928228393520975,0.012045343534504038,0.004723459301546162,0.005894809746681329,0.005062386389418805,0.01313949481080634,0.012086136317648988
2023-05-07 00:00:00+00:00,0.0001293679802263359,0.0004934590203928835,0.00038538094184814575,0.0017428078832832927,0.0010788896506350731,0.0010132613363340592,-0.0006180543789576776,-0.0004169522776418244,0.0011348093623040345,-0.00046248779119018035,-0.0005889280673445629,-0.0016164264181512955,0.0014521795122153236,0.0016848010055898754
2023-05-08 00:00:00+00:00,0.019910197682693864,0.01697315720807291,0.01698321555456661,0.020536116939883886,0.019193141065358077,0.01984417957088569,0.01851668290273034,0.018015416805380546,0.02085236935495649,0.015366649781679564,0.012600458163951833,0.013622865728444733,0.022200871410056555,0.02215977933724722
2023-05-09 00:00:00+00:00,-0.0011368558582993682,-0.0027949850695513367,-0.003019672294887532,-0.002269053321347969,3.614260511830558e-05,-0.0024431957071402444,-0.00038933730527379584,-0.0018320438685209828,-0.0017932668784094163,-0.00025735665085779846,-0.0016353446391814686,-0.0005429322380680057,-0.002861166550906291,-0.0029275638837239493
2023-05-10 00:00:00+00:00,-0.003693958280259757,-0.00023319644957997543,-0.0006006938539774298,0.0005775770233942268,-0.0011943123976059233,0.00044401027347373834,-0.000751674027464011,-0.0009335304532160915,-0.0008330574430871485,-0.0009698248400437093,0.001249033131154098,-0.00202922710892095,-0.0030775355797713067,-0.0053682970033607225
2023-05-11 00:00:00+00:00,0.013545151058189875,0.013649990080944807,0.01332163381323781,0.013097042800041203,0.015466966431139983,0.013071759031736851,0.014402232459665987,0.01596030120547809,0.013912485739127067,0.01106771216482949,0.01193389713700399,0.01268002551401759,0.01041685599749309,0.011108711828696105
2023-05-12 00:00:00+00:00,-0.005806789244249377,-0.004192265922597249,-0.005188869029969623,-0.00435518028310844,-0.007260824298907953,-0.003770392621642582,-0.004720222194192325,-0.006995941234214209,-0.0051839373213499185,-0.004669311841125401,-0.0030649026256649448,-0.005172508953042443,-0.004856215772580774,-0.008306601051954576
2023-05-13 00:00:00+00:00,0.0023900478079439402,0.0024144437467972235,0.0027489170107131145,0.0017461703899928072,0.0025719891109128312,0.0026613680954858943,0.0031841316880478754,0.002876091734367092,0.0027822173157137087,0.002819881955709036,0.0026943382438122665,0.004231413044966326,0.0013507973136028806,0.0014147861036186704
2023-05-14 00:00:00+00:00,-0.0026939120497214697,-0.0022726520295136554,-0.002237811020013858,-0.0018673099287346284,-0.002210092894184612,-0.002389058817469647,-0.002442610102603493,-0.0023511511670442076,-0.0029695603079036292,0.0012641264829320598,0.0009441460542487512,-0.00037225529776208077,-0.004218964494916655,-0.00454999371858078
2023-05-15 00:00:00+00:00,-0.005247338012684399,-0.005724812240154087,-0.005814785425476421,-0.005178032284601675,-0.005158531529210975,-0.005247462620109444,-0.005296717382467064,-0.006284113688884485,-0.00584054992201799,-0.004161434314764012,-0.003828257747288566,-0.0055562447534918125,-0.006595131360534245,-0.0064381371567411305
2023-05-16 00:00:00+00:00,-0.0004158182844522518,0.0006461049412280762,0.0003590240500077613,0.000976269067245239,-0.00017292466161744624,0.00058186155522999,-0.00016000825975337474,0.0013297037962520797,-0.0002064233718088726,-0.0020725788887356877,-0.0020351574359411817,-0.001751705837308215,-0.002246016019918917,-0.0019325369154880034
2023-05-17 00:00:00+00:00,-0.004652473171489202,-0.002386447835149963,-0.002556091398906224,-0.0028159481245082496,-0.0063461638410166055,-0.00414768308807012,-0.004468738264889582,-0.004401168253837517,-0.001840729252284401,-0.00294837563704875,-0.0030895286315126835,-0.0038768305380862955,-0.001849245967505131,-0.004530944900530298
2023-05-18 00:00:00+00:00,-0.0014073718201739194,0.0017803013319623862,0.0016867309820860488,0.0017691556961709765,-0.0011998752063493434,0.0020406788840230394,-0.0005707110836802309,-0.0013953644680775312,0.002246698715271833,-0.0015011468185119892,-0.0028210138929271045,-0.0019745031671681845,0.0024231957659377468,-0.0009105328692692316
2023-05-19 00:00:00+00:00,0.0010927788586014842,-0.0015423041347546462,-0.0015447537437671688,-0.001306963259119387,0.0017085912649119628,-0.001301458368782149,0.0004372220486896783,0.0001217047686725703,-0.0007565392585950903,-0.0003706884320691106,-0.0002777789142180964,-0.00039505432623043735,-0.0019367283846655203,0.0003358151279380106
2023-05-20 00:00:00+00:00,0.001718351643393179,0.002476074303020548,0.0023202371146049394,0.002600631014658017,0.0005709522913870391,0.0028116273553715487,0.0025427861779154792,0.0010685558756393654,0.0013192352466273594,0.0013849347884136165,0.0011022261999511507,0.0012682992234460677,0.0028893476404623364,0.0006414357257631398
2023-05-21 00:00:00+00:00,0.0005731422887096382,0.001905757228928051,0.0017993460828877872,0.002341576100111098,0.001849768408261454,0.0027739785886296,0.0022466790278410365,0.0007183241789523453,0.001908303357894603,-0.0008807472441239028,-0.00018202314091253502,0.0008893253065096474,0.0025215448228854687,0.0019336505934173243
2023-05-22 00:00:00+00:00,0.001261366192373048,0.003574305358030383,0.003468405661839924,0.00310195132872626,0.0013014191726048452,0.0029428741335446595,0.002960593427189906,0.0037358247926566612,0.0018009469169186776,0.0015517697245059914,-0.0003316095305060385,0.0027349408620562787,0.0031253499441559196,0.00027123510785775906
2023-05-23 00:00:00+00:00,0.002079425189923434,0.00405401980482023,0.0036474713870062736,0.004330958231303139,0.0036460565457046012,0.007239274362424553,0.0070006887615106095,0.004640486356983109,0.001975405490176163,0.002390963258342982,0.0026441317843226564,0.0053799790291277905,0.006162447806500104,0.0026413838159418113
2023-05-24 00:00:00+00:00,0.009246627911953409,0.012038831180058773,0.011847324963392136,0.010567684990055781,0.007083492861580387,0.011716703491234437,0.011087585328389382,0.00963878127594664,0.010828819005492374,0.009962544002664053,0.010891880962677014,0.013242510392271312,0.012250317000293443,0.006064111922615911
2023-05-25 00:00:00+00:00,0.005389997967213844,0.003489878293839732,0.0029980179861490708,0.0038940033215779657,0.006003958767101025,0.0023374095450485743,0.0041131198592427864,0.004979433450058579,0.004158117555677965,0.006530590454938201,0.006185086467876744,0.004116871490685625,0.0021188674880301406,0.00424844746666353
2023-05-26 00:00:00+00:00,-0.004570032365952215,-0.0055517889944932675,-0.005776363093650372,-0.005215516614276994,-0.003151136770955132,-0.004768311297336458,-0.003922352325002487,-0.004014300647044888,-0.005718183808875232,-0.0038483724538950215,-0.0030690433691958896,-0.003025489435769413,-0.005023858659007452,-0.003695642453097614
2023-05-27 00:00:00+00:00,-0.004485713887853682,-0.006090027197647396,-0.006239287271540883,-0.005304290741861006,-0.0045205135314082545,-0.003844535787186576,-0.004303424402724576,-0.004598259610942845,-0.002717114012255717,-0.006566529859192816,-0.005894666837998108,-0.005273001814288136,-0.003937338645775612,-0.0038894967746266884
2023-05-28 00:00:00+00:00,-0.004788170731010788,-0.00020624363234544862,-0.0001066996506822182,1.3974579371245355e-05,-0.0034123307017077664,0.001000492215419424,-0.0017095917638180191,-0.004454359918935724,-0.0009377454837840027,-0.0006475788591279175,-4.0601016715546834e-05,0.0009657306391483989,-0.00011487670324772381,-0.003704301142101074
2023-05-29 00:00:00+00:00,0.00595731653897924,0.006533169905341696,0.00617854685108199,0.005488568643347236,0.0030940441790763273,0.005801907693267161,0.004355403588339302,0.00820371484821858,0.006180957410838461,0.0033515761882976225,0.0038845443746959862,0.003635924654688427,0.0046359094992558525,0.0035555056831559906
2023-05-30 00:00:00+00:00,0.00944478182735109,0.008159984841356493,0.007808812303279344,0.007001523190920178,0.006585976754985845,0.011128901367766897,0.0084487074515327,0.011830712956128586,0.008984975788728145,0.007684378437105233,0.00881876868292264,0.007502343319125249,0.00782675125160548,0.0052327157289902
2023-05-31 00:00:00+00:00,0.00017581672322064534,0.00043887948151488665,0.00012005777666179718,0.00018047599151582716,-0.00030857030384168205,-0.0002067517447140732,-0.0007369910733622254,0.0009658524730811191,-0.0005773316758223013,-0.0028740904606332496,-0.003932254798903356,-0.003877707324447033,0.0012724210990708862,0.000982281063047985
2023-06-01 00:00:00+00:00,-0.0027090534983824632,-0.003394471501739882,-0.0036572059864850015,-0.0025946636321728667,-0.0017173183481079546,-0.0014151941459276118,-0.0015573598577885983,-0.002624215040106681,-0.0024400506679801426,-0.0018137805417645092,-0.002345291031858099,-0.0018951999318141954,-0.0038268108904402354,-0.0031667568576990712
2023-06-02 00:00:00+00:00,0.0012480579364380073,-0.003153694711062971,-0.0037463650303719565,-0.004255513706562519,-0.0017433322137263563,-0.003092479241252555,-0.001221490618508625,-0.0003696032621857137,9.026238664655573e-05,-0.0003947935586109397,0.0012005271763315672,-0.0003073764084371433,-0.003907707428267293,0.0005807093245961958
2023-06-03 00:00:00+00:00,-0.003254663221278542,-0.00500161002963917,-0.0055536066599362055,-0.0034583123390455883,-0.003972186101226849,-0.006177864507953101,-0.004913223698589597,-0.0025790356284136617,-0.0038793230575897564,-0.0043585211092845855,-0.004715496717827894,-0.006398108736778263,-0.003350021882567278,-0.003635475827265977
2023-06-04 00:00:00+00:00,-0.004242062791486423,-0.004211645477375403,-0.004296881951556308,-0.0038029046349382645,-0.003650470141150386,-0.003967753656490269,-0.00370342733052742,-0.004374298503500018,-0.004266886907335121,-0.005083140737247804,-0.003523150512027673,-0.0056343161742457015,-0.0004688091372240244,0.00011132346209086208
2023-06-05 00:00:00+00:00,0.013202273985600366,0.018737171019224563,0.018270784689768282,0.01662329976421395,0.013909819728091355,0.014456755701082402,0.013199204525143227,0.01718981419635579,0.01133814832528679,0.01303524732024508,0.009667297681628995,0.011201567956754088,0.011852326861951257,0.012171995798019086
2023-06-06 00:00:00+00:00,0.0022201841562428104,0.0027975333447403106,0.001909832424890956,0.0025450124536392504,0.0035619664270198914,0.0018850486854156134,0.003129760529066994,0.0024137004777387006,0.004152531330077203,0.004357235444115037,0.003974164043042627,0.0058653742731265,0.0010801212698150486,-0.0028569789305773474
2023-06-07 00:00:00+00:00,0.004879026922033791,0.005883558502668862,0.005565331878951252,0.004437187576777912,0.006436154401438854,0.00508162560683223,0.005825234068393748,0.0037469292482390504,0.004140958957922658,0.007058478482880437,0.004459770865895996,0.0047997789781166755,0.0019513669297301917,0.003687104444173306
2023-06-08 00:00:00+00:00,0.004283466896348953,0.000853210154858175,0.0007704350421366968,0.0003613188712123794,0.0032087313482571655,0.001356307888294106,0.0017702622914561594,0.0031766067821383803,0.002886377708872123,0.0028460346468577313,0.0028644676722076046,0.0009148439043216161,0.0006052178292290655,0.0022968723245719858
2023-06-09 00:00:00+00:00,0.003098844808033796,0.001765887047010306,0.001742687610701843,0.001938999011806164,0.0036333550126543823,0.0008674054097554951,0.0025613372447910177,0.003014271499677923,0.0008736219145120128,0.005406742385612562,0.005283352054997081,0.00510480236840416,-0.00031275907305583495,0.0023684267360790656
2023-06-10 00:00:00+00:00,0.021996797511495858,0.023616417713785864,0.02490837424257686,0.025371621178502002,0.015571473094757593,0.017358527976007565,0.017864028747750282,0.024592528487842547,0.02230393848399914,0.02029560884320669,0.019689425274345362,0.019431503215327606,0.017241094353815267,0.020446290720958604
2023-06-11 00:00:00+00:00,0.002737222581956633,0.004000319580957701,0.0035554159505870597,0.003889612944600218,0.001787980154372093,0.0030388530225715638,0.0015648261317113832,0.0031275709997939938,0.002977510521823268,0.002177758548104425,0.0031001065870401856,0.002092232886219847,0.0015233025825827085,0.0006727186794037721
2023-06-12 00:00:00+00:00,-0.0001362593891378605,-0.0014120508391883835,-0.0016220204241409464,-0.0009918623009422811,-0.0014969387989973715,-0.0016705298085546438,-0.0025284916373981003,-0.00023940673726541295,-0.00012976565089650727,0.001226752699081013,0.0017241588461662793,0.001348619304263332,-0.000956015468224436,-0.0019064947788475228
2023-06-13 00:00:00+00:00,-0.006699666522326231,-0.005476449547578421,-0.005750320870205439,-0.005349444661228331,-0.007542813892298161,-0.006505630702808296,-0.00633290592426794,-0.006192002903648741,-0.005743734998479799,-0.0075167727496792125,-0.00618377785340396,-0.0074693841133228744,-0.004008251524597717,-0.0037959869560352244
2023-06-14 00:00:00+00:00,0.003225095027638014,0.0028846480772619643,0.002455427250714015,0.002103849610387565,0.0024409051963960593,0.003330546809320767,0.0017122449614030977,0.0009887790996474521,0.004020941484688345,0.0026941587956137436,0.0018744404253072666,0.0024759212796605645,0.0032828586274389338,0.003999638903017022
2023-06-15 00:00:00+00:00,-0.005514078363259456,-0.005569787289978589,-0.005386815909590781,-0.004948582447357519,-0.0060025409803027285,-0.006380263425437849,-0.0066584630010088075,-0.005940357377225758,-0.006127867813562782,-0.004485852881455865,-0.005209008868614862,-0.004158333267726966,-0.005092353051033727,-0.004527552011444502
2023-06-16 00:00:00+00:00,0.00292251096036944,0.0026226824262973736,0.0023509903051557313,0.002567217937700539,0.002326997416065124,0.002948773875202093,0.002668481551417967,0.0033880137140804845,0.0029257684522099314,0.0036451776718589013,0.0041345462025272894,0.003902332674098785,0.0005758514196996245,-0.0005349639617409085
2023-06-17 00:00:00+00:00,0.0027733033706531796,0.003867530505854422,0.0035664946755320504,0.0019923428453159087,0.0019066409893637726,0.0024252794875729844,0.0027282843260110212,0.003662359547309757,0.002517932955178992,0.0037649959861711935,0.0037147997869377836,0.0017378095104660929,3.718415808529052e-05,-0.0012664564566894354
2023-06-18 00:00:00+00:00,0.0012452595224601293,0.0009319324088683523,0.0006241521914955861,0.0009740213543683041,0.0024083138025976503,0.0017595615939991482,0.000911942554717049,0.0011839519293543876,-0.00039112176052424896,-0.0005133049039834914,-0.000520529633250888,0.0005209897323830148,0.0017428224288786875,0.0021310370323321948
2023-06-19 00:00:00+00:00,-0.00012836098233892645,-0.00012747956671133043,-0.00027900297973426635,-0.0006291063112220385,-0.0016748253022907944,-0.0013905493171795236,-0.000973587932183162,9.990704578877185e-05,-0.00010752859807405812,0.0005135744992599278,-0.00012583747331473827,0.0020149981625627866,-0.0005616412225186718,-0.0023197038009832305
2023-06-20 00:00:00+00:00,-0.0006240242219444081,-0.0007839935739818449,-0.0005969237409884087,-0.001423768137622905,-0.0006568656282666119,-0.0008456837683559204,-0.001533968862044488,-0.00035158429124593216,-0.0027785025137224695,0.0009974376666614937,0.0008937516152218716,0.002029801720095703,-0.003916882842895375,-0.00454451570740555
2023-06-21 00:00:00+00:00,-0.004428803320717933,-0.005177118136119985,-0.0036720592542892616,-0.004446629236937061,-0.0047596255144914945,-0.006215169494911854,-0.00537245391522212,-0.0018778183960254102,-0.005132084882937482,-0.0038840615362865094,-0.004675444720747546,-0.0037871601639513086,-0.0063512582147282615,-0.004179181792995812
2023-06-22 00:00:00+00:00,0.006275418762199392,0.0020223391566791538,0.0024039838841478645,0.002439292002716309,0.005921431226171725,0.0013236574821129388,0.0038819401518952468,0.004886227091342787,0.0033808356253839378,0.00702232965165428,0.005861522200650171,0.0071950903460424875,-0.0024035487403767375,0.0015505781767037874
2023-06-23 00:00:00+00:00,-9.711144837720731e-06,-0.0005762618789559859,-0.0005590247107786217,3.357543542037433e-05,-0.00041804512792109616,-0.001166713921919249,0.0004042136152371256,0.0007880968681517331,-0.0006659660922058164,0.0009361001417567127,-3.867272845792247e-05,-0.0009814014802891347,-0.00048341742782942454,0.0012697890896007369
2023-06-24 00:00:00+00:00,0.000328227717163454,-0.0017556024862168673,-0.002103538433518848,-0.002456749870180963,-0.003939325198776267,-0.003374387543620294,-0.004376610493529887,-0.0018918711910631547,-0.0035798448942420125,-0.0033832455701909847,-0.0017339548752539624,-0.004469580151599151,-0.0035767587977799664,-0.0025590775960580014
2023-06-25 00:00:00+00:00,0.0024826652504443825,-0.002452537447842573,-0.0025759853382441023,-0.0023959522444921832,0.0010899588893829026,-0.0037781311443048082,-0.0012265127472950166,0.0020381399634745723,-0.0011575849925494763,0.004100025726665457,0.0036341821083394343,0.001717968446199647,-0.00840715425916283,-0.0014595121128927468
2023-06-26 00:00:00+00:00,0.006607506096219851,0.0037128050507126975,0.0035886608300512712,0.005207487282532952,0.006177031762229168,0.00405112381331274,0.005029789335585733,0.0037632195796637458,0.0051598936385042204,0.006936752282681313,0.0072608838775978235,0.0061686872923796265,0.004246667353422051,0.0018186400009201353
2023-06-27 00:00:00+00:00,0.0014770404100186152,-0.00019610852026130665,-0.0003325254341973727,-0.0006712560016282065,0.00027462243872422576,-0.0012224145450021595,-0.0002652070170998666,0.0006328170656135779,-0.0011343808593268223,0.001580406569990922,0.001953320714067175,0.002251216161107905,-0.0033121303991067164,-0.0007742696984436304
2023-06-28 00:00:00+00:00,0.00038748642403785283,0.0023528324529582534,0.0020291734764794622,0.0010127389201481929,0.0011714662500008632,0.002190738210350318,0.0038133718860369203,0.0009506329983428596,0.002884342791292349,0.0005640830298760946,-0.001698510596355285,0.002504691574409579,0.0018450648942123227,0.0009237174528811121
2023-06-29 00:00:00+00:00,0.00419006103008579,0.003668635661488562,0.003478656304726657,0.003493651726217184,0.005381895129920045,0.002576780453233507,0.003557468370245287,0.0023830259299386647,0.005813790028961874,0.00522721639851409,0.007669360499054534,0.004848229673161342,0.008759307303807251,0.00986814435513228
2023-06-30 00:00:00+00:00,0.0003644462508336499,0.000567067663314047,0.0007423888297044545,0.0006077488734361758,0.004126469029713364,0.000949667895246531,0.003678425680398778,0.0014387257250285668,-0.0004748042046903711,-0.0001802480334759382,0.0019187827510571687,0.001766834832570563,0.003684934501388737,0.0055442137971613015
2023-07-01 00:00:00+00:00,0.0025107403956377006,0.0009590786786088934,0.0006752788000339294,-0.0005939059847668293,0.002582508882247314,-0.00014476970304766468,6.95913522050784e-05,0.0014655906664049478,0.0010940419865785866,0.0013589555248052498,0.0022769209048945083,-0.0005479065090648882,-0.0029027799685467093,-0.0008290763183997907
2023-07-02 00:00:00+00:00,0.0018651759547123614,0.0006114212579537703,0.0004557401192752941,0.00027246433479710674,-0.0007029595789360688,-0.00173481967053557,0.00011948287033680671,-0.0011791738676695251,0.001821616414931837,0.0004388461483142425,0.002125970311840808,0.0021437353197752973,0.0007581994580840856,0.0027202122422476105
2023-07-03 00:00:00+00:00,-0.002164135920603494,-0.0026451770423234766,-0.0026374027898647956,-0.0026096449766194185,-0.002002604281252207,-0.004077020380838348,-0.0032392304569153207,-0.00032779135030802653,-0.007038939516184617,-9.955055535715296e-05,0.0011211642091470964,-0.0018331403715533545,-0.006717209463911633,-0.0048143321093937486
2023-07-04 00:00:00+00:00,-0.0003178908922333301,6.551687488554059e-05,2.064165177451116e-05,0.00016721817264975236,-0.0007475817307041055,-0.0005096301416918081,-0.0006373834702642078,8.968601973813328e-05,0.00041204535331873515,3.1485979234080474e-05,0.0002559953333962639,0.0006550197472214858,-7.873686333481622e-05,0.0003035621578375558
2023-07-05 00:00:00+00:00,0.0007672678761350138,0.0011236415967681435,0.0009011420767905953,0.0010451992298643464,0.00023792789048471263,0.0022082375050209713,0.0010724034182951758,0.001216829595701352,0.0024430164004383137,0.0015927156206980708,0.0013095914515828255,-0.0007973451257713426,0.0012220033311935996,0.00047009183579183045
2023-07-06 00:00:00+00:00,-0.0008437049932835672,-4.844239478096757e-05,-0.00029765926947500354,0.0012458117154274806,-0.0010689037306265137,0.001448464635850577,0.0005020814282783448,-0.0008069000459245412,0.0010627921055790246,0.002923029938822319,0.0009322926878116977,0.005207481591640528,0.003517331053370265,0.0029848993870513763
2023-07-07 00:00:00+00:00,-0.004945322002404495,-0.006013176301377654,-0.00592475336386733,-0.0058534684608591014,-0.005173604118641872,-0.006209662270347027,-0.0066382828828268625,-0.005585878559821622,-0.005717629912574185,-0.0064365636696830375,-0.006211155312174754,-0.005093475227894495,-0.008000242455326378,-0.006424795064895461
2023-07-08 00:00:00+00:00,-0.003179847614482978,-0.001977953647202657,-0.002193848833390133,-0.002071080214747889,-0.0031658320442354837,-0.0018421835411983611,-0.0026622420784504497,-0.0029270769807904218,-0.002067062987835211,-0.002265309029609308,-0.0030944522721297885,-0.0034661562216784514,-0.0019228810065108348,-0.0035990090809739916
2023-07-09 00:00:00+00:00,0.002358460140369223,-0.0006218961888848629,-0.0008076432156171043,-3.8155243883286616e-05,0.0032101427403106175,0.001456068020748491,0.0018934859018493455,0.0013114009130588133,0.0022885178323353017,0.002250223497073156,0.0022670786968543855,0.0015206747069997917,-0.00011263423819729557,0.001418120144999424
2023-07-10 00:00:00+00:00,0.006271236108440048,0.005685245724508903,0.005555348148190253,0.00476016715256522,0.004310017816535616,0.0040406864596886916,0.004505708958798538,0.00502795333839412,0.005935846305247683,0.003829500436865363,0.003665596181967379,0.003682652287452015,0.0016868420879467827,0.0018418908996029604
2023-07-11 00:00:00+00:00,-0.00031600115603225287,-0.0014120141448022983,-0.001824232132486836,-0.0013300884519636957,0.001186123383609905,0.00079045532382227,0.0012203320830006525,-0.0017251163507450151,-0.0002600625894307873,-0.0017092224345929274,-0.0021102786492448455,-0.003851878274497955,-0.0003493921636494868,0.0015890928469390886
2023-07-12 00:00:00+00:00,-0.0034493059416468297,-0.006449029450158239,-0.006520453274895366,-0.006170339724524521,-0.0028775131775161666,-0.0038238309580067575,-0.004024965625801347,-0.004021192892232239,-0.004147528776819676,-0.005044357474703665,-0.004921920390541734,-0.004958553961165624,-0.0008878777965040108,1.4439784117969978e-05
2023-07-13 00:00:00+00:00,0.0215495252103981,0.02285658302163296,0.02931421890046093,0.030927301731738632,0.017994388675433903,0.024663409903764144,0.027361020317142826,0.0310244166012541,0.013875095041987029,0.0035589564382532135,0.0029653640906270873,0.0005399674694983592,0.022624592924738396,0.025719717298984035
2023-07-14 00:00:00+00:00,-0.009010684785951906,-0.008904649209851456,-0.00567424091879376,-0.005234717735321692,-0.009301892489452457,-0.007098456659873853,-0.005868311703327356,-0.007747405204741709,-0.006547847785409067,-0.007403824189780472,-0.0075152705894566685,-0.007094432886168178,-0.007912646178843796,-0.00889931837371638
2023-07-15 00:00:00+00:00,0.0024564615751716534,0.002230698089309646,0.0008144525213227283,0.002155732600197968,0.0026460534708230288,0.0022532729629245463,0.0013436866643328216,0.0013776825800124737,0.002994073191245006,0.0007990412633549493,0.0003716334482617434,0.001472424189107091,-0.0008579943979254434,-0.00019561514634180988
2023-07-16 00:00:00+00:00,0.0011673809739141117,0.0033495490980768317,0.0013045523763632882,0.0025928715809266922,3.9541164038148224e-05,0.002342681842694594,0.000442187179946929,0.002140938936353143,0.0028352249036533994,0.00012591959605678937,0.00016334387950611706,0.0009283781976130445,0.005268034757731188,0.0028613663497134567
2023-07-17 00:00:00+00:00,-0.003700380028297756,-0.0040402323904618065,-0.003942187608969583,-0.0031657308436600085,-0.0052334450792016485,-0.004775253764290444,-0.005434751238653002,-0.0009925412538434042,-0.0027621791300262988,-0.003246048292873449,-0.0024502654179527905,-0.0018445776877453746,-0.005911492570419452,-0.007358890444403077
2023-07-18 00:00:00+00:00,-0.002617097854245687,-0.002702143376966837,-0.0022629559436860847,-0.004040641399943534,-0.002056265189734896,-0.004485729405092176,-0.0023425007974162693,-0.0023583971218954503,-0.0021295931955818137,-0.0018673428856915697,-0.0006158265078004543,-0.0021488980390171886,-0.004011741020670145,-0.0006138725081173968
2023-07-19 00:00:00+00:00,-0.0015909220433923954,-0.00324654876372954,-0.0028883179522752878,-0.0016602379159064151,-0.0009341251073204937,-0.003147169770523761,-0.002146531778789096,-0.0023537353716602816,-0.0009202774352283782,-0.002812194875605356,-0.00341262997048708,-0.0023626272144269267,0.0043391815876301365,0.00470017552827473
2023-07-20 00:00:00+00:00,0.008611073689047899,0.009248548851357175,0.007195233360474784,0.008054082432156662,0.0071645035868608264,0.0070931785868537656,0.006630607420712309,0.008329284709275964,0.007847933794178141,0.006311561764758,0.006708005095334535,0.004004405973299541,0.008010904852069789,0.0061090243278634215
2023-07-21 00:00:00+00:00,-0.006208307458300033,-0.00688951813457872,-0.007415758189079802,-0.007207942666347944,-0.005776564180125732,-0.007171065228572582,-0.0060763167027311216,-0.005408296483865094,-0.0053790254337242605,-0.006139907635330233,-0.005887069246257592,-0.0032983127429079273,-0.008044821038896033,-0.005991201645953015
2023-07-22 00:00:00+00:00,-0.002297489638305561,0.0014149065844015762,0.0011088159616459148,0.002848480030957168,-0.0016528120600208807,0.00044112219898662097,-0.001727787440721884,-0.0009449666653670308,-0.0012995025899911195,-0.0008617081315611674,-0.0008738545433291112,0.0011604041258199693,-0.0003231028511216927,-0.0035765418389379633
2023-07-23 00:00:00+00:00,0.0012298680826838826,0.00011044807829541092,-0.0026361879938862076,-0.00026126289629868626,0.001372990068008173,-0.00040811559544784437,0.0007366393249430558,-0.0015938303105889062,0.0005501184348040145,0.001071204226983813,0.00010401912363389165,0.0018835676338564422,-0.002272776381072261,1.1533146987430243e-05
2023-07-24 00:00:00+00:00,0.005295865262788357,0.004426499915816118,0.003911891573235238,0.0052734562823102404,0.006423803588518462,0.0037340480206073945,0.005340935605484098,0.0043641402432150755,0.005414851077753191,0.005451884636602511,0.0021742576587799878,0.0011628860175458833,0.005692218804992377,0.005884929034938757
2023-07-25 00:00:00+00:00,-0.004310115691795735,-0.004122427133667617,-0.004388521409557478,-0.004643033259955298,-0.002809388739225982,-0.003492822798726758,-0.0024058323269807724,-0.0037491014289865454,-0.004036507272821344,-0.004104378871700676,-0.00437787032512138,-0.004892940951352287,-0.000463423785625916,8.77176425322368e-05
2023-07-26 00:00:00+00:00,0.0024511207480231167,0.003781271705330269,0.0029916058145398328,0.0027410923593269576,0.003776928468083751,0.003424444890484546,0.003663971745154093,0.0021388222903344634,0.003950544080715934,0.0012267244171462188,0.0026694211581734795,0.0033761727997514424,0.002325218899686954,0.002018979757393513
2023-07-27 00:00:00+00:00,-0.00045122182277401723,-0.0015144569238927374,-0.0021024696688506372,-0.0011384358262386263,0.0009024008558882191,-0.002267540189967665,-0.0005059761880307212,-0.0012792963789090006,-0.0004478786332646756,-0.0005724603693451069,-0.0012306497959673202,-0.0009138005661336601,-0.0009356179130898257,-0.0005127407089142721
2023-07-28 00:00:00+00:00,-0.0013255800636682302,-0.003106020696702849,-0.0030165053733177682,-0.0027427110814649547,-0.0018487338689118227,-0.0029550811011428424,-0.0029148036970301217,-0.004452751565756419,0.0010903059780256186,-0.0013249552347469606,-0.0007309633488756795,-0.0024943011078166766,-0.0004921545217765333,0.00033323832717790935
2023-07-29 00:00:00+00:00,-0.000649409998439654,-0.0011603021423282067,-0.0018939675314704196,-0.0011434485956225426,0.0012953400416693128,6.788353428932581e-05,0.00011586338722513467,-0.0015581911505790913,0.0005442722797490696,-0.001400819023822386,-0.00014383919977956072,-0.0006427459308671057,0.0008718792824082833,0.0018278812047043402
2023-07-30 00:00:00+00:00,-0.003485909886973615,-0.0023286800812143404,-0.0032199352171219386,-0.002693844671365353,-0.0030987399226006795,-0.0018680578731727904,-0.003086569404270545,-0.0037306796834045697,-0.0025271760704057566,-0.004777945479308543,-0.004543151494696307,-0.0040449828315411995,-0.0015595293285343148,-0.0018960970320002213
2023-07-31 00:00:00+00:00,-0.0004024395120685309,-0.0007958597196138228,-0.00018511381593711018,-0.0006250352897299027,-0.0004655974453957601,-0.001363058999796385,-0.0017323357207384982,0.00010039565098729497,-0.000465171284994903,0.00013308642376541613,0.0008500806298903374,-0.0005980084021136589,-0.0005721804783457296,-0.00039640328455026186
2023-08-01 00:00:00+00:00,-0.005451589849400196,-0.007563198119979075,-0.005804998156321628,-0.0068973923859857456,-0.004516213887902021,-0.006211110915103957,-0.005949038444673649,-0.004869114795266971,-0.0066985455139184635,-0.006142717920119778,-0.005836973319271022,-0.005547799147770038,-0.005910064734018117,-0.0062476090128593675
2023-08-02 00:00:00+00:00,0.0005479264824170826,-0.0005231370170388772,7.321054699693796e-05,-0.0008294190290435433,0.0006667868601146765,-0.0007602405076532204,0.0009345531506206317,0.0008691589644365116,-0.0014261067137654182,-0.00024083049055134698,-0.0005578909083199246,0.0005863068192959453,-0.0020663319436576844,0.0008251762929794015
2023-08-03 00:00:00+00:00,0.005727173401962826,0.0026142872989938226,0.002085485950710231,0.002834777280789069,0.005223947877687873,0.002547515114998289,0.0028376830988778856,0.0033170728412681427,0.004623927395625005,0.005594172900875272,0.005754228811711171,0.00535295504130473,0.0014583599739921294,0.002512690529751005
2023-08-04 00:00:00+00:00,0.0021263312092760778,0.0018549651423742652,0.0003855599927828912,0.001464111396837886,0.0015164300002450393,0.0017018746431267662,0.001046291085263329,7.483780631822867e-05,0.002522580593854906,-0.0002716847636163866,-9.696569704475966e-05,0.001105707407380807,0.0036857039613400477,0.0028540648735735363
2023-08-05 00:00:00+00:00,0.0003010781137346985,0.0004158254010886431,-0.0003779020596056393,0.0012564663766312378,-0.00028704236643639636,-0.00022468457628854743,-0.00011499758885713529,8.589509307199705e-05,0.0005637312136317352,-0.0009878319813371172,-0.0010665047768231295,-0.0009096996007875724,0.0019092628936061562,-0.00026277883763703436
2023-08-06 00:00:00+00:00,0.009774524050392142,0.01644387243201506,0.01574154808127326,0.015871128780873045,0.011734805894620726,0.015804760939087892,0.01676613595725507,0.015880927876515294,0.009368629099726133,0.012026662962178358,0.013274908637095573,0.01021541446739116,0.007151781681225877,0.0008446917379760777
2023-08-07 00:00:00+00:00,0.002637919139187206,0.003178792870391689,-0.00032561451314694345,0.0010398065864734019,0.0022168302021678965,0.0012826951894280292,0.0018749425861439573,0.0025103468832448073,0.003154996383219588,0.002557622727968445,0.0030630489925040916,0.003546787447487487,-0.001615366178089217,0.001301781258524759
2023-08-08 00:00:00+00:00,0.0037599456500043704,0.0013394391610193068,0.000498133265235845,0.001346773718116534,0.0026491218751307777,1.4445149677522195e-05,0.0007744273347511932,0.001895177810307791,0.0022353768677612074,0.003194011523190765,0.002497270721048883,0.001810005013814342,-0.003099092336871556,0.00025320908061754466
2023-08-09 00:00:00+00:00,0.0019726084840774316,0.00209073499743484,-0.0002659562499084389,0.00012443753607449537,0.002441848158171611,0.0024190016599956454,0.0017490053335631472,0.0023648642234714856,0.0026367389653774165,0.0005535004259293874,-0.0004036373642453128,0.00019666239039684008,-0.002394540889091412,-0.0016558507706564418
2023-08-10 00:00:00+00:00,0.002211717332567975,0.0006669377565742263,0.0003080552294176808,0.0011297820401228176,0.0012250019751454122,-0.0001609329467174847,0.0007882381444506148,0.001834426371726483,0.00040848799712511763,0.0007399963715446489,0.0008583022357888659,0.0003565105277891778,0.0014333501581580421,0.002511952282742369
2023-08-11 00:00:00+00:00,-0.000940098164519565,-0.0025250470522153456,-0.0018405655360596018,-0.001766441101121563,0.0003896308576054608,-0.0004917882788929573,-0.0007407497640798955,-0.004574413353590323,0.002473654692077165,-0.001493363295230865,-0.00113611539609082,-0.0005344482282235719,0.002433485802997515,0.0013422704022318932
2023-08-12 00:00:00+00:00,-0.007094971306094933,-0.000216806787880941,-0.0003873211014664424,-0.0002814557453691968,-0.0063447333560219255,-0.00012101810931164358,-0.0025508382024144183,-0.004738023253088475,-0.0018320325736970178,-0.007941105323852504,-0.0065091964574837125,-0.0032628598144694987,0.0029713855243242993,-0.0024994229054533523
2023-08-13 00:00:00+00:00,-0.008724510770393379,-0.0038703694268928945,-0.004428463872819366,-0.002280256116460544,-0.009943315677820252,-0.0052332796269001225,-0.007007525229862921,-0.003868237921053952,-0.009279424490905241,-0.009713688811006316,-0.009481091974500755,-0.011575408804943232,0.012428170164960894,0.007663812529850045
2023-08-14 00:00:00+00:00,-0.003936855574241727,0.0006963068969576547,-0.0007329228983472547,0.001102510154187275,-0.0038405909113335968,0.0016517354799649997,-0.000348061100645225,0.00022300098297378668,-0.0024462099382228653,-0.0045725337079617345,-0.0034581459760838484,-0.0027375407899854487,0.002278456379658955,0.0009301179836245232
2023-08-15 00:00:00+00:00,0.011172325623757917,0.015924324657844435,0.014208179818023359,0.01364145658409166,0.011953972267872759,0.017470857916772164,0.013943573862559289,0.010957126542978868,0.015185108948561066,0.012606692625425575,0.012535880632737362,0.0103014534659569,0.010716828395596734,0.010127976816766582
2023-08-16 00:00:00+00:00,0.008479784840852655,0.013804665093682056,0.011840432444911286,0.013002429995232712,0.009479039194331795,0.012567548570632914,0.009314738439579306,0.01063643959612226,0.013457255835626736,0.009987706077574376,0.010109658702899926,0.010942389922192985,0.010954957639285112,0.008527792414708468
2023-08-17 00:00:00+00:00,0.004071572198241613,0.003396392159727757,0.002635765621373798,0.003917166262484395,0.006263666483532715,0.004800700734050034,0.004915982970503885,0.008813350443949819,0.0020823048449010173,0.003061824821793513,0.005752493531634872,0.006579996916393993,0.010690344216458092,0.008492343851537187
2023-08-18 00:00:00+00:00,-0.0077002287799695646,-0.004157617729241281,-0.00431294216393352,-0.004109954392701232,-0.00888982332858923,-0.0068303918055135915,-0.005888233383114616,-0.007439379217416442,-0.0022900762338733394,-0.004664818800107828,-0.005080309350930068,-0.004851732359448913,-0.001167778661698038,-0.0023240369523798154
2023-08-19 00:00:00+00:00,0.0060966860552245095,0.00862152894088064,0.008166283300057753,0.009344505553174232,0.005367780301108516,0.00767184905935725,0.006073791675337725,0.005490816866807302,0.010001241249393944,0.004758396942162069,0.002790616072744223,0.005030265801588385,0.007447842823878226,0.005764143826864521
2023-08-20 00:00:00+00:00,0.0028973104325835664,0.003974781571056907,0.003418817188695966,0.0035494625317860073,0.0033471498346508977,0.0042684180126764115,0.004429528629049884,0.002644564097949109,0.002407936486758633,0.002042746996659739,0.0020601254433643135,0.0008391582805984399,0.0013742488786017137,0.0020142204780302375
2023-08-21 00:00:00+00:00,-0.0012541944654826942,0.0006727633345890993,0.00020449861934923597,0.001112646881392898,0.0015789007169904057,0.0022195482659648214,0.002906152854020405,-0.0012937523531006967,0.003589559429326261,0.001791159012354493,0.001574841335967525,0.004160278497245651,0.0009974752158929956,-0.000837912871713753
2023-08-22 00:00:00+00:00,-0.0023344892905137193,-0.0022887467313458254,-0.0032996587434613867,-0.003933767993200776,-0.0031974215081287394,-0.004216889160512327,-0.003942722876230098,-0.0031966312349648307,-0.003319301664040597,-0.002401304102096824,-0.002554759846531973,-0.001640040062127479,-0.0040601611841381,-0.0041384449086698805
2023-08-23 00:00:00+00:00,-0.0032752000201814457,0.0011051458937791914,0.00040273141509516996,0.0017173173587925472,0.0004153227532681658,0.0013775112147393909,0.0005773914860121021,-0.002620654913522813,0.0014678661242342184,-0.002465312260967578,-0.0026194353349999755,-0.00011143937418434113,-0.002773170136589065,-0.0060837558828162885
2023-08-24 00:00:00+00:00,0.0020823679038675103,0.002274430464621835,0.0017708986949360739,0.0014316743040256874,0.0013756408303657874,0.002095491236539182,0.0012744790819039231,0.0008774689491302112,0.003127431833030103,0.002031280840631089,0.0018725187790900044,0.0033874110304508154,0.001505650952237092,0.0001446534210824968
2023-08-25 00:00:00+00:00,0.005146881073257337,0.004467689743835379,0.0033749852501880895,0.003849921609690554,0.004120413177497673,0.004274794275910043,0.004645844966795432,0.0056856553397584,0.0038476296827147927,0.0035141606855326746,0.0027593248425565875,-0.0006550679442718366,0.004504104973841461,0.007504934104820338
2023-08-26 00:00:00+00:00,-0.0018938010536343475,0.0013859266578561957,0.00023670658002039602,0.0018005439223494069,-0.001982583850883235,0.0010842376879045545,-0.0007250996747092397,-0.0005617261442160126,0.0002800889303349319,-0.001187659871742075,-0.001417083491860538,-0.0017436764911566982,0.002996170354815142,-0.0019380923970262476
2023-08-27 00:00:00+00:00,-0.008999367799712332,-0.004706665823273282,-0.005247043077997726,-0.004635758263588308,-0.008330440717246756,-0.0034063541080743276,-0.005012400450295829,-0.005872357037195686,-0.006024206118021014,-0.007492348554338335,-0.007734603349668245,-0.0065405175145194505,-0.0015261510390588429,-0.009207755118927574
2023-08-28 00:00:00+00:00,0.006465109229209398,0.0031955538598058553,0.0020940601688599347,0.0019379514924688923,0.007334165937303183,0.004632707585204399,0.005863887120256761,0.0034355149664224705,0.005749798534570472,0.0039948712059265645,0.004167376490823438,0.0034130671612426777,-0.0003308625879417937,0.003396098250321611
2023-08-29 00:00:00+00:00,-0.004035347963816771,-0.006592744961271935,-0.007698618485244002,-0.0056402548569542965,-0.007024424019641984,-0.007607178803164416,-0.006410776388366846,-0.002133349095651771,-0.005516063814578587,0.009511970159800098,0.009207896311507424,0.007036028676259853,-0.01474435289853493,-0.011592543215704465
2023-08-30 00:00:00+00:00,0.00016194546272974009,0.00124666934395945,0.0008227883843885397,0.0024300721102488154,0.0017128296777031427,0.002357774765822551,0.002099730248913856,-0.0009444218527224768,0.001176053956108536,0.003016479339031708,0.0021880146199413364,0.005677970489326167,0.0002463701547681385,-0.0020842904924002204
2023-08-31 00:00:00+00:00,0.0040491515053939775,0.008318713840646863,0.007856398425414302,0.004989985629809013,0.0035278272548557865,0.00737253081158995,0.00501900755274276,0.004965983817689201,0.00800411194281092,-0.000178341495267742,0.001373456469902612,0.0007434823950449587,0.008516073726808626,0.0028768041925995025
2023-09-01 00:00:00+00:00,-0.00939437646288932,-0.004347787145537962,-0.0054214130780031455,-0.0051530722908026405,-0.006784298491919527,-0.00462719760168695,-0.004887152635188685,-0.009314833844276782,-0.005211037244988059,-0.0014174778902324991,-0.0017325379454083967,0.0012569790109082657,-0.005328823087432766,-0.01121269957494142
2023-09-02 00:00:00+00:00,-0.002330608149478053,-0.003949040110844626,-0.004350797735760525,-0.005374071902484845,-0.0009437968654103512,-0.001890281757801815,-0.0011707072772387805,3.526822970356669e-05,-0.005127244765357197,-0.004422633529757247,-0.005973898940186073,-0.007205597859726187,-0.0039740849320496485,0.0026108118131076274
2023-09-03 00:00:00+00:00,0.004405234282851556,0.0036973486993185922,0.003592171424594337,0.0033993619397498787,0.0040899442061450575,0.00484479317389952,0.0039483462032900984,0.0017631099911570303,0.008395562863637629,0.0032858793941612507,0.0031251485136030155,0.007460750077400435,0.006763340252656569,0.008286155920726568
2023-09-04 00:00:00+00:00,-0.0021923899380461576,-0.0038356065564548736,-0.004331006377999769,-0.002870166061356705,0.0006663911169528802,-0.0022693911823316038,-0.000904303336882295,-0.0015985569211349748,-0.00334119347071804,-0.004584910316077662,-0.004190463094882357,-0.004588450477420514,-0.0023676820369118445,0.0003076283922873735
2023-09-05 00:00:00+00:00,-0.020237734180849842,-0.016880399660923473,-0.01705394870542354,-0.01922774126539384,-0.021547910678011428,-0.01662156044307006,-0.020235706598687342,-0.015417309351781983,-0.021681815548434735,-0.021435707301033613,-0.019818493013375238,-0.02308453474762584,-0.00780752499675641,-0.009764475142823636
2023-09-06 00:00:00+00:00,-0.004145870367721516,-0.0049166844085269945,-0.004954960742278747,-0.004521048525930937,-0.004504674806927511,-0.005041287914458459,-0.003677898239701105,-0.0066199994794389205,-0.003967260105443571,-0.0019355567969485676,-0.002284115200499537,-0.003011536908251067,-0.0052398575253439494,-0.004730259864022424
2023-09-07 00:00:00+00:00,0.008841887691920736,0.008576517026298802,0.008150873581746598,0.011756475157295165,0.006787035075464409,0.01106345494538652,0.008715528259998218,0.00936802636920886,0.004981633273856811,0.006186929410361586,0.008166694240034467,0.007352847571551857,0.013529032043785305,0.009156264243498358
2023-09-08 00:00:00+00:00,-0.0043426507170453155,-0.0074066074240711766,-0.008809046364208428,-0.008185113132688326,-0.0049003230155927335,-0.0065303952484326855,-0.007346606281167456,-0.004154628614042144,-0.007024329456537748,-0.008077826392166698,-0.0059360789596033525,-0.006250590510360476,-0.0034009064084818963,-0.0002850843930910507
2023-09-09 00:00:00+00:00,0.004238451469599447,-0.0016088495010750936,-0.0024113721351346484,-0.0013808906789739561,0.004038196034643837,-0.0011596819545743875,0.0003509114476334396,0.0037116769286089646,0.0017050832050258258,0.002580523882385055,0.003139209979810653,0.0010449100146783241,0.0006795081182642271,0.002551798202737654
2023-09-10 00:00:00+00:00,0.0037132422471606308,0.005370955058617177,0.003637745312512264,0.006072957808039847,0.006030349206569641,0.0046257850388340405,0.004364634628110986,0.004377250341358829,0.006900820129530638,0.002843129092066965,0.003732663796815139,0.0028538638040882525,0.009010209415994286,0.0031106000079295093
2023-09-11 00:00:00+00:00,-0.0007471207023790338,0.0011975563153741042,4.888842433814489e-05,5.232149898248828e-05,-0.0014520050006309182,0.00015055549505493815,-0.0002487943413870264,-0.0006899455557066725,0.0017120036017832518,-0.001215306715320219,0.00023672970765376,-0.0004899630609780381,0.004863736048778877,0.0017712247400651915
2023-09-12 00:00:00+00:00,0.005674793510974885,0.006335659193935195,0.005250753333398528,0.007025533499415815,0.005720469960660113,0.006989047983814833,0.004159011865238593,0.005141828219538791,0.0030402838443142066,0.0036151602409670858,0.004435871964646232,0.00436456330689361,0.0034332712534324017,0.00395248444655083
2023-09-13 00:00:00+00:00,-0.0012017951222468293,-0.0020038860971077765,-0.003697147401777068,-0.0018309498769022436,0.0004216702005115369,-0.0012298104250563213,-0.0020617038510184482,-0.003211616411191165,-0.0004690213612044136,-0.0026625044563541866,-0.001181086431948919,-5.301410703317799e-06,-0.0014278927929226581,0.00014006101306796026
2023-09-14 00:00:00+00:00,-0.0007766531965777146,-0.002755008107054313,-0.004439474612535577,-0.0009502450402085749,-0.0002206464085402482,-0.0011726064846957485,-0.003038039764279188,-0.005915272855722464,5.254193867210155e-05,-0.001976453449358373,-0.0002295509789812522,0.0010445385970152543,-0.003996482689647474,-0.0032176051577906817
2023-09-15 00:00:00+00:00,-0.005695947102408616,-0.0057597734335237405,-0.007122655375098819,-0.005287834679366443,-0.0029655458758279796,-0.006787300695397569,-0.0055266152573466565,-0.009254104064319257,-0.00298554581267807,-0.0016118679920124057,-0.0021547510551153115,0.0019611323107107115,-0.0014942865156930552,-0.002734190504310341
2023-09-16 00:00:00+00:00,0.003900296467736819,0.0020495806297555763,-0.0006775223787668372,0.001131041238229047,0.002979182167910599,0.0016935469451622165,0.004124253876431894,0.001269615585527628,0.0032618121020626667,0.004090916216200613,0.004269502224341082,0.0018351624312844539,-0.002610280774825502,-0.0022002908870498716
2023-09-17 00:00:00+00:00,0.005173653650569543,0.0037189644233295294,0.002622423166926735,0.004157292058108997,0.008511270337723476,0.0036312214065092885,0.0048647926984612955,0.0048281331965411844,0.0017078447393736873,0.002501544985762383,0.0019865548979318692,0.0006076494585822712,0.0070313018851444475,0.01304566647954486
2023-09-18 00:00:00+00:00,-0.0028207448689504533,0.0017566755813256396,0.0011950317960420787,0.0020808467242419137,-0.003924981785117021,0.0003053830251524836,-0.00047128398081530687,-0.001340637982588544,0.0003740544340580243,-0.0015017942811307305,-0.0014625196523349038,-0.00020635666833135335,0.0038775825757630944,-0.00022671236642113346
2023-09-19 00:00:00+00:00,0.0016554486192510431,0.0038446204997166777,0.0030274562353675982,0.004840967908752436,-0.0005025936182297963,0.0035809882913377944,0.0044843786187613865,0.0008236606252567391,0.006047949061879665,0.00034288246944425005,0.0002764899788123554,-0.0003236414760452444,0.011562198421159575,0.007932129676247124
2023-09-20 00:00:00+00:00,1.7327828233160147e-05,-0.002126703188348844,-0.0027796646981378403,-0.002596685009381372,0.0011914537189152696,-0.0020156645597783074,-0.00022820237094467455,-0.0014482199391707695,-0.0007566464076278479,0.002351644787756735,0.0012004568733234855,0.002277490206393562,-0.004850800499057617,-0.004047276882551021
2023-09-21 00:00:00+00:00,0.004930382225941221,0.0010293004542043516,0.0005868509177091585,0.002114675561159629,0.004942602621518688,0.002531572858978093,0.005225707498071497,0.004535738349749963,0.0004797339350006702,0.0022833808793407684,0.0033205438925454356,0.004948363389237764,-0.0038633119748342493,-0.0011440092119711087
2023-09-22 00:00:00+00:00,-0.0003954857519018473,-0.0014963458507735172,-0.001745814447108418,-0.0009634061292035367,-0.0032617993600638773,-0.0045821507641173875,-0.0037830392499491605,-0.0023667232347445166,-0.0009141108536774301,-0.0010880740857909244,-0.0014102291390615251,-0.0006171384999148488,0.00019367888034005354,0.00356447087309375
2023-09-23 00:00:00+00:00,0.0013170094971362012,-0.0038463924465163,-0.004044296048911988,-0.0024553070214757833,0.0010153845715212828,-0.00375616465512274,-0.001008127696969341,-0.003894023923053047,-0.00041878212757562316,-7.110743951233012e-05,0.0005384152086733707,0.0003155207294660567,-2.173636185864858e-05,-0.001052472102410773
2023-09-24 00:00:00+00:00,0.0021408558947093592,0.0019200432009278678,0.001477495818543506,0.0023316326786357866,0.003340517516327024,0.0026421002883656453,0.003858926164697518,0.0006028774345390175,0.0022721815965915937,0.003324597217511993,0.0029863464580621724,0.003897928671675821,0.0014088320636467255,0.0014716477321534693
2023-09-25 00:00:00+00:00,0.0027967926999350468,0.002051455458231599,0.0018409208607470529,0.002058011029115514,0.003114884510128757,0.00407703394558756,0.002894212087307668,0.0012610479054717683,0.0032791032058554492,0.0028579236882477765,0.0032718579896575672,0.004512697679571076,0.0011699811560967888,-0.0011818050208687314
2023-09-26 00:00:00+00:00,-0.0007124152220613356,0.001508847115197609,0.0006245637947426275,0.0021267769147459425,-0.0023048555523761394,0.0009018684129638022,-0.0013173684935211538,0.0007265115334169625,-0.0005930976538778276,-0.0012680309245201027,-0.0021295581055013058,0.0001417451607284015,0.005881729231610455,0.005678388746416685
2023-09-27 00:00:00+00:00,0.0077457871221060515,0.010602232155476177,0.008550550491001507,0.010057236789888568,0.009917401120627112,0.010361675273139026,0.008146011432030864,0.008882678549294587,0.00768802392549417,0.006597840756796147,0.006243770556051187,0.0070053615649725565,0.010316009815305671,0.012516982541003863
2023-09-28 00:00:00+00:00,-0.0049583053171293745,-0.006176979611197453,-0.007624787847561931,-0.00752544863058513,-0.006864424577706307,-0.007041596772228709,-0.005803228661274362,-0.0066428266185847296,-0.005859086458428031,-0.00688189087726554,-0.005535877213950435,-0.005732093531972349,-0.0074665092363740415,-0.005960256666871722
2023-09-29 00:00:00+00:00,0.004360149096770627,0.0023981516524449464,0.002040757036406493,0.0026035374845965187,0.001958511451840561,0.0003781180712880694,0.0008109671389178175,0.004218464724257576,0.002733996314898679,0.0017278354466399026,0.0020630006660684597,-0.0002967219581685443,0.002823047906593823,0.006301470708139245
2023-09-30 00:00:00+00:00,-0.0011059254001590801,-0.0001201753217556778,-0.0005400161201017939,-0.0011073228707670912,-0.00023521801105652607,0.0005879429040496209,0.0002807528672814641,-0.00023343207883941286,-0.0006464522906192149,-0.0008180944613721541,-0.0022679569808249367,-3.062414366672428e-05,-0.002325154557266673,-0.0027267878643180143
2023-10-01 00:00:00+00:00,-0.009363020926897891,-0.010023480251080463,-0.010462573452896362,-0.009541758085862106,-0.008620553272140952,-0.007350676754024343,-0.008771871988540125,-0.00718314239050577,-0.010716763267239804,-0.01040087494893771,-0.010879192119297998,-0.007147044965876148,-0.016428981315889657,-0.012759957029883195
2023-10-02 00:00:00+00:00,-0.007405599256774531,-0.0016986815754178597,-0.001974941664833252,-0.00312749447143279,-0.007222359826180358,-0.002828004960447106,-0.005939114397311762,-0.004115796568744945,-0.005373406078046594,-0.005079161419616063,-0.006206070236148387,-0.006681413145234072,0.0010389284763387963,-0.0005071579006351579
2023-10-03 00:00:00+00:00,0.005685892225566924,0.009673945035023612,0.009500104369642548,0.008864830222931497,0.005824849447039648,0.007705267094910928,0.007861750344776874,0.0065068031370876245,0.00574843575862527,0.0029349493786701153,0.0024498491035362946,-0.0008281504311432597,0.005521490466014134,0.007668483731856579
2023-10-04 00:00:00+00:00,0.0008557530596033924,0.004880112526182145,0.00473743294994855,0.00454712031191451,0.0019595248042811875,0.005155935857334093,0.0023622009973245373,0.0019398143375950472,0.0037490835954814283,0.001421215717516855,0.0008754807920274832,-0.001298826041436607,0.006098459067726658,0.0025836564113137506
2023-10-05 00:00:00+00:00,-0.0012263646025489905,-0.0008769518524425202,-0.0010510411680134668,-0.0006884551548165252,-0.001869539154137012,-0.003029215662316287,-0.0020152473557083495,-0.000830267468982071,-0.001858159350779709,-0.00018912474283694358,-0.00029707800118217165,-0.001203503303598863,-0.002006965621847545,-0.000593170795858744
2023-10-06 00:00:00+00:00,-0.002611999466068271,-0.004147270280544291,-0.004320884875860687,-0.0034379669736565033,-0.0014928776247969955,-0.0023171613981941563,-0.0038050715384866374,-0.0042075083531016855,-0.0027352660032716747,-2.310680533512688e-05,-0.001375915184732679,0.0022638842895661426,-0.0020040040870561437,-0.002219944268330054
2023-10-07 00:00:00+00:00,0.0031285545580459484,0.0009613595896471594,0.0009374775264165969,0.000756727068278007,0.00334638009058974,3.7844404533915466e-05,0.002449267722862025,0.002100616088795748,0.0010360791909951317,0.002030242447572661,0.002289475875599578,0.0023457020187229727,-0.0023320063479352893,-0.0003214320284220529
2023-10-08 00:00:00+00:00,0.0036837153042079684,0.004798958455860092,0.004501388044226395,0.0034631118613410727,0.004314805704257463,0.005432083209183425,0.003748923728054354,0.003909509220664686,0.0050406469820036826,0.0015596057636908522,0.0017189536900319435,0.0023530200589665373,0.0023483870114779926,0.0012333006527063262
2023-10-09 00:00:00+00:00,-0.004605177873163169,-0.003383454617531423,-0.003802103794439904,-0.002514770879992745,-0.0016113320958928146,-0.0029368610374468362,-0.0011919087646182769,-0.0030864582633567395,-0.002819206497772231,-0.0018003340288027525,-0.004717988538641471,-0.0011398406616975887,-0.001464120194662022,-0.000883260859325885
2023-10-10 00:00:00+00:00,-0.002097584001222619,-0.002690955235786552,-0.002944949914600592,-0.0016551793160681783,-0.0019983589951142466,-0.0029611907995348297,-0.0027422979801799974,-0.0008404665836534431,-0.002375698644937807,-0.0032033231574501997,-0.002502717021747869,-0.004823196205872349,-0.00435568311940393,-0.003839943309792093
2023-10-11 00:00:00+00:00,0.003200275309461542,0.001383897658153943,0.00097248316816545,0.0017741601574927657,0.0014778702038011904,0.0022389754328480116,0.001049256063559545,0.002737563915190533,0.0031513452287297294,0.0035994319025451915,0.004223007639753362,0.0029252190528183952,0.001348583034712636,0.0033622627122591453
2023-10-12 00:00:00+00:00,-0.001512336989129559,-0.0029596380052746563,-0.003022841043489488,-0.0027847246997594333,-0.00024028214256710534,-0.0038000007165672756,-0.0015481965731509728,-0.00188916829937269,-0.0036307419453270873,-0.0030155187190542554,-0.001121907915364262,-0.002072261567969247,-0.0028939915960437546,-0.0022183224706830984
2023-10-13 00:00:00+00:00,-0.0022804550044824845,-0.0011613137102451931,-0.0013226870932885326,-0.0015028576069694433,-0.0005280872356010491,-0.0013148869658365925,-0.0011663984547650719,-0.001284946735048309,-0.0028148865529654676,-0.001271270514486389,-0.0022788115656195984,-0.003224888279141247,-0.002530982923942049,-0.0026003896059418885
2023-10-14 00:00:00+00:00,0.0021853389671133705,-1.9827206484634985e-05,-0.00016221057630871893,-0.0002632920011044204,0.0010550376678752915,-0.0003950083324110176,0.001309335645580223,0.0010277326000651676,-0.0005317573031647926,0.0007395501826390483,0.0008173168892646743,0.0007424742214126034,0.0005926310750345998,0.0033502896018857697
2023-10-15 00:00:00+00:00,-0.003506273686884498,-0.0025061096181443476,-0.0026497689626330256,-0.003581349516789234,-0.0026385338553382987,-0.001965240168384841,-0.0030051110189442953,-0.004581086793652767,-0.0013133650908633276,-0.0009102168671416555,-0.0011844219942256373,-0.0005356797829643156,0.0006745966514949409,-0.0004290181484327693
2023-10-16 00:00:00+00:00,0.0007412754710003355,-0.0019030579710156426,-0.002027921268134447,-0.00016491186114475642,-0.0006341167554158034,-0.0013510575694359872,-0.0023268517830868918,-0.001296096524567969,0.0014653095564685081,-0.0011616500840303523,-0.000839064550045121,-0.0011919205382560083,0.004507485693485247,0.005134190849760634
2023-10-17 00:00:00+00:00,0.0015993890210423967,0.006610733750945785,0.006488360095209034,0.005182706265542958,0.0019641719826533066,0.004751248121126261,0.004119293074099639,0.0030250641069826667,0.006598755279932478,0.0021588652031199196,0.0014429956246970743,0.00459833955450728,0.00587388495812613,0.0061815751391176565
2023-10-18 00:00:00+00:00,0.007883736891104665,0.009909746600060165,0.009660119232903996,0.010143100896931712,0.007636308371250067,0.009816871618075096,0.009837089764387352,0.009645388074011496,0.007444419338086039,0.0076115823648092995,0.006620492879386708,0.0029633986774613152,0.009119619923822597,0.006992263450114278
2023-10-19 00:00:00+00:00,0.013409739450035874,0.005961931340560556,0.005658704464611031,0.0072478711182115685,0.013766420582139283,0.004428749585738245,0.008636338328621207,0.011322137595851878,0.005945165311944001,0.008599935343251985,0.007090400084629023,0.004002695379253796,0.004934689024512329,0.011268501065150982
2023-10-20 00:00:00+00:00,-0.00032021649674740527,0.0005564169546139475,0.00024139334909367705,0.0008770894075540436,-0.0028122048389428445,-0.0019181962454490886,-0.003021649684626704,-0.0011288487079442744,-0.0015425268176376683,-0.000312731279361933,-0.001033907387484101,0.0002071183612981642,-0.002344085528451667,-0.0022782657943657414
2023-10-21 00:00:00+00:00,0.0017733517864091386,0.0007764501048526107,0.0002893289214007666,0.002276568307747029,-0.0023399366257572662,-0.0007295428906303192,-0.00101534306585227,0.00038095010923511197,-0.002309600689867075,-0.0017327438309924226,-0.002143443376122822,-0.002767440996007453,-0.0005441917502390092,-0.0030204643317598423
2023-10-22 00:00:00+00:00,-0.0034918073445968645,-0.0031673298893174495,-0.003441790666393607,-0.0022294920501542137,-0.0033757583376903266,-0.0020216214244785924,-0.002929186993066213,-0.004419770565879277,-0.0007488395764909672,-0.004217901740064756,-0.004823613931941084,-0.002050772537263823,-0.001918439312022957,-0.0030091180648311733
2023-10-23 00:00:00+00:00,0.01981650809669744,0.020096259646272818,0.019218365825229622,0.01561424430342151,0.018400116968817493,0.01862737855718355,0.01941990444998898,0.019916049739362895,0.01570341231438288,0.014707256241113242,0.014153812316765935,0.015372266000764023,0.0168331135406532,0.01921160320092352
2023-10-24 00:00:00+00:00,-0.017496159405847034,-0.016929854482036544,-0.016689428144987528,-0.016464750530644334,-0.014182258817858395,-0.011940149072264594,-0.013912298105873466,-0.018177310023509086,-0.01579595222426,-0.0188646548779553,-0.017792732733815098,-0.018847204353490854,-0.015173568214545963,-0.01869660274068896
2023-10-25 00:00:00+00:00,0.004738440939760613,0.0051598634168761315,0.0037831176273022127,0.004724981373381842,0.00432905962620711,0.0009523433060196762,0.00364156225124046,0.0018087862302786917,0.003908499942506527,0.003383030825318434,0.0066866707404658055,0.0020059656092052958,0.0044101859948271205,0.003655479824876906
2023-10-26 00:00:00+00:00,0.006462350067960587,0.007080313144393502,0.005470922282513557,0.004101626217673626,0.005621290938118362,0.005006852671229245,0.005678789733228662,0.005409839260430704,0.004261646552426113,0.010290486164830304,0.009003333482633824,0.013349559984558779,0.003754025795608351,0.0018461398838320875
2023-10-27 00:00:00+00:00,-0.00039678749263016844,0.0009381010944065071,0.0005371916459813164,0.00020231683975913128,-0.0005982700233944094,0.0013737389611556683,0.00033640427621128843,-0.0005402550172439735,4.7957161591005715e-05,0.0010201664513358466,0.0007361452389094136,0.0028879223470494875,-3.39777753546322e-05,-0.004856108493456857
2023-10-28 00:00:00+00:00,-0.004036814285069856,-0.00360171182511948,-0.0037029518422138086,-0.0028294073449091073,-0.0035693006574445407,-0.004836769909787431,-0.004496243936181643,-0.00403972769924843,-0.002992391131347416,-0.0007234419601640507,-0.0006422676543069716,0.000543318630963352,-0.009943888718931926,-0.011811228673538343
2023-10-29 00:00:00+00:00,-0.0029607152663866376,-0.004289405539801949,-0.0046824417507630445,-0.006488831997204847,-0.001968530540129021,-0.004589777437193687,-0.004139240142967515,-0.003437026886535466,-0.005880153829643464,-0.005600580270242461,-0.003910197575611507,-0.008623676946678649,-0.005405366617203922,-0.005030807958246952
2023-10-30 00:00:00+00:00,-0.003997314102427207,-0.004859126973882022,-0.005463630907953654,-0.0056529326253631496,-0.004418620188886613,-0.005472390807268246,-0.006527098245064367,-0.009457794688727428,-0.0027354955710898743,-5.86569436875628e-05,-0.001340810583101204,-0.0004931060834018064,-0.007317466014352347,-0.008178514866318931
2023-10-31 00:00:00+00:00,0.01501877244134886,0.01334937034246586,0.012740313563352146,0.01201363669583988,0.012803413936423036,0.012203925554379769,0.012205913932552326,0.014329134365275165,0.010510924604913985,0.013594678670002525,0.011251899118098763,0.01354376425598991,0.016198145186055335,0.019632766839434712
2023-11-01 00:00:00+00:00,0.0023142433467111534,0.002842889416817318,0.002609448834662631,0.0020848386104808103,0.00010736691850254942,0.003895303882087031,0.0034318252003191496,0.002685148081109423,0.0030923496835109088,-0.006743126364829988,-0.005348397860186926,-0.004283698891444421,0.008445166035359053,0.005168300285567806
2023-11-02 00:00:00+00:00,0.01016678252378056,0.008983508154138065,0.008589824305279103,0.009062997062931899,0.009186493819304253,0.008149659779365326,0.007666213397647059,0.008931404426562484,0.009017060390451803,0.007640114269965137,0.006849499749360222,0.0037053591492972604,0.010277245904355414,0.006312435300625863
2023-11-03 00:00:00+00:00,-0.011752440604176684,-0.009188137498073567,-0.009212217066658979,-0.009102127102554758,-0.008693718276417517,-0.008486237932593177,-0.00785665656020429,-0.008880619030479986,-0.012590203483110907,-0.010400083967047391,-0.008716573945274253,-0.007885334687144696,-0.010447590727347467,-0.006830866180787432
2023-11-04 00:00:00+00:00,0.005826625209335079,0.004260833102341044,0.00403338348195037,0.005593184806633289,0.003992824920375337,0.003945938649248637,0.003012611145682298,0.006504364728184386,0.0018165177079227934,0.005942464930629887,0.005452136392400719,0.006812376451978519,0.003304818263125897,0.0013726272932064187
2023-11-05 00:00:00+00:00,0.012652803326988371,0.010514716678819758,0.010382422002248815,0.011067572435812467,0.010579439484483144,0.010640178322979477,0.011805118891984101,0.010439004891075632,0.01118553639769071,0.007855704652951712,0.005777817425228093,0.008137804262923654,0.010381948832065113,0.00990437676019873
2023-11-06 00:00:00+00:00,-0.0024377183004057335,0.0030189489458269936,0.002542773671657672,0.0036515024824423925,-0.001738513666022956,0.003418034432328687,0.0027203754940501312,-0.0006075529016051906,0.0018696376208604537,-0.007659287860528385,-0.007312479836061869,-0.005355366104609738,0.0038494830688740045,7.19276824128201e-05
2023-11-07 00:00:00+00:00,-0.004658270562560629,-0.004376182246292659,-0.0048464227560386375,-0.00406278925900283,-0.004319987262218827,-0.004771217093954339,-0.0048947167710834405,-0.0047227854704054995,-0.006940030418101317,-0.0005114546712838841,-0.0020525202170675882,-0.0016329112360700115,-0.00776622050835496,-0.008148420549022095
2023-11-08 00:00:00+00:00,-0.008563313245908533,-0.012233448480330589,-0.01274785848903437,-0.011362304831327386,-0.0071740279271291785,-0.010928216329324836,-0.012445300944910032,-0.010055850809990385,-0.015387916015125458,-0.004574259064300312,-0.005149311318733973,-0.004881823310585953,-0.015408276396097986,-0.014489685216045212
2023-11-09 00:00:00+00:00,0.002227043892989,0.001971634005810685,0.001383296718700855,-3.908057105006524e-05,0.0006864555520669224,-0.0006095756225965587,-0.001465623206306943,-8.31392595014302e-05,-0.0012982464760707968,0.002587840767194871,0.005562686725870236,0.0014360646327706839,0.002120732137361969,0.007258384647042204
2023-11-10 00:00:00+00:00,-0.004726791402486996,-0.007194050271187469,-0.007302768420514694,-0.005873190431868847,-0.007619408496669089,-0.011212833954879708,-0.0077558465533172916,-0.0018734275906068243,-0.007851695513322654,-0.0015637440420177562,-0.002519197285954511,-0.0016506657479846698,-0.003482222132416668,0.0004372397406944284
2023-11-11 00:00:00+00:00,-0.004176352671418804,0.0004272102222102614,0.00012496242586701456,0.0004781258530683896,-0.00630659722786342,-0.0010970583996754435,-0.003891232728903904,-0.002800271422526479,-0.002166615799190086,-0.008042975401308272,-0.007823917493206323,-0.012118005782945751,-0.0015682268483920847,-0.0018481338329897623
2023-11-12 00:00:00+00:00,-0.0027387498792385,-0.004069382597699511,-0.004276467886256241,-0.0010256571164868333,-0.00300072204542301,-0.0034134308374125233,-0.004269497448934456,-0.003087478548913447,-0.00040224286074019844,-0.004771062206973209,-0.00621266936397058,-0.0016821901462520383,0.003135652217581386,0.004172079544122909
2023-11-13 00:00:00+00:00,-0.005629366248441681,-0.00010438867673845387,-0.0003776955882416333,-0.003750940884360787,-0.006734107754150509,-0.0018330959036710892,-0.003892167480352815,-0.006861481319128004,-0.004059318758041108,-0.001278107502363235,-0.0022986387789888374,-0.003448045741591521,-0.005622248902664162,-0.010651828563562615
2023-11-14 00:00:00+00:00,-0.010624715587375655,-0.009518077894942079,-0.009127595800239918,-0.011483658183243484,-0.01384227045976949,-0.012428636798672676,-0.013740760638935146,-0.010434239961825575,-0.010731938189313617,-0.010110701182141413,-0.009410329007461748,-0.00788690532680969,-0.0087611102932319,-0.00931485621455519
2023-11-15 00:00:00+00:00,-0.002393122995961061,-0.00039681769253296917,-0.00040984615035366545,-0.0009549638042846142,-0.0016333600368447776,-0.001420150808837617,-0.004074955361036303,-0.0026810575804872006,-0.0028072356276175325,-0.0036378717758450696,-0.0031343824619810556,-0.004471633769268402,0.00036108564489234496,-0.0009758351942827925
2023-11-16 00:00:00+00:00,0.00010735499544800575,-0.0012938691422256232,-0.0020312507775743782,-0.0030490702019502214,0.00018339467880990057,4.4701185617057604e-05,0.0003884606089386011,-0.0028585989912276455,0.0019782154934639973,0.00028466468855414817,0.001425736610468853,-0.0012778064288822,-0.0005614343892064166,-0.0005711363040874495
2023-11-17 00:00:00+00:00,0.0013313966889545448,0.001632959809622303,0.0013195691112408703,0.0018949835766450818,0.0038708439354975255,0.0019168986187141357,0.0012847929307835404,0.0008160268656092207,0.0006470144437615843,0.0006705963432782625,-0.0006529906081899073,-4.8350871523772376e-05,-3.572377367755397e-05,0.002149324887921633
2023-11-18 00:00:00+00:00,-0.0014854461125295426,0.0009625557604688861,0.000269707431593158,-0.00029758740377328063,-0.0003422037218955287,0.0008081755866908846,-0.0008616352140314865,-0.0024030729328484712,0.001530855871139769,-0.005320019473364801,-0.005135680170967882,-0.005083485932635412,0.0023231089772528524,-0.0001019349472087816
2023-11-19 00:00:00+00:00,-0.005638383496644139,-0.006586227905627462,-0.006245056984558461,-0.005580012784010324,-0.008060341934007953,-0.007568911742261375,-0.007222995026958001,-0.006938439712212863,-0.0042256246975102,-0.007399656394323273,-0.007487930053532876,-0.007864209285453838,-0.0033170111090685683,-0.003881288438571384
2023-11-20 00:00:00+00:00,0.005191837511080877,0.005518932793798115,0.005377245635339811,0.005270923040277875,0.0058949492987554475,0.007450063399636608,0.005767688095008605,0.006321767313320459,0.004678243696933038,0.004515322220756124,0.004248134478371357,0.006385063831876536,0.0017677659529780065,0.0007186053594556707
2023-11-21 00:00:00+00:00,0.0037557298686865526,0.0009420699926754317,0.00016320174900541495,0.0014719675398460197,5.067080090292997e-05,-0.00013466565533382102,-0.00011146851278864833,0.0006219215503640019,-8.747074842940794e-05,0.0025770911475637703,0.0009264330958416167,0.0013538410392639477,0.005251526286395691,0.0033933018847174257
2023-11-22 00:00:00+00:00,-0.004613049242068401,-0.0036526858654406524,-0.0037125666353726716,-0.004979265779796349,-0.0033687097506244212,-0.004509286018137826,-0.0036019485143292673,-0.005387433296272004,-0.0008064580712078273,-0.0030474012205818912,-0.004546819540165226,-0.0021169177745063994,-0.006206893540709579,-0.00439374361875311
2023-11-23 00:00:00+00:00,-0.004494565118498661,-0.004294872554671647,-0.004969562092276947,-0.004858881897372713,-0.0035642511533046095,-0.005339909962658873,-0.0038660498249848407,-0.006607656241549242,-0.0029575690672990484,-0.004153086546722307,-0.0037631493718737197,-0.004290091420889208,-0.0024133561861541253,-0.0014315290657062052
2023-11-24 00:00:00+00:00,-0.0019690712133205723,0.00010467388026702551,0.0007016835659232612,0.000630088362997494,-0.002303170656327569,-0.00044005764031551653,-0.0020841432127609583,-0.0016113354300968386,-0.000406662600929919,-0.002147144971918813,-0.002085612065220066,0.002152603541682785,-0.002384185993600907,-0.0033950372422663078
2023-11-25 00:00:00+00:00,-0.0009987968736091535,0.0014047471197331518,0.001014367210894651,0.0016633796450931104,-0.0007499199743848939,0.0004905403220285542,-0.0007369818225708702,0.0012786842546004262,-0.001248744508384747,0.0010613462904087712,0.0004119381719831505,0.0023480958795771834,-0.003258312085900439,-0.006023994438002167
2023-11-26 00:00:00+00:00,-0.0030711493464011808,-0.0037283003540625748,-0.004031791309039856,-0.003658905890877473,-0.0022542600269908064,-0.003145146651166497,-0.002745210882244331,-0.0037331945532477206,-0.004200943981335525,-0.004801775749710746,-0.004193461236766671,-0.0046775351312857705,-0.0016085541764833122,0.0006887050445467668
2023-11-27 00:00:00+00:00,0.00013496774080667961,0.00046439413721466316,8.365492616846382e-05,-0.0019464264055060188,0.0007828757522818641,-0.0013950228254345776,-0.0015897871197794178,-0.00011432068236105764,0.00017121899754957148,0.0024645016558211275,0.0029369431911516752,0.0020887522087897903,-0.0006521649479843683,0.002101480016830637
2023-11-28 00:00:00+00:00,0.0059176230541386765,0.0037462303576623057,0.003565205828888418,0.0038113803577481953,0.005701676877106543,0.0038201727341524716,0.004464098989517495,0.007051745501696072,0.004283749288268135,0.00674183317801158,0.006516174696885368,0.007599488225695783,8.62216359918122e-05,0.002786710153453331
2023-11-29 00:00:00+00:00,0.0031353871932349175,0.003589776483367002,0.0034912770260708825,0.0025829076921950467,0.0022499102048536557,0.003222005948384954,0.0029081160712649545,0.0011391327586276478,0.004945624155076711,0.0022103875523027394,0.0017696438041574503,-0.0014286408492677483,0.0038776923583943024,0.003001093433387725
2023-11-30 00:00:00+00:00,0.003093557182134221,0.0003816417076365486,0.00023847374659968779,5.930123669206644e-05,0.0038094535795540896,0.00011513410798436041,0.0010678157742303185,0.000826650935785489,0.0017667099026743571,0.003745511595615536,0.004086377230568372,0.0017235883085569004,-0.0012609411288657668,-5.222922387004836e-05
2023-12-01 00:00:00+00:00,0.0011057606553475097,0.004019815997092335,0.0040539833589186,0.0037073869969919127,0.002329163493440145,0.003431127502892206,0.002374427861420614,0.0015189860683246792,0.0024919095001245672,0.004596315560353226,0.0032026558182043363,0.0049263641096664035,0.0007138220641924597,-4.471876950851161e-06
2023-12-02 00:00:00+00:00,-0.008931648949392024,-0.00441991948105247,-0.004468130003326465,-0.005429516397784773,-0.007328995056924192,-0.004872549087246658,-0.005277131646219346,-0.009654310655411114,-0.0033028789492012267,0.00012925139531749785,0.0010018164307310506,0.0023388311361633995,-0.007995099335603384,-0.011029395894933458
2023-12-03 00:00:00+00:00,-0.003542731669688881,0.00020776155808510666,0.00020003834177195756,-0.0005736644697841298,-0.004022071204616062,-0.0008584832759219729,-0.0010689805175126965,-0.0018303234566332538,-0.00012776175378714782,0.0008977120814928075,0.0002438417939538695,0.0012856553374449575,-0.00034812419099017333,-0.002426651372913202
2023-12-04 00:00:00+00:00,-0.008983244727256978,-0.002940760022278943,-0.002771643808515356,-0.004561995678209585,-0.00827692980325101,-0.0035205200771329936,-0.0050280868198305795,-0.00501421577891048,-0.002772027707078406,0.0026375830028837477,0.0003420288126958493,0.007404923105182704,-0.0041554489708077735,-0.0086029405982605
2023-12-05 00:00:00+00:00,-0.01413602596604091,-0.013473870700184687,-0.014504732784566432,-0.016331114214405473,-0.011387398289798734,-0.013278576208506476,-0.013201217655500419,-0.01652261972690383,-0.009704657513005421,-0.004629810047628635,-0.004589238160074394,-0.0008246601478439919,-0.015478419135358856,-0.009905103173705743
2023-12-06 00:00:00+00:00,0.023720975455163718,0.01906201849210687,0.019052741274317997,0.01831713108674471,0.019246461476542853,0.018644916191405514,0.019696686047374845,0.020243958501717563,0.019355689440463397,0.018056614137690108,0.016848294397875607,0.014221318180143605,0.010209536723315038,0.008523271057322201
2023-12-07 00:00:00+00:00,0.0008175180431000406,0.0047190309073055214,0.004750249718290744,0.00524831837668871,0.003627281050191833,0.004852706912934934,0.004767922881911302,0.002903994587415193,0.0046043576742671455,-0.001591663717209424,-0.00010970589941772246,-0.002719407841872412,-5.840447791827241e-05,0.0014138716351623781
2023-12-08 00:00:00+00:00,0.008301096143030984,0.008965539565114033,0.008528436760326663,0.009480037381025541,0.00895292249746249,0.00895738130309387,0.007831950976489699,0.00969825608453978,0.008201987531430754,0.006418778994353946,0.007710753241247925,0.006134304149260972,0.00982302445063965,0.008681198334979268
2023-12-09 00:00:00+00:00,0.009987177181192797,0.012567575787095553,0.01204603586054076,0.011954537879483862,0.009352691490124743,0.010124512177724698,0.009327010606166697,0.009690066480742887,0.01018596093066626,0.009868678148364118,0.00987670423453535,0.00847536133934157,0.01077808129161606,0.007042891114714456
2023-12-10 00:00:00+00:00,-0.008715767888979209,-0.008989147948345377,-0.008782734532046477,-0.007515280770868493,-0.007442678352000964,-0.006377412191770682,-0.0077264568252769505,-0.0074261385853360284,-0.01004144066534518,-0.009231794970694485,-0.009089503922213193,-0.00895208378931922,-0.00268438171598262,-0.002825987568959909
2023-12-11 00:00:00+00:00,0.0065725072076003865,0.004991993689014151,0.004332020692380256,0.003635810376866555,0.003746055544478377,0.0035168929461195653,0.003536212755838042,0.004787206125634436,0.005567684110664217,0.004177708684028447,0.0018871184523292506,0.005991641598886099,0.00718163837326613,0.00695471783342394
2023-12-12 00:00:00+00:00,-0.0011370077527016464,-0.0013825686976894902,-0.0018175499363001224,-0.00116196378289668,-0.001310762603781268,-0.0017285451985653566,-0.00023993778972175583,-0.0014575981779468838,0.0005943698482047122,0.0026180829994795207,0.0015087061141538793,0.0013772763919503994,-0.0026201205893681134,-0.0028710050797526865
2023-12-13 00:00:00+00:00,0.0019672783442516995,0.0007767845409745178,0.00026777880606054794,0.0010226847534651196,0.00038374091065551674,-0.001262771218642822,0.0011351093423050962,0.0007679289151301116,0.003380515313802457,0.0020976067424414158,0.0028220007368751077,0.003417070683419121,0.0021592489978801144,0.001331895743887923
2023-12-14 00:00:00+00:00,0.0007876383320033487,0.0021730151097065775,0.0017125887945055318,0.001808684878064959,0.0024539606731059926,0.0011206652639712544,0.002281362405189169,0.0003216974760957836,0.00321671633711329,0.00025721955248614314,0.0003099224623268615,0.001891966643936982,0.003950445826709448,0.0030976631181693914
2023-12-15 00:00:00+00:00,0.004865266105974708,0.011327898815968629,0.010960191642407358,0.009652383381667295,0.004746933622237881,0.009486273909004694,0.00664098728612772,0.008487434561365248,0.010945640968144321,0.005140990154108183,0.004977184202669571,0.0021438431480038656,0.012384157408960261,0.008171802281735197
2023-12-16 00:00:00+00:00,-0.0037644384622739224,-0.005366117894662237,-0.0055392972869861,-0.004048301532820209,-0.0023758641212503484,-0.00424807398842042,-0.005664087753059377,-0.005475719485717456,-0.004420071688685523,-0.002617823972801192,-0.003078319682388253,-0.0037764821970255325,-0.007307980993861096,-0.006392185159290076
2023-12-17 00:00:00+00:00,-0.003224911341099479,-0.004741232574644649,-0.004849689521161604,-0.003707841218698271,-0.0032179365846286556,-0.004797752337917238,-0.0023515177926280995,-0.003254091329650821,-0.0035982845369706418,-0.005118511973640105,-0.0061161409265168,-0.005632892491643671,-0.0015730347608465811,0.000502395808992695
2023-12-18 00:00:00+00:00,0.004769990955030723,0.006385232328504964,0.006069086147730607,0.005639661444867272,0.007436779508053215,0.005923694923326117,0.0065076427499171086,0.004231031999812007,0.005187756957314882,0.003565641112881046,0.004496354624525134,0.007653927120200299,0.00480526391098679,0.005112598706835003
2023-12-19 00:00:00+00:00,-0.005761711511418577,-0.004813757592087464,-0.004899840689062018,-0.0035686037990105834,-0.007302287658713769,-0.004790703389180195,-0.005550216630550775,-0.004576319581205968,-0.006021372761199961,-0.011707874500786697,-0.012329023218240698,-0.013074109124530442,-0.0004292141807562544,-0.0019484552579348557
2023-12-20 00:00:00+00:00,-0.0031972742883620286,-0.0028746526353155,-0.003047183105746143,-0.003005618711875657,-0.002642701945848369,-0.0025879656297151943,-0.0025197527465309344,-0.004132450413686928,-0.0015802948014181917,-0.0052230559676496036,-0.005242886809085356,-0.00475143399588196,-0.0028495653683944244,-0.004286064161942327
2023-12-21 00:00:00+00:00,0.0031156696529963668,0.005096519537388655,0.005066047916299832,0.005679256794868248,0.0024467873455371603,0.00424588046400709,0.00413667178377497,0.004651346305210025,0.003990216156117166,0.001033850047396756,0.0016683231640586271,-0.000665644143746924,0.009668317256446679,0.008587417331809677
2023-12-22 00:00:00+00:00,-0.0022824393829312672,-0.00415044323674274,-0.004150688261300273,-0.0031297735985656994,-0.0032580366450294385,-0.003876940263423889,-0.004851871870094837,-0.0036969737186717255,-0.003500437276171109,-0.006482420659715826,-0.006312759010717706,-0.007345787797975567,-0.003157765532181722,-0.004994374493368925
2023-12-23 00:00:00+00:00,-0.0014063863934138388,0.001611788231267619,0.0013367489116644649,0.0012006532346005017,-0.0018461191453438275,0.0017267366138002949,0.002105491131455084,-0.0017097241714641997,0.002833440505374041,-0.0006066668936687281,-0.0010581372105943343,0.0008763420835151692,0.004560767628367213,0.0034483184257183552
2023-12-24 00:00:00+00:00,0.00596044878537505,0.005607394374904873,0.004956146003009199,0.006761051334238877,0.006011817553766896,0.00568528709869498,0.008356701668434718,0.008790158532308023,0.004559282099426465,0.00678026118341557,0.006674202640026161,0.00865594331405406,0.009753987149860421,0.009189321836846842
2023-12-25 00:00:00+00:00,-0.00198468278709929,-0.00014174357518681457,-0.0005583426722194362,-0.0020033231976871457,-0.0025328456910260755,-0.001030498933456525,-0.0032831798626441477,-0.0029736961068852485,-0.00034901490830607784,0.0019509565471971246,0.0013837685914781517,0.0030275893084887873,-0.004171411153431226,-0.006786233449468604
2023-12-26 00:00:00+00:00,-0.0007515833735080024,0.007849086374962289,0.007775882023118408,0.00811979389996953,0.0033957793989223273,0.01150880633309459,0.008587303561118809,0.003746384301160921,0.006860135728650851,-0.0015204527296012182,-0.0020068101552593864,0.002869056841745543,0.011788399950138029,0.005582375142357154
2023-12-27 00:00:00+00:00,0.006992885755433997,0.009961223291238053,0.009520893412235942,0.010830839682247406,0.009844448613553825,0.009987594427535829,0.005839294470991296,0.00987629287226488,0.009343591345690294,0.006681703814821249,0.007540674695954763,0.008293239063216884,0.004508597814617543,0.001748141919980295
2023-12-28 00:00:00+00:00,0.0020154854830665148,-0.0010428134054871752,-0.0018672055970658796,9.438053769317278e-05,0.0016510394382118765,8.268427191882033e-05,-0.00033214343191956264,-0.0024158558842097833,0.00249101697719456,-0.0018911522203950426,-0.0015676753234861174,-0.0021282338253771904,0.001300690558016404,0.004164986982401198
2023-12-29 00:00:00+00:00,-0.0021330664698386848,-0.0020366515261945883,-0.0030047947721024704,-0.001522281191456476,-0.0015862636894514726,-0.0015471748851663136,-0.0012022278955922117,0.0012431954443805626,-0.0050762187659308955,-0.0021204070379645668,-0.00338843035106573,9.198066513693703e-05,-0.0016697521342066146,-0.0008784866872694197
2023-12-30 00:00:00+00:00,0.00536625429811477,0.004054194113915166,0.0030633870263898633,0.004007664549414258,0.0038171218864309076,0.002481424320751602,0.0036331842722243657,0.003981486872051354,0.004489514468939637,0.003321592959436126,0.0034023366986173365,0.0026381447919294754,0.0025624273694213606,0.0038396034382111033
2023-12-31 00:00:00+00:00,0.0070282462890221,0.004182006571327612,0.0021335353985398875,0.004387138815348246,0.004756032185402326,0.004442969649887107,0.00454220606723732,0.004010279029502906,0.00282109713553802,0.0019807682900603307,0.0026581474510929404,0.002901481122440819,0.003579104722660764,0.0025875955827763253
2024-01-01 00:00:00+00:00,-0.0024734973906186397,-0.004779628692035853,-0.005384756970518656,-0.004144164738510758,-0.0014356332510844227,-0.003674958712230003,-0.002581455098562002,-0.0034200996695452623,-0.004424937258128425,0.00023659231722161778,0.00035789230853211507,0.003365991384848721,-0.0016802097394791327,-0.00020132145549145442
2024-01-02 00:00:00+00:00,0.0021383665322969314,-0.0003286864510152476,-0.0006475353965991193,0.0002442767253478806,0.0023216872026106117,-0.0005919696322359558,0.000237605014428377,-0.0005609335063496701,0.0024397744930741982,0.0035044950318920964,0.0024593764030593768,0.007001038289434991,0.0014575704155828095,0.002672720831605524
2024-01-03 00:00:00+00:00,0.009372770649695328,0.006721911957344728,0.005341865205763963,0.009087459352875582,0.01177855715708942,0.008836382610470928,0.005716424552633104,0.006823266535017414,0.011889039494548559,0.003927235856133304,0.002528816481389029,0.0040159884056132356,0.014667326897226163,0.01580228547681939
2024-01-04 00:00:00+00:00,-0.008190964565693126,-0.005695002159812779,-0.005827019564446867,-0.005216625341980974,-0.007035618420799472,-0.004945790613843926,-0.005076500449226251,-0.003258730885060457,-0.006096227668361154,-0.0019792989325889687,-0.0010761534323271427,-0.0029909091539823685,-0.012589543696558514,-0.013772869229874751
2024-01-05 00:00:00+00:00,-0.0022344226424498848,-0.0025952508214227565,-0.0030056263126195804,-0.0013221385685872056,-0.002988668328364419,-0.002710844602028306,-0.0030753160143367486,0.0012160695059189042,-0.0029965702522279924,0.000593114610618839,-0.0029295023644210216,4.305414151706266e-05,-0.0021515747842227873,-0.0012908872890884382
2024-01-06 00:00:00+00:00,0.007139118256273003,0.005975225371081194,0.006015003902013483,0.005214666342943319,0.005847029651132818,0.0036049388704042507,0.004348332529895194,0.007530032544326382,0.005230030835330579,0.010943298635854193,0.00998558150548301,0.008957555887746382,7.140911105163461e-05,-0.00030265586291711166
2024-01-07 00:00:00+00:00,0.009975106036056003,0.009215123634452427,0.008474357141311062,0.008683913030805845,0.0073496977823075405,0.008843794478352152,0.009123744106273035,0.008843201533671685,0.010263847492059774,0.004615514209249882,0.00645483894226051,0.009223683068161792,0.003239263328035369,0.0040173927755444705
2024-01-08 00:00:00+00:00,-0.0074763385494487355,0.0003951022260013648,-0.0005411601210600914,-0.0007944159731614331,-0.009303351541827598,-0.0024910287502712958,-0.002591131046830064,-0.002937471677359693,-0.005323800664112532,-0.006692326370711044,-0.004717165897980324,-0.007495665756218295,-0.004953873290435951,-0.005394307760189232
2024-01-09 00:00:00+00:00,0.008724419333536293,0.0078091760399796595,0.008028801617692372,0.005802734538473242,0.010270589013702036,0.00625715589934317,0.00988489579621854,0.011121382588895168,0.006441687299918453,0.006310421289831281,0.003240739772109702,0.0033970406776460127,0.007862972719480776,0.011079524381001793
2024-01-10 00:00:00+00:00,-0.008059255640523788,-0.007845305321339313,-0.008237619207353775,-0.008850581704056948,-0.004785181118212578,-0.006536790812210702,-0.006073409752916703,-0.007497040373383945,-0.007597437434334275,-0.00431294032014895,-0.006713200896124594,-0.002174825305689243,-0.011283647881012882,-0.010477456882380776
2024-01-11 00:00:00+00:00,-0.006672919919242681,-0.005167905985229315,-0.005433095305327651,-0.005517184739883607,-0.007387796219878284,-0.006499231731519783,-0.006751458069289451,-0.004766612348637289,-0.007465501125969665,-0.004369521360845452,-0.005204658692629427,-0.003796597496431575,-0.007867618982616786,-0.009309293934466334
2024-01-12 00:00:00+00:00,-0.005484801422389718,-0.004393156230417916,-0.0045925385807400465,-0.005313479804087806,-0.00581130561318044,-0.004125224152802032,-0.006159547481776606,-0.005877802968689005,-0.00602521725203331,-0.005309861321987852,-0.007118991780112216,-0.004972815800529884,-0.004070173612555239,-0.005448365112503573
2024-01-13 00:00:00+00:00,-0.002322914022277689,-0.0013122371779390463,-0.0011209011903088317,-0.00178345959003956,-0.0023116839896634156,-0.0010151400362443663,-0.0027278021809464814,-0.0029731291343598754,-0.00042444356839121955,0.004462581295877843,0.003436283741356183,0.0046554199169652755,-0.0035826603392806744,-0.004084189403660954
2024-01-14 00:00:00+00:00,-0.00046950662240607954,-0.000349935804581758,-0.00029164430185679713,-0.000450198467069729,0.0012430177829043654,0.0003241653819279211,0.0017350979741417305,0.00196624811136048,-0.0019683040288954734,-0.0003651931340618031,3.0284596752583326e-06,-0.00099848833532179,0.00024467108518466674,-0.0002321844460018152
2024-01-15 00:00:00+00:00,-0.0008558998815422214,0.00028663213576618496,-0.00028432306093006954,0.001288860713061446,-0.0016142600298632015,0.00029923121603481206,-0.0008918124112775594,-0.00047000746942038596,-0.0013275190470665166,-0.0004371624101981997,0.0001367208402336395,0.0009052721612394787,-0.0009725905129992496,-0.002497906606770295
2024-01-16 00:00:00+00:00,0.0012173887584017162,0.0039020862595651185,0.003639188720415909,0.003780165947004699,0.0018784644536007367,0.0023037520045368076,0.0014357534864308796,0.002271329813523959,0.0016595833708850094,0.0009221617707020346,0.0008891392291787703,0.0014780538793044418,0.002277625652446824,0.0015581536661224415
2024-01-17 00:00:00+00:00,-0.0053640038122499956,-0.00539813658828836,-0.005445819217829606,-0.00374524401864873,-0.0033877898460293876,-0.005171931428778254,-0.005160130555265985,-0.004936550623203084,-0.003754003283885976,-0.0047476940001469625,-0.00629680787817577,-0.006318797504204721,-0.003697722066035025,-0.002397815634960887
2024-01-18 00:00:00+00:00,0.00978929935957873,0.009127076395170297,0.00929014462975597,0.008637002968147067,0.010178771143216858,0.008768863177618824,0.00831980066403859,0.009722195690535118,0.010409626850104159,0.009843331172432412,0.010823022449345743,0.009565032935717532,0.0032194671493201987,0.004564402810324664
2024-01-19 00:00:00+00:00,0.008316403714291543,0.015613019701750108,0.014575139869065667,0.010875486305852888,0.01037128660705755,0.015339097808394486,0.012289016415035103,0.011231760111308997,0.012856056919444692,0.0031130325107890933,0.0065767416852804406,0.006813336655466351,0.009130491181105427,0.004617829912654248
2024-01-20 00:00:00+00:00,0.002288045146467743,0.0012488323398405221,0.0009338407660699488,0.0008249558296733461,0.003108129551635752,0.0007570675605672594,0.002276283013558089,0.000497249982190251,0.0020684776617412304,0.005022922990752354,0.004754554140942169,0.0009420439386884638,0.00043124261580795853,0.003208614391715159
2024-01-21 00:00:00+00:00,0.004533546953189971,0.006855094799506745,0.006007674051232037,0.006640445295362785,0.005046200230349518,0.00654833351411388,0.005222724731288819,0.005175207609870114,0.0040923190327957215,0.006241423271487578,0.0068421055153014,0.00784211007993707,0.004667324693826247,0.002663825208126802
2024-01-22 00:00:00+00:00,0.005618815337417704,0.005180093602634717,0.005718870976346269,0.005423759709914933,0.004687021408417591,0.004711682362739111,0.005100889907564632,0.004328555629962816,0.005950620303225351,0.005803322986336568,0.004319880074344029,0.004547830185264834,0.004375482581055579,0.004429695210680373
2024-01-23 00:00:00+00:00,-0.00046391855782623725,0.0016260075923411055,0.00020236652565386315,0.0019277227366798488,-0.00032446470241165315,0.001839578600572267,0.00122827861437802,0.00011115915682546884,0.0019041088463189748,0.0017980394237377961,0.0005335769556609193,0.0026937521904846218,0.004440052668676309,0.0020473561612328606
2024-01-24 00:00:00+00:00,-0.0051706467320342675,-0.00876827148458248,-0.008468210847394131,-0.008324261320700743,-0.004186959580645966,-0.008425186504145143,-0.0061327759830127615,-0.0065866882798886195,-0.005977492997462419,-0.003515166879338283,-0.0019495608441542078,-0.0018809204695180437,-0.006983887987505599,-0.004085320490691213
2024-01-25 00:00:00+00:00,0.0033415267992091824,-0.0018371959539240645,-0.0012970572478555598,-0.0022758961290668678,0.004121755908816471,0.00016037931614953926,0.0023153149953192287,0.0017613695297031828,0.00039670024452709285,0.0036873599014692893,0.0038082486144510597,0.0006846027330944526,-0.0003702704957893044,0.003543950406872609
2024-01-26 00:00:00+00:00,-0.005414304958277549,-0.004834304956797264,-0.005873672925698514,-0.005099223240544903,-0.005870903424965546,-0.004560351577608257,-0.006601191797069528,-0.00440223524686667,-0.005257175537379033,-0.0033388349483274293,-0.003247313364698856,-0.005563765756960826,-0.005320031568898487,-0.007031639378548227
2024-01-27 00:00:00+00:00,-0.002134024655199407,-0.004295972384936619,-0.003981260533284625,-0.0038894536318319073,-0.00021710523707241247,-0.0029214702216119326,-0.0023176511432108082,-0.003848154347670718,-0.0033845610713946206,-0.0008652749574378227,-0.001783320265673738,-0.0005596995638244007,-0.002356607194490823,-0.0009746538140762429
2024-01-28 00:00:00+00:00,0.0064231837212263,0.007441815065236446,0.007324464876550474,0.007125583706898864,0.0065939092841538205,0.0068808786103551345,0.007204544447486194,0.00758632445211016,0.0068385289589654175,0.0065338021302849825,0.006109756242612896,0.004969382180991522,0.004521604904278442,0.0038027244884555333
2024-01-29 00:00:00+00:00,-0.0006439100720309066,0.00045726085670461103,-0.0008083250346321291,0.00114793511774125,-0.0008735956025381908,-0.00037551027580828844,-0.0008741492054287203,0.0003844931542285046,-0.0011549130494643567,0.0020488457103668978,0.00011139446825514376,0.0019348487585977292,-0.0013351672318109298,-0.0014552732041434036
2024-01-30 00:00:00+00:00,0.00020320430253395472,0.0009196466602461317,0.0011537586740666406,0.0010083241575300494,0.0006426629075404477,0.0014605048829279266,-0.0003524118723878811,0.0015953958989389783,0.0001926123241562383,-0.0022559036529622434,-0.0020509640376717986,-0.00042527950323889563,0.0026553777853715044,0.0014383142857175013
2024-01-31 00:00:00+00:00,0.0063338648050528246,0.005121034827358262,0.0050115062260400745,0.005220282716035474,0.007224003862743356,0.0050838205571897,0.006715190197347898,0.007176346992515237,0.004383289756788811,0.006590170033730969,0.0069259626968953825,0.00520792719424934,0.003808711242762719,0.0057189474308645405
2024-02-01 00:00:00+00:00,0.0029583053013428895,0.002642658809554055,0.002706605182240418,0.0030460400433314216,0.003215512774031426,0.0018048492388627047,0.003850974838095711,0.002855016085191453,0.0025745106306334087,0.0014892267428150419,0.0022068989313059895,0.001341866314235718,0.002406968947389565,0.0034467906662423164
2024-02-02 00:00:00+00:00,-0.0017716910829843613,-0.002269536995922694,-0.0024567698414761363,-0.0018100906497918734,-0.00261154451485357,-0.0028657905495956815,-0.002258587997635453,-0.0012466589198460998,-0.001783061646604911,-0.002570870161308081,-0.0025742004832752796,-0.0029988919573322725,-0.00038433947015903414,-2.6982625439542218e-05
2024-02-03 00:00:00+00:00,0.0027755117875614133,0.0035487186675149385,0.0034369350911742647,0.0037418578503713995,0.0036829368163666665,0.004046606276252307,0.0038628986286239897,0.002913812694664175,0.002291648442052985,0.0009564427739257031,0.0013789923559912598,0.0019426041448404874,0.0025015706060367293,0.002279279179687066
2024-02-04 00:00:00+00:00,0.005703755303020364,0.007936972690988364,0.008132820013649011,0.008093965601605024,0.007230985715130478,0.008244835631167069,0.008603998006689428,0.00807922646715964,0.006481479501896814,0.0038674442590493907,0.0038297658167913973,0.006852361811121366,0.008495868082340152,0.006639001400046807
2024-02-05 00:00:00+00:00,-0.005314214643736048,-0.0019263456151131786,-0.0019254813301904372,-0.002666647816553347,-0.005136288065313188,-0.001983209224109772,-0.0031410452514573084,-0.004710520963686959,-0.003403281012966053,-0.0052464527493001345,-0.005143451524266873,-0.0036019165642020567,-0.0017227583023685655,-0.004377946316724612
2024-02-06 00:00:00+00:00,-0.00017244108086966747,0.0006893230740114831,0.0006934655073473905,-0.000651013459707861,0.000239066557688572,-0.00010394738347963006,0.0005009680287439977,0.001235237243058851,4.880271571527928e-05,-0.0005794697731670295,0.00016828480238273436,0.0012592872768053542,-0.002491217939283863,-0.002149900540336369
2024-02-07 00:00:00+00:00,-0.007473077607583978,-0.004912504735238743,-0.004999712750915042,-0.005711132394482066,-0.006604365525027633,-0.005087847004104917,-0.007268620278600868,-0.007130933948264695,-0.005961493885113578,-0.007167255485456825,-0.005897816907345921,-0.010958330874225264,-0.003839503138310274,-0.005691465988816424
2024-02-08 00:00:00+00:00,0.005499883329281197,0.006495456403380118,0.0060125156805184155,0.005874015892580298,0.006102955274612798,0.006594124336203766,0.005917825943008603,0.0038157616909362257,0.0060698080258145826,0.005265354066944283,0.005651330054512904,0.004733159681163945,0.005616062677592071,0.004400898326746283
2024-02-09 00:00:00+00:00,-0.003949777905371654,-0.005471475533195491,-0.005608734202866228,-0.005060909086849752,-0.0030788710787907902,-0.006217032286267132,-0.004399263284448729,-0.006967417139382426,-0.0036606625741641974,-0.003413675844194275,-0.003280499730545783,-0.002833018258217357,-0.006878414603485705,-0.006505181210114452
2024-02-10 00:00:00+00:00,0.0005885110139414174,-0.002212957457717879,-0.0026528912321290843,-0.0021591704546547463,0.0005808055428853098,-0.001821809605418112,-0.0009200389133535714,-0.0006991370181005374,-0.0014595260262659782,0.003919284834289494,0.0025856134287991495,0.0037064649856934917,-0.0051968534652101495,-0.0039181909719350205
2024-02-11 00:00:00+00:00,-0.00528948398176976,-0.006598291989830862,-0.006680494856770802,-0.0060643463072426185,-0.0023207587994368284,-0.005882004458683809,-0.005570428245302628,-0.004935743228865697,-0.004610675951839727,-0.0010925717238401411,-0.0009333296779020506,0.00014900651191940284,-0.007935123157153945,-0.007817213891775587
2024-02-12 00:00:00+00:00,-0.00730551833614701,-0.0071856482500544105,-0.007510258530798786,-0.006096895084602871,-0.006512289160782392,-0.008199838970465056,-0.007596889650627547,-0.008357638253737698,-0.007520399695880031,-0.006484518431689845,-0.00567393545270567,-0.006641468528858829,-0.00516226732762437,-0.008536679272040715
2024-02-13 00:00:00+00:00,0.0031629095611152014,0.0005737375568550807,-0.00018499622647605296,-7.830973377898065e-05,-0.0002555392617227259,-0.0021706779829228084,-0.002794426042041831,-0.0012677319645455487,0.00303979580034075,0.007907556900159651,0.0072051199776619335,0.006842225635614652,0.0013718535504800844,0.00496579816378695
2024-02-14 00:00:00+00:00,-0.0029848953424946867,-0.003930960153809782,-0.004550253702529705,-0.003994440528613752,-0.0023810347566326495,-0.0060220301552194044,-0.006535468595904925,-0.004450761076355891,-0.004314173096498508,6.819335054508713e-05,-0.0008978556766685575,-0.002935525571030384,-0.0031975203574172717,-0.002051785206692358
2024-02-15 00:00:00+00:00,0.011522399733361555,0.01323518637856358,0.012094696227912038,0.014472651098028644,0.011204157456254693,0.011525690272009337,0.011385485475408741,0.01341267403904367,0.010421919488560194,0.007859060294516773,0.006541327792426221,0.009293529829959013,0.008166953349582284,0.007295110710208608
2024-02-16 00:00:00+00:00,0.0021818982088177563,0.004696054353778845,0.003425077578507185,0.00528164650441898,0.001964153093585219,0.001518692266522903,0.001864310115897938,0.00806053455102207,0.0031059780125510805,0.002201246431283943,0.00466040683000668,-0.000681215925782741,0.002492711088065702,0.0026712962519903627
2024-02-17 00:00:00+00:00,-0.006640010092147874,0.0006666327247910608,5.552003161657382e-05,-0.00018104695843190743,-0.0062375653311460555,-0.00017360189888682154,-0.0034571813224173464,-0.004778344027109083,-0.0041066754723695365,-0.007050694355825615,-0.006308922196917255,-0.003807050519228805,0.002367622321992835,-0.0012930838291406177
2024-02-18 00:00:00+00:00,-0.003746980362265062,-0.0014130009329316184,-0.002091491910898746,0.0001487049667998619,-0.00310903582342803,-0.0010988057827829856,-0.0029664853771781408,0.0008830438704094945,-0.002361768951359311,0.0019875920430010297,-0.00012951249109638407,0.0014510354540304693,-0.0013362043515230404,-0.00471394512348855
2024-02-19 00:00:00+00:00,0.0021304889491360335,0.004198612205795316,0.003687886760810777,0.0054232148292496785,0.002701197452337434,0.004532770885897319,0.00331778846340125,0.003748842172838218,0.0003461281714109976,0.0019862285187872697,0.0008814286759704082,0.002753514243702737,0.0013801004132960593,-0.0005726473922436082
2024-02-20 00:00:00+00:00,0.0014198324981431476,0.000876198745747736,0.00025244561184267766,-0.0006485814114696176,0.0007778459407647986,-2.3642103484711186e-05,-0.0008629416287063707,-0.0015571389146536996,0.000845720505062264,0.001253880473113922,0.0001452443458713759,0.00026024449059414145,0.0045737522461886115,0.006132316572274865
2024-02-21 00:00:00+00:00,0.009850019658975473,0.010419805832423856,0.00995260606081394,0.010898973007342772,0.008043940112211878,0.009755039843238889,0.008751922946247825,0.009724927129354688,0.010952027547035836,0.006511467552464456,0.009811911476902857,0.011144356194214833,0.014298569077128231,0.013143765547648067
2024-02-22 00:00:00+00:00,0.004779488579010005,0.005053405880820705,0.004465411786071405,0.004807013524095183,0.005061997338527302,0.005161066535907866,0.005691166645301005,0.0055389375119776485,0.00647331362472392,0.008314773561064914,0.007801244318242029,0.011990943316215752,0.00339295530740924,0.0028766752851168143
2024-02-23 00:00:00+00:00,0.012252851312134494,0.007261551263483268,0.006854136806723199,0.009026823649259219,0.010827558047172614,0.00591962624272524,0.007191850491199414,0.008101821554694855,0.01051804633099418,0.00982022349805356,0.010528325022748142,0.008658499459693436,0.006471398262051897,0.007756504309328394
2024-02-24 00:00:00+00:00,0.004293606598910538,0.006966228977031141,0.00627262830043307,0.005660279627662357,0.004232385994992649,0.005845498432582641,0.0044065586633303955,0.003426477462373345,0.009136945469507385,0.004966395665548351,0.004290198799796752,0.005652134526493713,0.004927103342841299,0.001262527818812531
2024-02-25 00:00:00+00:00,0.003811509217777953,0.006305343529925844,0.006101492543668874,0.005961792991165282,0.006065338357599925,0.006529944814069655,0.0057117760540355,0.006148763221136111,0.005528060911781374,0.005953171863897877,0.005196186921772261,0.006606861960261501,0.005063694207008362,0.002493491265921133
2024-02-26 00:00:00+00:00,-0.00078423822158602,-0.0007625069154699737,-0.001009068513882494,-0.0024573602798032557,0.0009065143487283489,-0.0033328631453413138,-0.002674946023004221,0.0019386717934715136,-0.0005888623931262771,0.004029174408718861,0.0015507302794062205,0.003252681564794857,-0.0012865445206998727,0.0008788335253482327
2024-02-27 00:00:00+00:00,-0.009377280592791193,-0.012391395964584384,-0.012712457272639699,-0.013010431636016229,-0.007485558248160329,-0.012156348539365203,-0.010548517264267532,-0.010169154286778226,-0.012056240424761944,-0.004598208550173011,-0.002889202958282544,-0.004214534291974825,-0.01910886687616542,-0.010267848924614409
2024-02-28 00:00:00+00:00,-0.0010038395996381233,0.00015520060316154272,-0.0009466786172482866,0.00035415129061178163,0.0012530146585656432,0.0024772663417285123,0.0005531162911647236,-0.0012377883375279675,-0.0030782555533901412,-0.0007722976993069786,-0.006521115091295715,0.0036413543816546934,0.004595523793869738,0.01082954743211939
2024-02-29 00:00:00+00:00,0.004893016991542876,0.010694880927773598,0.010036345429602855,0.008400242417099912,0.004378469678442798,0.008907320005626884,0.00893500316756679,0.007760019495381076,0.008634516231984524,0.00012936549508868467,0.0002280194851396189,0.0007847006673558088,0.0063519671015672685,0.002503092227641668
2024-03-01 00:00:00+00:00,-0.009625066648387581,-0.010103887983106463,-0.010726814792510586,-0.01154126781578746,-0.008142682636691267,-0.009761371109651917,-0.008902407680321134,-0.006665043586868924,-0.011568906079288399,-0.006887701679774705,-0.007870750423067396,-0.0019632825350950345,-0.005909437801750683,-0.0040934031449482156
2024-03-02 00:00:00+00:00,-0.009285532545077024,-0.006641341689011981,-0.0073390515701594605,-0.009256370195165786,-0.00722165468584679,-0.005472777873266055,-0.008356625401558238,-0.009592494089521897,-0.005303570541196123,-0.015781924652836565,-0.013958472664807209,-0.013080653471053139,-0.0026593209028441533,-0.0046405252733341396
2024-03-03 00:00:00+00:00,0.005056320613400445,0.0023644532291196008,0.002229392119545315,0.005129247237074308,0.0062577660949709735,0.0017499443536470594,0.004491018971858551,0.006149823565708257,-0.0018220092237489771,0.008844865166169003,0.008088016992451985,0.00960105903399655,0.002383239442154572,0.00333630414674313
2024-03-04 00:00:00+00:00,0.015691615968221884,0.016560178453829177,0.01570690845445677,0.014864676570470525,0.022589800341064725,0.02255963255904736,0.0221230951883169,0.017966858482532766,0.015220524755096498,0.016393367713637197,0.016794214480119196,0.022824717931769545,0.0125811240994953,0.014916416965530477
2024-03-05 00:00:00+00:00,-0.005408535928132618,-0.0036041433048402682,-0.004015580485588588,-0.0007947930351573929,-0.006166588171438003,-0.004903440461394348,-0.005946566471359382,-0.003576609512127016,-0.0023085849368966738,-1.2273316887578822e-05,0.0012298858696675463,-0.005716794318369578,-0.003072791851390866,-0.007984377436321521
2024-03-06 00:00:00+00:00,-0.00413878521938249,-0.0013408422210067217,-0.0011616433513238489,-0.0034415939780821914,-0.005883972721358877,0.0018450861780732186,-0.0013980622484710548,-0.003964493251315981,-0.002016773327613297,-0.003358887232324803,-0.005568348298576775,-0.004514040884261328,0.002557946660325161,0.00012727643366128305
2024-03-07 00:00:00+00:00,-0.005620311437419034,-0.0034258732650678247,-0.0036465852532414633,-0.005601865294131425,-0.007383652896537085,-0.0016720678131944,-0.00422505984884991,-0.005605358669166449,-0.005467711941668063,-0.008826271547828446,-0.00852944464261396,-0.009841651006961993,-0.004822809321997967,-0.00824589194751213
2024-03-08 00:00:00+00:00,-0.0038647657286589032,-0.004184123151079189,-0.004408934743932891,-0.0056586559041575946,-0.0002128299597426997,-0.001464109923550283,-0.0014883289583460524,0.0016839485900612683,-0.006822951931592769,-0.002812434290338839,-0.0021899237933175053,0.0028042717033538445,-0.0015693814920741955,0.0014248627858863827
2024-03-09 00:00:00+00:00,-0.0115286108963919,-0.011202168773107535,-0.011873219860229378,-0.010963779904355375,-0.013141135428346606,-0.009285030271126149,-0.01125369187688019,-0.012662662357196486,-0.011055370153714938,-0.009428004855753569,-0.007229354197371696,-0.007103950197612452,-0.011900102369991061,-0.013185213763016734
2024-03-10 00:00:00+00:00,0.002351001709733236,0.00722391530164157,0.006705463768114317,0.0049519438230491986,-0.00046733073089122446,0.005169711790138809,0.003363447302552114,0.0031710867782013263,0.004268782585605813,0.0010114328103285608,0.0014452065469452435,-0.0024754950297153355,0.008152116000906595,0.0016128672103075115
2024-03-11 00:00:00+00:00,0.01241815994647033,0.014270908965090312,0.013357669193674315,0.012239342847396584,0.014727680842271162,0.012379957671447617,0.013772651629253563,0.012468796558778195,0.013871472893086434,0.009137231605614415,0.010545269682199265,0.008050506673384028,0.011590119019163403,0.010069298006269767
2024-03-12 00:00:00+00:00,-0.004937283761168643,-0.005856565202125741,-0.005796190713291183,-0.004486645764894215,-0.0038951320997840932,-0.004853722244812619,-0.005643106749385618,-0.005088072822103218,-0.004234581406126425,-0.006534322850593743,-0.004557733929332675,-0.006129363723428205,-0.003304708657308919,-0.002809133391209584
2024-03-13 00:00:00+00:00,0.004251047792338758,0.00520288500018129,0.004830502263518666,0.00609730364041261,0.006404227781440008,0.00579680102394331,0.007852107753025805,0.0037375645416743986,0.005105715070393035,0.0013262042815052055,0.0007748709046793145,0.0014214555385361205,0.00833895019521358,0.007311404184953574
2024-03-14 00:00:00+00:00,0.0006232650173525478,-0.00048237308567811166,-0.000961492334131675,0.0010411936894525464,0.001289403761856045,0.0008610832232718302,2.127719613764789e-05,0.0008053513650716493,0.00027540932594805057,0.00035836203119576915,0.0003276493977035777,-0.0013020439301528741,0.002637006038485712,0.004789972430113032
2024-03-15 00:00:00+00:00,0.006727059778925959,0.008583073802004293,0.008016034414707107,0.006345058704994244,0.008063710753425601,0.010783379492686151,0.007656388529148517,0.00854761387127656,0.006596710962629482,0.001323690773852304,-0.0006024800741976089,-0.001403550783834917,0.009621778379721224,0.009062386407327816
2024-03-16 00:00:00+00:00,0.0028146989588644367,0.003705615765544845,0.003676758206860864,0.0032837996152674798,0.0016781202133451245,0.0034529879944342756,0.0037577559578865216,0.004293738579339346,0.0022778555690585733,0.005132366648462172,0.004489772274753889,0.001919364649590971,-0.0016081864463143303,-0.0017146864116551752
2024-03-17 00:00:00+00:00,-0.001045057441566355,-0.002066020242436517,-0.0020603808131739454,-0.0029865727685054466,-0.0004713087088422663,-0.0030515238713435533,-0.0021091043351813,0.0010627658830046904,-0.0038659025211603693,0.00460366387043698,0.006126579401489973,0.006111368327681221,-0.0041286806763091155,-0.0009112880182766681
2024-03-18 00:00:00+00:00,0.00791850022599494,0.009332274845452515,0.009414174265507391,0.009491716346322843,0.009049468093108581,0.009766953912890841,0.008615105711733184,0.006704865351686573,0.010851112565154919,0.002524831697102714,0.0023744872000848183,0.001201392575175042,0.010734481058050527,0.010075713429233524
2024-03-19 00:00:00+00:00,-0.011977510640148292,-0.009593039034313078,-0.010082572993340366,-0.008179485310803258,-0.010876203015457775,-0.010490597059881868,-0.011445203012835137,-0.012750426160538009,-0.008389129012294716,-0.009169295273962375,-0.008884392799837992,-0.006874241936220771,-0.008200811260949625,-0.009810176040270902
2024-03-20 00:00:00+00:00,4.975233744541896e-05,0.0012268195229303558,0.0008160230434379745,0.0005872054825062367,0.0004690087968475254,0.0005144821999207849,0.00106597395082475,0.0025305294952062685,0.001226930249292657,0.005509967052090392,0.005369935539612625,0.004581480131405025,-0.0024049183629610837,-0.00024017089882266696
2024-03-21 00:00:00+00:00,-0.0018567605971079315,-0.0028426974352437906,-0.0028481739970419584,-0.0016038537332826452,-0.0022129294430063284,-0.0020811156788578256,-0.0012879372710484782,-0.005464497889947295,-0.0010436517271058543,-0.003073577312659892,-0.00454564183848627,-0.006343572209868031,-0.003836816709313684,-0.004359229782696539
2024-03-22 00:00:00+00:00,-0.0019705270091489036,-0.0009901061968274893,-0.0011003978410376591,-0.0016595822147930095,-0.000868672157424144,-0.0002509060357448467,-0.0014536060859535738,-0.0013986298065926661,-0.0008277334768593825,-0.0015310138301553033,-0.0018431965956787755,0.000190376080765553,-0.0008540978181983405,-0.00019572328241734827
2024-03-23 00:00:00+00:00,-0.0012957519144299878,-0.000975218973170211,-0.0012756802969061676,3.496209756770341e-05,-0.0040685491706401455,-0.0025278982813751183,-0.0032325280449706506,-0.0014346305482128008,-0.0018255023944730997,-0.0018882314841957015,-0.002362689967048359,-0.004904913464860328,-0.00120555180764359,-0.0019816953304176987
2024-03-24 00:00:00+00:00,-0.0036696582094448704,-0.003079951889253474,-0.003074588201557149,-0.0030873278759490086,-0.0025174174049893416,-0.0024331157257254654,-0.00302655547151065,-0.003860234217481162,-0.0011500294619221085,-0.0004573713920525968,-0.00041382689052860133,-0.0008064434341554794,-0.003524778451230004,-0.0033124341486231446
2024-03-25 00:00:00+00:00,0.0007917870030942353,-0.00022802344598826796,-0.00039973383524816164,-0.0006289840607647257,0.0012057876610844787,-3.264987028328559e-05,0.0006435162289848417,0.0016432549162110899,-0.0013284909569101222,0.0024363213797020666,0.002688864986768902,0.0042673215834021505,-0.0005202663278169872,0.000272807817123466
2024-03-26 00:00:00+00:00,-0.00087994704853811,-0.0016431999471762104,-0.0021300569212120424,-0.0025254957401323885,-0.002609260689867776,-0.0010403717375869759,-0.0006104392788331969,-0.00044521092825888786,-0.0013708218342677325,0.00036418870057897124,0.0004834562929671993,-0.003587833156735387,0.0006109836995205065,0.00036373753937213316
2024-03-27 00:00:00+00:00,-0.005569234721230498,-0.003709181588451904,-0.004059286013506025,-0.0040390659309677,-0.006673541219399559,-0.004904668009588775,-0.005945771250878806,-0.006569077691381375,-0.0054110797910220665,-0.003368377689076607,-0.003181213623246193,-0.005551460494910732,-0.0018098688674441643,-0.0029848266963257153
2024-03-28 00:00:00+00:00,-0.0028868806352523313,-0.0034306831555191986,-0.003904233254396261,-0.0035910836830193027,-0.003338802612955716,-0.0038105096778735525,-0.003955372675389812,-0.0037169153395548715,-0.0031479756526987535,-0.0009029022949811338,-0.00034728279802065387,-9.932670461787474e-06,-0.0028640851140522283,-0.0027276762188866988
2024-03-29 00:00:00+00:00,0.0073916690250688255,0.007472075288247115,0.007287112772357496,0.007358964810235236,0.0066843654378627715,0.006944819421487836,0.004909682235040735,0.006834809771385286,0.008672419367685924,0.003541297141533395,0.004126771851493238,0.0030659352632360637,0.007572832513517813,0.00629117649871791
2024-03-30 00:00:00+00:00,-0.0016270420585727807,-0.0031971269778150457,-0.003556929536332798,-0.003135820090146013,-0.0011559488928863937,-0.0026010716042899062,-0.0010877820002770378,-0.0021383782246122696,-0.0033218494576932045,0.0014940346215677192,0.00026514974220215315,0.0023617179783768094,-0.005009192558125153,-0.0026292254163979845
2024-03-31 00:00:00+00:00,-0.0009768245122021568,-0.0017724626232502594,-0.002533304950357307,-0.0032220080897557013,-0.0021249796392058817,-0.0027351243364344136,-0.0014273353781518727,-0.00025302032283180953,-0.0012237090010899232,0.0004913610413526115,-0.00017503945655505948,0.0011192253729574997,-0.0012428657684188105,0.0015437530233233243
2024-04-01 00:00:00+00:00,5.59236297497101e-05,0.0049734690054852315,0.004641789274828723,0.0067332379335742765,0.0015072934212285727,0.006191998370120855,0.006185707267689411,0.003040172947003983,0.004569746624433213,-0.0011858459845843772,-0.0007720866137017612,-0.0015887096966362702,0.003663585990755003,-5.221234201990832e-06
2024-04-02 00:00:00+00:00,0.00413504783575247,0.004489297243012835,0.004049037957525314,0.0035726114190337555,0.005761234815287786,0.0034192542516124913,0.0035571632037008083,0.0036110391138788334,0.0035374831788375083,0.003525650364361921,0.0038379851659327002,0.004073163941186619,0.0035830569956205593,0.0036926273580561997
2024-04-03 00:00:00+00:00,0.007823407799240956,0.0076450447073914685,0.007997635913150836,0.005990751652007464,0.00790330255527727,0.008101208297996099,0.008689188318381724,0.007277922385212632,0.008641046621032933,0.006506480219207855,0.005768974152009276,0.004079080659168399,0.003936855064502254,0.0030382326220737
2024-04-04 00:00:00+00:00,0.0048080121609217485,0.005348133964368396,0.005154270840738606,0.0045461679212570605,0.004626273994134511,0.0043378249636514266,0.005040168041747339,0.00544928628072161,0.005509939287777321,0.005019244867613626,0.00632519203073989,0.002474388909992964,0.005534420326071654,0.005525275226015758
2024-04-05 00:00:00+00:00,-0.00038217581017241375,0.0016714342058101739,0.001692629584744365,0.0016324870047108586,0.0002527938723033696,0.0015982788358219757,0.0010512651453318256,-0.0006370921736515989,0.0029771766619060003,-6.451882405800191e-05,-0.0015849085002735963,-4.450911693443249e-05,0.0024929352335592014,0.0011103204764997265
2024-04-06 00:00:00+00:00,-0.00042267499501635886,-0.0028929429024014963,-0.003025671798510543,-0.0027887056346777017,-4.183831886261924e-05,-0.0026031886111098634,-0.0012209233553293064,-0.0011390168367865217,-0.0033340811237371204,-0.00041694551929571944,0.00033306627036311376,0.0016172008253818593,-0.0032292243543655674,-0.001748735539843116
2024-04-07 00:00:00+00:00,-0.005408498017253849,-0.003971693398147624,-0.004076880828083662,-0.0037157695244011135,-0.004952033697739888,-0.004047111635855916,-0.004441253792340727,-0.004958993543429435,-0.004392615279950829,-0.006864846249650225,-0.004954091199366628,-0.002812898977054057,-0.004429745086494075,-0.004204844955178366
2024-04-08 00:00:00+00:00,0.002968770829677725,0.004033919905650052,0.0037723584714484115,0.0035002011377582853,0.0018635922385463743,0.00405529722711262,0.0037992296689626226,0.0033275629193072476,0.002472209604033493,0.006249070779135835,0.004934332373964345,0.007819129065488095,-0.003291577061450446,-0.0036671208883322093
2024-04-09 00:00:00+00:00,0.006453965631622927,0.008298379637450948,0.008035376949210526,0.006752276123719092,0.006999930632370477,0.0074513290011599675,0.006585154729344511,0.006680264154119486,0.006816184814992576,0.0040047321346814435,0.0038850939623209513,0.004415329196619355,0.010219988350035347,0.009490400553547884
2024-04-10 00:00:00+00:00,0.0008691690344118097,-0.0006339431886980273,-0.0008146505383914704,-0.0013688547763115455,0.00038692267804085745,-0.0017432187367073526,-0.0002840305815045019,-0.00033653887437345986,0.0008048532363786887,0.0004047370789861393,-0.0008974762712657958,-0.0001715368934464001,0.00045171008303301896,0.0015576998889770266
2024-04-11 00:00:00+00:00,0.002758290054847512,-0.0002587748969241632,-0.0005974833114942291,0.00015662076016420556,0.0018139067210494186,-0.0009873378491841445,0.00023071534832519447,0.0019511746911866634,-0.0015471768983044143,-0.00012266345136502377,-0.0020147830171481917,-0.0009603818210837112,0.0008317110428897045,0.003083132220563556
2024-04-12 00:00:00+00:00,0.008755874496085614,0.011044290868653217,0.010194493132799742,0.014512025304329157,0.01742549384007508,0.014193331188320002,0.01937504647343191,0.00883927965203024,0.008471528446027943,-0.003385089496544813,-0.005476121979944515,-0.0019358052249766056,0.014333961821234364,0.014191518386294177
2024-04-13 00:00:00+00:00,0.001939271922711816,-0.0022158335904760573,-0.0032986971608398585,-0.0026231057740511154,0.0011016923481097507,0.00034565489700999485,0.00019490784769282676,0.0023163979775930876,-0.0016327626148128216,-0.0016203331529566212,-0.004586639581072416,-0.007804700169342427,0.003556226970818477,0.0009679497291301686
2024-04-14 00:00:00+00:00,-0.00823869042623504,-0.007305037324179975,-0.0078532268307977,-0.0053663005026689525,-0.009152125993700966,-0.008011623844859206,-0.009090013240934836,-0.006744098646118246,-0.0069923594186197535,-0.004425977735935893,-0.0016066393398671552,-0.004390811645780812,-0.010334568939721622,-0.013228295485955055
2024-04-15 00:00:00+00:00,0.010755294665988568,0.01046309937732004,0.010329616603268255,0.0074337060569966695,0.009547536945717194,0.007769989945349165,0.010571871439063685,0.007857047663985872,0.010461295015834482,0.009913722205012743,0.00811723091824823,0.01005391461861449,0.006072352019268257,0.006035897282073099
2024-04-16 00:00:00+00:00,-0.0056410586258500706,-0.0033204417289507404,-0.0037643481859639394,-0.0030211323765668707,-0.0037486581309346123,-0.0035769644793802735,-0.003149493225931166,-0.0042320583268673495,-0.003688813743643604,-0.0069228630079110065,-0.007811866059317829,-0.005948708992674412,-0.0029197830768303845,-0.00276226943979474
2024-04-17 00:00:00+00:00,0.00017625696771572663,-0.0032755849941030757,-0.002441154750333352,-0.003761925925915399,0.0010546280888401594,-0.0004230066440928937,0.0003751053526215298,-0.0005764226251619986,-0.001392626032451827,-0.006295163426764727,-0.0042886861561732825,-0.006558790804172987,0.0003879042065992877,0.00303782305965572
2024-04-18 00:00:00+00:00,0.00286588435809354,0.0038979533384886356,0.0031554334847962995,0.0032636174139673013,0.0023686245295677644,0.0018740393639984365,0.002521999489103033,0.0017786991895447635,0.0031637816234393323,-0.0003706992853755864,0.0003400359747902648,0.0014545154906848712,0.003003985598314385,0.001367769951945208
2024-04-19 00:00:00+00:00,-0.010728887014726407,-0.008516435625506635,-0.008115593647987196,-0.007687007421355085,-0.009845025615107028,-0.0070920253310996495,-0.008511028890409444,-0.011497175187654585,-0.006907608070836457,-0.00806372479994888,-0.008797937215011764,-0.007754422684439377,-0.0045206879994723614,-0.008423391114220746
2024-04-20 00:00:00+00:00,-0.021165670053195695,-0.019346063483314246,-0.02008874940028038,-0.020930873565888963,-0.015662750073250575,-0.019908981108452628,-0.01687205233088529,-0.01997621642026992,-0.022712906659507426,-0.01880586856154165,-0.018985356772109996,-0.020227382164960228,-0.020116105556971076,-0.023040945229623078
2024-04-21 00:00:00+00:00,0.0010864492440372242,0.0008207831107791552,0.0008717949455852025,0.0008183510085824075,0.0011959198401614302,0.0013918755076833822,0.00155808249565359,-4.494054213877163e-06,0.002766434981233301,-0.0026256330859614208,-0.0022024294469463745,-0.0016374415141284793,0.004184823711163466,0.004410604433009668
2024-04-22 00:00:00+00:00,-0.0031213653117334594,-0.0020429989753937283,-0.0026298536276375684,-0.0016016445515051325,-0.0028387374404115207,-0.0028818729857942316,-0.0014433740926880212,-0.0023621269166733683,-0.0009758916489949199,-0.0029916893785141285,-0.003630644494477475,-0.0034379987482616725,0.00303050196712773,0.0013836341702615496
2024-04-23 00:00:00+00:00,0.007955624507270942,0.004108682865125113,0.0037958387099474855,0.0033847334053465072,0.008099113348865261,0.001712973254476946,0.005370366600108589,0.007042445586527668,0.004696360789146592,0.00506168462962675,0.005764378965996242,0.006007957795851837,0.0017414964711237602,0.003466797727454285
2024-04-24 00:00:00+00:00,0.008018084803028236,0.0021586395081414356,0.0020979493315129716,0.0033883203059765776,0.006682652261316369,0.004073506275929395,0.005349470422857383,0.006139793806671845,0.003919754556039878,0.004157155318784245,0.0046632331278115835,0.005273898676477096,0.004226997780764963,0.0063597529426180355
2024-04-25 00:00:00+00:00,0.0017946097226708702,0.0032783987986222396,0.003099308444623361,0.0029540895127329048,0.0006951013924827443,0.0025390777840939016,0.0017998450736376181,0.002683866810847757,0.003405616765390196,0.004360536415039862,0.004140328603263965,0.004059725889868027,-0.00038801508178032407,-0.0010740314726008782
2024-04-26 00:00:00+00:00,0.010519454702014652,0.01058364558676339,0.010325435337834143,0.010590374491496801,0.009546974417290466,0.009756625950136488,0.009436187150125175,0.00933996616846855,0.010171223037195087,0.006357051785268242,0.00546421090021032,0.0027211352390472676,0.008114848824554599,0.006811123029532462
2024-04-27 00:00:00+00:00,-0.0005862268613715527,-0.0026020734979249616,-0.002850175059955995,-0.0019266051954400787,-0.00021898117228003056,-0.0007193479902588562,-0.0014632064807508227,-0.0002236807867148638,-0.0004170251397860314,0.0015687902126877429,0.00017318151882284027,-0.0008486231240629749,-0.0022617802150823874,-0.001921194142625593
2024-04-28 00:00:00+00:00,-0.004566653630898809,-0.0013734219117681468,-0.001636257549077036,-0.0017231835836838405,-0.0030034229601637596,-0.0025031449324111055,-0.0029820561689488656,-0.004011380782562135,-0.0009937537440601885,-0.0008525583661413982,-0.0018183602941561627,-0.0018725480627151958,-0.0022360040915662127,-0.0028508169850899323
2024-04-29 00:00:00+00:00,0.003556313438529246,0.003852658629711625,0.0031888290987089896,0.0017901671811861863,0.003413103904179815,0.00264264588104135,0.0036867414776564633,0.003895956588911398,0.0012793794163583616,0.004528045575440398,0.00441686562739263,0.0024617746487318737,0.00010053905983919975,0.0009718343265507912
2024-04-30 00:00:00+00:00,0.012240078643893648,0.009882527738859226,0.009686589343463448,0.009752210789256255,0.010251842289525248,0.009139989365394285,0.00813837221652447,0.010893041280898297,0.008445076049474975,0.01040956442588481,0.009695924497711728,0.008396255520286333,0.006041514511049062,0.006801370251189542
2024-05-01 00:00:00+00:00,0.0007321056327291853,-0.0018528831920322508,-0.0018108138831656184,-0.00019942843901621377,-0.0005168187463419072,0.002097380404348703,-0.00028229791482492494,0.0008066120640148888,-0.001113488486568115,0.0006584873581103601,0.0006845196915523655,0.00020600285056837642,-0.000692088774423727,-0.0004109916998109586
2024-05-02 00:00:00+00:00,-0.006111835392634712,-0.002990709114497725,-0.0032656743402997845,-0.003067976309232834,-0.007354379735349248,-0.0044570195822525305,-0.00319274437399919,-0.0020531324927626216,-0.004169756725127316,-0.005695699787675923,-0.005320295496952676,-0.006545106702011361,-0.0021678879384161576,-0.002884137914594964
2024-05-03 00:00:00+00:00,-0.0040998496833700715,-0.0006635394165486197,-0.0005701127798859451,-0.0012491853350630189,-0.0011112889047283359,-0.0014407493893480172,-0.0011265349195854757,-0.0017011566545797052,-0.0036967786797047486,-0.0015033621370430517,-0.0021725129923921838,0.0006722302766553057,-0.003748550723876587,-0.005374020311967098
2024-05-04 00:00:00+00:00,-0.002655102448222535,-0.002439862556459005,-0.0028029910955087445,-0.002113205205902413,-0.0018973676508006188,-0.0018686823578450973,-0.002563355221284591,-0.0030452664483051617,-0.0014761413425625758,-0.002006576049406683,-0.002404302367615352,-0.0014119280786600852,-0.0008507824027893518,-0.000739373359144424
2024-05-05 00:00:00+00:00,-0.0024338173947974218,-0.004536879122632342,-0.0048242100564658275,-0.003971765531083138,-0.002507199844438368,-0.0033294684941551633,-0.003001681868979089,-0.006245071096453891,-0.000987762055641217,-0.0046408997522665585,-0.005193865808673759,-0.003319548802386607,0.00011490827939542037,0.0011612922401380565
2024-05-06 00:00:00+00:00,-0.00035217697173228757,-6.262874277096486e-05,0.00011460673440000235,0.00030596195989085473,-0.00036482517265301606,0.0004732641468025989,0.0005125539963291015,0.00036991317457868433,-0.0005717170698846807,-0.00114125744948268,-0.0022971316231263916,-0.0011518750349175377,0.0010606117643947588,0.0007764355186119509
2024-05-07 00:00:00+00:00,-0.0007017598250551593,0.00030357972364747354,0.0006023313467606872,-0.0004957902048350338,0.0005324883924495705,0.0009307739502124601,0.0011834495249898325,-0.00015758634722506937,0.00040313714818895896,-0.00044440118127042627,-0.0019399933095659572,0.00021153938080087364,0.0007945258769852526,0.0008445472277585075
2024-05-08 00:00:00+00:00,0.006276841137556666,0.004638545776952663,0.004720114318053303,0.005701770884879442,0.006638025556419569,0.0056463958263566205,0.00697552430733972,0.005445236065142689,0.006407156858206475,0.005400547714506043,0.004684407262492307,0.005058467954734747,0.006708583555343983,0.005570627629284397
2024-05-09 00:00:00+00:00,0.0008059535405726681,0.0013895501806058252,0.0013640370258138912,0.0022129711813394515,0.001673005003418826,0.001999310324954484,0.0008293424975167607,0.0031107225638800085,0.00015218951275719483,0.004819242956393133,0.00324542980668574,0.0043776046744934405,0.0010519272795495027,0.00045282555966386084
2024-05-10 00:00:00+00:00,0.003565660040904417,0.005337144163563012,0.005382001019736737,0.004716785963670089,0.0043300043670830846,0.005133665021298528,0.0033573462520959385,0.00451471008393467,0.0038789365110545315,0.004773645451842556,0.0048029201467361116,0.00595190935496781,0.0029079942878051934,0.0028040132809283858
2024-05-11 00:00:00+00:00,-0.0036885873605039254,-0.0037443701605917035,-0.003540338511840657,-0.003536070662987334,-0.004192797882006327,-0.002992562333554938,-0.0030323135894144704,-0.0038262164171579682,-0.004583795129167845,-0.00395894750137793,-0.0033419996422503484,-0.0027497569100520813,-0.0031783919103254288,-0.003331779712764882
2024-05-12 00:00:00+00:00,0.000870735585678073,0.0014094582146109147,0.0013528359473440332,0.0008080413009892151,0.001120540163679351,0.0019709420691320645,0.0010079987565028148,0.0005000286129233089,0.0015252691174811872,0.0010974154303364791,0.001015843656177129,-0.0008397603596772552,0.0034810023022382452,0.002942043737941491
2024-05-13 00:00:00+00:00,0.010143293840170653,0.010923186142349106,0.011068960649316395,0.011002691822892485,0.010396538652719611,0.010708793126179561,0.010860353450520055,0.008620099319856855,0.011366390203986443,0.008639168903870065,0.007564608046922938,0.007477612628556729,0.008649166608421188,0.00871310505578915
2024-05-14 00:00:00+00:00,0.0022135737877091444,0.0021563058273594837,0.002107609945353417,0.001555280104912793,0.0021099360283785007,0.0019984036060471944,0.0019343588024698377,0.0013386429007380407,0.0025330350346048913,-4.249025797253836e-05,-0.0013282551923695651,-0.001404234321529474,0.002430796678548175,0.0035426166831828976
2024-05-15 00:00:00+00:00,-0.0013462448320933351,0.00026701075837531896,-0.00010770039709540047,-0.0020628852885797855,-0.001363404408683544,-0.0002345435505964888,-0.0005723892000877306,0.00014397905360419294,-0.0005625764433372371,-0.0012836746620975559,0.0003612032210720262,0.002125132506817451,-0.00011630310671373323,-0.001111380301927034
2024-05-16 00:00:00+00:00,0.005128541545502907,0.0047931607606255255,0.004461776493666525,0.004974570002620249,0.006690822355387871,0.0043762202705937,0.005795786548178583,0.005144886432646212,0.005037417287409918,0.005106399475673262,0.005016348512362212,0.0043853483839326746,0.00479842952437437,0.0057120367657952364
2024-05-17 00:00:00+00:00,-0.007453854846764529,-0.005283264325629533,-0.0056505934594744955,-0.0067324557902664894,-0.007582288378887525,-0.005631382091155546,-0.007309549351412925,-0.006200667377528668,-0.006477498747524013,-0.008419921404914654,-0.006835379618546744,-0.007952967021122248,-0.005635583885503337,-0.005642519098717935
2024-05-18 00:00:00+00:00,0.00039523403636532173,0.0006357284976699074,0.0006537779778177377,0.0011546462974696414,0.0010025720016051398,0.0006849723229520599,3.455159895771054e-05,0.0002663837754866005,0.0014186555599871031,-0.0006941051429094625,-0.00036746876965365605,-0.0010166078745214024,0.0013055402062707167,0.0008087670810132952
2024-05-19 00:00:00+00:00,0.006739269539647319,0.006067462651376143,0.005943368884705924,0.005293516798006159,0.006450986052166208,0.0059999185521553144,0.0062957755189301245,0.005382065892569843,0.005272562471732023,0.00458560636123817,0.006067693547859854,0.004828864329621263,0.0057016457767149475,0.006170505488673594
2024-05-20 00:00:00+00:00,-0.011590548482519836,-0.0074491280102643165,-0.007173688162146252,-0.0080805127235406,-0.008454915278461317,-0.005852051666202507,-0.008449229510678169,-0.00839995305495922,-0.005785901719046693,-0.009231870790159524,-0.0069694574346604865,-0.008377909923119597,-0.008125107619566085,-0.011468380443337978
2024-05-21 00:00:00+00:00,-0.01191878410084335,-0.01085808919013631,-0.010749301783614662,-0.010742008995183627,-0.011198176411535976,-0.009799371218357389,-0.011280836308892095,-0.012532049330630235,-0.011405946821044788,-0.012274657762034957,-0.010416821035269641,-0.012722626427025707,-0.0067746984620337125,-0.008806607978381953
2024-05-22 00:00:00+00:00,-0.0065631630008911035,-0.006717522090055383,-0.006615855887889377,-0.007410929059643245,-0.003960191107013178,-0.004451598550122338,-0.00488092468521395,-0.005500650954014197,-0.007759388626316754,-0.007640069922211001,-0.008426357052207956,-0.007003801519389841,-0.0018854384485038622,-0.0014564089574093941
2024-05-23 00:00:00+00:00,0.00041493770682410336,0.0013661178281272335,0.0017608146732424057,0.0009208385365719884,-0.0004995521026551764,0.001349156455885625,0.0002987613188127902,0.0002992455203083555,0.00028113567451248933,0.0030033558304476404,0.001965821814625013,0.00491063940691383,0.0018208285715428651,0.0013455754503453043
2024-05-24 00:00:00+00:00,0.0011174608877648762,0.0015201120756833664,0.001308076678450787,0.0012933486294310903,0.0016721345064047988,0.004055003800547574,0.0034540733774173216,0.0014004975848616041,0.0014914226937887687,0.0027575456084976135,0.004614514098425504,0.003650786830246,-0.00044350667512138564,-0.0016898035872053851
2024-05-25 00:00:00+00:00,-0.005744735977899373,-0.008289268567511776,-0.00902242634795103,-0.008557475268684112,-0.006185248431578083,-0.009096237006033125,-0.00764788034882713,-0.006161567436057447,-0.007669955434899567,-0.003106787318561288,-0.0013763969255798925,-0.0028144562126334316,-0.012343161018136817,-0.008437528986723453
2024-05-26 00:00:00+00:00,-0.004062575486863285,-0.0042346275128796185,-0.005118221388467403,-0.004430180408538709,-0.0037809448684207325,-0.004998711027669134,-0.0038404888501671897,-0.004016492978034081,-0.003961814193613855,-0.0012362042736107082,-0.0006310868814844994,-0.0008306954903668506,-0.007314695492066758,-0.004589204577537198
2024-05-27 00:00:00+00:00,-0.007984717267899288,-0.010843082493750655,-0.01076431968904279,-0.011270453305234462,-0.009317148637385975,-0.010617069801448942,-0.010251587075060131,-0.010626284062669522,-0.010416162197358192,-0.004975953677402889,-0.004816392282586679,-0.007561293525169099,-0.012094935173501353,-0.011238979425916229
2024-05-28 00:00:00+00:00,-0.003975230919979755,-0.008849279104635177,-0.008862545355099893,-0.006728625328638493,-0.005035111851425911,-0.007616383153685957,-0.007034722913869196,-0.006881011371897672,-0.006391970487692911,-0.006653356173139002,-0.006228030148209607,-0.007801715768019912,-0.0030842739817597,0.00037627576662413453
2024-05-29 00:00:00+00:00,0.0015027511483423073,0.0026760997772512507,0.0025268351350244966,0.002313968545367917,0.0015987152098657642,0.0016797200502012277,0.002298794450193764,0.0018522687423856432,0.00372476062160354,0.00039875422896096246,0.0025861678685448197,0.001021356236056814,0.0034122471003512622,0.0009596069318600353
2024-05-30 00:00:00+00:00,-0.0017037978334040194,-0.0012780464753626708,-0.0018925359480579385,-0.0023963750061533062,-0.0038005472896553982,-0.003501857999138158,-0.002979212695254474,-0.0004216152258356143,-0.0034157266909505823,-0.001427894371977878,-0.001145592170940235,-0.0003605907507560069,-0.006767755504069606,-0.0050490183879439154
2024-05-31 00:00:00+00:00,-0.0015705219687806027,-0.0020879691061925776,-0.002231043504561936,-0.0023786543792649883,-0.002765391676657014,-0.0027346241845246366,-0.002449700609195471,-0.0015000620379371776,-0.0028494746097948997,-9.278832922876568e-05,-0.000540099075777456,-5.111536346735779e-05,-0.0011669217186393022,0.00018772885541706863
2024-06-01 00:00:00+00:00,-0.0004929038126164631,-0.0014366232277301938,-0.0013483361727910648,-0.0008620055972994312,-0.001146189471224024,-0.0028228063537241166,-0.0014359823631741042,-0.0006796116128120477,-0.000804551253547614,0.004434774627732008,0.005534972609036126,0.003290996074934771,-0.0019738632552853685,-0.001497258559234771
2024-06-02 00:00:00+00:00,-0.00021440988686216578,0.0004951070089904697,0.0002650525806395798,0.0007643039875528945,-0.00013273935118518487,7.114500581262284e-05,-8.926498605810185e-05,0.0022443829571809903,-0.0029355074764740863,0.007018250869739395,0.007201177961830174,0.005277203582404022,-0.0035893772287423076,-0.0037740779564372495
2024-06-03 00:00:00+00:00,-0.0010354048185720055,0.0002459113030019999,-0.00020660565676922094,0.0007012081739385945,-0.0010468561423853107,-0.00032296092259198605,-0.0012880336468839015,-0.0012599539117293945,-0.0002629393218950282,-0.002030519689327992,-0.002839138775781458,-0.0025544990516684907,0.0008140836092591641,-0.000983556594418844
2024-06-04 00:00:00+00:00,-0.00674187347846289,-0.00887574806296565,-0.009676474343157104,-0.00846763955427432,-0.007108398098258917,-0.009644166291544076,-0.006902246974288873,-0.004888708147179344,-0.010132029480304672,-0.00986919592197888,-0.008883880096300811,-0.012646874001982056,-0.006826072764171132,-0.0029753860739143434
2024-06-05 00:00:00+00:00,-0.006547805206493118,-0.00678871285751248,-0.006846589490495325,-0.006941232072828374,-0.005517103627297404,-0.006375024141932584,-0.005132251341430472,-0.006295089831690137,-0.005990713098939393,-0.006092255947294345,-0.005878553725639946,-0.005241209426038451,-0.004621437938272077,-0.004019852417762704
2024-06-06 00:00:00+00:00,0.0025114048414527357,0.0017600051169157638,0.0017546385249804786,0.0021844644444779515,0.0022308086016669115,0.0016117135861084542,0.0016227579274219472,0.0028333968693803335,0.0017491367463879914,0.002340840488078033,0.0033022369693254117,0.003472134392022763,0.002128472467550546,0.0017465497725530632
2024-06-07 00:00:00+00:00,0.009987733309139601,0.010957244073510841,0.010841865828485009,0.010923074089060236,0.008947417491793841,0.011852135240964845,0.011708569297417704,0.010159635792032828,0.010027855838232513,0.007430220085806738,0.010827541495445958,0.007104030627248292,0.01226021077513506,0.009682410151548693
2024-06-08 00:00:00+00:00,-0.0006684139659751676,-0.0003200583601876694,-0.0001891715202309019,0.0004184093917829479,-0.000972141270312088,-0.0024206246725463343,-0.002355756256861685,-3.194261353456351e-05,-0.0005854616351312902,-0.004611074575424756,-0.0038834066549883195,-0.007313719280560682,0.001048694253097393,0.0015358611503444308
2024-06-09 00:00:00+00:00,-0.0033360881606125936,-0.004204364366543256,-0.003719055364622692,-0.003829336704154418,-0.004778321559922527,-0.004154624813946017,-0.004293236847639603,-0.003857958931426153,-0.0037674359743226082,-0.0016473660692887249,-0.0012379436166892743,-0.0028020477771063534,-0.002320086275943156,-0.0011111264897075701
2024-06-10 00:00:00+00:00,0.00135712510869479,0.0012103711149724639,0.0011797286263361961,0.002064515447885995,0.0009405750096915799,0.0004520672351040478,0.0003698981653887934,0.0003044449548084138,0.0010123686003873367,-0.001771437218259897,-0.0036797408339150905,-0.003187877688429097,0.0035642326245874933,0.0039554357065456625
2024-06-11 00:00:00+00:00,0.004511014699851046,0.004408881105032902,0.0045098224752240235,0.004293567409336507,0.004344898800916042,0.005281237231784752,0.004431066837790265,0.0033900538771229893,0.0048218664495234265,0.0024481969430421024,0.0024173925429888943,0.0005571107521011864,0.004326362880392898,0.003243590400816343
2024-06-12 00:00:00+00:00,-0.004310761555354037,-0.0029517159145779903,-0.003467957849865533,-0.0043463036486978135,-0.0021972521298151415,-0.0016607786748299436,-0.0025461752879808452,-0.005580183452140841,-0.003770516717421901,-0.005581302407751565,-0.00493642618404222,-0.005481545438129176,-0.006017673973342297,-0.008279800171660079
2024-06-13 00:00:00+00:00,0.005369067695850216,0.009305644049895312,0.00943629308577476,0.009351165451224164,0.005776428332068484,0.008778714724897885,0.006708970607638198,0.007419882033793845,0.009229635210488585,0.005772120945455761,0.006557333425355916,0.006295958010077873,0.008470172383690855,0.007520884279273554
2024-06-14 00:00:00+00:00,-0.0003703871042383122,-0.000612032838712695,-0.0011749721280233105,-0.0011943127461928604,-0.0027105807067721033,-0.002056374502300118,-0.0011849343220881048,-0.0020852777525670607,-0.001158612681953608,-0.0008274160055569135,-0.00012181537223854288,-0.00281726485552658,-0.0014297113827507202,-0.0027265396400700803
2024-06-15 00:00:00+00:00,-0.004808927920360029,-0.0027695329528290014,-0.003348694067252689,-0.0034636669782291962,-0.003428199524948994,-0.002260941715518605,-0.0027732734524662517,-0.004626534009083527,-0.0035056158841819673,-0.003597743972528211,-0.0043832195346914515,-0.003736248399397013,-0.0023054073890858007,-0.004685794717562808
2024-06-16 00:00:00+00:00,-0.0024478467013210325,-0.0036003998328485443,-0.0040446683213941625,-0.0035939878122135394,-0.002672590113117268,-0.004213082988111849,-0.0036356403370195745,-0.00272670781897022,-0.004319206591302138,-0.004655084094492334,-0.005182581235064432,-0.005723399270127993,-0.0036875454990379364,-0.002356064089364951
2024-06-17 00:00:00+00:00,0.01370278900171562,0.01727320966665391,0.016626421892540044,0.01534975173904951,0.012761893267248414,0.014552911125753853,0.014089535556528032,0.01617081883244298,0.017008263049925976,0.016705247137765333,0.012155955890619685,0.014006038855835179,0.016844587246016784,0.016230507643966385
2024-06-18 00:00:00+00:00,0.007941529671234848,0.010027744723233312,0.009486323639313898,0.008250431048482332,0.009053206623557353,0.008690568128767673,0.007851304593569308,0.00982791953212736,0.009949470873432897,0.011033335649708098,0.009997127405761308,0.010263349106215625,0.011236313401815634,0.010186343618923344
2024-06-19 00:00:00+00:00,-0.005205898651504004,-0.006242621715128793,-0.006449252326861887,-0.006911618517475349,-0.004828743428266669,-0.005701568311170635,-0.005504038995983174,-0.00629248609076305,-0.006572568403703571,-0.006120347009068716,-0.006516014136203063,-0.006846765253036513,-0.00683123794394469,-0.0041991086663217825
2024-06-20 00:00:00+00:00,-0.00043233362541172937,2.3426040040464002e-05,-0.0001290992588769413,0.0006555442311815263,-0.0006987219247910348,-0.0009599392034342902,0.0002674351581670731,-0.00012006002530695614,0.00029677243191006397,-0.0008107926925556841,-0.0004603258503829144,-0.0006984256417966739,-0.0009035518044723245,-0.0013320113871313488
2024-06-21 00:00:00+00:00,-0.0002065906342273438,-0.000671193646815671,-0.001072986396646547,-0.0013711882458384839,-0.0006765175259039191,-0.0004917794450639557,-0.0006545290753139366,-0.000168262973281319,-7.194236066654369e-06,-0.002185373893832554,-0.002547191695186357,-0.0008851295997484021,0.0009768746727354394,0.0012466653855338627
2024-06-22 00:00:00+00:00,-0.0045975307908382446,-0.003814712368585882,-0.003909087311663728,-0.007417652278884801,-0.008182989102709426,-0.007211715989388967,-0.005944633765572638,-0.004848031437288625,-0.004120972386552291,-0.0034148536586636746,-0.0032454923509818157,-0.007446408186708164,-0.004720821116213636,-0.0020552706606954407
2024-06-23 00:00:00+00:00,0.009306032144428267,0.006624030275980575,0.00635062991981683,0.007277601460461414,0.009530235837640344,0.0059841659291328675,0.00989297190950289,0.006696315111865969,0.007238971953802409,0.007674686327659996,0.00704570178901176,0.006450959452718896,0.005190277501268881,0.006081110167012849
2024-06-24 00:00:00+00:00,-0.013005605245564156,-0.010223442817145156,-0.009553596585201718,-0.010849974747060842,-0.011165815614998742,-0.0098741181698202,-0.011801774751609817,-0.010779755373342081,-0.01087368508762876,-0.018293016365435344,-0.019816149708399844,-0.015295752180299771,-0.007973195877087003,-0.011816457455684493
2024-06-25 00:00:00+00:00,-0.0029819864898097403,-0.0037527500896986643,-0.003946340128880843,-0.003509200420462988,-0.0027361690266745065,-0.0030001361080013167,-0.003506550838815903,-0.0024667663006415763,-0.003539021706840062,-0.0016017345701260233,-0.001882659697136968,-0.0015187388048663042,-0.0051801795650936455,-0.004999667543307051
2024-06-26 00:00:00+00:00,0.006714321170754323,0.003993660896055129,0.0038911720335281785,0.0037134859073855164,0.005746925358394828,0.003452545173369126,0.005057237399068715,0.0050558988354718615,0.004819749383207617,0.004974733570767498,0.0050310863017759555,0.0049087104754972355,0.0045190031058006674,0.008033919626311281
2024-06-27 00:00:00+00:00,-0.00015920564707050389,-0.001257915340368232,-0.0010021878550938723,-0.0022902648879568055,0.0004169943244591856,-0.0008335954455473971,0.0008578915967007994,-0.0013865920779992935,-0.0008270798801224277,-0.0008547764839663685,-0.000784533842269397,-0.000620753783243555,-0.004734150603932452,-0.004237506294179738
2024-06-28 00:00:00+00:00,0.00722046047455116,0.005305531975626776,0.005126878669907242,0.005724031225917692,0.007581288600698954,0.005917240654933709,0.006580796876048733,0.0062627149480356525,0.005370763525466948,0.0036386021797154555,0.003974963378159391,0.0029630684797705698,0.0071870752437976915,0.007751082212815064
2024-06-29 00:00:00+00:00,-0.003540767222973029,-0.0026756497240820742,-0.0026604166224816206,-0.00171967733893863,-0.00218464739761548,-0.0009994316287661453,-0.0012260160637908024,-0.004201690673365843,-0.0027350619571574475,-0.00248104580811237,-0.002365428379736967,-0.002049831971845273,-0.0006854231399852084,-0.001502753668363943
2024-06-30 00:00:00+00:00,-0.004231668155611268,-0.0035951590672802514,-0.004167073838406754,-0.004309056489545271,-0.008108383095696947,-0.004614938115116152,-0.005446101845299034,-0.003701601164422419,-0.004297050159500326,-0.0013550325801316987,-0.0010156000224681438,-0.001657219063962101,-0.0045910078785706965,-0.007852498331489821
2024-07-01 00:00:00+00:00,0.005899422603979021,0.0037417082573032445,0.0038937906826939095,0.003841415990992747,0.005765474752673194,0.0036481503190195497,0.00426251889969298,0.004176780855025708,0.004851352228249839,0.00525443256155711,0.005407534000781533,0.004591104836686011,0.004656547647952758,0.007511484827236847
2024-07-02 00:00:00+00:00,-0.0008136463981638364,0.0006347276796747625,0.00047184501075592244,-0.00025980136221093186,0.0006403726717338909,0.0015298110461356984,0.0007687499314550372,-0.0007324759956046645,0.000671318050913916,-0.0026979731080325475,-0.0025102183057393868,-0.0029641423428526936,0.0011031186878285304,0.0006801862152245874
2024-07-03 00:00:00+00:00,0.005019823365282061,0.006199614409403864,0.006262794251902015,0.006754166205596324,0.005454059338260375,0.007704571936174132,0.006715160453516722,0.006173984629092244,0.006498207489864516,0.003303366893309345,0.003986287669253352,0.003572408022611606,0.008025544089770964,0.005850837683065047
2024-07-04 00:00:00+00:00,0.004705237290404396,0.007363425705305238,0.007751620515498381,0.0063645647692052165,0.005483812618440664,0.007627662513454148,0.006890806063475141,0.008083214269019923,0.003072402872914992,0.004337545635337392,0.002378784011430435,0.002216645915407156,0.012330032288093484,0.010840539575398989
2024-07-05 00:00:00+00:00,0.004551381604201321,0.008212773767596104,0.009642696810463258,0.007845323653350222,0.006257046065717642,0.011296214125278148,0.01065248736552138,0.00974391021078147,0.009291249498202037,0.005475858404473177,0.003164538901631042,0.007450517465454887,0.011847817314413644,0.011376247409011997
2024-07-06 00:00:00+00:00,-0.009381541693376794,-0.01138935014680198,-0.010786463472685748,-0.009572965926276655,-0.01205952744753902,-0.01176866669783505,-0.015036081216005859,-0.008178257665061195,-0.009214831941874224,-0.006098365918526749,-0.0046245474340944615,-0.008674806825526904,-0.015582614967652342,-0.019217671500996958
2024-07-07 00:00:00+00:00,-0.0005778288606175241,-0.0011070679704990871,-0.0014794868183964915,-0.00226529179045154,0.0017100705835388919,-0.00030831844227252603,0.0019548906759763174,-0.0008957501749825569,0.0002518881067616885,0.0020177453192462558,0.0003417186468308575,0.0002863293050920923,-0.0006270783297372962,0.0001080659859955535
2024-07-08 00:00:00+00:00,-0.0001552764677327234,0.0037070492776865027,0.0033769973754802507,0.0049351579690588565,-0.00017273186296917764,0.005827289248584,0.0026886641546342016,-0.0006793193362635286,0.0041908978792608576,-0.0011241398296789606,-0.0026324482112742853,-0.0014525638248471529,0.00631158731405268,0.0028034673839048008
2024-07-09 00:00:00+00:00,-0.0025277419161440218,-0.0007145889373971759,-0.0005088686414264076,7.21145222171149e-05,-0.002932889204760647,-0.00041587314991542446,-0.0019692935964716884,-0.002286906246526832,6.732654705743357e-05,-0.00259068983427313,-0.002607951745613901,-0.0015263631199327055,-0.00016857017029792143,-0.0034931086887156626
2024-07-10 00:00:00+00:00,-0.0011022684405361804,-0.0010940835546205951,-0.0011674915112818152,-0.0018596355614052262,-0.0008627581386091432,-0.001289791678584895,-0.0016342470428322153,-0.0001319499835810145,-0.0011868505297880638,-0.00025680505209035864,-0.001121065666052079,-0.0011723949244810683,-0.0014789070099761048,-0.00034915508113575466
2024-07-11 00:00:00+00:00,0.0073113592226388135,0.008835737653610787,0.008617240788414193,0.009370944025719696,0.006857547923069918,0.0094348536774842,0.007510812179234216,0.006900068569131168,0.007646993923011269,0.0038924715022381484,0.004422913059448197,0.004135133233864163,0.006983868182975472,0.006582726116144633
2024-07-12 00:00:00+00:00,-0.0006067809737293484,-0.0010577090826257018,-0.0011294835449894292,-0.0017326301154755308,-0.00025106748863956696,-0.002041742595126461,-0.001710920791759607,-0.0006691461605734528,0.0003450163271365714,-0.0008996717070457461,-0.0010416125150264355,-0.001431253976389213,-0.0023648136121263708,-0.0004904335922030212
2024-07-13 00:00:00+00:00,0.0039274572598031465,0.0037462979089315507,0.003328378800425247,0.003218857689091026,1.7327340381401157e-05,0.0032170345039777004,0.0024607582016114016,0.002823347649035357,0.003984400108008712,0.0018728871813742387,0.002377749328816847,0.0013658261257021298,0.0071112782689721765,0.005096195713454987
2024-07-14 00:00:00+00:00,-0.0036062321860852453,-0.004954312287094087,-0.005175822168347444,-0.004875070870958176,-0.002168430476670813,-0.004098008863191227,-0.004057440680280577,-0.003682949137354674,-0.0033618018341464717,-0.0028948280461524867,-0.0025726754908551586,-0.002979819256818672,-0.007411856491633451,-0.0070308200834431345
2024-07-15 00:00:00+00:00,-0.011774239549958487,-0.009767844818555527,-0.009120848394228886,-0.009493486173501431,-0.009519049089325216,-0.009957893424745623,-0.010924936388623019,-0.010945346730323435,-0.008053434434170614,-0.009404447592761378,-0.008145448746790684,-0.008419892881097013,-0.008504327555153401,-0.01157599946660326
2024-07-16 00:00:00+00:00,0.005140193040955365,0.0063743440760530845,0.0061062363331017,0.005305141809276215,0.003748998867950215,0.005292752245964261,0.0029008565583974466,0.0047011627990452,0.006532759459266346,0.0005511475195800752,0.0027045723071787986,0.0007032483908122611,0.004730558740521529,0.003910377155948774
2024-07-17 00:00:00+00:00,-0.0044302045829311965,-0.0038684391681895747,-0.003879495614039108,-0.004226043901818133,-0.004923484841761194,-0.0038432709287614664,-0.004919324001587899,-0.0034556883391076987,-0.004392222259674283,-0.004242534185543101,-0.0041321791188776436,-0.004197006311169482,-0.0009949677684298885,-0.0006325792252832585
2024-07-18 00:00:00+00:00,-0.003219675352726492,-0.0022963028204804337,-0.0020923832962909117,-0.001558035902449184,-0.0021079018178474795,-0.0033666560766848486,-0.001737643778305209,-0.0031856723528773667,-0.002712740782246925,-0.001597277788758178,0.00018626295796697612,-0.0005237725397039261,-0.00204665452612518,-0.003023794964589488
2024-07-19 00:00:00+00:00,0.0035642430486244603,0.004122139242930256,0.004424814932287857,0.0031330112519449838,0.001542289203260605,0.00213198625042077,0.003229320472763364,0.004777860501162801,0.0032199465028754926,0.006569730617143943,0.005722287129469095,0.006107535554786159,-0.002813984068852582,-0.000605860790176993
2024-07-20 00:00:00+00:00,-0.0031259326752721694,-0.002386829766307663,-0.0023199400043967255,-0.002996355434415232,-0.004081939920515976,-0.0034952055724042363,-0.00381134353141499,-0.0025381012202189135,-0.0033501423772692718,9.215742718082787e-05,0.00020279337632622685,-0.001273756274688398,-0.004926535732764803,-0.0044293789290978935
2024-07-21 00:00:00+00:00,-0.005966985347666598,-0.007924004609014434,-0.008156769331299496,-0.008155994002769673,-0.006515528745255406,-0.007767566481517774,-0.007509367453260918,-0.00812584945451833,-0.008270400110233389,-0.0034485903600588452,-0.00366930444992708,-0.0034665501809181265,-0.009285498096413658,-0.006187342114827632
2024-07-22 00:00:00+00:00,0.005730195164885599,0.005844512691356218,0.005434447656460284,0.005600431812240236,0.005965983977441303,0.005103407652644387,0.005064776284027905,0.005076156851107738,0.006085854274344271,0.0026222441740308966,0.0020060002205335437,0.0035522467826152315,0.00577213341907834,0.005538558285420159
2024-07-23 00:00:00+00:00,-0.005376343150487406,-0.0023195201654317987,-0.0036546405328343745,-0.0032746052675125537,-0.005543287170967193,-0.0015091219842228165,-0.002638946319196256,-0.005329427342195325,-0.0027162151895534503,-0.00305699004090465,-0.004459625283265489,-0.004612580276475486,-0.0018988808403541668,-0.003935878000923876
2024-07-24 00:00:00+00:00,0.004141411576203291,0.003276493674431391,0.003457600806920702,0.003966251541881016,0.004177456187977269,0.003666449535286942,0.0036862300759985533,0.0052995227623306995,0.003341136122390953,0.0025896050986391472,0.003390886538830795,0.0028074872297512155,0.004854693870449234,0.005420861970204527
2024-07-25 00:00:00+00:00,0.005074645127096877,0.004204837088984448,0.0040905232955554816,0.004243106633975202,0.003941323366325911,0.0038986577229394026,0.003389749936126618,0.004559050713825341,0.004196794917632474,0.0017505061235660868,0.0031540385824622152,0.0005827070450186156,0.005255558245704783,0.005103190394055046
2024-07-26 00:00:00+00:00,-0.005078044968968576,-0.0033245313181644587,-0.004617490101557542,-0.0013692274517758118,-0.00573054961644448,-0.0004773176299484039,-0.0032670611300444907,-0.005306125765963454,-0.002778460976200492,-0.0030042754438607266,-0.0055049100895625536,-0.00040874194497531047,-0.0015531551379808217,-0.0026108838233467324
2024-07-27 00:00:00+00:00,0.0004349001555776777,0.0013944804368615227,0.0007539417074138299,0.001383083446891531,-6.491979248735014e-05,0.0010039077070780333,0.0010568189756254842,0.00013103239562628488,0.002018471124907162,0.00018154622068133897,0.0006617625156937201,-0.0014609654548154438,-1.7660619389125998e-07,-0.0006373349073275358
2024-07-28 00:00:00+00:00,0.003102557972266995,0.004168389085715152,0.0036141447100621615,0.0037857651250601254,0.003336771027211194,0.0037344497698188484,0.003688821987528179,0.002511272472231374,0.004278016628295411,-0.00021845153085287006,0.0007905746157079729,-0.002076471693949866,0.003946348623812268,0.0027457466248779205
2024-07-29 00:00:00+00:00,-0.004256591195396564,-0.002906442602628845,-0.002369790299920571,-0.0020628940647748895,-0.003885036365658512,-0.0014305169780318705,-0.0033199839675094323,-0.0036148293649802543,-0.0035919556999218782,-0.004385894253799205,-0.004098123077032723,-0.003871918398594909,-0.0004130430062377899,-0.002214023884063887
2024-07-30 00:00:00+00:00,-0.0012818790155645354,0.0025111180650478904,0.0021866541068773504,0.0015244125386795204,0.0008252180362315897,0.002867571516654621,0.00217163580701607,0.00027110243965111636,-0.0006669110868015027,-0.002916287529361683,-0.003315370293784037,-0.001459165933940243,0.0027564031575566528,0.0019046181692543573
2024-07-31 00:00:00+00:00,-0.0007548415246574347,-0.0022937630419238575,-0.0029125615096953217,-0.0011643467999304935,-0.0026565745281857955,-0.0015910101471621196,-0.0035348652847001505,-0.0007773464927937068,-0.002085749309342022,-0.000657795830852681,-0.0021862140077467673,-0.0017818557696749338,-0.0012590916212154024,-0.0010029032563046991
2024-08-01 00:00:00+00:00,0.004991896763080428,0.003622660372441855,0.0033399231192725587,0.003978806245507727,0.007806650939397253,0.004140545461317924,0.005117456081904059,0.003072650539014621,0.006521971344172206,0.0007067291884883531,0.0004996451034748883,0.0018047825778471083,0.002095102750034439,0.0008613969617752293
2024-08-02 00:00:00+00:00,0.003204187043837292,0.0022888502810964884,0.0024059855672418085,0.003039458774131365,0.0028322951200676627,0.0023696634526382265,0.0024164869668823474,0.0029269117931391975,0.00035931888966223013,-0.0015715233556700126,0.0026073283950682757,0.00021920109616813122,0.0019989474112132033,0.0034666621770360617
2024-08-03 00:00:00+00:00,0.008120928826503837,0.010835026182977936,0.011425575067446125,0.011699687820482696,0.007673333682089778,0.011704037122499678,0.00829887767757942,0.012463059601004911,0.00902482663470705,0.00690850136215948,0.00844060948844283,0.005755963756328475,0.0057840818634320446,0.0036019632486783415
2024-08-04 00:00:00+00:00,-0.005261611480195105,0.001151083791665286,-0.00012239225205779025,-0.002043819145882031,-0.00836605233056431,-0.0008655273757182114,-0.003622509056075862,-0.0041769128175463965,-0.004845134075305846,-0.010007594511317497,-0.010265560204771762,-0.008983102753115313,-0.0004239766874450934,-0.004403511181063968
2024-08-05 00:00:00+00:00,0.012159934178220144,0.014269483129074834,0.014029944391694249,0.012089418826724652,0.010576819718568942,0.013778198895416649,0.01008098640110311,0.014783656606750295,0.014443215772361517,0.007465756326788142,0.008571175810266007,0.016216955001644884,0.01404308198493176,0.009733908608744235
2024-08-06 00:00:00+00:00,-0.0005663153450706782,-0.0035868601122794885,-0.002148490092301225,-0.004727339054422575,0.0009002160699411732,-0.003817924146044316,-0.0011837979341444704,0.0015983236036767323,-0.008270548844221737,0.006820629999750194,0.007438583622405792,0.006261036091770311,-0.003912695513600184,-0.0010751614127241238
2024-08-07 00:00:00+00:00,0.01001413081759317,0.009372538916923912,0.008612623814820086,0.009417110726971378,0.010778440210295726,0.008992044427602375,0.01128876464968065,0.009046171929832703,0.009664010545884505,0.004412478181534452,0.0037942396800851874,0.0060140091663665185,0.005411757692289854,0.00848505403480293
2024-08-08 00:00:00+00:00,-0.005055641342058603,-0.007088082519256522,-0.0077797007369297955,-0.006216678554353927,-0.014200877751738505,-0.012078849411478187,-0.013294662598973495,-0.007400418393046948,-0.005917409951183061,-0.0038169603164898147,-0.003466673700418088,-0.006862201260292244,-0.01031444611972665,-0.012082472010245482
2024-08-09 00:00:00+00:00,-0.0050028241298529785,-0.0012696784241654768,-0.0008110872097739641,-0.0020353400883034167,-0.0028452392224275203,-0.0002952325146693413,-0.0007139540416909451,-0.0022303032048018867,-0.002025143082809322,-0.005048269728721078,-0.005084253922830517,-0.003441315235916398,0.0024864281091967477,0.0013369368111155744
2024-08-10 00:00:00+00:00,-0.0025247977726005066,-0.0003818757484627122,-0.0004856503753436492,-0.0015717162121012818,-0.0019184574149044842,8.131476550499173e-05,-0.0020128408208218707,-0.001055977032321187,-0.002024272134941829,-0.0011015193523096212,-0.0012881709678246311,-0.001717588185012553,-0.0011936657027501463,-0.0010723177708870102
2024-08-11 00:00:00+00:00,0.000810199590665972,0.0033490124523862796,0.0033011222006393837,0.0005617409145997065,0.00127696175282499,0.002198246430716866,0.0035243197441106044,0.0007654922603044234,0.0037580121551639145,0.0025495605334797666,0.0002413996992876033,0.0013407315685143306,0.0032590664386495938,0.0020865367107110178
2024-08-12 00:00:00+00:00,0.0018856579658905748,-0.007916496547233476,-0.008425111603811986,-0.005681529260992191,-0.0004238733533172834,-0.0046925086130762406,-0.004403056862672172,-0.0016042344107753959,-0.006033778319899263,0.0006746005993707449,0.00043400191908093966,0.0005392196242675062,-0.008818037612251528,-0.005263854463686712
2024-08-13 00:00:00+00:00,-0.0002599843376697164,-0.0020094186486449006,-0.0021836255180839315,-0.001909689182508334,-0.0015633978626476974,-0.0025497123332582916,-0.002800284570446676,-0.0019018761474333123,-0.0010266081260025262,0.0013250302537248793,0.0009402573474777132,-0.001008500323617434,-0.0024523908457395605,-0.0018436230744837134
2024-08-14 00:00:00+00:00,0.004618254818666401,0.0025879201347838166,0.0026986289179322664,0.003261299108347826,0.005302798717068846,0.0036532959921484753,0.003982517298530608,0.004486586651091917,0.0033834964147767543,0.0027369857491543748,0.0037267988177145384,0.002809798675707409,0.0030280353762928147,0.0037498137069489346
2024-08-15 00:00:00+00:00,-0.0005368571238281161,0.0015497376842781296,0.0014845693495304513,0.0003440959245339936,0.0015461621368340062,0.0006638582460425368,-0.0004835622482076696,-0.0021343003413547557,0.0008462395742168116,-0.0004731339282169067,0.0002759902299689365,-0.0008007318803420205,0.0009823051223420975,0.0003620661643872758
2024-08-16 00:00:00+00:00,0.004493390982895029,0.002807157368954094,0.0025165746902648944,0.0016290318404124093,0.0012268746727872593,0.001954315938178519,0.0023999052955141487,0.005228731776673268,0.0028765510243538017,0.005743114237220626,0.004977601645002272,0.002876163918681174,0.003047770646899872,0.002539801553677945
2024-08-17 00:00:00+00:00,-0.010373151755384669,-0.010263417914126327,-0.009842568621412529,-0.011893667873127067,-0.010133436502814841,-0.010512405782715506,-0.009836466267919453,-0.009734405555546943,-0.011027967757215373,-0.007704468523503261,-0.007375809337490602,-0.008421376271282588,-0.011120837524803195,-0.012569263255556407
2024-08-18 00:00:00+00:00,0.0006674008508444906,-0.0006580182761474207,-0.0010260942280035934,-0.0006327347711216902,-0.00137519931394392,-0.0020494521030754997,-0.0010714222149468267,-0.0019342536049543613,-0.00040420315234890314,0.00041175823220296337,0.001241221176438545,-0.0014756310028130049,-0.00035453759875991864,0.0011495029593138195
2024-08-19 00:00:00+00:00,0.008369079398758972,0.00461891413047999,0.005003958390656038,0.003883009971844098,0.010373748736370203,0.0047264157439523835,0.008469152190459406,0.005606523281555642,0.00589929438912562,0.004636246451090065,0.003970367965232091,0.0035132966841591173,0.0011239521037242906,0.003353667941335736
2024-08-20 00:00:00+00:00,0.008833399979906176,0.010663675800196781,0.010134855994480496,0.010418012316360636,0.007341895728336656,0.010854087250685929,0.010254368888246823,0.010529861771001903,0.010620092858695251,0.0051209036821420195,0.0015280501334142826,0.004488345612599032,0.008375038988194472,0.0051728200820457815
2024-08-21 00:00:00+00:00,-0.002615548125911582,-0.002986613159891127,-0.0035490883216448,-0.004649523704186587,-0.002926726566819249,-0.0031310890379677714,-0.002808317184978648,-0.005973629652056278,-0.0019430362523926714,-0.001776901023064048,-0.004635918749171908,-0.0012925152910413518,-0.002821376918125229,-0.0018296051873537555
2024-08-22 00:00:00+00:00,-0.005173177725256495,-0.0050633707574421205,-0.005186922135466121,-0.005470279774988485,-0.005717993432759472,-0.004197172874730759,-0.002930992587501846,-0.003912683316497634,-0.007014013969998456,-0.006593646788045859,-0.006500982293001667,-0.006636140959292436,-0.005033026808492491,-0.005568423130594469
2024-08-23 00:00:00+00:00,-0.01560441530165213,-0.015228095002177144,-0.016040321630738874,-0.016047677085517353,-0.017844173014385012,-0.013297424715996375,-0.014326293311449745,-0.015288397695683464,-0.015700212515367795,-0.012619930327620654,-0.010806267733834196,-0.010595384069615466,-0.012826272317345011,-0.01472769572079935
2024-08-24 00:00:00+00:00,-0.002685560595886538,-0.000613181437824184,-0.0010101047562085519,-0.0011904727667346737,-0.003168911749184211,-0.0023944845485233124,-0.0013414105811300203,-0.0001035180411098624,-0.003042183106173546,-0.002047697815782734,-0.0016073373271842106,-0.001556689647469356,-0.0022904690593076316,-0.0025197419832674317
2024-08-25 00:00:00+00:00,0.008194440533827452,0.006771622582379955,0.00714829230281433,0.0069519267684177155,0.0070874043345516835,0.006610458581207679,0.007875195760598475,0.006414025019897407,0.008236700935187136,0.01014343257342909,0.009899022295230653,0.008943421131588858,0.006305327301394437,0.006727349647068337
2024-08-26 00:00:00+00:00,0.013810112768403604,0.012597194307500725,0.012242675423696836,0.012464566549411416,0.01194602404669265,0.013775983898938415,0.01252928962033728,0.011887528601036257,0.013260690208961812,0.012502113815552773,0.01278527927616846,0.010784241726788713,0.010709303080141064,0.009736171673480953
2024-08-27 00:00:00+00:00,-0.003013773867059255,-0.0006446906029143884,-0.0014034848160041635,0.0005416065106853551,-0.002644885830009991,-0.001313722682974361,3.742206569001816e-05,-0.00213506061232116,-0.00013275891232777948,-0.0020784932694191127,-0.0032721531554495975,-0.004102620305626359,0.0017920885231517136,0.0007257092979604529
2024-08-28 00:00:00+00:00,0.00040575064643610936,0.0023434982791241676,0.0018860289846591716,0.002940576255519467,0.0016996214159621381,0.0029774429208722086,0.0028386491306064965,0.001366575888650745,0.0021988682918627767,-0.0007572731910918673,-0.0019340420532145686,-0.0029679712059254015,0.003600427004820439,0.0013934098453847188
2024-08-29 00:00:00+00:00,0.0012625935516610287,-0.0005036937760802829,-0.0006108645293303461,-0.0005889925213069525,0.0010490948400412314,2.4681475007115594e-05,-0.000517916781801131,-0.0014092384619532883,-0.0005751555683962684,0.0012506715337403662,0.0019465363759958443,0.0009876622377968935,-0.0013321151144323196,0.00013487461476224816
2024-08-30 00:00:00+00:00,0.002065168671232964,0.0027282268029116263,0.002567820975901469,0.0022924763299987383,0.002078309560879843,0.003039660269064104,0.002129770924350849,0.002510866064449946,0.002819167400373246,0.0016167398494308927,0.0008882342476370653,0.002418651201876898,0.0016614912442591834,0.000990420129834746
2024-08-31 00:00:00+00:00,0.0007039448981378538,-0.00019690329070098933,6.026992897356642e-05,-0.00045233528479382556,0.00028722366467159866,-0.0006337420255209114,-1.3894694995686407e-05,0.0004856495630116697,0.00045668875109172724,-0.0006056233643412234,-0.00021233429132838655,-0.0012182503556026347,7.294740374641506e-05,0.00028837715681162557
2024-09-01 00:00:00+00:00,0.0008899780545184033,0.003068392476754056,0.0025189288932605525,0.0016721022477452774,0.0007906919013682678,0.0024936853282373495,0.000964627953473407,0.00014981864675456258,0.00221354352438774,0.0016534412920687913,0.0030101423688837503,0.0021678695417264304,0.00241297046724287,0.0020166255694287205
2024-09-02 00:00:00+00:00,-0.006630042166977712,-0.00948992732485765,-0.009156364771580328,-0.009027930585361554,-0.007961354743902138,-0.008666527206758423,-0.00819034891688819,-0.007674423255539242,-0.0059028957823861194,-0.009192501739795023,-0.005236568922232454,-0.004921791658020536,-0.0074029029148021674,-0.004367570306492152
2024-09-03 00:00:00+00:00,-0.002566405609329414,-0.0026630335893433887,-0.0028705950017918758,-0.0016705770234481943,-0.0008931471147040071,-0.0034343404250890552,-0.002267801847455342,-0.003915507131564633,-0.0020936675943925565,-0.001428218555779348,-0.002451598185647663,-0.0028609069555579625,-0.0004220383773287928,0.00016891464919965848
2024-09-04 00:00:00+00:00,0.0007560404243449614,0.00047374979209524604,0.0005501515295176507,-0.0014799527747408892,0.0010197587285492027,-0.00012681415961901532,-0.0005364007907944224,-0.0004300654552941152,0.0007201575844988373,-0.0015175373284956883,5.776185427786018e-05,0.0008655914344048998,-0.0001449321217187327,3.7079038755605254e-05
2024-09-05 00:00:00+00:00,-0.003675242763769182,-0.004524908624509494,-0.0046317075042398015,-0.002918704107059744,-0.0037398546224066687,-0.004287741335631257,-0.004257348279796069,-0.002366678836004721,-0.006043996371665861,-0.0037053041507352225,-0.004819080977173984,-0.00545096956095803,-0.0034596781807426646,-0.0017533869972525817
2024-09-06 00:00:00+00:00,-0.0020660654886544005,-0.0029268424170842966,-0.0022355673299294665,-0.0019950059161943923,-0.001330947428580087,-0.00261717086989266,-0.0024955320349284715,-0.002260165605018294,-0.001524050291498824,-0.00199058917805639,-0.002107126698873696,-0.001726118725389969,-0.0025119827698313335,-0.0017044300955441072
2024-09-07 00:00:00+00:00,0.0016289702326395261,0.0012852075598810409,0.0009577718397415502,-0.0002781850723512225,0.0011910056883313036,0.0010244546858610981,0.001321607968834071,0.002195737200672232,-0.000164901864195377,-3.9522198842290024e-05,0.0008359171360017292,0.0003783495649287705,-0.0010408058727681135,0.0018923685960570147
2024-09-08 00:00:00+00:00,-0.0011127571392807178,-0.002532750160483044,-0.0027437584660271463,-0.0035324455069316585,-0.0017804147526100378,-0.0022746557605284323,-0.0028613534345258707,-0.0019652978627272555,-0.0014212218670689447,-0.001610521965342615,-0.0019447060300545882,-6.04421165406599e-06,-0.005390540891866191,-0.003625729186472526
2024-09-09 00:00:00+00:00,-0.005507842970901677,-0.0055469618973994494,-0.00649007791223144,-0.005731152764641645,-0.0033630742732779773,-0.004212068175548533,-0.006411038989158624,-0.006417926930000095,-0.005362400892654051,-0.004231669130708382,-0.0036126009019529226,-0.0036500778493435693,-0.0038556632762490883,-0.006827922796383112
2024-09-10 00:00:00+00:00,-0.005767447637839984,-0.007962027317367282,-0.0075821741349889615,-0.007706437971729874,-0.00359593008011605,-0.007711536919633888,-0.005752992577436555,-0.0050152434958963266,-0.005983308904224605,-0.007568658566130648,-0.006170842063116133,-0.00601424821740737,-0.003952331498689676,-0.0014293367095910003
2024-09-11 00:00:00+00:00,-0.001975699446455703,-0.002469838679107439,-0.002614314144739116,-0.0027455235020824587,-0.0012293045414909498,-0.0008586646164476797,-0.0008248798307319838,-0.0036202925454955626,-0.0019480313713331476,-0.001902095771877832,-0.0012972824784518444,-0.00472449421039034,0.0014087204877901716,0.001197704815022016
2024-09-12 00:00:00+00:00,-0.0038420165542388807,-0.004302065018756074,-0.004580438312201562,-0.0057418939595651475,-0.0035271549872684105,-0.005832720744521902,-0.0046724096233888845,-0.004448564855721204,-0.005065494522759062,-0.005186435640095466,-0.004662856472358645,-0.0030342451438001294,-0.003978384593586237,-0.0009071651511692869
2024-09-13 00:00:00+00:00,-0.0014281292081175234,0.0004954915223380763,0.0006473319283819556,-0.003228250173363034,6.663622904468092e-05,0.0021705384212062917,0.001321739967691249,0.001269288093441956,0.001203836138453207,0.00039280647735684404,-0.0012214679873816525,-0.0008763535347818818,-0.0031538561088994,-0.00378519018002188
2024-09-14 00:00:00+00:00,-0.002492901216142651,-0.0021398600267316104,-0.0021666642609660114,-0.002128929004991509,-0.0016977933936607181,-0.0012202015469524596,-0.00173401219252578,-0.0016977439308160092,-0.0016987094301450512,-0.004001776610900176,-0.0045273772020325564,-0.0027629608342810696,-0.0014685217629005765,-0.0011879352054626757
2024-09-15 00:00:00+00:00,0.009663874584062482,0.011688515908657493,0.011299987946316925,0.013416213046775205,0.007943375786383156,0.009897816755713773,0.008586545269685164,0.010051859352899761,0.010951910002273468,0.009555764032213254,0.007399990728097494,0.010200184294155257,0.013357736950699195,0.008433739708122445
2024-09-16 00:00:00+00:00,0.003341915382692573,0.0031595967956781212,0.002755294412491116,0.00344638048087087,0.0044592868654094175,0.004579328499491053,0.0039058981119115543,0.004415851447602481,0.0027887752318349612,-0.0005243975875062201,-0.002385973434648747,-0.002179975917795174,0.0010788293533063875,0.0030195460454907064
2024-09-17 00:00:00+00:00,0.005163358207218138,0.0002144699160020469,0.00022765867481799873,0.0005081348083286752,0.005525147487114301,-0.0009868611113154069,0.002388801947878383,0.003270083626836451,0.0018702424261798356,0.004118274552235013,0.0058628748255515895,0.009921033227332732,-0.0037739499907247787,-0.0009621020276828762
2024-09-18 00:00:00+00:00,-0.0007626685646678899,-0.0013564631825155882,-0.001550431136755459,-0.0010715415513944393,-0.0025040956053921093,-0.0018308360030967474,-0.002986619048431227,-0.0027326553058545366,-5.4744668571582444e-05,-0.003037041940304408,-0.001776045074778243,0.0019244174253978397,0.0010020123575626982,0.0009652648799554076
2024-09-19 00:00:00+00:00,-0.0013700932196744064,-0.0027473514550876432,-0.0030785337320425876,-0.004055041143814941,-0.005518793649405551,-0.004173232908209701,-0.005989318784845099,-0.004059905543397635,8.363648586828809e-05,-0.0014431963910400691,-0.0019089502662967828,-0.0029575015349624367,0.0012977275318997172,-0.0004605937878550126
2024-09-20 00:00:00+00:00,-0.004082549938721924,-0.0028848729339507884,-0.003066220072911796,-0.003549042275819092,-0.002976683041057915,-0.003407920507312312,-0.0029119179710236365,-0.005305009256700077,-0.001118580127954516,-0.005053836038336312,-0.006276518404738307,-0.0059893336131561226,-0.0010924039770706662,-0.0014318623851673484
2024-09-21 00:00:00+00:00,0.0036036824693943537,0.0009062620370441365,0.0003609002988822496,0.0003468648379745254,0.003721437230694624,0.002764850675624153,0.002049089665185244,0.0020552312723891575,-0.0003396943608557912,0.0009113856183788904,0.0024264979770596273,0.0004083688015692477,-0.0005301924619615095,0.0005394195689438774
2024-09-22 00:00:00+00:00,0.0066137877587009175,0.004362194627345106,0.00469391149702747,0.005317489742468817,0.006777001330634969,0.003189149818431103,0.00717047350543365,0.005670715041716123,0.007292655542139759,0.00826341243687101,0.00714181566112293,0.008572483912887341,0.00335393123507699,0.004677113421878598
2024-09-23 00:00:00+00:00,-0.013362675036268534,-0.012143813571476203,-0.012214870921154586,-0.01094885358362041,-0.011366072818975503,-0.011592786087511686,-0.011945580936846167,-0.011904290568517162,-0.013975740646679502,-0.012821050429959846,-0.013421636950662896,-0.011613425212349648,-0.012004540813547848,-0.01293127691799234
2024-09-24 00:00:00+00:00,-0.004102868170938745,-0.0006030187122034736,-0.00046255704641906537,-0.0013990989102006246,-0.004089872754930113,-0.003605323200156496,-0.002962303197730609,-7.486642188181403e-05,-0.0031038617563978743,-0.004754352092314451,-0.00400289212465621,-0.0034522187921057768,-0.002240389265646292,-0.002319867271579845
2024-09-25 00:00:00+00:00,0.004859866946274494,0.004687935987861769,0.004818430645367799,0.00574131591709337,0.0042130403772013825,0.00784824785316629,0.0057069348947091925,0.00457716532143726,0.004729701480937543,0.004878000915333969,0.004857247410299248,0.001728906824817189,0.0015090366275640754,-0.00027999428448255426
2024-09-26 00:00:00+00:00,0.0019367850818912125,-0.0020519533533681633,-0.0024087560279641984,-0.0021955471727419518,-0.0010186570941131956,-0.00351321234362989,-0.0006528081276019337,0.0002565769985789501,-0.003473467194833435,-0.0018904625223429283,-0.0011779065382763187,-0.0007204965640964511,-0.00587567873955952,-0.0034273247802627527
2024-09-27 00:00:00+00:00,-0.013121745726042966,-0.010577386479842854,-0.010163553047716434,-0.009682570440466498,-0.011886168475476522,-0.012637521404956553,-0.011924199870333552,-0.00937173782084455,-0.011120902905778052,-0.011149323657527077,-0.010103328622372731,-0.01226167429890257,-0.011785855471329598,-0.010991325646088734
2024-09-28 00:00:00+00:00,0.003365070165857631,0.0030661404372951395,0.0026985900249405503,0.0033181916611528806,0.00395051583414241,0.004110974581676086,0.003439801873919235,0.0012384225784509706,0.003797663481503344,0.005087620925083858,0.003828348026849726,0.0031090336877295233,0.004308632499710363,0.0034826137570069804
2024-09-29 00:00:00+00:00,0.0057949620238717525,0.0054764813443399785,0.005632198881187378,0.006198108364103172,0.007209919892490646,0.006774126024898797,0.00650392241191966,0.006483043114858145,0.006683670390547958,0.00299803550484512,0.0018190362862369192,0.0037284833340587298,0.007871635760522633,0.010018614775038515
2024-09-30 00:00:00+00:00,0.009706112380203802,0.009222155345531391,0.009352781179621905,0.010841812977343102,0.007677860056353403,0.009865533879925392,0.010092016121715508,0.005830473538069203,0.00996088111129434,0.00800842718403949,0.009333330633519266,0.006156231322450578,0.009188185972105689,0.010864404873549782
2024-10-01 00:00:00+00:00,0.01329627261042532,0.014197289101039123,0.013672620281447223,0.016081788748845582,0.01177781821057855,0.01344793603707628,0.015347290625477461,0.0106027777507407,0.008966427065592697,0.003575715623054032,0.0036630686560179537,0.0028283730330926904,0.015272276479603608,0.019415912542063873
2024-10-02 00:00:00+00:00,-0.004488947390169473,-0.0030151178831957504,-0.0034040744480544616,-0.002401744806675543,-0.005019353706195662,-0.002314948140672568,-0.004971124336220378,-0.003433468161302522,-0.006781359517691765,-0.003316403832305359,-0.0020644394911969455,-0.005453236172036524,-0.0008324943379680594,-0.0016640680104318406
2024-10-03 00:00:00+00:00,-6.0715018865287185e-05,0.002990767899240687,0.0027208170962980116,-9.210048208796451e-05,-0.0027918928027482748,0.002780863155461555,0.0006855777159109344,0.001984196135248917,0.001753999631530112,0.0021660543772701324,0.0016211623488338045,-0.0038347554929897276,0.004011150369408911,0.0003621514717719876
2024-10-04 00:00:00+00:00,0.00668156116651053,0.0035880948530291334,0.0027772278910325188,0.002935509884579801,0.005621628786593558,0.001958593750629012,0.005274888520994558,0.006928535803288449,0.003887187689456839,0.007562794859952149,0.010146613835019691,0.012439605289795708,-0.0033668185565713937,-0.0006511355036341593
2024-10-05 00:00:00+00:00,0.005788677839968059,0.0011072272727596921,0.0007142427895518999,0.0015958030398073308,0.005191321254282899,0.0013204659848995437,0.0024655961446191643,0.004240927679054707,0.002594839135878102,0.002432583482660622,0.0016112174604359097,0.00209191876473791,0.0020407211346455956,0.00655264915785736
2024-10-06 00:00:00+00:00,-0.01157398231961726,-0.010625485585400773,-0.010653296363006604,-0.01139533334481524,-0.012203468268845774,-0.010970398704060247,-0.011849339567290063,-0.010416645176868244,-0.009702400741015471,-0.007041280554841101,-0.006363010203712549,-0.0036648854147460774,-0.007981426528406721,-0.008714489518345192
2024-10-07 00:00:00+00:00,-0.0007527760209644629,-0.0005653960302289818,-0.0007887206799181978,-0.0006215482293278063,-0.00221038247416272,-0.0021487548128323875,-0.002364721697184047,-0.0007182809894765718,-0.002628901305198994,-0.0014084685180597578,0.0007464037942650492,0.0026477365965462685,-0.0039776880301032325,-0.004749314480441802
2024-10-08 00:00:00+00:00,-0.002160996253523506,-0.0003993273226485794,-0.00023445781465936122,-0.0006263001481872088,-0.0020254377574003835,9.58339674419495e-05,-0.0009389435590435591,-0.0016370687920490568,-0.0008317112956445216,-0.0014185906842819618,-0.000584780792256212,-0.004207473184022148,0.0018252576082355976,-0.0013175515512883207
2024-10-09 00:00:00+00:00,-0.0010816679332212864,-0.0013563048410322187,-0.0018767314695522508,-0.0007091837917552191,-0.0003478935173272246,-0.00023777936113567044,0.0008965032866696809,-0.0037814341490040038,0.0005611558206977119,-0.0006083532117010515,-0.0003230876657801529,-0.0009299400530877744,0.0033413808607867246,0.00031789146320004846
2024-10-10 00:00:00+00:00,-0.005519837182249132,-0.006603245175539785,-0.006603538445008272,-0.006957590054151308,-0.0030331199899162886,-0.007115849608426705,-0.006911242004460916,-0.00304663445490283,-0.004545410324748089,-0.0029477011137999387,-0.003657056006567183,-0.004096593783990521,-0.002299863479619191,0.0008279786251725874
2024-10-11 00:00:00+00:00,-0.0019078924092572613,-0.005289231273759021,-0.004858138604284412,-0.004765909649326772,-0.0036353896691023735,-0.0066970033295969955,-0.006187687739648728,-0.004224304710920501,-0.003482154472233212,-0.0004960503697608587,0.0023968732377055435,0.0003264630199162344,-0.006544922638045847,-0.006960792651727665
2024-10-12 00:00:00+00:00,-0.006856112114875024,-0.006794387838365834,-0.006792436467396912,-0.006112520468566474,-0.005472253938830329,-0.0064881588473691965,-0.005671679428695842,-0.005121799967738427,-0.008015427615083892,-0.005003308411547724,-0.004447346595624846,-0.0004749737197787818,-0.006572819431014287,-0.004236372864537263
2024-10-13 00:00:00+00:00,0.0013021453428327945,-0.0006997760785321105,-0.0005895969707843118,-0.0007791961422580762,0.00012239581825213008,-0.001475122046303623,-0.0002593984271537231,-0.0006542313347290829,0.0012405978879939106,-0.0010410070925801485,-0.0011855281401241813,-0.0010801577594097278,-0.00046978434449362894,0.0013222298523205556
2024-10-14 00:00:00+00:00,-0.011384261668484275,-0.012322092128650652,-0.012200198913577265,-0.012880455871046803,-0.01217563905061736,-0.011299421665964093,-0.012109128518669743,-0.012553994308896144,-0.012460861404362089,-0.015267348546517678,-0.017598913427986695,-0.016330263553336777,-0.01429691961190982,-0.011249461334516986
2024-10-15 00:00:00+00:00,0.004786190690134973,-0.0004567701542689262,-0.0008567626543659612,-9.604578974731215e-05,0.003981956590200397,0.005183011771938029,0.003471442126656843,0.0011565715865642368,0.00331348406048515,0.0038282608486386316,0.001789507730847184,0.0015503208991933803,0.0026565775767692923,0.0011646761342558598
2024-10-16 00:00:00+00:00,0.009893524950010057,0.007776282254901901,0.007291652467266596,0.0076526648562746935,0.009826634334437756,0.007051975252331699,0.009233690272186124,0.00915820878609419,0.011447230404480369,0.00981989177000675,0.01038919487987422,0.008464329626636458,0.00805849951747506,0.008141391142017618
2024-10-17 00:00:00+00:00,0.0016413820720677652,0.0024791331294147234,0.0020216913383506174,0.0016647479934268627,0.000797911945760843,0.0021899170047303684,0.0018319247207041478,0.0004827415474808472,0.002506295688696758,0.003783703454191434,0.0028059766912040818,0.0025818909688979375,0.002094474069273211,0.0020101012352835568
2024-10-18 00:00:00+00:00,-0.0028188388575153267,-0.004301214728754332,-0.00473231272578889,-0.0031966154779843325,-0.00404313045322835,-0.005738252076896488,-0.004140520107835166,-0.0007381033282560789,-0.003440740317292801,-0.002240867648745759,-0.003473067991574541,0.0002236015213370468,-0.010886217485571281,-0.009037148873880962
2024-10-19 00:00:00+00:00,0.0041152238844544,0.0005505953318281076,-0.00012730670277794065,0.001649675721728805,0.003143891914266561,0.0021896564218490955,0.002787813499971481,0.0004905281410259033,0.002116823798219203,0.0025529682290894584,0.00372420517444505,0.0030933338904715058,-0.0008901635718698842,0.0006955640940395913
2024-10-20 00:00:00+00:00,-0.0020650324254015695,-0.0017872562520994117,-0.002093332247776858,-0.0001693863815589447,-0.001924228599346156,-0.0015665995501954466,-0.0009464807510644047,-0.002464841949363694,-0.0008220916421309843,-0.004044328232245209,-0.005581765131079108,-0.005175310360560625,-0.002430705367654773,-0.004627891084335145
2024-10-21 00:00:00+00:00,0.011762216279236792,0.01202388081472261,0.011840724588192186,0.010433548704901874,0.012837568830680546,0.010922897066419912,0.01191464153136379,0.013131099384442013,0.010895746197588707,0.009854452192002539,0.012428218713742778,0.009706487312691081,0.006276209360768004,0.007752950345780718
2024-10-22 00:00:00+00:00,-0.003012826631529575,-0.0041213229130612206,-0.004309532435662344,-0.0032384083452219325,-0.0028180429936791596,-0.003490699884152293,-0.0021780039864610634,-0.003632643767641941,-0.004960403661167678,-0.0027090376873317723,-0.0013475099548458935,-0.004556335551854196,-0.0011650364731692342,-0.00033522618828174533
2024-10-23 00:00:00+00:00,0.009387019314337053,0.010661049245319187,0.010432513360469464,0.008498745115973927,0.009944788374473212,0.010039803242945844,0.010016574324043459,0.011477734376983628,0.011011780321758424,0.00454374910501687,0.0052830412521778225,0.006081482931961313,0.007875696852429392,0.009730335694641656
2024-10-24 00:00:00+00:00,0.005788315550159462,0.003753402220187052,0.0027898687471081818,0.0026513484686496724,0.005231823212349385,0.0037279306061921424,0.004792166814779231,0.004437415077156226,0.0046294261593018415,0.006216732006689485,0.005949761680806187,0.004815195149949547,0.0020862546715587627,0.004591682023002308
2024-10-25 00:00:00+00:00,0.013314506922217362,0.015890534371208354,0.01669243201222881,0.013096220756602328,0.016221165987297503,0.015940306498347656,0.01383624282765461,0.015941397198995455,0.011909827514841265,0.008185384038176036,0.010380773810411137,0.004329781514990527,0.017269849765708223,0.01624783747658487
2024-10-26 00:00:00+00:00,-0.0009867118747231007,-0.00218294289884835,-0.0026381441563019248,-0.0018454027926874117,-0.0016667095053704006,-0.002308070299740339,-0.0009895530896310012,-0.002105899868758865,-0.0021676663639055294,-0.0008757227366419373,-0.0011517075966170909,-0.0008996783515418105,-0.003723832092661583,-0.003442925764502336
2024-10-27 00:00:00+00:00,-0.0074049932214459435,-0.0056548336081246875,-0.005773079457896735,-0.008831668817435134,-0.007051154227688872,-0.005237166888482747,-0.007523434533114104,-0.004957959489676811,-0.006526243524207276,-0.0023167165323544348,-0.0026218875903256667,-0.0014261678309622772,-0.00961912952549071,-0.007180574763720915
2024-10-28 00:00:00+00:00,0.007610227808561909,0.008991283424563568,0.008654112648884826,0.0066183710286649156,0.006190092358860033,0.006704479443884193,0.00556430342244707,0.007641583356114312,0.005866423073859872,0.008119762044386913,0.007791785570200771,0.008787867252678438,0.0038976584088947774,0.003987106720447553
2024-10-29 00:00:00+00:00,-0.0019531245914012896,-0.005040431736936246,-0.005088962455321644,-0.0052538610953849485,-0.0017184530530884867,-0.004067058326493789,-0.003444523067007599,-0.004942661656655134,-0.005048447980718462,-0.0025773737431695753,-0.0006683134634333232,-6.302725411444499e-05,-0.0038697827062497137,-0.0026605604185552245
2024-10-30 00:00:00+00:00,-0.0005128379937311411,0.0002231408421293768,0.00032204503675781204,-6.168310195830973e-05,-0.0003178285443187212,-0.0009352178664603361,-0.0006824557606781578,0.0002173694935960757,-0.0010547762195085575,-0.0005686177335207931,-0.000849951468597343,-0.0009680384574348722,-0.0011745042766856395,-0.0006107647757356283
2024-10-31 00:00:00+00:00,-0.0021158167678408946,-0.002311541406098905,-0.002052591956211214,-0.002122270659793757,-0.0022624340401097287,-0.0019842217703136544,-0.003099568434317912,-0.002122907988947431,-0.0015992292789559492,-0.0051449603268883815,-0.006854692652453642,-0.004628398459049277,0.0013770725682591411,0.0026867575442388603
2024-11-01 00:00:00+00:00,0.0022108106638016878,0.0006309986862786943,0.0006881209215698902,0.0006581294745677813,0.0018923182249610537,-0.001050826211868694,-0.0004605195817638519,-0.0011158078276141126,-0.00018021554051728117,0.0004294711245333982,0.00082681665320683,-0.00014560139068753308,-3.866452534340148e-05,0.0006637585548034952
2024-11-02 00:00:00+00:00,0.005566591778312535,0.0058626938296135744,0.005689582761471579,0.005251202463926186,0.00542992575868495,0.0069688209306164595,0.005781022022075977,0.006597450545547723,0.006937362630983657,0.0023157154290702753,0.001035062111363949,-1.1714547445196288e-05,0.006700274816337837,0.008522920092538078
2024-11-03 00:00:00+00:00,-0.0007499956789674966,-0.0010094162384929328,-0.001215476936493265,-0.00043253678233845516,0.0004363298823781836,-0.0008488915417736997,-0.001394456025330948,-0.001785103373371344,-0.00023872699617988324,-0.0012488225986860835,-0.00014109110838378403,-0.001328255647047305,0.0003405907963920374,-0.0013831086559710215
2024-11-04 00:00:00+00:00,0.003820601692484882,0.005129752071937332,0.0049679598059118035,0.003731415286016615,0.003947888978427017,0.0049293897611044635,0.004984990930132938,0.003374796394233659,0.0028327895204867115,0.002643191060198058,0.0019782255162938966,0.0028984464469004045,0.002660855132954776,0.002102932092070686
2024-11-05 00:00:00+00:00,-0.006680109822321145,-0.007181245587402851,-0.007648334537335821,-0.005989507881182243,-0.00806707103201909,-0.007220206543688712,-0.007672082520501444,-0.009073893766980201,-0.0065635587175141286,-0.0063033323255912155,-0.005654215581312627,-0.007067966421411387,-0.005186431128175739,-0.006560221314360737
2024-11-06 00:00:00+00:00,-0.01659574122777019,-0.012805212882137873,-0.01297075408455306,-0.013057431028438149,-0.01295332517325476,-0.013100135467501106,-0.0104252481058007,-0.015827918052149004,-0.011813578294519345,-0.00520262665682103,-0.0061691713438902784,-0.0003332096377423044,-0.014268851756741974,-0.018384626901875034
2024-11-07 00:00:00+00:00,0.0005515288852493416,0.0019650867867366806,0.002012624845655786,0.002528410594025088,0.0007745268845018582,0.001452599920799047,0.002005127878783375,0.0009763729144927069,0.002564146598601713,-0.001656714159563033,-0.0018277604055817465,-0.0020753308992400576,0.003377849677495881,0.0033762065473519343
2024-11-08 00:00:00+00:00,0.006720798002119777,0.009110082444117928,0.008918185891366726,0.009599610073948384,0.006683128158106788,0.006869352637791204,0.006809289340779401,0.008642955194851032,0.008902847231175848,0.008695249384477188,0.00730526157861533,0.008063354659434419,0.00905100949334492,0.006513602828127629
2024-11-09 00:00:00+00:00,-0.015222674549540072,-0.013548863200695371,-0.014497189927211052,-0.01341844507085177,-0.014300687722078487,-0.014947950058418646,-0.013550844216336566,-0.014266299347527989,-0.01749373618832184,-0.013636017403703127,-0.01452450895726487,-0.01447820512675213,-0.02354149439793185,-0.02123919660072915
2024-11-10 00:00:00+00:00,-0.001736846070278797,0.005340204419034711,0.004897792615308871,0.004882922989754457,-0.0004651537958448859,0.004287847819991475,0.004567656634995254,0.002458995948243059,0.0017923660026419874,-0.0016567160717263496,-0.00026579511489921437,-0.004470933957279044,0.00013838613492955787,-0.0012514082802937976
2024-11-11 00:00:00+00:00,0.011185922315083419,0.007068653731999053,0.00654654459523063,0.009004339901942604,0.011492102836741402,0.006689305186547534,0.010399604125249429,0.012204739141071785,0.005447685144061021,0.002928307911546746,0.0043580785806078826,0.0048713680715566365,0.006312505775779131,0.007370020808595168
2024-11-12 00:00:00+00:00,0.0033260515491388976,0.0061200012459816655,0.00684642505238009,0.0042338101610790435,0.002556330147331698,0.0037318611426726545,0.00151472964707966,0.0038709262041591863,0.005197607314813224,0.004419549573001058,0.0028408290218977506,0.003258909983295144,0.008689412443145805,0.008476226637902151
2024-11-13 00:00:00+00:00,-0.007978260617579003,-0.015903042431730796,-0.014472060915941998,-0.015063848457842255,-0.009631406341602755,-0.01129639784347436,-0.008428990515870649,-0.009128440675634564,-0.014740203117280637,-0.00846946381420155,-0.008891404193939523,-0.012949123341438717,-0.004911722187846745,-0.0027132868412725886
2024-11-14 00:00:00+00:00,-0.0038794012604381756,-0.0028695588314704423,-0.0032555627437077517,-0.0026468745610772615,-0.0013484209088658883,-0.003091262749050694,-0.002192696205127631,-0.0017387066774854354,-0.0025419208064773047,-0.0028005796988138654,-0.0017674641130703828,-0.003045944506276932,0.0023889873439233433,0.0005565211280949001
2024-11-15 00:00:00+00:00,1.7515173605264778e-05,-0.003209424749640588,-0.002993873395890523,-0.001947479272199737,-0.0026699352340044946,-0.000578803024105734,-0.002840324482977441,-0.004720629067867299,-0.0037112094349073255,0.00039107797668336275,-0.002716853616628434,-0.0002882305376633587,-0.002753428166547889,-0.0009374460246659444
2024-11-16 00:00:00+00:00,0.014477601540158869,0.015087017267776615,0.014869833094566243,0.015476565316749458,0.013333999932052754,0.017743314641342378,0.017526218394801063,0.01159413749891014,0.01739612413745406,0.014933732171514613,0.013223758415272568,0.010328083824488132,0.017210162278693764,0.017876351049576522
2024-11-17 00:00:00+00:00,-0.007010008037855009,-0.00718708906121035,-0.007688668393777465,-0.006938996465960634,-0.007484346817004495,-0.009663126312909442,-0.009413701198398461,-0.007604518309438757,-0.009671085454643347,-0.006137362651598033,-0.007012593120827915,-0.005212981468347588,-0.003953075367723935,-0.0016365252669336972
2024-11-18 00:00:00+00:00,0.011985069313710461,0.014767580239291478,0.014665159825228535,0.01591305984764868,0.011258927994550305,0.015939488110290334,0.014791352104313038,0.013136438111281512,0.014392689392595193,0.012348554107042942,0.012666878139376392,0.012336727588792229,0.010429960295491147,0.005148515249880692
2024-11-19 00:00:00+00:00,0.005226159017891696,0.005706010035215536,0.005319697982393734,0.006072754995143592,0.006495513029499023,0.006288386031396254,0.0064554720478655625,0.006467583123377585,0.004987564462799909,0.006746761426913217,0.006569511984766185,0.007325347389069536,0.006923576757156713,0.006291203443827387
2024-11-20 00:00:00+00:00,0.009674912618997222,0.008468870671012985,0.00847460538746203,0.008639992010251119,0.010079276728715447,0.009617191051057628,0.009258680958529775,0.008102562535691193,0.010217192863489322,0.004145705530298027,0.0030199738971410373,0.0022517401683259664,0.012808302656031056,0.014452960699430584
2024-11-21 00:00:00+00:00,0.004335928895783825,0.00549459583110079,0.004791271774643446,0.0044441525594405284,0.0025368386429531764,0.002701091350706619,0.006537381813470189,0.007131967142290696,0.0018282767114294884,0.00799263556692864,0.008569459330590945,0.007976831686627106,-0.0007801040468261577,0.0003468454212764982
2024-11-22 00:00:00+00:00,0.013541770661443131,0.013020705367792429,0.012422142912342338,0.013217450304856548,0.015251968001012361,0.014273307014699643,0.015203558335173062,0.012362251772881194,0.014311039270578085,0.008309698911754149,0.007537122572263133,0.007835335324573478,0.018122357727215377,0.0194775538130163
2024-11-23 00:00:00+00:00,0.002579912389570227,0.005999974030215016,0.00634192091904362,0.005726511199958262,0.0031731437749531466,0.007828393247055976,0.005535732043552732,0.003997079042466822,0.004985658671524229,0.0014053564289195908,0.00176768688233353,0.0016456858519404705,0.004233089706172866,5.826658871543877e-05
2024-11-24 00:00:00+00:00,-0.0004413721983483887,0.0011754738087472738,0.0006388269936719038,0.00046006245763918763,-0.0015187179075309976,-0.00024558627683968215,-0.0023260373424568437,5.935450994742908e-05,-0.00021873415489315207,-0.0024731894831134804,-0.0024340237644494556,-0.001446412217433135,0.002839028725343473,0.0004434308110337071
2024-11-25 00:00:00+00:00,0.0018782029442812043,0.000274941354756697,0.0006292315428293449,0.0009035914842958626,0.0007331782348021232,-0.00029937001418012255,0.00018922389457665112,0.0007838564105178136,0.0017266927202026494,0.0011858906594315322,0.0017646601534260231,0.0007568994152884478,-0.004089765310576476,-0.003953098480608097
2024-11-26 00:00:00+00:00,0.006892664381710878,0.0074052255976506665,0.006978094167906734,0.006143841161333263,0.007289896062304901,0.007610505482732455,0.007243652616493401,0.007232216167967875,0.006912643709564126,0.008520818497508298,0.007757138622817905,0.007674209027311862,0.0031959892066482087,0.003077315595982455
2024-11-27 00:00:00+00:00,-0.0016529704200094475,-0.00017771923556619829,-2.4859862022386103e-05,-0.0005255407906126219,-0.0024767348109144827,0.0006973186908705298,-0.0010604414332251455,-0.00010974360023741081,-0.001460955820319465,0.0004859745401124549,-0.0021804338311639526,0.0005832930897320399,-0.003140616310123634,-0.0029804369372802286
2024-11-28 00:00:00+00:00,0.0001169712957385105,-0.0002716626734812211,8.885178818185402e-05,-0.00035080865464454103,0.0001918354816607959,-0.0006870411277972721,1.1009219046176355e-05,0.0011478955462169704,-0.00028433974964092723,-0.0004772449326855277,-0.00019576798197340484,-0.000277546005849838,-0.0012059592881639158,-0.0005116348965465978
2024-11-29 00:00:00+00:00,0.0009219713244168481,0.0015770182412253586,0.0012713644037642968,0.0013936629477764306,0.00013557873137837184,0.0022139250197046323,0.0014606977217834771,-0.00011778907887327605,0.0023100714771331354,0.0017820301193689492,0.001904971914421072,0.0020881663185075006,0.003490257508893313,0.003320972188298077
2024-11-30 00:00:00+00:00,0.003133270235955221,0.00418496972729776,0.0031182402753222593,0.004163097415711636,0.0027275522673404495,0.004606150637241235,0.003751293602859418,0.004538534327630295,0.0032483101597768904,0.0005035225242444596,-0.0011877629579953863,0.0013840202812407387,0.004542014774584935,0.0035025184221195715
2024-12-01 00:00:00+00:00,0.004258578251974399,0.004616654687156663,0.00316591016456802,0.004797326334418983,0.004395902145602815,0.004021917763466609,0.0053492640050591955,0.006233913080900821,0.002176683287888892,0.003690283792413762,0.0029410903948967615,0.003332908674913204,0.003984262152072926,0.004826147311730589
2024-12-02 00:00:00+00:00,0.014634521356121422,0.013608902594349326,0.01217308292904784,0.013442750454508712,0.014793900712084751,0.013860926900995718,0.014186881555986686,0.012480011339579544,0.009155149110104066,0.01421205788645108,0.013896543681845674,0.012747521639811854,0.008988248684738798,0.0107955285098853
2024-12-03 00:00:00+00:00,-0.006060140284180893,-0.0005621815318508361,-0.0016377292689785383,-0.001634740246950872,-0.005796658587668535,7.541622406281867e-05,-0.004666966709314657,-0.004657862854726802,-0.0013870020631865376,-0.008237623778682424,-0.009672185045192405,-0.007099702584647094,-0.0001180092807623323,-0.0024506004108919566
2024-12-04 00:00:00+00:00,0.0013761334783923829,0.002263940352314142,0.0018646970526829953,0.0013473361090834413,0.002843465515980803,0.003120642128465745,0.0031728924614404797,0.0017748218502224855,0.0015138290030229928,0.004028995049581541,0.003452518638469959,0.004906697802674165,-0.0003193966463492792,-0.0005260991163599238
2024-12-05 00:00:00+00:00,-0.004168640267993018,-0.00423351159279195,-0.004760139872786895,-0.003540544237555898,-0.004002014898751405,-0.004422796503977922,-0.004318845659215809,-0.0043430808896577355,-0.00455441377949084,-0.0027776147846158006,-0.0017356823709120395,-0.0018519548182094336,-0.00671235238910628,-0.008880806924090545
2024-12-06 00:00:00+00:00,0.009899617019977436,0.0072807230291911385,0.007867045448369803,0.008345731958915525,0.007783640637630818,0.006976482554406527,0.007032829127378903,0.008412694956464684,0.007393602615869188,0.008705154497097078,0.007851120037023929,0.009071009937523522,0.006459790982180191,0.006723025880550182
2024-12-07 00:00:00+00:00,-0.010452824953804174,-0.009749956364599188,-0.010492445015439111,-0.00969985751167668,-0.010724342714713342,-0.009936937434072424,-0.009647931623236627,-0.010169413953785233,-0.009550449470213662,-0.012777377116561683,-0.01112031585033102,-0.011548107270440755,-0.009310894654081858,-0.009249208852149082
2024-12-08 00:00:00+00:00,0.0011484454412897804,0.0009821478103104742,0.0006560571700657825,0.000663448045148396,0.0003880544446606127,0.0010235414223414008,0.0004854844708555017,0.00173354192064612,0.0008851069417934454,-6.430057103001818e-05,0.001053250742365508,-0.0005626352591349137,0.002140301689434354,0.002264343895746146
2024-12-09 00:00:00+00:00,0.003357103710300624,0.005938818509249488,0.005111709612884319,0.004617601548182915,0.0061211300023862325,0.0060598523704267215,0.0073769419046638696,0.005227582451258872,0.005290189820916336,0.0016957822588201665,0.0034580925165692555,0.0032384681772894552,0.006182553422627857,0.006638472259455019
2024-12-10 00:00:00+00:00,0.0027696329826172317,0.0020919199313960135,0.0018054634391369007,0.0021472082977167517,0.0030484233491416823,0.003434202694965638,0.0028251648301858,0.0016711056862541707,0.003406472697085272,0.0013624368584035373,0.0020965722049051116,0.002708309403528064,0.004517974324970364,0.004680288253654075
2024-12-11 00:00:00+00:00,-0.002482412209711571,-0.0024165685361715594,-0.002444972992932559,-0.0024499164415373587,-0.0025608139709277777,-0.0026720939474911276,-0.0025138917619278445,-0.0017169857609540262,-0.003203612397312261,0.0015177528686585173,0.0026411247342466027,0.0005425315640463779,-0.002183375056025061,-0.003556029606102573
2024-12-12 00:00:00+00:00,0.00039136573749387615,-0.000977565515277501,-0.0010764070020327088,-0.0006993769469605393,0.0002550226911111064,-0.0009456073605260684,-0.00028160492350948196,-0.0005333886030963741,-0.00022090919205475235,-0.0002967682840436803,-0.0004233525116286163,-0.0009259348160278735,0.0002737492239006656,0.0003351173606980229
2024-12-13 00:00:00+00:00,0.0007886317745873228,0.0015501000059379155,0.0015077723402978638,0.0015477260889169564,0.0006746903498451307,0.002273326783643226,0.002031663218724278,0.001985480443422727,0.0017794857029140854,0.001600945552791,0.001679445679659164,0.0017271883626801543,0.0010539970631295859,0.0003807456246001095
2024-12-14 00:00:00+00:00,0.002253678843307183,0.00314077922277467,0.0028809822100974714,0.0037403078204827356,0.0023792758186147456,0.0032852516235906126,0.0035748292847748164,0.0031365807834626835,0.002645467430592685,0.002399116213210206,0.0015043339677074385,0.0027052287518423146,0.002614262255747013,0.0019128358322986205
2024-12-15 00:00:00+00:00,-0.0010155395453905758,0.0010343334021736261,0.001117525303781397,0.0007738732930182568,0.0003791771886119122,0.000253608351449941,0.000911200633564091,-5.6866127143950784e-05,0.0008447234849131569,0.002682735895207955,0.0015354548266359735,0.004413466394524779,-6.622958021273995e-05,-0.0014816859399425786
2024-12-16 00:00:00+00:00,0.0052825564421594695,0.004264252668885193,0.0044880985718411814,0.004312219799420536,0.005263620541524627,0.004925934808335253,0.0049216286860609415,0.006114368051296282,0.004785159995840393,0.003871790417642851,0.0030209045496860654,0.0044810080648960415,0.0034556667729719326,0.0039261672619665955
2024-12-17 00:00:00+00:00,0.0028778542801282114,0.002465449197132097,0.002511642638483247,0.002547104308711301,0.003657949295774454,0.002449231124496798,0.002278464194644725,0.002993900051254883,0.001930438134306156,-0.002667663649300933,-0.002079883417994477,-0.004140355650322447,0.0026537061164317866,0.0035949092212756995
2024-12-18 00:00:00+00:00,0.004394918584305518,0.003727531385840255,0.004743079957598484,0.005490038373237027,0.006558887387811296,0.004363009283766539,0.004855298652137741,0.0037185263260754997,0.004309459902459345,0.005351147927422639,0.0038266493846614846,0.005217775349446674,0.005584453689399416,0.0033107377903225377
2024-12-19 00:00:00+00:00,0.0062342831610289196,0.01053257105607397,0.008817684789554248,0.008634273353099076,0.005924647795670257,0.010558694690677939,0.006973556102328304,0.005858812455718843,0.008949748536301927,0.0068074407822651395,0.006350905727929179,0.008128723664455606,0.007923507075670688,0.005426376276114642
2024-12-20 00:00:00+00:00,-0.0003022969179334867,-0.0016126760320844813,-0.001431646680702614,0.0016537483136125353,-0.003273576056963323,-0.0021029125165055174,-0.001693983094642304,0.00019383877157452822,-0.00037266904298327574,0.00711492766232058,0.007633517571212556,0.007654239302354426,-0.004851946551454489,-0.004167253812986993
2024-12-21 00:00:00+00:00,0.0028907426571909145,0.0045272717047923905,0.005228128824306566,0.00541087229947701,0.004526657309672277,0.0063602760928078705,0.005257066005900368,0.002536640102761112,0.005290738201728651,-0.0012093333230652759,0.0011659577675446897,0.0012322714579215965,0.0051462166636429,0.003963540765030249
2024-12-22 00:00:00+00:00,-0.0040129699312084766,-0.002561463613489412,-0.0024569152253682836,-0.0031590730788612076,-0.004668582979464597,-0.0031227405167394418,-0.0033390503688893736,-0.001877096106798759,-0.0038734249492223816,-0.0019804323780370225,-0.00029711040204816186,-0.0036637865021467153,-0.003291336990976723,-0.0030827171983219825
2024-12-23 00:00:00+00:00,-0.0014166703930257318,-0.0029397077649425674,-0.004358670437261014,-0.002188784870478022,-0.002701054553957527,-0.003773506110489433,-0.004021857665725048,-0.003841445755468964,-0.0023332771122273055,7.08129566597826e-05,0.001686180552836536,-0.0005293705190956288,-0.0017612503417834269,-0.00221882410587515
2024-12-24 00:00:00+00:00,-0.005850223479523464,0.0008502928410407673,0.0012396408490649158,0.0010730564443817148,-0.0037077420441873343,0.0016755216947417217,-0.0010919795253795384,-0.0015278491414808526,-0.0011098019479233168,-0.005026740234050586,-0.007161698418464035,-0.004178416557827358,0.003022852722433411,-0.0015862438148958047
2024-12-25 00:00:00+00:00,0.0039002919721098372,0.003930501343772264,0.0037726301765661496,0.005012893703681076,0.004079191403731697,0.0035048642561676946,0.00410460560830983,0.004098487064914336,0.004393881491634,0.0063024982947554875,0.007702023582231821,0.007825453717218211,0.005108548052821904,0.003779666935950887
2024-12-26 00:00:00+00:00,0.0031710672422800013,0.0029905142990265254,0.002243889452544501,0.0037281373210826807,0.002418884084133932,0.003017563498078246,0.0028377864329303115,0.003731303111921269,0.004201069575985095,0.004133756677919598,0.002752825800348857,0.006170025855133376,0.0021770406013665866,0.0003184836477116981
2024-12-27 00:00:00+00:00,-0.00396722592940324,-0.0017857678177642944,-0.002199396887987204,-0.002166391462700701,-0.004415007392036152,-0.0018498488765680277,-0.0036060736320732145,-0.0023800656948819165,-0.0037026744880434004,-0.003338569099600064,-0.004285881821943893,-0.005401788751835501,-0.0036031987126454723,-0.004687974673887374
2024-12-28 00:00:00+00:00,0.00508633343391196,0.008155339801135586,0.00796767764918993,0.007347796675046592,0.004282097221556702,0.0069857022743964325,0.005908328298844134,0.008215210386587346,0.007568982106421984,0.002824650076751034,0.0027054221525992794,0.0007321130570512313,0.005502128885830793,0.004913096343028167
2024-12-29 00:00:00+00:00,0.004090314189737709,0.002485150527943736,0.002029272278414096,0.0027109732915642226,0.0033072376634968315,0.0024878506429100167,0.0026729516395853636,0.0015594679980119874,0.0034735746495915265,0.00428695175693683,0.0053142494185747235,0.0041622615875247515,0.0038893834843714004,0.002750456002897028
2024-12-30 00:00:00+00:00,0.0017388428620956908,4.155060518318265e-06,-0.00014758522501001625,0.00024190326413520147,0.0010370808317270441,-0.0007030782577034378,0.00020613130009317082,0.0019920337247656406,0.0005684519652346953,0.0019263303274905663,0.0018424054542700574,0.0013361535787346224,-0.002592030193692474,-0.001516848091164369
2024-12-31 00:00:00+00:00,0.002111131715771375,0.00047873890368776983,0.00010459448116217906,7.934074443882722e-06,0.0015888208454051256,-0.0005300632020308615,0.00025347193621061415,0.0010415996945107864,0.0015523236941255014,0.005101125566630893,0.005840037824456301,0.006198405181767175,0.0012033924817205222,0.0009724891167381955
2025-01-01 00:00:00+00:00,-0.0024114228548376415,-0.004087787201433102,-0.003736593410087141,-0.003551173667737495,-0.002903899343392191,-0.003023340885661363,-0.004238117638445726,-0.0014287547728740746,-0.0054558266712229075,-0.00675835166345462,-0.005177584007360236,-0.008062654542211223,-0.004248866717276978,-0.002552323343068763
2025-01-02 00:00:00+00:00,-0.003109780724199762,-0.0027982462387519114,-0.0025558225233981435,-0.0033963661783140697,-0.0023777473604419397,-0.0017593827680641994,-0.002457675610715304,-0.000997400940005666,-0.002532318162081215,-0.0022656131702888382,-0.003326825773429354,-0.0033632539164712982,-0.001981646904532619,-0.0022280252535037404
2025-01-03 00:00:00+00:00,-0.0031878950686321517,-0.006972470103304262,-0.007460141107438423,-0.008664211199159055,-0.005722031146411344,-0.007507678982206278,-0.004649764413886537,-0.005539809466061363,-0.00497559956190885,-0.0073121839076681905,-0.005031425315786375,-0.006800895281713459,-0.007851244706077454,-0.007259315195252025
2025-01-04 00:00:00+00:00,0.0025251407395443515,0.0025998868309282663,0.002550193945054957,0.0023117508464081116,0.0034108621634321157,0.0029392925275866233,0.002905539362800358,0.0020048510680090725,0.0025722713916558337,0.003428943905657622,0.0023221573550873398,0.003642857127041488,0.0013666407770205335,0.0007976498045465519
2025-01-05 00:00:00+00:00,-0.0067913353227929685,-0.0031168744220874123,-0.0032491793909668054,-0.0024450697201661153,-0.0061787260142482925,-0.0030733233360534795,-0.004355205120105565,-0.007454278927587099,-0.0032458193195121776,-0.0028800736875359556,-0.0029272615688438197,-0.0031442795752569808,-0.0009134617900320441,-0.0037670223003092307
2025-01-06 00:00:00+00:00,0.004794073277897715,0.005484472381647176,0.004977375729279476,0.0054919247205904576,0.005027400817162908,0.006364177708336527,0.004895692223432668,0.006171186552767827,0.0040945987572360565,0.003311309679030261,0.004191370337608857,0.0034451781666409165,0.00403630765638141,0.0023438314905954716
2025-01-07 00:00:00+00:00,0.011438384316695638,0.010359694122521246,0.011985528017683489,0.006090350264853939,0.015773752113702688,0.008756867311014105,0.011927366611321988,0.01526362887843935,0.013185558869511116,0.010642983627461744,0.009635344756788511,0.0108751199189967,0.00858175045050591,0.008443252404846335
2025-01-08 00:00:00+00:00,0.010365847976762765,0.011281926598311509,0.010889450737629591,0.011438099529923251,0.009102519723998892,0.011629521245955399,0.009880395011800491,0.00943617496025162,0.010139056547285197,0.00506386501377265,0.00704117579630692,0.0037691870338600886,0.012142558422742589,0.009243342853844982
2025-01-09 00:00:00+00:00,0.0046564205621886234,0.008629251675935201,0.008414148021653745,0.0068321634041972334,0.007165893708497295,0.011270943890459018,0.00998458497178345,0.007241748459735575,0.007771280260866709,0.0011658223681341173,0.0014197956055737038,3.3815756276700526e-05,0.008305716794033247,0.005593945280361057
2025-01-10 00:00:00+00:00,0.00017844811704059715,-0.0007560283259708811,-0.0010492666767595304,0.0012756385226495581,-0.000603368672394744,-0.0024987750042343437,-0.00047510924700910895,-0.0006321320543622999,-0.0007089388250676176,0.002811526012776122,0.0009602911704980066,0.0007812559626416693,0.00037843467589637747,0.0010169999239166838
2025-01-11 00:00:00+00:00,0.00614009542810634,0.006968586130419618,0.007203612654917313,0.007224046329275202,0.005387831312307911,0.006260724215513491,0.006468093067263592,0.007361630733377256,0.004849072344154326,0.002059590649188703,0.0026644821545627195,0.0015462638889374158,0.006022052568117164,0.004930220931996798
2025-01-12 00:00:00+00:00,0.0019717527823079894,0.001891096544185844,0.0016394953342404595,0.001897925347127405,0.0013605133260974345,0.00201204384980902,0.0021000360025364984,0.003712472215198659,0.0007133348579668741,-0.00120529017768356,-0.0010294035467133256,-0.0008795257744604879,0.0022931226244480296,0.002900425975592924
2025-01-13 00:00:00+00:00,0.002307532677882307,-0.0018501379818635089,-0.0010915653830845251,0.0017634192141948724,0.000848570384664793,-0.0023034569333935107,0.0025315286063312126,0.002632403852595111,0.002434050774264618,0.004295664310315361,0.007010089933473074,0.005992763353802832,-0.00025276850354982727,0.0012863799258986397
2025-01-14 00:00:00+00:00,-0.012993616531403185,-0.008980689424016086,-0.008850770758143889,-0.009408816770636985,-0.009332376326040337,-0.00897795198008089,-0.008877931812519835,-0.010973476418290606,-0.009791725925729078,-0.007152729011654091,-0.006289539647676312,-0.00621493492168812,-0.006773775552361805,-0.01045876352199937
2025-01-15 00:00:00+00:00,0.0034655723194993993,0.0026271116320577548,0.0031159927368464846,0.002636095976591646,0.0020927831728225765,0.0012949532049979506,0.003232369415428593,0.006691496965263166,-3.0144513871066536e-05,0.005247029546157744,0.006525431873225962,0.003709335087832555,-0.00044320683065712796,-0.00039589239934634257
2025-01-16 00:00:00+00:00,0.008074564406832518,0.006099616901393157,0.005741542671000577,0.005717794666170839,0.007524843486056199,0.005445722838275602,0.005066964374901506,0.008379870829153147,0.005916383138995895,0.002528978723249198,0.0022909899233927167,0.0035288405617108776,0.006110078566108124,0.009149772504216891
2025-01-17 00:00:00+00:00,-0.0013912049627593515,0.0009992613717082488,0.0009598820306131461,0.0001938533819119126,-0.0012532247060693669,0.001968998148170753,0.0009649411624517157,-0.00010621832815638221,-0.0005811233434172003,-0.0031333172849806745,-0.003047041028696462,-0.0042639922032267075,-0.0027884914676681305,-0.004161702055598848
2025-01-18 00:00:00+00:00,0.024850145092067955,0.02048299846796109,0.02040052919169333,0.02460301475393245,0.024122440403599343,0.0186471807890638,0.021922677173686234,0.021282344159247346,0.027291680656016393,0.020384388890591243,0.018284385236871925,0.017765065616515585,0.02460963288809004,0.027025816440601202
2025-01-19 00:00:00+00:00,0.011690462453782136,0.00853889538819419,0.008480387790588795,0.007134192807964901,0.011641268029593421,0.009481548840110099,0.009891656063318655,0.01088205710900958,0.00748442188289089,0.009566764900600377,0.011753667023206571,0.007647672473978018,0.008858490400421859,0.011263717647326477
2025-01-20 00:00:00+00:00,0.00434875985390204,0.0067488778931703575,0.0069292489036199,0.005630560479114699,0.004492972806091178,0.005819680505531055,0.004232509186492317,0.0034658796351072496,0.003589596538674522,0.010058608267253355,0.009627761044820105,0.01022874560854281,0.004586119461197802,0.005503960029036747
2025-01-21 00:00:00+00:00,-0.0020527377832345595,-0.002102770818525168,-0.0018035199861667905,-0.0018139420918766858,-0.0023115920691899605,-0.0021723613903040784,-0.00250716703203524,-0.0022686573922909847,-0.002739935482368505,-0.0010027429675592003,-0.002276009997157713,-0.002851452612875005,-0.003460411327642965,-0.0023148778814534587
2025-01-22 00:00:00+00:00,-0.0010427378854308555,-0.0030857833702873094,-0.002713892648501748,-0.002656017057430571,-0.001256065346003421,-0.0022746937639120945,-0.0017901579422401337,-0.0010686075662903471,-0.004135488858695635,-0.0018981853544354221,-0.0015636361876679716,-0.0036023575408286046,-0.001643717953690782,-0.0009686487262038357
2025-01-23 00:00:00+00:00,0.0038693446451461,0.0028685400168517727,0.0026918230563819368,0.0023289342352270648,0.002915547900027793,0.002225404700967104,0.002482253106454335,0.0020583492650434465,0.004418580478847023,0.0024781709381314077,0.0038388937056557104,0.00216107718330516,0.0045532841480100394,0.003824760114611747
2025-01-24 00:00:00+00:00,0.007951845788342737,0.008140427394061511,0.00830816767533804,0.008799906141372604,0.008330860884296687,0.008246891747788476,0.008516252920468315,0.009034341862515838,0.008662345796396131,0.005266499147418946,0.006870924794464051,0.005926226891104669,0.009714727017073876,0.007630881510267695
2025-01-25 00:00:00+00:00,-0.0014123645805148577,-0.00219100961665597,-0.001442996298048338,-0.00024765892960754154,-0.000774625702580467,-0.0017398410279196863,-0.0021150446889226515,-0.0006675413326486801,-0.0003446743323402002,-0.0018557938444212496,-0.0008302184464162865,-0.0008866627688002282,-3.886337442438048e-05,-0.0022646902296573623
2025-01-26 00:00:00+00:00,0.0015346135216649515,0.0034313097235125767,0.0034175281355011133,0.0041884315406337524,0.0011437703254149056,0.0024619247546546763,0.0014054736847219917,0.0025831569116132602,0.00281287933836194,-0.0014164219540975242,-0.0011599421479041583,-0.0018806789361828224,0.006851153934435361,0.00346736756166921
2025-01-27 00:00:00+00:00,-0.003324207215381958,0.0006601414254878701,0.0006370714233219221,-0.0009927847226849362,-0.00335628576942526,0.0009762480050787836,-0.003275374858766722,-0.0011365317126997843,-0.001680840560944863,-0.006870447277522396,-0.007004874188280885,-0.00631886961634931,0.0020572735689701194,-0.0002792751844676866
2025-01-28 00:00:00+00:00,0.01894696910275928,0.019956826159543528,0.01958216985646577,0.019423681444333152,0.016579295565617658,0.02053194453137208,0.018832498162616673,0.017867191344035804,0.017898060606891253,0.019589885761251757,0.017836130937286754,0.01917465885645231,0.01959534255136286,0.0174217146360236
2025-01-29 00:00:00+00:00,-0.005916837854738732,-0.0067551566609433955,-0.006737424545745774,-0.006146138958699421,-0.004413624998363175,-0.007256824680348051,-0.0070218162194359834,-0.0057043658170634615,-0.005630617629232337,-0.003480422893549995,-0.005240597516628864,-0.00237716321979764,-0.005210485806030674,-0.004893021807385378
2025-01-30 00:00:00+00:00,0.0019814747246018616,0.0022289831352855227,0.0021833745345840594,0.002635251985452225,0.0011492193655444627,0.0022905062953677557,0.001998835883309402,0.0023819148806010215,0.001953293437022552,-0.0022558601917943566,-0.0015049463891856352,-0.0018284179288050595,0.0006523870655532615,-0.0004168514396070133
2025-01-31 00:00:00+00:00,-0.0015464120751623733,-0.0043962896725459055,-0.00400035008416133,-0.003632682179466329,-0.0021917924969481195,-0.003016235347752305,-0.002981938845127874,-0.0024326139836777783,-0.0031682137402815336,-0.004976674530797087,-0.0034062723628518476,-0.005438480748779617,-0.004253500372879859,-0.002229333940829692
2025-02-01 00:00:00+00:00,0.014861555002599447,0.015365548258676087,0.01536698911181289,0.014179848365935221,0.014975012704556478,0.015876448125792475,0.0168738971891067,0.017411735181685373,0.014456100195546329,0.013324233489813597,0.013106558729329754,0.011961843441549602,0.015956146918283176,0.013064368324032793
2025-02-02 00:00:00+00:00,0.0009594779285266863,-0.002393045501291158,-0.0021058774836806293,-0.0022042751155786355,-0.0010089210859823838,-0.0023749934270087536,0.0017929609463140928,-0.0008497927541116779,-0.0017077984805594637,0.004107784973987227,0.004974983489300255,0.004376866813894598,-0.0008163403483405496,-0.00037240127555271396
2025-02-03 00:00:00+00:00,-0.009669601851362009,-0.012036211760583337,-0.01227539636337771,-0.010549395478440915,-0.006075175802349397,-0.011336103050813895,-0.008311927244241346,-0.012414707958762206,-0.011356587671986551,-0.0037823635211434725,-0.0019239162078995564,-0.0032207426321577692,-0.010463026829516386,-0.007720352362357796
2025-02-04 00:00:00+00:00,0.003368928732027321,0.0018991549403597485,0.0015539847689862718,0.004024072188227423,0.00012895363707743357,0.0005180820998655911,0.0025677296152448736,0.0021567428329769545,0.004192838186609871,-0.0016009349564134467,-0.0010393047770639319,-0.0004915260459232851,0.004870889960881586,0.004512592594808407
2025-02-05 00:00:00+00:00,0.003129888077035625,0.003776903139115939,0.003164347734514905,0.0035295614283088472,0.0021150223750932007,0.0036960198255810983,0.0029984785507473077,0.0031163944725782766,0.0034629557509178177,-8.392055457329128e-06,-0.0009274413345240484,6.697821459744624e-05,0.003567082320734327,0.0024642651853714614
2025-02-06 00:00:00+00:00,0.007342382573772399,0.00901640098731371,0.009906781545129473,0.008376189086479302,0.0071769550932787585,0.009690349507957219,0.009676119819799212,0.009009526983631888,0.006878977317460011,0.006782086678057686,0.004035966664104773,0.006647935379768599,0.009221798992084196,0.007579710121210059
2025-02-07 00:00:00+00:00,0.003204323330818548,0.0039860448441724206,0.004064888745541451,0.0032170075905881834,0.0031946253734518315,0.0034194740555761882,0.002860833867537993,0.002573733322800864,0.0031321976943410323,0.0016423952860993296,0.0008916243889560693,0.00033740680649185784,0.002068151264806195,0.002344726539303954
2025-02-08 00:00:00+00:00,-0.010126095085815412,-0.010488763930115219,-0.010988709610463276,-0.011267660534663992,-0.010654779325361408,-0.010706094096765373,-0.010980754082224764,-0.008672710756954194,-0.009226647010319278,-0.006865087113286372,-0.007340249435173307,-0.008840169467743686,-0.009849757128070902,-0.00927595186210406
2025-02-09 00:00:00+00:00,0.006634798882394266,0.008274738777148238,0.007455200554249197,0.0074871999478764995,0.007444421453731032,0.00934998486643357,0.009481035169857766,0.007682738149191515,0.00852362104271287,0.005283144166808196,0.005891737626475768,0.006660653358977031,0.006534193418313183,0.005532513525968508
2025-02-10 00:00:00+00:00,-0.0022819676893079954,-0.001570737233057229,-0.0019117610545246189,-0.0022189440736811727,-0.002144412287052533,-0.002110324349323456,-0.0029825542979183828,-0.0011533708997284453,-0.002205352270001182,0.001126252184018739,0.0006532040183131471,0.0009837626454411996,-0.0020087450261667694,-0.001364207900617087
2025-02-11 00:00:00+00:00,-0.0036835813226615555,-0.003073474354568728,-0.0025621144436015486,-0.0030637870194341055,-0.0027866899353959917,-0.0032423322199300886,-0.002971153901313306,-0.0031117084812930518,-0.001594847775033048,-0.0029807787592488477,-0.0023967863870900663,-0.0014252235319466289,-0.001437546477334739,-0.0012063757905856898
2025-02-12 00:00:00+00:00,-0.0034824901196444102,-0.003129868425713167,-0.003634848056291773,-0.0018701651114465534,-0.0031232227269758495,-0.0034364942913961416,-0.0051797777710593795,-0.006002062087279492,-0.0012674365898968087,-0.0016709904890334082,-0.0037276886949277888,-0.0020334306512458378,-0.0023048154095874906,-0.003106378812928745
2025-02-13 00:00:00+00:00,0.006711415861472503,0.006193006676073143,0.006035635296305575,0.005403459236401398,0.00594038293099608,0.006200397559245285,0.005781459481408735,0.006325265035826089,0.007369426879410668,0.005998370262676689,0.005251485176439585,0.0041031060719123325,0.0037101696364463255,0.00409898031305822
2025-02-14 00:00:00+00:00,-0.005366038968238729,-0.00553143371875664,-0.0052955736303089695,-0.005456392413549449,-0.006116545864928713,-0.006185087296712077,-0.005803600582577451,-0.005815536224292872,-0.0043118070426748645,-0.009867873132393457,-0.00978117930780631,-0.010914720597084648,-0.002870165156451221,-0.003604250450777613
2025-02-15 00:00:00+00:00,0.009114730986206743,0.008914541490129047,0.00828632637222837,0.007904973673935833,0.009780316457233429,0.009034258776593251,0.008329942701099657,0.010256907802534965,0.008667362488118613,0.0073406363832637656,0.006545300311072699,0.006329475201282353,0.006973041308789174,0.00730877844010025
2025-02-16 00:00:00+00:00,-0.0029931840308088375,-0.0019819845689585947,-0.002107441572521185,-0.0016989065295652805,-0.0025735336866865577,-0.0014795846574251481,-0.002259875942239087,-0.0031381691188556715,-0.00198078925483014,-0.002874315053099652,-0.0032132418032394527,-0.0022339553821185687,-0.001519393076883313,-0.001465455636391888
2025-02-17 00:00:00+00:00,-0.0006223389629459453,0.0009733496153587762,0.0005035082974789162,0.0025371544241570287,-0.0009685700116400797,0.0012724255492848613,0.0001688530983456893,0.0003263400651871695,5.460656397726638e-06,-0.003112784294768689,-0.0032423571806365903,-0.002433785038556957,0.0013375489750362402,-0.00012848845241864026
2025-02-18 00:00:00+00:00,0.00025235643146936937,-0.0011430898845953275,-0.0017330615209191214,-0.0009521944321594367,-3.386201061739147e-05,0.00047483547100513057,-0.0005323224026536622,0.0010237705080218262,-0.0010911292825148688,0.0009079504029720908,-0.0001933518877385021,0.00206061902789223,-0.0004992434350754582,0.000799629108439337
2025-02-19 00:00:00+00:00,0.006049946604797185,0.007054601903709656,0.0069941562512452204,0.007023964022607743,0.006553754785161514,0.00682678260228986,0.00640112968633666,0.007979110677383439,0.0058086671437824755,0.004811951308156814,0.003372078863388639,0.004785122612040338,0.0057964476976539725,0.0060334665814743005
2025-02-20 00:00:00+00:00,-0.013110423544818839,-0.00919504356457379,-0.009387868971974411,-0.008567628888997314,-0.014373143662945398,-0.00893014073114562,-0.009756023615927867,-0.012770948281463634,-0.010095919460886393,-0.009439974727605493,-0.00847347460791148,-0.009278573767780185,-0.006006126049341143,-0.00868214984030935
2025-02-21 00:00:00+00:00,0.0019106694674764224,0.004337734957929662,0.004188801207140713,0.003281159110893883,0.00206259117321439,0.0041501183633967376,0.0027691173343655784,0.0032821740700423874,0.003218366553033647,-0.0008357258683563407,-0.0010794096968262945,0.002299595348428163,0.0016265989566492944,0.0003260835732958878
2025-02-22 00:00:00+00:00,-0.01754538069371714,-0.01380604669410812,-0.013446933062430055,-0.01360867428453505,-0.017083284895969886,-0.013506633289339098,-0.01564363833264193,-0.01423033007054153,-0.01670850595229212,-0.014630301314396132,-0.015731980028087622,-0.011972933899475402,-0.012262663322778922,-0.014049606896696543
2025-02-23 00:00:00+00:00,0.012486945570532537,0.0160523520409821,0.014436713170380644,0.01529274042460349,0.014550444695649922,0.01531861627682396,0.014658383923194185,0.013365449292374931,0.015068022585533969,0.011912138148950646,0.01338613195389815,0.011794565232784437,0.010022502056784788,0.008860599159486782
2025-02-24 00:00:00+00:00,0.0023144655263265257,0.004840776191564089,0.004060127774709654,0.005080101020184635,0.006654982550830191,0.006651546358288796,0.001790737251725849,0.005389723815534708,0.0021035999285354823,0.007483597037494905,0.00941947497880724,0.008149225082885847,0.0024010187946779116,0.0003450105855926644
2025-02-25 00:00:00+00:00,-0.010031617737397247,-0.014049985631983009,-0.014591365854986327,-0.014992572226562917,-0.010326752396561556,-0.01395338747289998,-0.01180103100911234,-0.011727313234382364,-0.014534757309147217,-0.006629992905744286,-0.006292339508014,-0.0035877670288045893,-0.011947924174989022,-0.010652532127327197
2025-02-26 00:00:00+00:00,-0.014905630730224328,-0.01845868322527089,-0.018719513402681742,-0.01892547602489092,-0.014777650346328941,-0.017617139584594654,-0.01610940819722062,-0.015317190985099871,-0.017368770746649664,-0.012351787900464428,-0.011774924277894394,-0.01031252016578088,-0.014583419971101796,-0.012396100924547682
2025-02-27 00:00:00+00:00,0.003244929118581652,0.004792679374646669,0.004469240594786594,0.004766988480338075,0.0034499319154006614,0.004622959427967643,0.003951174211070718,0.004934689260132075,0.0033011796155317796,0.002555919967986764,0.002469999144246282,-0.00032614705427447266,0.0027093105842757037,0.0029185501215998055
2025-02-28 00:00:00+00:00,-0.0016904767174483748,-0.004685409177564548,-0.004950930769491824,-0.0025339247470600457,-0.0025295780184273475,-0.0044758035647253225,-0.0041605476661850105,-0.001080159778195977,-0.004540777794958539,-0.0030743554028682674,-0.00014240380022911836,0.0010200876566159867,-0.003959272339422948,-0.004020474593243173
2025-03-01 00:00:00+00:00,0.008659789050946776,0.009016495092287302,0.008929918668793668,0.009303845301231073,0.008376659557097765,0.009073540452804618,0.008794037281887324,0.007393356458671896,0.010567544156281805,0.006980151184421857,0.005872041189894706,0.0023012068907342087,0.006933765085997967,0.006705468184533325
2025-03-02 00:00:00+00:00,-0.008286150318436936,-0.005575100431346458,-0.004740257261243386,-0.007112885026251736,-0.008014975800921142,-0.004882711779994997,-0.0073327233486163435,-0.00770565594306849,-0.009363388686183916,-0.014013720909579863,-0.012917944205759646,-0.01773354915661085,-0.004456994839636463,-0.0018204301873806505
2025-03-03 00:00:00+00:00,0.006163462264677566,0.0030523421203692003,0.0024828508434167063,0.004425070275192677,0.008007200367871281,0.00478289429061296,0.0053675079432711215,0.006353734186372861,0.0056629330538569,0.009504904630912137,0.011063589976321397,0.009518048640975163,0.003576219563337313,0.0030763211158111314
2025-03-04 00:00:00+00:00,0.002187492077069031,5.4134623963753015e-05,0.0015065145485830822,0.0013149027422003634,0.0041503582609996315,0.001244063680041041,0.0024913407191591297,0.0013021206905432514,0.002281604092031042,-0.0023440194279403803,-0.0027324661738665768,-0.001510167145715391,0.001810923608795978,0.002425756853620342
2025-03-05 00:00:00+00:00,3.05382859331349e-05,-0.0005588346309883807,-0.0007347708722108548,-0.0002053371239254531,6.430490018494162e-05,-0.0004174592430602475,0.0003537430345921244,0.0015085621706263375,-0.0020228121600260884,0.0008502389557492052,-0.0001371084415132673,0.001266273756277192,-0.0019232567571136894,-0.0010093352177253934
2025-03-06 00:00:00+00:00,0.006172256037351165,0.006907512656550319,0.007005171254889975,0.005826482622821372,0.004814709899937819,0.007976335231694387,0.00660478595657521,0.005285146595215062,0.008364306881264882,0.0027734961406642444,0.0024793710958816995,0.0022791109787134722,0.005958517386321027,0.004669938823456565
2025-03-07 00:00:00+00:00,0.0019109802587675695,0.001477174174243423,0.00019049758525380156,0.0017172150061253166,0.0024073858107709345,0.0015522936638865392,0.0018901322713591462,0.0024213411987195066,0.0006460955679363778,0.0019797573574991123,0.0032566722446141227,0.000887910580200657,0.0012335431358507787,0.001306792818788871
2025-03-08 00:00:00+00:00,0.001724775509905463,0.0024827746245781324,0.0018743140657453417,0.0017916446397345798,0.0023116979803743387,0.003193574269321875,0.0028147450669937513,0.002480391203259158,0.001858803456452618,0.0004984320524545893,-0.0006338854547689454,-0.0006777907478773271,0.0023893700605277512,0.001648132465603691
2025-03-09 00:00:00+00:00,0.0009836153477060794,-0.0018153931544537816,-0.0018543084770976659,-0.00048114746929794894,0.0003027364949999001,-0.0012255029837858755,0.0011052985017732109,0.0006818735899223327,0.0008065849181300155,0.006252218275566657,0.004529270096768512,0.005985154811929183,0.0002393669257574338,0.0024805765689526194
2025-03-10 00:00:00+00:00,0.004208426248218489,0.0019051733282606786,0.00012730509553038338,0.0003378428415841128,-0.00021151913249972676,-0.0008789563527548117,0.0008428674178484474,0.003435487787935232,0.0025640615668027777,0.006788803598855031,0.007413352761367786,0.010069527764035247,0.0017368541371238777,0.0021744171848603333
2025-03-11 00:00:00+00:00,0.00860169756331497,0.007371643717154264,0.005874545471442838,0.007481453409486694,0.005674561294800817,0.005269980809291086,0.00605663751152985,0.006582628926150136,0.008147933448493294,0.00855366376468325,0.009481640244155543,0.009040481540975698,0.003963744278763004,0.003535793733711934
2025-03-12 00:00:00+00:00,-0.0010057815152653138,-0.0013088441777506787,-0.0017337771091294751,-0.0009453698839545499,-0.0010920263974615319,-0.0015970341786922804,-0.0014212523697442192,-0.0002326004947572624,-0.001441638168823478,0.0007886136726027448,0.0010752592720941756,-0.0010392950828742586,-0.002379569414167837,-0.002440453644785845
2025-03-13 00:00:00+00:00,0.002761330132389661,0.0033629400877026594,0.0032405431962194697,0.003516259119735521,0.0027490692617604395,0.0033306488261459766,0.003318771001731946,0.003974409041050508,0.0030134222138855637,0.003399437845671871,0.0019508575089035585,0.0009310552682457729,0.0018816528925662546,0.001513493930197951
2025-03-14 00:00:00+00:00,-0.0024390253923152194,-0.0015875231176539772,-0.002138504774082839,-0.001791903936374073,-0.0021845304598973048,-0.002368176432341107,-0.0028070275685764257,-0.0010297309211481087,-0.0024210050708999287,-0.0011454542299005332,-0.0010993347396693887,-0.0012738690452409607,-0.00030950091404646773,-0.00025633650204426317
2025-03-15 00:00:00+00:00,-0.0022363954265623986,-0.0029043866197782098,-0.0034860766758888495,-0.0030861672899823445,-0.002562549901418021,-0.0026804526744064194,-0.0027473061708366275,-0.0028561756998310983,-0.0027689282776908186,0.00014112844104485767,5.783443406315314e-05,-0.0005885964541947342,-0.003119273810002543,-0.002772189904257538
2025-03-16 00:00:00+00:00,-0.0033400222679027536,-0.004035238534001451,-0.003822558428766998,-0.005821063531591952,-0.0030789597504835564,-0.004183836847326594,-0.00323124579810119,-0.003793142538746408,-0.0021765728473693846,-0.00409356881043188,-0.002536765354667292,-0.0027158819415082913,-0.004046428839696303,-0.0037346320664974897
2025-03-17 00:00:00+00:00,-0.007851889389735245,-0.010704442632057165,-0.011122156213741796,-0.01006423745701146,-0.007378732181755221,-0.009292328155102503,-0.00820741726741947,-0.008894498915399396,-0.009286676119436454,-0.008189524008412108,-0.0073838537922268355,-0.00805573100034973,-0.005718816398206039,-0.0035943168086048916
2025-03-18 00:00:00+00:00,0.008230588409095851,0.0074677002704086615,0.007042077947372993,0.00622055580092562,0.008336560127346182,0.006341437402976657,0.006982036955133664,0.008139202842008642,0.007760316059720385,0.00459652603298033,0.0028951721804444386,0.004496358608488293,0.008245828137267486,0.008926155446351336
2025-03-19 00:00:00+00:00,-0.001815520409276905,-0.0017298262830699462,-0.0023512350687500128,-0.002323706952973792,-0.0027196805680697045,-0.0013143746171819792,-0.0017413887216495283,-0.00024002327571959192,-0.0026954400460521555,-0.0009517315480787047,-0.0004492627429368845,-0.00042499571475418385,-0.0028913800626317876,-0.0034908857548183736
2025-03-20 00:00:00+00:00,0.0036834555987876882,0.005669361921169402,0.004823536747188939,0.004511669757621073,0.002781740147448364,0.005038887405616421,0.002575814580722424,0.0019585116930933566,0.006048840359675678,0.005090306460261429,0.00427379528480909,0.004026510822846108,0.0034092072339246826,0.0019970256413195386
2025-03-21 00:00:00+00:00,0.0018636256664210649,0.004100900555765952,0.0035916948195890974,0.004081578628230886,0.0027470776832039245,0.0021477732859722654,0.00252262582144569,0.00483263932373279,0.0014914040435440867,0.003399989073089582,0.001817966884393396,0.0032659607219940323,0.0009191891194151314,0.0006510072252279286
2025-03-22 00:00:00+00:00,0.0017349679457092648,0.0004025065498891589,-0.0008869469537364782,-0.00012510865665404935,0.0006338630902387177,0.0009179528831717576,0.0020123426511060583,-0.0006659383812123165,0.0005370357382648017,0.0012077040216802448,0.002068175275512951,7.29701049202447e-05,-0.0004886232907711507,-2.3803710216263596e-05
2025-03-23 00:00:00+00:00,0.00021929315145796657,-0.0028926369826346443,-0.002681054265297078,-0.003166766752425887,-0.0004476823555348286,-0.002836738224754609,-0.0016243777176436769,-0.0010099674471468756,-0.0033863608488081676,0.00010417934065531931,-0.00011870742871900042,-0.00035573096930596737,-0.0038144226348891808,-0.0015947498264321514
2025-03-24 00:00:00+00:00,-0.008319209384803572,-0.008115762657227243,-0.008224985979576771,-0.008847047580546552,-0.009139772070486551,-0.008219652823316825,-0.008084240907972107,-0.006761033651742521,-0.007377521109390273,-0.0023309577597907527,-0.0016722936006290379,-0.00306315161010029,-0.008190826151472042,-0.007759536438076253
2025-03-25 00:00:00+00:00,0.0010356946293446079,0.0015374107099179746,0.0016431685133435625,0.0017443903213827383,0.0013318609082080268,0.0030307282831976146,0.002103409535790801,0.0004263196496316901,0.0021150777055893855,-0.0001369000491925343,-0.00033170254500036744,-2.988739594522727e-05,0.0023625683885846183,0.0008644971062989892
2025-03-26 00:00:00+00:00,0.005382643276494736,0.004978465136906252,0.0047385649761282345,0.004124437907392142,0.00571552419468202,0.005247378646762835,0.004889690757254206,0.004928730824276251,0.006066328576139979,0.004793164316890586,0.0036275934474236937,0.004370438863517512,0.0034136919213323402,0.0038498902312154026
2025-03-27 00:00:00+00:00,-0.005459309097561316,-0.003167122625040597,-0.0030858438285641387,-0.0041083110645145915,-0.004984579264722289,-0.003375731277117544,-0.003965025098892738,-0.006352657050239685,-0.003629880047017031,-0.0013267031985122468,0.00029781612448087635,0.0005559939742518782,-0.0006629469851553438,-0.0014005853220783182
2025-03-28 00:00:00+00:00,0.002765705197917967,0.004386822946255364,0.004530893501155653,0.0022601537423174722,0.0037076986158541825,0.003620601065886353,0.0024373664905510406,0.0033850635949030927,0.003439000240893275,0.0033178829259630227,0.004232558157806654,0.0010162081983962068,0.0003366534232849272,0.0013311070263295477
2025-03-29 00:00:00+00:00,0.0015120563661952247,0.006031435842492439,0.005008366156928679,0.0057052164557040985,0.001791308087194965,0.005379382132647548,0.002539959883416154,0.004819891290428924,0.0025972254535253647,-0.0011233183142806968,-0.001115958904868708,-0.0014024031944406268,0.0020558206889100816,0.0018567596299357003
2025-03-30 00:00:00+00:00,-0.0016366583919633637,-0.0011559270954576428,-0.0018209355995008059,-0.0011046966373997602,-0.00030938682036996124,-0.0005370786518167359,-0.0013020359756071853,-0.0018070093080483351,-0.0019801842189476337,0.0009205960390477053,0.0016741362792693781,0.0004703159362462461,-0.0016771309888141683,-0.0009228897873623243
2025-03-31 00:00:00+00:00,0.010715738055284696,0.007645890417780743,0.007250775317082514,0.0079997016769362,0.009493481103792556,0.00884942420909085,0.009148018254504064,0.009910359475026942,0.008744318207956736,0.010279269277703618,0.008690400621301775,0.009021591106916027,0.00881145707276687,0.011815434797690205
2025-04-01 00:00:00+00:00,0.006442746592524751,0.006240088607394556,0.006131232032613676,0.006568593665897904,0.007453061056913235,0.005692779956492089,0.006247027138748695,0.0062224911583077525,0.0050624619749863875,0.0033242371590356257,0.003423135398847643,0.0033903285065997046,0.008859453130470207,0.012511951832905543
2025-04-02 00:00:00+00:00,0.006599661380032762,0.007358367438622837,0.007229930969244958,0.006689818878657494,0.010069944691994293,0.010372716331837228,0.01057418319330905,0.006795337914413446,0.007681161277935056,0.003270180524592936,0.003376025779899594,0.0048107670621129195,0.008336485830657603,0.008006329898776032
2025-04-03 00:00:00+00:00,-0.0006556037963091343,0.003125585774527373,0.002837010017757713,0.003969357809077145,-0.000515390064836585,0.0032198590125043225,0.0022978439072147694,0.002658187065757822,0.00024389933685897702,-0.005784741038431629,-0.004262473928460908,-0.006355594146938759,0.004334084232465729,0.004108256388904108
2025-04-04 00:00:00+00:00,0.005389113142078683,0.004732555385830173,0.004899904017838574,0.004362625477922766,0.004075079065068099,0.004446395580909535,0.004678921085560006,0.006098204494837889,0.005744294683498463,0.002304763105220653,0.001391630922364273,0.003298382484558049,0.005891205980101066,0.006936443815841686
2025-04-05 00:00:00+00:00,0.0007065618656176831,-0.0007199773877988314,0.00016268728849655467,-0.0002497950005215799,0.000809516659139975,-0.0007533257123684134,0.0002110169629379044,-0.0001318294106718021,0.00024470942266474616,0.00020240814535599227,0.000851035885180984,-0.000604447189397006,-0.001663467102113736,-0.0012261077936472908
2025-04-06 00:00:00+00:00,0.0011142798475893834,0.004457465337218913,0.004306053723591496,0.0052180754524489,0.004159192709854542,0.005341408269630588,0.00351524498781397,0.001961868475393702,0.007773698680045182,0.008435932339050822,0.003066164714278452,0.004620660533904752,0.00015910978186717273,-0.004223950842792479
2025-04-07 00:00:00+00:00,-0.0048619358911147215,-0.0023487106936967983,-0.0030314739353377584,-0.0023550034467152425,-0.004563355797605806,-0.0032881736685880236,-0.003580031517524951,-0.0052750643699251976,-0.002124608003699846,-0.003482129177284299,-0.005521385574923321,-2.771199865225782e-05,-0.002962977811939438,-0.004454671782387565
2025-04-08 00:00:00+00:00,0.01091194901290038,0.011368761748428158,0.011027004227653459,0.011509815480953423,0.011182467554772035,0.011483451440345016,0.012793215368144706,0.012216229271181156,0.011911225542105441,0.011016269816797486,0.010130682477863528,0.008036391039435431,0.009726494589382462,0.00985613298776511
2025-04-09 00:00:00+00:00,-0.010009578955702647,-0.011127401448383534,-0.011873474569502052,-0.010553403202050116,-0.014585701330831813,-0.010760627187330507,-0.011423443496658803,-0.010407539006901723,-0.010159016782546604,-0.010560606416217477,-0.01306352478258932,-0.006122759901889596,-0.009324039391000793,-0.009157805436169175
2025-04-10 00:00:00+00:00,0.0027080569020905276,0.007313432271722764,0.004524033515050263,0.00540028774083412,0.0037498538555684746,0.0074278107756908796,0.00569111245635634,0.005124770374025367,0.0046693757915858836,0.0014881595001112746,0.00036929711094968454,0.0026486058651611355,0.006091206789289316,0.005362341774033164
2025-04-11 00:00:00+00:00,-0.008980001418613992,-0.011513143962960992,-0.012415440925304222,-0.010905128633490802,-0.009311780657054403,-0.010072297110500394,-0.010308792831563718,-0.009214992658598598,-0.01353407282650565,-0.007084816386075499,-0.00868951145118535,-0.0061916515166619,-0.009009458612362242,-0.005757104485250131
2025-04-12 00:00:00+00:00,-0.011483282204537426,-0.011890523364571193,-0.012470865169982748,-0.011866594365043892,-0.008807813788892394,-0.011447966425470857,-0.011812095923547705,-0.010206344445814142,-0.01605088950420752,-0.01704272986641653,-0.01649222340385259,-0.012858037287436952,-0.009307532976923105,-0.009396994316428264
2025-04-13 00:00:00+00:00,0.016210143757850792,0.008906907349907955,0.008641378089918605,0.008217577191655057,0.01368836876354762,0.008098303152082043,0.011571239555614232,0.013893069995015939,0.012339945216339077,0.019856632958678677,0.01955824310902754,0.020550972964068936,0.0075342599421339695,0.01508443585538588
2025-04-14 00:00:00+00:00,0.00392773091923182,-0.00035888290954033675,-0.0020994788448779333,-0.00145685735929868,0.002242677503924151,-0.0010737432426043414,0.0008486610485709534,0.0022639949043281593,0.00016198302844427914,0.0013457224553674596,0.0026664249199113144,0.004284455246906349,-4.3283394924542584e-05,0.005332179563474204
2025-04-15 00:00:00+00:00,0.0005462188642477717,0.001779541911403948,0.001452415445691413,0.0013236097023818783,0.0007057954830547164,0.0017470564524519894,0.0015394558921166812,-2.032232818738322e-05,0.003043308865402272,9.327574809026018e-05,0.00017697369546687547,-0.004075788001845937,0.005243431823166,0.00312985919300357
2025-04-16 00:00:00+00:00,0.005340786285092491,0.0012440383484175754,0.000841539986771167,0.0014385032252013374,0.005824961906068626,0.0016147562879638144,0.00275542171671872,0.00405254304352809,0.001511976442748253,0.005114644465015417,0.004639516773651042,0.0053115317142651275,0.0016137562911238135,0.005545443014643769
2025-04-17 00:00:00+00:00,-0.002776250254353241,-0.0009141141170883049,-0.0018875773322444278,-0.0008226074959781782,-0.0028865482928249753,0.0001194632306742438,-0.0014695024337876283,0.000650759674449386,-0.0015089827032025438,-0.004992517135413044,-0.005515664501463902,-0.003317939580178897,-6.414425550982372e-05,-0.003011009739109949
2025-04-18 00:00:00+00:00,-0.001088315313203303,0.002382475273372764,0.000482099610858322,0.002433570269345431,0.001301555705977453,0.0033394719049433252,0.001801205461045674,0.0013661910540216926,0.0019457813564895954,-0.004041185668458236,-0.0027352131679009295,-0.004604429378057162,0.004124557681293828,0.0015052982499537126
2025-04-19 00:00:00+00:00,-0.011424672750138032,-0.0064273532513726694,-0.006359917783625324,-0.007443108041649937,-0.007708184569750198,-0.0024601271241674327,-0.0056380436942183865,-0.010484223514760749,-0.007487256297158407,-0.015969929924374848,-0.01686130447038714,-0.013384854083018594,-0.00784753036714414,-0.01077367060247536
2025-04-20 00:00:00+00:00,-0.021742613483243356,-0.00781682830294328,-0.009779016221956205,-0.007714287211499471,-0.016500682832770064,-0.006461245693372142,-0.011811514708095272,-0.015006566888906114,-0.00987009721209331,-0.01793247905562778,-0.01675904635371983,-0.016198926090597476,-0.004422131052874589,-0.0162122986640707
2025-04-21 00:00:00+00:00,0.0005155697131655756,-0.0024636626948956186,-0.0031185691277633154,-0.002904522588247249,0.0008912530904079397,-0.004289535306419845,-0.0023944075464357173,0.0013796840356776752,-0.003670057966093321,0.004738684205174648,0.0044886951388720675,0.0046406049061300525,-0.0037547602788498002,-0.001353122771042603
2025-04-22 00:00:00+00:00,-0.0064722861328097014,-0.01572727729106682,-0.017237458667818117,-0.015022029549845217,-0.008960730717193721,-0.01831021664053345,-0.014976308977273756,-0.013556492772853534,-0.015610260018543709,-0.011774024456431054,-0.010297985574422408,-0.007990233109352762,-0.022192358067718132,-0.009918393539876669
2025-04-23 00:00:00+00:00,-0.011307448574344292,-0.013438702872375918,-0.013957501963884011,-0.01551239720631914,-0.012398958761464351,-0.014853427825454513,-0.014686031913114905,-0.014348840573493615,-0.012968716068867514,-0.01576315218858615,-0.015534249029478642,-0.018038127422818073,-0.014293363952093019,-0.009294616294968527
2025-04-24 00:00:00+00:00,-0.00382243602621557,-0.0003857096144811445,-0.0006624445741086893,0.001026659323346335,-0.001535848418095842,0.00280979984417562,0.00036157769050348953,-0.0026847427159434334,1.781234556275102e-05,-0.004634759880587813,-0.003850451058170168,-0.0043503340656690925,0.0034172431140220283,-0.0006085459664982862
2025-04-25 00:00:00+00:00,-0.011024321698085315,-0.0038878310228451785,-0.005182233400476188,-0.003987374063741056,-0.01079826378437998,-0.0019955049612051523,-0.004765161059487322,-0.009435490146815884,-0.00569119392056372,-0.011659969901338552,-0.008825117126654347,-0.011208609178359863,0.002640118481693543,-0.010138628261286309
2025-04-26 00:00:00+00:00,-0.009699132818327683,-0.007605447723832204,-0.008247012423615807,-0.00842226232211818,-0.00848066925001767,-0.006745238616241989,-0.008321493289100812,-0.00811648818241495,-0.0068889926412263325,-0.007993354998207747,-0.008383173987544956,-0.009646558410323247,-0.002011963475500589,-0.007507260811570937
2025-04-27 00:00:00+00:00,0.00830206883276996,0.00801703286556199,0.007839313966919281,0.008447765366505822,0.007820457191177299,0.007222201344891932,0.00813172373253468,0.008976825339330974,0.006014996821892549,0.0071196461837363945,0.006793479023295745,0.007228682540467046,0.006459300187188433,0.007511445252701199
2025-04-28 00:00:00+00:00,0.000236985417791713,-0.002336708034387902,-0.003088360888099162,-0.0008597365844509319,-8.206168080726606e-05,-0.0016856759205836624,-0.0014699359459615646,-0.001078317471958412,0.0001629478749927138,0.0015163202695014366,0.00055483988890348,0.003167954364555081,-0.0028197344031459792,-0.00036592741276175733
2025-04-29 00:00:00+00:00,0.003779720032915268,0.0059182559934256584,0.005634895263398221,0.00495863443084521,0.0034018390101591134,0.005349768193620097,0.004236861030314065,0.0050385965438504154,0.0033645123027252755,0.004164310633316237,0.004514947562407556,0.0037732954367459826,0.003048618361181754,0.001664377806099182
2025-04-30 00:00:00+00:00,-0.004699166444681158,0.004009533668187126,0.003666224712294719,0.00470787974840281,-0.0035083405447042804,0.004824356725818824,0.003963393518362057,-0.008068727708717138,0.0028105604845352072,-0.0035409416259122306,-0.0037741034708963506,0.002898618143658771,0.011828329308654517,0.0037893024357882332
2025-05-01 00:00:00+00:00,0.006660388191719324,0.007223250390790081,0.006901672637790401,0.006615934517553601,0.007655570868294381,0.006701902324080855,0.007813010548770816,0.007816537981502059,0.006194620461783984,0.00413876834471405,0.004456191492291595,0.005831806633437964,0.004100174627031494,0.0038362002426883812
2025-05-02 00:00:00+00:00,0.0014996062501553276,2.2188126519218088e-05,-5.3803423942677675e-05,-0.00028462444743249105,0.001353548792038195,-0.00016794004419939945,0.0008189876087469905,0.0008149692811081355,0.0006613723568229535,0.0004276380788696965,0.00013304584124185226,5.7144876699943836e-05,-0.00028422925390847453,0.001851323149993922
2025-05-03 00:00:00+00:00,0.007418286312628641,0.007033003940757343,0.006504038666680145,0.005723756443912764,0.008036076129463998,0.007255658154418754,0.006884830072142467,0.005260815524906537,0.006993554368817101,0.0029996641520848577,0.003833408234815705,0.0034108055292740858,0.005333748601736188,0.00609630224514035
2025-05-04 00:00:00+00:00,0.000456305005094082,0.00037221589542379974,0.0004322082889218759,0.0007490831109784324,0.0009854550993240174,0.000784054681262969,0.0007396899298273141,0.00031145196074922055,0.0004497824328053568,0.0011729242505851278,0.001630187355781576,0.0011405393304353417,-0.0007787911854061358,-0.0014601600700369088
2025-05-05 00:00:00+00:00,0.0037811401003999823,0.003115299620151779,0.002435561471390235,0.0038359202647118007,0.0036129793902504037,0.0018604467438823047,0.0025534575282606387,0.002463601754888245,0.003438169227030441,0.004170216112834302,0.003994296290066313,0.00382084643260705,0.00407058730308818,0.005933478606551024
2025-05-06 00:00:00+00:00,0.006595523023549932,0.0037971727877872397,0.003252628580755479,0.003201502096331188,0.006151922961475043,0.004215207223108308,0.004670884270651321,0.0055142299451227395,0.0031513831525540326,0.0019913705219807287,0.0029223866782157604,0.0016872275428809758,0.0021347842771908265,0.00495694319620954
2025-05-07 00:00:00+00:00,0.001410836694537343,0.0020380835414173237,0.0019384748416459985,0.002038129900413077,0.001577643396560413,0.0019381352117713302,0.0015257285310124047,0.002154202355673318,0.0005350294215260565,0.002722840084108613,0.002834643558930816,0.0027270280558342463,0.0012386337856531426,0.00021451779107195534
2025-05-08 00:00:00+00:00,0.003202347492869073,0.002596762383198614,0.003068577465425548,0.0030056567636058684,-0.0003768184288890364,-0.0003654218509256957,0.0003128302543600192,0.0023430314635244365,0.0016341481549104753,-0.000580367313986252,0.00036975451683196603,-0.0021471748464131357,0.004067320184010459,0.003991837620847649
2025-05-09 00:00:00+00:00,-0.006274290294290941,-0.005546867871293104,-0.005242413383040212,-0.006258458306021342,-0.00663010164872424,-0.0066804985013514395,-0.006266079474904873,-0.005213829816641868,-0.00690571583332944,-0.004286823996307199,-0.0028276634817265833,-0.0001145059029921125,-0.011385443226725855,-0.008503998631433918
2025-05-10 00:00:00+00:00,0.0023949362745723235,0.002729966545097273,0.0026450564318409864,0.0018877448431346977,0.0018180571211583452,0.0016021616566792574,0.0013753391896633715,0.0019247458458104827,0.002859536776229854,-0.0020730667832280503,-0.002449102583114815,-0.0017573746541585944,0.0027936990246066884,0.0003710518532902274
2025-05-11 00:00:00+00:00,-0.00313632825896748,-0.004417205871466767,-0.004727567385058973,-0.004049413363419574,-0.0038039746162883414,-0.003646151371612727,-0.003245520815343017,-0.004134071505133674,-0.004770909683420199,0.0018853335145305739,0.0014754690263241166,0.0048489276719949626,-0.004589485006309846,-0.0031012479658929504
2025-05-12 00:00:00+00:00,-0.002954831880859321,-0.004141778604237145,-0.004293663442857865,-0.00525729743894332,-0.003428623768152117,-0.004516450339461242,-0.004307994002942572,-0.003998708899132897,-0.002299017898616307,-0.004976923790332655,-0.0034113113232207004,-0.005166119864632557,-0.002614491121929574,-0.0034939761692809324
2025-05-13 00:00:00+00:00,-0.004177996821144281,-0.004357951471815724,-0.004025250720908757,-0.004749924421342588,-0.004136939564260533,-0.004142131039651442,-0.005084281817268499,-0.004088947769751883,-0.003886542525723846,-0.004095515675268446,-0.005540417072876114,-0.002682039981325879,-0.004997962441153803,-0.005907572192082822
2025-05-14 00:00:00+00:00,0.009069397781340083,0.009685258900456795,0.009256159826849242,0.009429941791536223,0.01005463209499835,0.009351046887287273,0.009279610924712633,0.00865929547453903,0.008264967741566487,0.010013960720211657,0.010229308271541449,0.01028316058339307,0.00620148370602891,0.006577690006587034
2025-05-15 00:00:00+00:00,0.007226468390182816,0.006287256970103794,0.006989668949440864,0.006457459850118363,0.006104652779937991,0.006100514619321151,0.006938070550044806,0.005502758079065639,0.007016527787696791,0.006089248347932008,0.006318182286497942,0.004183721880024693,0.006812162608700989,0.010169135124583839
2025-05-16 00:00:00+00:00,0.0014414819704320347,0.0020507742520736727,0.002531827183507307,0.003123522144788504,0.0003882470735332433,0.001663723877007639,0.0017347212502283327,0.0007253238274738116,0.0027588025220062207,0.001200854413958563,0.001511673897577115,-0.0002884111738385986,0.0032202028298005114,0.002881809697097726
2025-05-17 00:00:00+00:00,-6.395042363527281e-05,0.0005634278010164806,0.0006561394515973706,0.0009526449341477061,0.00017327140856204792,-0.0004527486707162076,0.00022350175750318613,-0.00022025428541738723,0.0003312678925151413,-0.002368714790706772,-0.0016421094314210682,-0.0030511544873997876,-0.00037582625761312105,-0.0001654044529193488
2025-05-18 00:00:00+00:00,0.005673820512424488,0.0030353311941886396,0.003025108562306311,0.00307843186503165,0.0056148426058870715,0.0032066183543304483,0.0037253376608930022,0.004298870742126537,0.004216237037060866,0.008720951717965164,0.008759978150399306,0.012139178779919435,0.0029043377273596516,0.005439765635583793
2025-05-19 00:00:00+00:00,0.00016035573712525064,0.0009538689037127401,0.00033752575144729846,0.0013477156090724307,0.000741645330409435,0.001291416828204106,0.0018890954204289212,0.00012596390512764621,0.0008274153070408907,-0.000640244763821185,-0.000994314439989985,-0.0001394970725769884,0.0018215164881962842,0.001329188578866436
2025-05-20 00:00:00+00:00,0.00022420286805147072,-0.00011122207696667719,-8.533253782516681e-05,0.0008641703359293373,0.0008593745522689211,-0.0010220442447300693,0.0009026786837191825,-0.000556125695423515,-0.001007865053324175,0.002593083699449439,0.0022264429843232847,0.0029712110524717783,-0.0006366825564251277,-0.0011095329207504445
2025-05-21 00:00:00+00:00,-0.003017955591019472,-0.003436054318122772,-0.003884369219543937,-0.003877565028527541,-0.00334066474331407,-0.0034621665131775448,-0.0033907088523335016,-0.0033269558136203026,-0.003436155762270743,-0.003999629267953386,-0.004204677928931644,-0.0040468646504597805,-0.002415401346095414,-0.0007293920067760196
2025-05-22 00:00:00+00:00,0.0003301855577351187,0.0002440014034448268,-0.0005555431219186335,0.0004708273830866805,-0.0013911746251514812,-0.0006965531912804801,-0.0003996281318067174,-0.0008608748131770927,0.0001637888170840096,-0.0008164477349312804,-0.0004637949880917924,0.0018554367976586494,-0.0011413518257454847,-0.0012196093998165791
2025-05-23 00:00:00+00:00,0.004927544704616649,0.008300625601859846,0.008623078081846147,0.00784813970588627,0.00458517357806798,0.00820571677896087,0.00746141290742397,0.005509497720650458,0.008291338019780214,0.007914969070414779,0.008776739828181723,0.006803111746427559,0.0072729428538094165,0.004286137514006638
2025-05-24 00:00:00+00:00,-0.003555914330639509,-0.0035114859103591023,-0.003625350775627645,-0.0031597781414034465,-0.0038427920152425132,-0.00365803661446229,-0.004014475389799377,-0.0032656451460473246,-0.0033322436280766032,-0.0027476484981131533,-0.0026000638553066446,-0.004100483192166382,-0.0021391298867271535,-0.002588535511183321
2025-05-25 00:00:00+00:00,0.00693955308925398,0.008776257839919754,0.008292045397899184,0.008313605553230463,0.00692031802040094,0.00914674959705497,0.007914533104187438,0.008531270037835048,0.007824827136279078,0.007507421054234964,0.006163487660789668,0.009795149816723026,0.006091764173619785,0.006453185057413879
2025-05-26 00:00:00+00:00,0.0034702898808238736,0.004555189337808185,0.003834537901985291,0.005044605499298527,0.004286285445465721,0.0034576654049276456,0.004236047536390508,0.004323575672666058,0.0028010361672854422,0.004376895812950199,0.002653704370440879,0.005100487462102121,0.003169877201808502,0.003448031433515908
2025-05-27 00:00:00+00:00,-0.010407332223527521,-0.0073035149502908014,-0.007138775401040576,-0.007093476654283837,-0.010509556013036825,-0.007925793941027881,-0.010475493470649577,-0.009773821937778426,-0.006941595752745888,-0.012039633561520047,-0.010798158363352961,-0.012011028017164027,-0.00868224010986307,-0.011567943228305677
2025-05-28 00:00:00+00:00,0.0043534045027207036,0.004205368602160808,0.003874481373584926,0.004545307280690247,0.00514898385653928,0.003696557758313457,0.005110631957160772,0.00438844161281482,0.004203693504463812,0.003250632463695613,0.002811482680925348,0.0031912256910293646,0.0037155386910228128,0.005436827179705839
2025-05-29 00:00:00+00:00,0.00199514166736825,0.002685974045019135,0.002344070524035402,0.003420581102747011,0.003114489897896311,0.0020355304561452403,0.0035411985095499254,0.0031989102377685263,0.002179471921483156,0.0008779249535413314,0.0011296235470938942,0.0010696402469978494,0.0034469155088201475,0.0038736545140256595
2025-05-30 00:00:00+00:00,0.01613412287150684,0.016344394661077954,0.014831087084798966,0.013924538541381981,0.015908903810343267,0.015477237648269249,0.016236701912917928,0.014477963100911762,0.015441130442733986,0.015515597971206718,0.014877398194365954,0.015702218647399624,0.012345780621246139,0.01928760601545565
2025-05-31 00:00:00+00:00,0.0014572355190050068,-0.0014282162068873783,-0.0019318007435027429,-0.001923751147884234,0.001705321503155055,-0.0014055954364294854,0.0005266149433065248,0.0006932835847499597,0.00018404959985507396,0.0006940855228112497,0.0007399678104065277,0.0011553506175736583,-0.005172328955118544,-0.0023099214856840966
2025-06-01 00:00:00+00:00,-0.005818878342702227,-0.006681583509626665,-0.006706794855726228,-0.006985251005150572,-0.005013932266031751,-0.006726592635406647,-0.005460993358632926,-0.007371683001599183,-0.005498056967346732,-0.003032090747725702,-0.002314136333733896,-0.002109524508745908,-0.008764321668038866,-0.008001512900568275
2025-06-02 00:00:00+00:00,-0.0013990225278439627,-0.0011764864697675348,-0.0011540180729385785,-0.0004359374788767134,-0.0014336062629913826,-0.0011205826230766824,-0.001302879502638632,-0.0010186923505312029,-0.0012125681075233485,-0.002295953865794509,-0.0030919456624297625,-0.0032293265907923363,0.0019789639830916084,0.0016556555015321273
2025-06-03 00:00:00+00:00,0.0005073037429919047,0.0007585612023282007,0.0008880691663848417,0.0010209930645439513,-0.0002717070602038518,0.000421317711349678,0.00035703414330612304,-0.0006305212255955928,0.0011140753926071056,0.0009901618475023355,0.0014795554756088514,-5.172346422843699e-05,0.0024798694366010565,0.0021120110161227945
2025-06-04 00:00:00+00:00,0.007186694517945069,0.009551768349008283,0.00885650237203861,0.009780312304451755,0.008402020589467485,0.009804263554319848,0.009286861366725851,0.007341676644842643,0.00929985942502598,0.00593257595014407,0.005532624474461567,0.007162100296276286,0.008999014885902934,0.008351892908544212
2025-06-05 00:00:00+00:00,-0.002188628072862797,-4.381952713927717e-05,-0.0003363156550126867,-0.0011377788763018426,-0.00163958989690427,-0.0010125837683004901,-0.0013042510618022085,-0.0008520957699291731,-0.0019110913028577148,-0.000242989201021393,-0.000951493994600261,-0.00012071798185353533,-0.002557368431660767,-0.0013416687061096333
2025-06-06 00:00:00+00:00,0.0027281935671870094,0.0017656052693473256,0.0014309431511227988,0.002567663461683356,0.003013056577362505,0.0031478056290330514,0.0034201150118597923,0.004356315292717072,0.001796064321759605,0.0026069038182419124,0.0027662155713421566,0.002105098065489752,-7.079254397690526e-05,-0.0014828507295454596
2025-06-07 00:00:00+00:00,-0.0009943068387539,-0.001248415927022073,-0.0014356728650137818,-0.001982748841631521,-0.0010502286871889588,-0.0018340563724839054,-0.0016321656738685908,-0.0018973090868003029,-0.001147051383173281,-0.001375303306361264,-0.0010094562250123618,-0.0023663986644676394,-0.0018920745051277388,-0.0008228167890884652
2025-06-08 00:00:00+00:00,0.004566703602458588,0.0052079343006525836,0.004700901565439342,0.00456375301752221,0.0043608653836710864,0.004285441525887501,0.004390559451902032,0.004731871127536591,0.005646114160894555,0.0028326879446076703,0.002129607156809543,0.0026865796721460278,0.005533603532360765,0.0061629965504717
2025-06-09 00:00:00+00:00,-0.005318446124201626,-0.0022585893526874123,-0.0019457160637110782,-0.002828257207625695,-0.006207354615496707,-0.001718205865685829,-0.0026358689700844984,-0.003476338429398651,-0.0016749190834335348,-0.007058724907670344,-0.0062067536722615335,-0.006915255361660266,0.0026894821481906472,0.0026630111811623003
2025-06-10 00:00:00+00:00,-0.0023767599668347295,-0.004737295606569658,-0.0049750745754088,-0.004803017776200513,-0.0022269406411102866,-0.003996203133942888,-0.0030642627284266366,-0.004382987902969315,-0.004951527226107588,-0.003981723346719979,-0.0033259800309075604,-0.004489735625507696,-0.0009204433045458815,0.00040439313693929613
2025-06-11 00:00:00+00:00,0.013927377848671263,0.013763791494799449,0.012550131767720796,0.013477564837757194,0.012711012652259823,0.014264782615518001,0.013478645295465608,0.014704692706407396,0.012631493036468378,0.011410627161538622,0.011217296189485637,0.011501982000899913,0.016861241294219953,0.016740271788228567
2025-06-12 00:00:00+00:00,0.011041291951368937,0.010798884541622256,0.01000427447454122,0.010805549074264231,0.009658230555761982,0.010636131286788864,0.009841572261373388,0.011836743256708138,0.010511948209600108,0.00866776043298767,0.008759024892236011,0.00803860428143488,0.010442263393459994,0.011189504233111158
2025-06-13 00:00:00+00:00,-0.00020591193090091497,0.0005135510689495693,0.0002706516609660703,0.00020208571380342377,-9.609222062911815e-05,-0.0002828429811143618,-0.00012700405924725988,0.00012355461709168125,-3.9713602525859315e-05,0.002119004095928023,0.0019047615751728308,0.0028026380735444167,-0.001714899334797848,-0.002781502558625526
2025-06-14 00:00:00+00:00,0.0020694730686461327,0.0026874552831823717,0.00246879176476833,0.002796336657253873,0.002624907142829924,0.002495461008558797,0.0016451220618209916,0.0027542222646150805,0.0028921707040003852,0.0009360284924713191,0.0007052767431754425,0.0008976347743512303,0.0030661085848495695,0.0017769331459669413
2025-06-15 00:00:00+00:00,0.0015772710316339644,0.0024637136322012143,0.0021102767791940646,0.0035185798752048747,0.0015738446956443664,0.002782151937206434,0.00197550212574793,0.003036470403469993,0.0024222015377846073,0.0011660568509730407,0.0007431155946715506,0.001796583184163758,0.002370693705129323,0.0020769603562880157
2025-06-16 00:00:00+00:00,-0.0026225972916833484,-0.008101359450092604,-0.008434188857166514,-0.007127162097129824,-0.0023619902754766775,-0.008495844642773753,-0.005260430603808985,-0.003658313757931242,-0.005975966774764974,0.0008253415351131554,-0.000244937872448836,0.0019016479601547953,-0.00936551281158482,-0.005053341865874028
2025-06-17 00:00:00+00:00,0.0028444385675285844,0.004495107940257315,0.004363244518002851,0.0031537290713863353,0.003964935845306217,0.003670395898002665,0.004155494084622902,0.005341767135113029,0.0048329691600419444,0.0018795127446116222,0.0027960890874865196,0.0020948988501305887,0.004037636040094661,0.0054483992497993405
2025-06-18 00:00:00+00:00,-0.0005102641268908137,-0.0013512777021985611,-0.0018185562503700847,-0.0010672726751371764,-0.000711201688149532,-0.001997132282353986,-0.001341801879092941,-0.0015406997292559677,-0.000828420858750567,-0.0008149127894375718,-0.001114113135252226,0.00011133884724690013,-0.0006797953995157924,2.681894711820121e-05
2025-06-19 00:00:00+00:00,0.0022890557797436983,0.0048991061338692354,0.004343191249472023,0.004794945304436249,0.0018657041164749089,0.004344964655834671,0.0038562819035063978,0.0025946416889111035,0.003385969749821305,-0.00023612029174879812,-0.0006185624635327569,-2.6314963062268326e-05,0.006339330963914813,0.004027294612449328
2025-06-20 00:00:00+00:00,0.007257031418174575,0.007190879150182683,0.006719445551977454,0.00695051034520433,0.00747685665471165,0.007386299577167188,0.006310163846720229,0.005384657437328189,0.007127685546354234,0.004036275887882468,0.004596126670162848,0.005699006237101845,0.006547630763783285,0.007003770741318638
2025-06-21 00:00:00+00:00,0.004110903136020028,0.0061626078470931045,0.005403399874631898,0.005643769433892665,0.0045165008544396645,0.006958757720020747,0.005986440911860624,0.004235953852160357,0.006274409148838478,0.004789315557322649,0.004660783520805012,0.005332308834069099,0.006228168571473791,0.004375127076586827
2025-06-22 00:00:00+00:00,0.0008361069618698647,0.00011677392040554402,-0.0008820089459234959,-0.0011437842838960544,0.0008316073016496617,-0.0006748903984022947,0.00015108322799406437,0.00024150822378854464,0.001579604719005978,-0.000337850231578396,-0.0010251234804630194,-0.00019867073812140923,0.0035219410983822197,0.004659510450314208
2025-06-23 00:00:00+00:00,-0.006023787460219698,-0.006039447388152541,-0.007355061543868446,-0.006586993271076369,-0.0046281118968699575,-0.005332356247724213,-0.006565078419560111,-0.006583630805949814,-0.007880543109041849,-0.0026320124618217644,-0.0030713632991828943,-0.0023993689659018713,-0.00700702678731846,-0.006376039349785589
2025-06-24 00:00:00+00:00,0.0030172987928578365,0.0028835350554927697,0.001871872441987943,0.0021011917256503754,0.00335998786331948,0.0023915971297998606,0.002707404753182985,0.0040578994045621375,0.0003304668429480184,-0.0004245449561450787,-0.0004268073381714643,0.00014991937970321167,0.0018645886072155005,0.002774053842802493
2025-06-25 00:00:00+00:00,0.013168810055234292,0.012548908634467892,0.012162775254910052,0.013674773301158405,0.011293532596799327,0.011585527834074849,0.012397760880924258,0.012664804950750508,0.013255808697329119,0.01019159829126548,0.010278572163152644,0.01096043874757413,0.010726931839031284,0.012171076443548312
2025-06-26 00:00:00+00:00,0.004632746668460586,0.0050312331743711525,0.00450717268829659,0.004920320538031486,0.0031838375907313754,0.004684434500502821,0.0046514692347408015,0.003700782562505056,0.006073575686470711,0.004028358896725592,0.00483817880217563,0.004094839977533793,0.0035100940902477173,0.0027145687246035166
2025-06-27 00:00:00+00:00,-0.00022542537812864083,-0.00034942306328167305,-0.0006222891188180091,-0.00015369805876230824,-0.0008078959073325453,-0.00161513107145006,-0.0010825766676876292,0.0010475459883771965,-0.0016629513436906551,-0.0003621716501454042,-0.0002897904635681403,0.00033076437126311475,-0.0014547333438795773,-0.0005212201708991726
2025-06-28 00:00:00+00:00,-0.0027512942674431384,-0.003719772262947618,-0.003717640810650291,-0.0036522829672342993,-0.0016967614745035942,-0.004002614266556459,-0.0037881795619029157,-0.002873222277639309,-0.003009410292264092,-0.0021824534052470312,-0.002225721658950519,-0.0017645202835758766,-0.0043299623473516125,-0.0027430748584864606
2025-06-29 00:00:00+00:00,-0.007121953223545474,-0.004440634926323739,-0.004439236845337757,-0.004034632719756348,-0.005508001308945354,-0.005110266034061617,-0.005160003451752715,-0.005682552931788987,-0.005155940574688711,-0.00486643208874149,-0.0051628959427530985,-0.005500918292065227,-0.004543125783032287,-0.008050745048063801
2025-06-30 00:00:00+00:00,0.009864473788572914,0.00816557696828335,0.008293686637744324,0.008042344892900122,0.011324028775227646,0.008893292540353981,0.00973564315209563,0.01141166044212949,0.007382061504249249,0.0069601209921683616,0.007164619976426589,0.007890853928296693,0.004725701585315711,0.004493081265572352
2025-07-01 00:00:00+00:00,0.00584043196459616,0.006183190795687965,0.005983510436285533,0.006951408360931444,0.0031900641774254,0.004771257318195055,0.00473072220984827,0.006179342273342048,0.005660431677443567,0.0057087705833196445,0.005485525782314982,0.005461236008807324,0.005138418651406296,0.004369853407431679
2025-07-02 00:00:00+00:00,-0.0017837143243462084,-0.004159654287263392,-0.003992079737104803,-0.004401555770156329,0.001181489122705326,-0.0026952907940349657,-0.0019376638926602574,-0.000200357552728736,-0.006123346084969228,-0.007903259623151748,-0.006808400050128727,-0.005225561900027098,-0.004964173893796997,-0.004229721261259978
2025-07-03 00:00:00+00:00,0.010008245243280811,0.007067081655169227,0.007172313976096856,0.007908153137911489,0.010300350791035973,0.007582739733910326,0.00866146949084956,0.012092045237326321,0.005730131446795017,0.00504586086514891,0.005486838332097621,0.005489396718624029,0.006470800164380286,0.008315532210488197
2025-07-04 00:00:00+00:00,0.00918610097494943,0.01187838546795783,0.011276471762551754,0.01124475733264485,0.009204005469857668,0.010778825653129376,0.011168377962476939,0.010858404723394166,0.009756207974440656,0.009339795458755074,0.009642295947060564,0.009308087175087021,0.007036054438910311,0.00583841178000144
2025-07-05 00:00:00+00:00,-0.001970606412102671,0.0005274180872441026,-0.0003032847156734242,0.001486556953353979,-0.0011034347691557533,0.0018354026219464803,0.0007735794558185738,-0.0010707974309831503,0.00022722547491449419,-0.0018819595696616398,-0.001180806181323324,-0.0015215384381402908,0.0011329865953291218,-0.0032933946401546565
2025-07-06 00:00:00+00:00,-0.0015226175510575368,-0.0015955327654587625,-0.0016847106218746966,-0.000890708682100172,-0.00177064318626452,-0.001877811611872171,-0.004909435960840591,-0.0019843353557308374,-0.0018915122950515784,0.00029233407941564593,0.0011695253642078907,0.000751643361163401,-0.005921175501626741,-0.006206231600782153
2025-07-07 00:00:00+00:00,0.005226407736187211,0.007053371823402044,0.006816398638145982,0.007140975782269576,0.005016787344765294,0.006097419869848242,0.004214895641224681,0.005891570096372201,0.004433819681903595,0.0023868680838512457,0.0029545437357796356,0.0026595923768182317,0.004616933315515714,0.001396516292049954
2025-07-08 00:00:00+00:00,0.004423420077650286,0.004828546821498136,0.003968381448465674,0.004202291391576685,0.005551044337092748,0.0057733472562155885,0.005508187175103707,0.0028361121533724276,0.005484296362461505,0.002349731164814406,0.0026497161863925367,0.002909708371391151,0.003859404904322128,0.004616763571351656
2025-07-09 00:00:00+00:00,0.000286765940647582,-0.0008679061087483175,-0.0018980655677313107,-0.0018153305448216361,-0.0004203848728059345,-0.0016769725125579393,-0.00044134155499764294,0.0017002670447643364,-0.0036233494385660148,-0.001794224799902766,-0.003316601173361633,-0.0035142044178307907,-0.003178926054971387,0.00033693761981012926
2025-07-10 00:00:00+00:00,-0.011810865639783952,-0.014184705962003274,-0.012255217176059041,-0.01614845450653013,-0.012938513105987814,-0.016179064673380594,-0.014314264926175269,-0.020327917883288804,-0.011190191411450612,-0.006172397403879759,-0.007960468958869371,-0.007140505827597732,-0.0228249855521494,-0.013596439882401667
2025-07-11 00:00:00+00:00,-0.0027628872408200777,0.002998601597771877,0.002346293854148085,0.0026646305228912315,-0.0006300327527321015,0.004269962470405675,0.0027718251587360854,0.0009373992528090014,-0.0015912969545917033,-0.0025959477701327227,-0.0030518961123841004,-0.00301912736211718,0.0003442691537443032,-0.005083763926176599
2025-07-12 00:00:00+00:00,0.006997146820090894,0.005323368942311335,0.0054488225086510855,0.005025396720924613,0.0068634887418399515,0.005270249729393051,0.00655828705940209,0.007203991477527927,0.004205692377308834,0.003730512538430819,0.004253409138441189,0.002624642529849064,0.005200340737070208,0.00730208019270262
2025-07-13 00:00:00+00:00,0.008870284192383338,0.00792772083326887,0.00776050423111152,0.008934454101653166,0.010248252251607859,0.008064773634947064,0.008163735395998017,0.008318048188130867,0.0084007701322939,0.006706792665713612,0.0063648764508263955,0.007867749750879671,0.009167057478773444,0.011650443877980088
2025-07-14 00:00:00+00:00,0.001450289399668625,0.00026742373275778775,0.0002818773364807736,1.3476229905329262e-06,0.0017459872528551301,0.0005593709765094879,0.0017987357989053265,0.0012367730254569942,0.0016561272797441795,0.0005610571316265744,0.0005259273805426901,0.001520647845030254,0.0019896219072574883,0.002949377338892445
2025-07-15 00:00:00+00:00,-0.005967787072830744,-0.004530780433421477,-0.0046540901771841,-0.003934595412709685,-0.005204081906860281,-0.005754323729720623,-0.005938063157006734,-0.004015095131358226,-0.006792912325673028,-0.0071625293849257865,-0.006879959220974841,-0.00678771924624566,-0.003716347922434138,-0.004845347158249136
2025-07-16 00:00:00+00:00,0.0032207944251585463,0.0024169887131071377,0.0024930954108817183,0.0025770774504447758,0.0038992648027809107,0.0015742007034142969,0.0034575607710116696,0.0022857588843046006,0.0028680854928804234,0.0006177727053204851,0.00016057230946242562,3.541280961760762e-05,0.005396799836924426,0.006401860274557691
2025-07-17 00:00:00+00:00,0.014869738851179815,0.011656736548800062,0.011522941577798873,0.012151729196294925,0.015819495839146658,0.011873469910590684,0.013079954518788961,0.012674996869121324,0.012732693432776276,0.007278396732091075,0.007654726834079195,0.0068834125537899915,0.012744769824697855,0.019189876500513847
2025-07-18 00:00:00+00:00,0.009993493688367883,0.00985911989257282,0.010038951599230073,0.009246797091722714,0.009940629511371535,0.009127216150561779,0.010012217466603968,0.00823956759137734,0.010046096317306796,0.0075839504848032036,0.00722812081337576,0.006771866604061261,0.004848649432214858,0.006819564691210145
2025-07-19 00:00:00+00:00,-0.0014497162837369126,-0.002026223936925864,-0.002129631789588471,-0.003110633709292987,-0.0013805978469152436,-0.0021567290963994123,-0.0016374725508992993,-0.0024249503143634055,-0.0008591562029709454,-0.0027153997538410524,-0.002634638005729828,-0.004530472422578646,8.612799324025922e-05,0.003017188830293671
2025-07-20 00:00:00+00:00,-0.007127534500005583,-0.0033035494584030545,-0.002906134350094569,-0.004019443519896915,-0.010272886680677273,-0.007768777556829143,-0.00791702381319681,-0.004936542235655983,-0.0043224124569499756,-0.007143098286513494,-0.006387358492289663,-0.006994269018272492,-0.003866810007117416,-0.00718668231204167
2025-07-21 00:00:00+00:00,-0.004452792812812856,-0.004182936184996655,-0.004093835591312933,-0.004806702458824197,-0.005032919657989798,-0.004138604596897855,-0.005197737398647484,-0.00475838323318678,-0.0034461447951021906,-0.0044195091842677,-0.0037666315909449244,-0.004626887440233873,-0.0049282434835266065,-0.005326829040024128
2025-07-22 00:00:00+00:00,0.0029479951435722462,0.0012619050564619538,0.0011751675842526232,0.001140591803500346,0.0035874451819799535,0.000529067259981586,0.0016764875695340908,0.0020651045315069894,0.0013105965248114693,0.003884472380420334,0.0042746355739016195,0.0032142643182224706,0.0014475285736204047,0.002267814849386207
2025-07-23 00:00:00+00:00,-0.006221269968903043,0.0016034774048558909,0.0009553868803089394,-0.0016406608794825583,-0.004888578105465613,0.002576336719235517,-0.0017389214611281956,-0.0023926141459913453,-0.00037560919269896687,0.0072165459470092674,0.006937164310913069,0.007824976501656256,-0.004031663920244122,-0.014665581440114095
2025-07-24 00:00:00+00:00,0.007497927204731525,0.008078436901889807,0.008039944826766732,0.009991892846649586,0.006788625853436425,0.0062768774185453236,0.0060160207686208444,0.004376100479543288,0.0066911509775677835,0.004971839201486361,0.005224278869162546,0.0051632429885652975,0.009924492496997894,0.0110971187937281
2025-07-25 00:00:00+00:00,0.0006770318542108633,0.0013571001319092613,0.0013615132831197307,0.002360944342936211,0.00016995034215749882,0.0009710795846917808,0.0017229010982431348,0.0009225215828323474,0.001106495990783385,0.0018795433072977819,0.0013416429453749767,0.0011208924942374132,0.00243736579560494,0.0013647200198800835
2025-07-26 00:00:00+00:00,0.002681826492684669,0.0029395608846114474,0.0028214782541728933,0.0031093942732298707,0.002182027757293703,0.002191450052738908,0.00238881101496502,0.0032359626345206394,0.002526232904755732,0.0018645560650081272,0.0021928850260501953,0.0025097238602325156,0.003061912369605846,0.0028953649417131633
2025-07-27 00:00:00+00:00,0.0014768208411444217,-0.001792779067374406,-0.002178820408697435,-0.0010350606455269418,0.0022809919916708665,-0.0006059982882811177,0.00024353126330933783,0.0018072205840247157,-0.0032955370935227046,-0.00024262307681000017,0.0002514041276944212,-0.00022124180258220605,-0.0010672048938593637,0.003003140460186904
2025-07-28 00:00:00+00:00,0.0016901100877040331,-0.0016871351655873834,-0.0018759062540113502,-0.0013414738312348407,0.0008232064275410789,-0.0008582788289794863,0.0006339334495260029,0.0008273308839117366,-0.00036237534563843266,0.0015913742191748792,0.00159054957194682,0.0025605931999144182,-0.0005446807426252587,0.0005384796526095581
2025-07-29 00:00:00+00:00,-0.00438250367912385,0.0004488049825830398,0.0009962517890278466,-0.0006188274082200573,-0.0014300260905422135,0.0004789897570540713,-0.0001821336406965246,-0.0014396168383987717,-0.001586589858701859,-0.005311812336603494,-0.004862290104832523,-0.004781902566050045,-0.0035951238672142782,-0.0062243829823029895
2025-07-30 00:00:00+00:00,0.0012457799621832244,0.0013850831163990662,0.001282230354531455,0.0015838331412063589,0.0008333681374674828,0.0006297026919988014,0.0015968516930287002,0.00038694491760637995,0.002461035586944993,-4.5833224644131754e-05,0.0005146231698192061,-2.8518969544033546e-05,0.0029084138431292317,0.0023835767055235824
2025-07-31 00:00:00+00:00,0.0017801155696792748,0.001903056106850931,0.0018165786495007996,0.002026938359283248,0.0013308778183687142,0.001979003969634574,0.002281691479729453,0.001705303666035718,0.000171707446260827,0.0018394402633856721,0.0013141300540129297,0.002142758138057088,0.00029319263727467515,0.0020287403055327946
2025-08-01 00:00:00+00:00,-0.001397163425877479,-0.0005728225319172608,-0.0007571470331296792,-0.00028659281103504686,-0.0015975518503729136,-0.0009051368517210001,-0.0008429243079043358,-0.0015949920932637474,3.147862083308084e-05,-0.0018398329288833448,-0.0010320573555865353,-0.000930678996964529,-0.0006779684969859812,-0.0024015141583314525
2025-08-02 00:00:00+00:00,-0.003489472657986714,-0.001948329851795827,-0.002391241934085908,-0.0016902207415984138,-0.0041197578474341245,-0.0020833071610260046,-0.0030926515459099857,-0.002808500525492086,-0.0032536167586819653,-0.0022363634085474926,-0.0025389395575379226,-0.002919427379480033,-0.0026823993456074335,-0.004336323041111867
2025-08-03 00:00:00+00:00,0.0016211953635079102,0.0008221250383544376,0.000838005483869253,0.0008178104225216032,0.0013354518233508195,0.001302809549719175,0.0012933646562223178,0.0015997041273272394,0.0018289325166387371,0.0031265621048501835,0.002865162093638851,0.0035340764367088884,0.00045941001885374533,0.001564370665345205
2025-08-04 00:00:00+00:00,0.0037599699376127393,-0.0029344746335057126,-0.002991018680655655,-0.002839314453284003,0.003035919268749687,-0.0033651730105045408,-0.0005343607540836404,-0.0018957036453980391,0.003700274889291588,0.005418415516449615,0.005791381715973376,0.005858250529034992,-0.00349131879335407,0.003429957048202592
2025-08-05 00:00:00+00:00,0.008214296293463264,0.012237055793929086,0.008479212599064923,0.009556490464585732,0.00754371789817565,0.01053854335358051,0.009418244705136303,0.009543130137761535,0.008575671202447177,0.01004583749143717,0.010283998195594446,0.012107097668402123,0.015765920514127396,0.014866421883130032
2025-08-06 00:00:00+00:00,0.0067285606545506305,0.007485800290544908,0.005172432968251872,0.007686706686484968,0.0059699812423821275,0.007046170510338179,0.006430458604857359,0.006209100077673835,0.006223438304696627,0.003467296030479794,0.003608212515912479,0.0028822288341043834,0.008602311611615843,0.00569754732599792
2025-08-07 00:00:00+00:00,-0.00011694659980576727,-0.00016006698972925726,-0.0009271674594952817,-0.0009032003712763359,-0.0018770325713679537,-0.001626583520795477,-0.0018059097375066058,0.002112945647742004,-0.0009143643513387367,-0.0026518848255387972,-0.0026889148124055184,-0.0037365091545856766,-1.3978505000400432e-05,-0.0013783038742903875
2025-08-08 00:00:00+00:00,0.0019876633331730176,0.003426901625980028,0.0032577854345308133,0.003963127470662631,0.0017420879016261104,0.002900113774564339,0.002698858512217406,0.00525903953468565,0.0024322781958534545,0.0013532831271780843,0.0008097373314979173,0.0007543336889583863,0.0035121600773750927,0.0031678640260170976
2025-08-09 00:00:00+00:00,9.568646845092843e-05,-0.0015252653701470775,-0.001418045618465924,-0.0032725151031298694,-0.0008452218101508979,-0.0020011231921462924,-0.0014132591894272517,0.0008408909885677662,-8.687478871283183e-05,0.004033727378505159,0.004603131508576386,0.003674420569620418,-0.0047253825887403345,-0.0006352762159737013
2025-08-10 00:00:00+00:00,-0.002318250500977004,-0.0018844961881832045,-0.0021692058697484473,-0.0022751240759880664,-0.0018068337598928785,-0.0008337627200298847,-0.002216920415229251,-0.0023188491560397484,-0.001557827748232432,-0.003183270150146189,-0.0036926898023690313,-0.0030640887549836515,-0.0017736130046612786,-0.0007013040441472551
2025-08-11 00:00:00+00:00,0.00515575687062797,0.011602931877161993,0.00930728055731822,0.010405998782038628,0.006314106066017677,0.010886368603632013,0.007616630212973208,0.007991690344066882,0.00813655551378134,0.006439856463816618,0.0056603977488038915,0.008098260415308589,0.011753394938889494,0.006718091693499684
2025-08-12 00:00:00+00:00,0.0069760687787281395,0.007290256989716637,0.007863976977055875,0.006566535866482592,0.005544172745900688,0.0069978228953861965,0.008336854310499353,0.008824825473257025,0.007349255099034391,0.002751267078940245,0.00439228950473014,0.004188742153774738,0.004443252915818929,0.004360554601730016
2025-08-13 00:00:00+00:00,0.006765465596381137,0.007970035049464252,0.008001582058075218,0.008173140858637629,0.007410523277380898,0.007540132748231176,0.007595696309058209,0.00828587540494885,0.007684745003168514,0.005391760550269575,0.005984517289381541,0.006179529790754312,0.0031438689503437978,0.002228160991849748
2025-08-14 00:00:00+00:00,0.007535056346427371,0.00887283024587382,0.00841761362934923,0.00839397385978824,0.007528720841159187,0.006578210010096175,0.008389985064227501,0.01077080255157159,0.00938560271358524,0.003773382352834309,0.003549348231352889,0.003918635846084095,0.013634213550274277,0.011886798959049871
2025-08-15 00:00:00+00:00,-0.002191916893517276,-0.0025531344950096013,-0.0028110805724955723,-0.0006694277826380102,-0.0024708235234387477,-0.0029125275294110686,-0.002494473198660696,-0.0019818481182505288,-0.0023226330525786265,0.0007651753570305786,0.00013897265248452584,-0.0007766513137660302,-0.0027612343956062713,-0.001818344930213156
2025-08-16 00:00:00+00:00,0.0023182338843903416,0.0028330765588144846,0.0027477887086195807,0.00293535693535385,0.0017661735502256803,0.0027188239705400186,0.002061438771109758,0.001767817760278012,0.002389853663422148,0.002792928508782433,0.002980217124567197,0.002422316722760831,-6.5307806227377085e-06,-0.001068175396287785
2025-08-17 00:00:00+00:00,0.004368696336654931,0.006874505964756805,0.00683296914476017,0.0055641071718697255,0.004731719398539225,0.005729198867845842,0.005479307058203764,0.004847605912918551,0.00593758946902101,0.0024965236421414794,0.003881610332124641,0.003569998045889422,0.003724844458986576,0.0027305904552159532
2025-08-18 00:00:00+00:00,0.0027376806619872074,0.0023375893440160667,0.0023720970565239696,0.0021369511625144444,0.0012988572051879643,0.0017747362193256677,0.0008689437035818148,0.002431322680885639,0.0038629205597924265,0.0007091798918152925,0.0016412583211868892,0.0021096755134748513,0.004244837647167099,0.005865545878453116
2025-08-19 00:00:00+00:00,-0.00045285147063267583,0.002876785815221883,0.0025021298295180294,0.002637938835898801,-0.0018467388233002202,-0.0004312222145113065,-0.0027117714419425676,-0.001162802202795521,0.0024967919375447067,-0.00313862638387874,-0.006400452432341441,-0.003993680754770801,0.008480102264088352,0.003825945118047125
2025-08-20 00:00:00+00:00,0.0028702535854183697,0.005848035956504516,0.005625396912900982,0.005907641303737554,0.00436259782461601,0.008734193191506812,0.007194666668331795,0.005524053595572065,0.005786399423396871,0.0015340884632482066,0.0014283437709461388,0.003271820155939187,0.004836266709798309,0.0017161091655435445
2025-08-21 00:00:00+00:00,0.005283329072514942,0.008382889629664492,0.007822771480025636,0.008721731697970192,0.00496158933845825,0.00728073225763648,0.00746420920806945,0.005917226501548356,0.006667770136264961,0.004447423998807043,0.003956370228345385,0.0029782676894767324,0.007115813347868594,0.0033776117450969867
2025-08-22 00:00:00+00:00,-0.004256720320301888,-0.004653780273721431,-0.0046935857307391915,-0.0020481861628964815,-0.0025231932408520397,-0.000392403879659442,-0.0044090439567779915,-0.002241637784100914,-0.0012950492364807165,-0.011616469728528256,-0.008737486746800083,-0.009842533703899647,0.0035826180677727137,-0.0001600205330943849
2025-08-23 00:00:00+00:00,0.0073775781137987995,0.007850248733866971,0.007372698152450896,0.008399296630778874,0.007919105117893066,0.00947017949190343,0.008620081747674702,0.00859256095656935,0.005701088911832519,0.0041047283691757475,0.004444049202893208,0.0037653404322881556,0.008954361847737902,0.007383919171267905
2025-08-24 00:00:00+00:00,0.010419821906872073,0.009615231211015374,0.009362950370443324,0.010901478555061406,0.009226535497432575,0.00903433143525878,0.008357750727671531,0.009969347398086414,0.009067597182298881,0.009317623628727123,0.011861913377577471,0.007592316076782568,0.01081999624767227,0.00946912550337764
2025-08-25 00:00:00+00:00,-0.005722725561490893,-0.0011276361932434087,-0.0011515356467578508,-0.0005675293737732456,-0.004359109365288716,-0.000990535902498757,-0.0014987104652224303,-0.0025779621988870627,-0.00029596669043074897,0.006422411182899657,0.008028148677257985,0.0044722317718073334,0.0015869655961393558,0.0003496560282350014
2025-08-26 00:00:00+00:00,0.0022240733108613853,-0.0003563000274510175,-0.0005412478885724603,-0.0015679066202827219,0.002591654286175471,-0.0012258104109537094,0.0007993358568405551,0.003245284757805722,0.0027444930906301845,-0.0005211221996944682,0.0010550467671661679,-0.0015957119043288337,-0.0032467041177545175,0.0008234703071243743
2025-08-27 00:00:00+00:00,-0.00568782878767371,-0.0007248179787601172,-0.0016259598327051927,-0.0018813306641906058,-0.007186505311503777,-0.0003788503560439027,-0.005146141141492144,-0.005089920475926046,-0.00451142577128516,-0.006639986744777393,-0.006313109112793036,-0.005602319092688934,0.0001878691531795873,-0.0026193138785063352
2025-08-28 00:00:00+00:00,0.0010842847050522852,0.0009490631357660373,0.000533864317409094,0.0007014276772476791,0.0026767917346448566,-0.00034060954165193724,0.0020509163050248524,0.003744978871641047,0.0024354390214993415,0.003990676939308102,0.005237059488371498,0.004276071236570589,-0.004639276939959802,-0.0026174801843297235
2025-08-29 00:00:00+00:00,0.003255847528049749,0.00376930855260027,0.002966894078537008,0.0031376659484143588,0.0026503379864080134,0.003736034303279512,0.003407660938600232,0.003396598326173894,0.0023521367793062353,0.0038534787358239786,0.00427621051996252,0.004176311719418235,-0.0004878059112052302,-0.001866104223724685
2025-08-30 00:00:00+00:00,0.00041116931753060193,0.0016467225050706968,0.0005764329596442685,0.0018747558225791217,0.0009887038577649498,0.0021984069433478304,0.0013588872798360185,-0.001276524611555696,0.002615981611442164,-1.9057676374667487e-05,-2.0397458483034647e-05,-0.0018378243726040466,0.0021954437948121797,-0.0004943223690114795
2025-08-31 00:00:00+00:00,0.0006412738056895684,0.0027081392396743897,0.0020086660947613577,0.0022464998545195236,0.0022970794205470213,0.003103951595201604,0.002469163293497001,0.0008844606947888689,0.0028227086700569615,0.004965226902011732,0.004025739628885194,0.004053257558639389,0.002159635450778463,-0.0005212904069185065
2025-09-01 00:00:00+00:00,0.007232946380707039,0.005080486123442807,0.0044369034851212685,0.00643469474628211,0.008215970501275649,0.007325505976675473,0.006654615965848487,0.005806121309830603,0.006368725082736892,0.005182772305613259,0.00398799966997343,0.004340799724552813,0.000965846829115824,0.004778674136455052
2025-09-02 00:00:00+00:00,-0.0021758077525095842,-0.0033807195646016197,-0.0038046794559160046,-0.004006101893596958,-0.0010211213558395382,-0.00270232634154266,-0.002658723769915161,-0.0015219186822795772,-0.005545574277291632,-0.0031796140802871076,-0.0023496254760317914,-0.002052523999356959,-0.00543874966899216,-0.0028702292541221697
2025-09-03 00:00:00+00:00,0.003797904508040739,0.0057649602496401275,0.0055859299373179905,0.0048175141585464765,0.0019653846406268993,0.0038796348115182067,0.0016591116528950067,0.0047535968418987995,0.00315082983139936,0.005726688228269605,0.005110992219910848,0.005871903209050178,0.0031851974971479624,0.0006425139644266054
2025-09-04 00:00:00+00:00,0.0018735710300739061,0.0008391729710985896,0.0005286715972738776,0.0007047451059611909,0.0019654457260187552,-0.0014769123321427546,0.0005419026471953359,0.0016586399194851165,-0.001090355009556676,0.006044737734842931,0.005301032766555691,0.008158068536458174,0.00021544014014729385,0.002147612402011667
2025-09-05 00:00:00+00:00,-0.008768058488003772,-0.0033839908057498036,-0.0032485204382378674,-0.004279673613607704,-0.008676423441346781,-0.0028750849770230458,-0.004718410436760245,-0.006631795772087279,-0.0028979220270496375,-0.004708011801230594,-0.005759363801002948,-0.003939601516365521,0.0015964653735749401,-0.0033084377030041523
2025-09-06 00:00:00+00:00,-0.013337029478039608,-0.008677551074615208,-0.009053797212858816,-0.008734073078156102,-0.013939475901801224,-0.009655478981778987,-0.0114694783091559,-0.011548336876348264,-0.010257885774506148,-0.0016925279054320619,-0.0020876472955275727,-0.0008665269559591238,-0.007503360682298621,-0.011503299688085722
2025-09-07 00:00:00+00:00,-0.00937310676319969,-0.019539749254045446,-0.01959330901361711,-0.02231018401267404,-0.008432101225682165,-0.018898649871920803,-0.016093304759125293,-0.012412276823591584,-0.01806422361055482,0.0030806979214152985,0.0008237149677796651,0.007104581301957236,-0.030956050929001777,-0.01801701242913878
2025-09-08 00:00:00+00:00,0.012117122200653307,0.0006792003741051822,-5.730809949910931e-05,0.0032090974315759357,0.013346786073855421,0.0018555509437725437,0.007737689290170602,0.009675006028564859,-7.218942571629583e-05,0.022921639730059562,0.02583921933087252,0.017606825732833675,-0.003739464423856975,0.007136461301331609
2025-09-09 00:00:00+00:00,0.005683108917908797,0.006980983848324351,0.005486140260012595,0.006276431235222146,0.0070718045586850575,0.006607191501614151,0.007299008892836634,0.009439626643239718,0.00491271464437526,0.001987736299663423,0.00305268185943941,0.0007953973573893158,0.007204137500563368,0.01001450559641981
2025-09-10 00:00:00+00:00,-0.024804857099276267,-0.023889321843834965,-0.025372385862149516,-0.031312821876503416,-0.023671916574388163,-0.030667303097919985,-0.026979184701750092,-0.017070946595962533,-0.01698536195632583,-0.018103224019027975,-0.01943869237214957,-0.009921048714434,-0.021314298127263265,-0.021331102299985027
2025-09-11 00:00:00+00:00,-0.001953844652230141,-0.0006542472083383988,-0.0009238621843155048,0.00036464533007252165,-0.001844757058175217,0.00012108953811607037,-0.0008303449681715813,-0.0018919163337446365,-0.0005229310326663184,-0.0010955392612626014,-0.001341523444502557,-0.0011571860703073478,-0.0008210760057657529,-0.0048635341674726495
2025-09-12 00:00:00+00:00,-0.008694712571694185,-0.023472627961591774,-0.025279025707362845,-0.02101071696520218,-0.012245702636530353,-0.02412256331168139,-0.022136662966438236,-0.017312394502104977,-0.020304853380692878,-0.009759395854984754,-0.009084695964935219,-0.015097120830672717,-0.037935757852938456,-0.014711692776240293
2025-09-13 00:00:00+00:00,-0.007340584705915254,-0.007153032213837451,-0.007470409174377246,-0.005371036839084242,-0.006546980691380266,-0.005713653780108241,-0.006529281285771127,-0.010557073058944821,-0.008567480677720507,-0.0006011177762234032,-0.00026729900351862845,-0.0006490651146340287,0.00019063716159184452,-0.005525210850225837
2025-09-14 00:00:00+00:00,0.006530428865227034,0.008332104768205006,0.0081778611349963,0.007096802220438292,0.004841487168714131,0.00740223342110502,0.00567357271220903,0.007357036721761467,0.010473205095488547,0.009418950153526673,0.007453306345868604,0.007506835471086104,0.0062888206208784325,0.004431515227455218
2025-09-15 00:00:00+00:00,0.0062181925514699365,0.007547654387074942,0.007105390926638089,0.005383157494990964,0.007206421889515147,0.006156656000481542,0.007127295493487784,0.004008484214727659,0.009143314745453601,0.005066244503107775,0.003816362443600285,0.004612962053958114,0.005281885428986222,0.00539275878640777
2025-09-16 00:00:00+00:00,0.0013255038187074408,-0.0005422040235297798,-0.0003761521845552229,-0.0008640674062662113,0.0017119742074873656,-0.0005902270028194101,0.00015329610046488362,-0.0007524847104048993,0.0003857572549603727,0.0016955189324037168,0.0012274723073293359,0.0017804623729413827,-0.00022580895204915574,0.002102226166077248
2025-09-17 00:00:00+00:00,0.004324733877729026,0.0008937645731219579,0.0008675825383410718,0.0008802704061781075,0.0037802360246856903,0.00034351696335144233,0.002447228873863061,0.0038358803631151073,0.0019454594145988935,0.0031948110142487884,0.0026441921938382684,0.0015781857838896851,0.0007833611005747532,0.0060640996618717136
2025-09-18 00:00:00+00:00,-0.007706307957684011,-0.007020492972441339,-0.008033292689432092,-0.007592082173736858,-0.007059474405506472,-0.006340642721756051,-0.006338157948177825,-0.007720508809327065,-0.010036699588324094,-0.0018500190844005227,-0.0011451357523141192,-0.000453718090110411,-0.006528092847774114,-0.009590853448665282
2025-09-19 00:00:00+00:00,0.004546419126385981,0.0059741957411239,0.005630736595529484,0.004322085470852777,0.004937977204935384,0.005614437018155893,0.005447324055092961,0.005309594917718874,0.007327494380461985,0.0028197103629654663,0.0018175288982489324,0.004079801879724787,0.0036177853449064212,0.00430158192221386
2025-09-20 00:00:00+00:00,-0.010564307208190904,-0.003672277731137985,-0.0037022072623156266,-0.0037664399767164403,-0.010907305009530521,-0.0041243629165841345,-0.006814308994064877,-0.007166276255903825,-0.006210789951990314,-0.009725011247578408,-0.0082176584319964,-0.012047210180956336,0.0008956258370524939,-0.002982250143512055
2025-09-21 00:00:00+00:00,-0.0056586594676142354,-0.007601464880647502,-0.0075751358462472496,-0.004678433733737997,-0.006041749129717222,-0.006202435229774039,-0.0055584210594272765,-0.007772471475293363,-0.005931548998625247,-0.004302782584657439,-0.002594235762019448,-0.0038877083611671415,-0.004505089770904025,-0.008183018342937998
2025-09-22 00:00:00+00:00,0.014262867412041302,0.014482897283776275,0.01324819651752418,0.013764310744186714,0.013320632711070868,0.01172440912719086,0.011878275450409426,0.01572007963558164,0.015630308585548702,0.011254017466780564,0.008069937161159224,0.011601933441746315,0.0072807324884685,0.012434871162711802
2025-09-23 00:00:00+00:00,0.0049999263607458655,0.006442193636523319,0.0061830940507954235,0.006034634880706324,0.004947674093396692,0.006665544351310393,0.005379627529990438,0.006739843445504379,0.005426403110325717,0.003901694605045858,0.0033414744246922368,0.004549109795389805,0.0031854913650737338,0.0012248480202647904
2025-09-24 00:00:00+00:00,-0.004493927616810667,-0.001732760689716395,-0.0022465626467924604,-0.001066878725364706,-0.005380968815740128,-0.0020377804762798934,-0.0029733655287594862,-0.002537417291094246,-0.003072273596102404,-0.0014688100703533769,-0.0009651023187573493,-0.00187808548210322,0.0013730218948160289,-0.0004190868650437718
2025-09-25 00:00:00+00:00,0.0008891855293795548,6.526687981045498e-05,-0.0007597122261636668,8.45495769707938e-05,-0.0005695458552229526,-9.44033693485169e-05,-0.00024584089642287754,-0.0012180991740302627,0.0015920801307716115,-0.0014992078604242343,-0.0016121954059428178,-0.0018092748977012185,-0.0014824601792812198,-0.0015566808499309914
2025-09-26 00:00:00+00:00,-0.001682634530771776,0.002415160928404214,0.0023421037822857205,0.0027300733287012324,-0.0014404162224250783,0.001149925227943216,3.8173744040692625e-05,0.00141216522003762,0.0026283058169587203,-0.0033601505859994774,-0.0029949204520981487,-0.0020159394207175385,0.0034976096803975842,0.001909838877780734
2025-09-27 00:00:00+00:00,0.00327597074443009,-0.001824510898355003,-0.0015744334243202873,-0.0016884864855079007,0.0009036288343979848,-0.0021975030232513904,-0.0003699022305566624,0.0008927999873191705,0.0001642604233975664,0.0023928665959087603,0.0017780443363635268,0.0027165703958900167,-0.0012134876913294512,0.0035587515418584736
2025-09-28 00:00:00+00:00,0.0016001260146658591,0.0009475758662564893,0.0012434542307966368,0.0004292461922696944,0.001607104317407515,0.0006764843258748598,0.0015168843146469158,0.002228078234857822,0.002305608372180634,-0.0005547092194455594,-0.00046985986836356464,0.0006708242207154047,0.0004761786462086359,0.00036402636754817586
2025-09-29 00:00:00+00:00,0.011702203758052754,0.008346723718175353,0.008332989553362147,0.007552036879935553,0.01115076814668714,0.00784195710279878,0.009126736205780306,0.01208623954251209,0.009313775725642515,0.006504256819558796,0.006864928665776038,0.006965283911652298,0.006511209908769633,0.013145428735182874
2025-09-30 00:00:00+00:00,-0.0010300903080066037,-0.001279816801021183,-0.0011918625225262325,-0.001995154984088532,-0.0006237685509316027,-0.0005444909088090366,-0.00034272256214806784,-0.0020515695705413117,-0.00018118318661131116,-0.0002941067537437503,-5.900569582961701e-05,0.00024601704473847796,-0.0021242393486151645,-0.0030519364611244493
2025-10-01 00:00:00+00:00,-0.0009353126985283122,0.0007980483601974786,0.0008951564944934542,0.0014506056386169863,-0.0007804473995987049,0.0013507937764485334,0.00038523629499276346,-0.00033522911676020506,0.0005833174120692952,-0.0030108306935774376,-0.0028265035997799837,-0.005532056137964703,0.005182470626353686,0.005044428546472579
2025-10-02 00:00:00+00:00,-0.0036100035549918585,-0.0038740979428197875,-0.003957527766527469,-0.003504401446116523,-0.0034876966138889243,-0.0033769923880259123,-0.0032836371951474597,-0.004485283335045831,-0.004840203943294097,-0.005529371140091666,-0.004292745300034206,-0.006830448952334978,-0.002107559713378726,-0.002443279484428018
2025-10-03 00:00:00+00:00,0.002748628626931815,0.0020129554081207424,0.002155622704360649,0.002317879377365939,0.0015228750210098951,0.0012235936217261933,0.001272668211107053,0.001694653699274351,0.0020391650248319237,0.0045248080760256215,0.004571849691008767,0.003842377781141826,0.001775691853939776,0.0012360285323376186
2025-10-04 00:00:00+00:00,-0.0016691570667167754,-0.0003610298362958231,-0.0008249703614541248,0.0002649959472222907,-0.0013479658783588366,-0.00018275913941989685,-0.00046051396304847003,-0.0004214794467344296,-0.0009548448545809718,0.0026423029182260915,0.0031735197867142073,0.003971862705829388,-0.0007230632442875029,-0.001550030835735794
2025-10-05 00:00:00+00:00,0.0027299073476823033,0.003766453925151181,0.0034397958309151377,0.0028265542135537114,0.0032925257776634798,0.0030724969978144223,0.002883009786606383,0.0028051193062341717,0.003818357419172358,0.004477833559869859,0.0037296165734308495,0.0031398370409176923,0.002092059338284269,0.0027378790487395666
2025-10-06 00:00:00+00:00,-0.011898860384262688,-0.008997754141492953,-0.008492289372269424,-0.008199060502760203,-0.012142204894244668,-0.008130713776264842,-0.00912310264160976,-0.00966395079316218,-0.011083339897175692,-0.0022775573127380433,-0.0026036546458860776,-0.0018830979443793527,-0.010149888553365849,-0.019753109299809002
2025-10-07 00:00:00+00:00,0.005473599360196424,0.005136931082087903,0.004741346072947739,0.004042947717574963,0.004242777349316329,0.00455514209244412,0.004288508296170335,0.006134347115241967,0.005034640885937192,0.005467512579183653,0.0052582038663693265,0.0037564156185634356,0.0024177730079038007,0.005854851721702081
2025-10-08 00:00:00+00:00,-0.0017208105040418253,-0.0005603897610008124,0.00015499019269338277,-0.001817292693171657,-0.0014745843756235333,0.00013542577827463376,0.00017766426813037306,-0.001406112579869001,-0.0006331935554727552,-0.0024794516332807826,-0.001031609261560762,-0.004661197751924417,-8.427707030567166e-05,0.0001498256022467448
2025-10-09 00:00:00+00:00,0.012997848353291763,0.008365473251447542,0.008148883153103137,0.008632536735782681,0.013374797875834288,0.008577193299715846,0.010209998024760303,0.012368330039232545,0.011453347245761858,0.010704302552156486,0.009543545070686665,0.009651379903176105,0.007970149250777991,0.011264236398816907
2025-10-10 00:00:00+00:00,0.02402848497339294,0.02186512450299105,0.01965524461393242,0.0167740960865832,0.02242511741365294,0.017708114765114136,0.01808139292638744,0.02687051649699912,0.02040360427403809,0.021977756906343737,0.021955419928953557,0.02321598324565688,0.008910334595739977,0.017184924570155413
2025-10-11 00:00:00+00:00,-0.004760712119362132,-0.005194106831317047,-0.005870787438177594,-0.003164722488668059,-0.004783986118055417,-0.005058645233663284,-0.004773378280753082,-0.005354347825048844,-0.004457874990492994,-0.0039421105580015325,-0.004259721141247619,-0.004179137572967284,-0.0013767808352337374,-0.005283559395937165
2025-10-12 00:00:00+00:00,-0.0009601952806129743,-0.0007983768113352108,0.0006128633799316052,6.670657474705521e-05,-0.0008423831345576449,0.0019210853173268205,0.00030991860787721315,-0.001545397512085711,-0.0016742901827888623,0.0029809670870213356,0.0025248694714743447,0.000587287063385622,0.0013037723349385022,0.00018009484116965346
2025-10-13 00:00:00+00:00,0.0010311238182285631,0.00012694381961719792,0.0001939432104665073,-0.0004224006644351075,0.0015890144634882475,0.0015219494142018064,0.001649975377517876,-0.0009677756953649919,0.00046821101310157154,0.002528249471792199,0.0015044573901612512,0.0022285806367501326,-0.00612626681714179,-0.001114837769114807
2025-10-14 00:00:00+00:00,0.0030626974536582807,0.0021140488212119113,0.0019394484091850295,0.0021261350480998864,0.003262387331255834,0.0009070176607401947,0.0030229299896222805,0.003379998095966119,0.0015681551255948278,0.0033790348365123624,0.0027287622620661978,0.003167852096452206,0.00199198040835058,0.0017461739287067957
2025-10-15 00:00:00+00:00,0.0019179733246152963,-0.0015140081125607496,-0.0002837277672830263,-0.002159197916123179,-0.0007996571606571079,-0.002199984707292324,-0.0010109023145778995,-0.00014370320624612631,0.0005225703510265411,0.003742390896416703,0.0038989454503934873,0.0016234070363156938,-0.012939127018045449,-0.009218204093151106
2025-10-16 00:00:00+00:00,-0.0014805108377450305,-0.006728837207590654,-0.007637544587791312,-0.00604639535440421,-0.0019489768600504664,-0.00661046238633245,-0.004686226135422467,-0.004781700688132551,-0.005522488119630853,0.002135016865009387,0.0011480928224463227,0.0015460815367438485,-0.0031446438097181284,1.8659688034494692e-05
2025-10-17 00:00:00+00:00,-0.00045079207254972165,0.0011954429881320117,0.001148681309076638,0.0002205496635463433,-0.00029113732226460076,0.00011255915697927499,0.00042997225587404486,-0.0017512336689017305,0.0010281489710666225,-0.0037740515113403594,-0.003104035524947757,-0.0015033444646908034,0.00219786527551058,0.0008000183080165701
2025-10-18 00:00:00+00:00,0.00275491414843243,0.004732570353455534,0.003851496694664336,0.004130164092274624,0.004139175094141301,0.005903060829477003,0.004542686250677441,0.0038720012856161556,0.004224006008523684,0.0013836563520588374,0.0014666003652941129,0.0013812189100175232,0.0021364294498260605,0.001631954689718107
2025-10-19 00:00:00+00:00,0.003116981602113267,0.004181044552382218,0.004290780395627802,0.004589480942831958,0.002049616640735774,0.0038843896441833614,0.0024108129061788386,0.002578921110757859,0.0021013338829025674,0.0010272356416560768,0.0006252237208510536,0.0006630428659430976,0.003914540152878843,0.0010682045567920184
2025-10-20 00:00:00+00:00,0.0022057805391322294,0.0052638815754610935,0.005143022364260563,0.004474300500677986,0.0018080428062865472,0.004139123486502028,0.0015985953508106387,0.0030571649720227967,0.0047776957814675836,0.002438388142247616,0.0024934931715649977,0.00032782460379898737,0.0026220488105455075,0.0004965783443791061
2025-10-21 00:00:00+00:00,0.00044823954371842056,0.0005176398950901273,-4.742133085189337e-05,0.0006344002091418499,0.002748837691835204,0.00013333856193820104,0.0021833280563381408,-0.000917777906499162,-0.0003558814957302925,0.008735065450987456,0.007941767866399552,0.00604208426034103,-0.0045660190165011105,-0.0029051409195560707
2025-10-22 00:00:00+00:00,0.00127359000519367,0.002093048337644232,0.002107077314129624,0.0021140461476421013,0.0023072346098844676,0.002607095765641221,0.0024135944404259924,0.0026892374227276417,0.0014764623823186884,9.024465713558527e-05,-0.00029758327546658414,0.0028240757720396914,0.0011993906618343875,0.0007599508459061877
2025-10-23 00:00:00+00:00,-0.004795867850106106,-0.008095012804727797,-0.007805440304557876,-0.007847621908618096,-0.005461436347041437,-0.009036298777533869,-0.008087347200181338,-0.004465125272394177,-0.007184456757742708,-0.0021119331710550693,0.0009414452241855997,-0.0007665422967750857,-0.006790372068087747,-0.0047847287363756985
2025-10-24 00:00:00+00:00,-0.0016278666875521042,-0.0012374635210837814,-0.00193005733933016,-0.0004679605905072437,-0.0009292240060605472,-0.0017176920286693376,0.0005319343742791194,-0.0011436580202331958,-0.0008098668568071732,0.0009348019442274591,0.0004766633266537479,0.003564264319939836,-0.000822916481329039,-0.00026010526395348066
2025-10-25 00:00:00+00:00,-0.0016101570619899697,0.00036353864001847924,-0.0009163054559713224,-0.00031519800272872267,-0.001897001135236831,-0.0005276295729803593,-0.001044843398874895,-0.0008398402351738055,-0.0005944584594023139,0.001975887843831403,0.00039358049724125266,1.2276090811447204e-05,-0.00017351717841529446,-0.001917927716838963
2025-10-26 00:00:00+00:00,0.0036261820287557534,0.0033154562628980866,0.0019345954863332349,0.003192717402261458,0.0028755878684214586,0.002636129778079699,0.0030362030218280545,0.00197578716221658,0.004174238501243099,0.002849119661018751,0.0007239705397081853,-7.088537315769194e-05,0.000853686326742098,-0.0004194750258165181
2025-10-27 00:00:00+00:00,0.005564161785487354,0.0030226695551005545,0.002451438125082195,0.0037316087094059203,0.005502238279923466,0.004280667501414426,0.005988155582013377,0.005299873765188146,0.0031296899661481525,0.0027330946696098035,0.002832651804867359,0.0010374900815945942,0.002331971771371233,0.0034040330130871155
2025-10-28 00:00:00+00:00,0.004386026689655154,0.004580616390390313,0.004677136416805228,0.005387873341491378,0.0036137466294590137,0.0035232548129049412,0.004753868627488833,0.005183621317499165,0.0028078043273136455,0.006700073960579145,0.0073361813384345,0.0033868233578053797,0.001983161840731773,0.0015915259316063857
2025-10-29 00:00:00+00:00,-0.0016427546946563565,-0.0010204614615360041,-0.0013605758179281446,-0.0008150590904476562,-0.0012147753999163236,-0.0013756185992139791,-0.0011718220375512844,-0.0017689743561090099,-0.0016796600122906957,-0.0006474855859884832,-0.0006679335383950047,0.00043096612387949484,0.00013864291458975941,-0.0002884948305852397
2025-10-30 00:00:00+00:00,0.005586619878604759,0.00516936684872249,0.004359141625941643,0.00610486898780116,0.0056580694333556725,0.004071689939979306,0.005411310997424312,0.006004553788423461,0.004160293460732101,0.0003034798577055131,0.00029100201841969486,0.0007865570458576165,0.0053415737719682,0.006850709993164283
2025-10-31 00:00:00+00:00,-0.0025362897498091286,-0.0009321408625548866,-0.0014777752167528524,-0.0018499441408063033,-0.0011537735190257914,-0.0013633884390046314,-0.0027065350570094626,-0.002472830869376108,-0.0019831001104468893,-0.003245302686844309,-0.004345665822185096,-0.0037843988732094713,0.0018447634714118255,0.0016621561353691305
2025-11-01 00:00:00+00:00,-0.012291502485789807,-0.009286015249006074,-0.009855098241322913,-0.010778801888753464,-0.010214681686170124,-0.008748049243035294,-0.010212201207923988,-0.0113662814070975,-0.008984107614369852,-0.010667444465341291,-0.010394165554194923,-0.009929068556308929,-0.002245657825282077,-0.004611881319021127
2025-11-02 00:00:00+00:00,0.0024871303252032018,0.003670884440451161,0.004024906107843673,0.0057371084475954515,0.0009185869163446103,0.003988714984801245,0.003607090282204517,0.004788357402522259,0.003595272866463217,-0.0015347302692425568,-0.0010751068606884573,-0.001177873902962645,0.004659913858917397,0.003697036411273613
2025-11-03 00:00:00+00:00,0.0026029391744291086,-0.0010464274250649996,-0.002052389305205349,0.0026279388540348947,0.001962470061447341,-0.0018365474976627105,-0.0009591903586105843,0.0027006303641023965,-3.3237745871161906e-06,0.0022615926639513173,-0.000428105269849155,0.0022097838347161503,0.003904516930851809,0.007695281916211272
2025-11-04 00:00:00+00:00,-0.00768901445243908,-0.010224942863015118,-0.010335570225544322,-0.0087263128268672,-0.008177116707933196,-0.010799637170645582,-0.009047213038667845,-0.006164027399929162,-0.008958865907079727,0.0013277545775378652,0.0016996064998817673,0.004390000385840587,-0.008447699136172493,-0.005824199910414274
2025-11-05 00:00:00+00:00,-0.0033957003364445404,0.002121117826526353,0.001828277358053354,0.003426173787418163,-0.0009377660241903785,0.003019013692516781,0.0010483957619951134,-0.0006740898053426703,0.0007331922758362364,-0.003323834324023389,-0.0032734924710912106,-0.004755426840460153,0.00018975249299657548,-0.002902339149219779
2025-11-06 00:00:00+00:00,-0.014463170116264523,-0.019959661858647504,-0.021451529782608114,-0.024491080411064403,-0.011961620742732437,-0.019367653102576154,-0.019240324140022746,-0.018190114016649495,-0.01484058304902336,-0.013691102374511543,-0.015226291743610454,-0.007327127901677111,-0.015213571951176341,-0.0038530862695038692
2025-11-07 00:00:00+00:00,-0.008200158785543255,-0.0042662628341376685,-0.008011249807676535,-0.005443774075816754,-0.00708368554749772,-0.004060416373622533,-0.005558438373685748,-0.006529319198523953,-0.0047107196410661745,-0.009664739983322734,-0.008944754949253841,-0.00609131330865853,0.0038939668450508336,-0.004550873085452212
2025-11-08 00:00:00+00:00,0.0013929855443171046,-0.002279717435303086,-0.002168998325711713,-0.001065252233932834,0.001793387523775225,-0.0009759737580861128,-6.0934011688607015e-05,-0.002739307642304789,0.0008598846339216148,0.0016484323668057854,0.0023859290719807635,-0.000428593090962881,-0.003202610395078631,-0.003173522321708755
2025-11-09 00:00:00+00:00,0.005131871150964917,0.0016192268408077304,0.0013432078871860043,0.0024980409280010996,0.004697173849069092,0.0022526668623827906,0.003919267617551236,0.0021336794402260217,0.0038387522656888606,0.004499192071429237,0.005190669195125119,0.0030116169693761297,-0.0001848943586006957,-0.0016864009664397939
2025-11-10 00:00:00+00:00,-0.0032365624069246035,-0.002875405329345604,-0.002972309748923374,-0.005231588212758598,-0.0032774107920867657,-0.0034621738369511323,-0.0029135320669146925,-0.0038987738515271486,-0.005014279603413052,-0.006112034173844205,-0.007713384072246088,-0.00830400434483436,-0.004938639791981947,-0.0034040686795131503
2025-11-11 00:00:00+00:00,0.0036547603078620483,0.00157969218030507,0.001114827957255482,0.0014907131634684934,0.004551775525831525,0.0019313865353367543,0.002057648542482138,0.003647582243414549,0.0025373562403701033,0.00234852986499412,0.002369617802094659,0.0030557974051197423,0.001390992606112862,0.0019334420315761935
2025-11-12 00:00:00+00:00,-0.001549912961015587,1.5200894740718951e-05,-0.0012400999410701052,-0.0015473457829169313,-0.002777003818480339,-0.001418741067484075,-0.0019032386475190677,0.0004995148365709579,-0.00378208588975959,-0.0015831047379585295,-0.001910742473468674,5.555191144179794e-05,-0.0013119808492277896,-0.0014152666677531567
2025-11-13 00:00:00+00:00,0.008688606207605476,0.005817446251228597,0.0057241604403628354,0.007167024709983538,0.008188338391856398,0.007099522710844353,0.006973306573206273,0.005905668137230702,0.010461778680807221,0.006963774769515707,0.007559667084247046,0.006793244005801391,0.005206796194793917,0.006613990615691678
2025-11-14 00:00:00+00:00,-0.00035889553399026664,0.0048133260230949215,0.0033832609817505688,0.004390986150411225,0.0011461657637208411,0.003682040337605441,0.0028536013451210263,0.002303802929101817,0.0043827800178957155,-0.0004043756418209421,-0.0018439484558715469,0.0008063105566933348,0.0050117957885764675,0.003172589165300943
2025-11-15 00:00:00+00:00,-0.0042292910873225065,-0.001841332188300071,-0.002264893118605893,-0.0005248549458510832,-0.00424163333882388,-0.001970552690304328,-0.003938423557717785,-0.0023671427450393523,-0.004037429212481514,-0.00439850327138569,-0.005502970811372854,-0.006091586981057384,0.0004144334370124181,-0.00278019320558065
2025-11-16 00:00:00+00:00,0.0014426462924057581,0.0029196516772491687,0.0012472455095726698,0.0038610391242868136,0.002245326700337058,0.002629860819315155,0.0030218711262028908,0.0019127013000486137,0.003731224147578205,0.0015388952046151427,0.0024220983721432443,0.0034425410956020475,0.0036365850756823193,0.002291901386563433
2025-11-17 00:00:00+00:00,-0.006187590336535709,-0.001831002219533362,-0.0028192360152030638,-0.002708975285424464,-0.006779317103329352,-0.0021379341688999576,-0.0039342593102608125,-0.0008832432096880227,-0.00431366985369952,-0.005206480918618861,-0.005192893860597847,-0.004177355558762752,0.001359248106073796,-0.0006072964699317396
2025-11-18 00:00:00+00:00,0.001308928279523336,0.00043078354491998816,-0.001236040267525551,0.00016385513343131208,0.0036372810444933457,0.0021930484335273004,0.00208456406946933,-0.0014244525563568144,0.003723143122831285,-0.0006201700417851619,0.0008119760717548719,-0.0004548970776684369,-0.0025223139646365356,-0.0033463260671048323
2025-11-19 00:00:00+00:00,0.005028855000540178,0.0074123932994525354,0.005772997861827722,0.008522702277651506,0.0046772469369358305,0.008862515288089456,0.006904719975179718,0.005458217219887818,0.006147905973840961,0.0026028581941444084,0.003057693106291559,0.0009121781587866362,0.007903174357644982,0.004581491883295152
2025-11-20 00:00:00+00:00,0.0073592371667468015,0.016792442692795895,0.015578041262151565,0.014974107031780814,0.01227625880415606,0.019106034823346052,0.014302750690485366,0.011248206415799045,0.013009618383892807,0.005323422097941011,0.004861922058589707,0.006255326930634686,0.01723271679677918,0.00837034836138395
2025-11-21 00:00:00+00:00,-0.0014950606764810859,-0.004226711496145952,-0.004437844674759384,-0.003838028126665338,-0.0004163439635521682,-0.002555230399951758,-0.0029378561738402365,-0.001571187295214993,-0.005905912764981314,0.007972374578027575,0.00750090888088506,0.005962695314142286,-0.008683232712772937,-0.009183618536792615
2025-11-22 00:00:00+00:00,0.0032788535302556987,-0.0001842024604563619,6.424810832061922e-05,-0.0007765634068717109,0.003333538367045863,0.0009333178775110529,0.0018482554085672565,0.0010871123402382832,0.0015679256941321107,0.0009234856477642328,0.0006753001246908585,-0.0010609832628991622,-0.002876255191488819,-0.002706037759099944
2025-11-23 00:00:00+00:00,0.0006286962465946733,-0.00046357315909062446,-0.0010242473892448922,0.0003802754092323557,0.0011505853469062632,-0.0012162464064793266,-0.0004034551350559079,-0.0019441785173178738,0.00018338317830024486,-0.0011984422455910693,-0.0011136697164668696,0.00046117681413360145,0.0055796959638154675,0.006692705339261584
2025-11-24 00:00:00+00:00,-0.006949649166143268,-0.0019073927428515658,-0.00260405589622581,-0.0027085312533980943,-0.007276124715238863,-0.0005949742035387118,-0.0031401757105555816,-0.004865546310113378,-0.00301867607287587,-0.006428507577698306,-0.006757642415185616,-0.0035541491131338976,0.0005337275959034216,-0.005234931312366298
2025-11-25 00:00:00+00:00,-0.0016021117043657496,0.0004387577927285058,-0.00048105873417747524,2.7380292181522492e-05,-0.0018386884350179988,0.0015862316689010392,-0.00014082229610323793,0.0013164374977212567,-0.0011509922306710552,-0.0023589817533862245,-0.00123805835105395,-0.001355146883044056,0.0006433806790955288,-0.001261511119674541
2025-11-26 00:00:00+00:00,0.0017120577806231108,-0.0015890643547971095,-0.0020270926388958888,-0.0008368584387898892,-0.00032569633693901867,-0.002082189893909292,-0.0022670126817991854,6.176266781698914e-05,-0.0008354974323041553,-0.0007116946798508827,-0.00240095705997323,-0.0020169522375199644,-3.0839731426923755e-05,0.0020478246766086894
2025-11-27 00:00:00+00:00,0.0039871090393053255,0.0015419119025656958,0.0006366459061135643,0.0012624779201984015,0.004042567424185295,0.0018555672645412802,0.0025610826640434237,0.0029683429225704216,0.001433511042614688,0.004267680697461973,0.004773829602887858,0.005357678231834306,-0.0022929602732879584,-0.0026216675161785385
2025-11-28 00:00:00+00:00,0.01005133656163526,0.009467544199336153,0.008659873497717463,0.0077266572965180025,0.011201994363963852,0.009786594630788903,0.010280036869472653,0.008555223201268447,0.009772558441237589,0.007435471726312981,0.008017797782035041,0.007883622618024999,0.008523562811244334,0.008762038727210708
2025-11-29 00:00:00+00:00,0.0031239836382892516,0.0038641643739965037,0.0035176387438331513,0.0028881452411460007,0.002404692267988784,0.0037372300686095983,0.0027118698208696834,0.002273578418174882,0.004370235369060227,0.004126252418034548,0.00409741768273264,0.0033039014667286537,0.003481693304904665,0.003950913363545139
2025-11-30 00:00:00+00:00,0.0016633546493265428,0.003831726230959731,0.0025519776356368595,0.002993241881764197,0.00013161555372720457,0.0027046428870569628,0.0023515087577905547,0.003489883530017668,0.0032147772269248698,0.0044626914675287566,0.005131326419582027,0.004498932761430652,0.0043769080126634385,0.0056782279093983146
2025-12-01 00:00:00+00:00,0.008405920306895576,0.009003428339395825,0.008259146783777371,0.008060965249422125,0.011535205038116336,0.008959415278603666,0.008822824645090321,0.0076234248546789285,0.008953257126945058,0.003058471837119825,0.0012395050549660613,0.00497136899573869,0.0065971207701938095,0.00962306086374376
2025-12-02 00:00:00+00:00,0.012190335683261333,0.009021986269556415,0.007670713193274503,0.010471877525436435,0.012664892885647872,0.010198452505691069,0.011159635765992215,0.011454889808025337,0.010784472102069342,0.013369625850189637,0.013114532389672195,0.015833428177983944,0.005231094060354158,0.007502278091989334
2025-12-03 00:00:00+00:00,0.00254064993964076,0.0006108799903035145,0.00018616255410397464,0.0014199287105485237,0.0021582406507012486,0.0006754748576460745,0.0019104786768791016,0.002082503957980819,0.0019091840704474894,0.0011906391908251823,0.0005900772871172411,0.001992788531688605,-0.0003814854519457178,-0.0009914470712206747
2025-12-04 00:00:00+00:00,-0.0014598790275101026,-0.0010707650894131726,-0.0018338983513390694,-0.0022467577719303966,-0.0035567445114633722,-0.0032242992310913543,-0.0014228133063352022,-0.0026340756760974138,-0.0013032172705338407,-0.00014372809141360854,0.0007447889373253247,-0.001247670635574183,-0.002392736237087578,-0.004126542772277753
2025-12-05 00:00:00+00:00,0.0012407221593704332,0.0027123450394010984,0.002532635705111641,0.002964562828072337,0.0016582553133503986,0.002179942553548253,0.002159868951301158,0.0019555926103809185,0.003545178729409626,0.0005256579628658553,-0.00011678446002028053,-0.0016899763321756023,0.007807777867627319,0.008438474699996812
2025-12-06 00:00:00+00:00,0.0027287668262461207,0.00312028593102065,0.0029858813684902064,0.002540174576453502,0.0034339832276488735,0.0038372818820568977,0.0020915489156370093,0.002081188008962176,0.0021743686466804135,0.0032447472665932953,0.003850201713816004,0.006413559801085045,0.004915829993354048,0.005274035391322762
2025-12-07 00:00:00+00:00,0.01183693141743114,0.004743097280545339,0.00426149676213794,0.006021075103747053,0.012124087136289763,0.00436905821590261,0.008496159309174134,0.00961098063260546,0.009497407899269339,0.01603299689437465,0.01633289076332134,0.015351549530252084,-0.0006198124810057326,0.004343903357720169
2025-12-08 00:00:00+00:00,0.0019510913300524457,0.0033108319126704533,0.003496265360999562,0.0039452112053612876,0.0030930542918115034,0.0043230178186211,0.004490538713051606,0.003596624423306327,0.005033804243633755,-7.503890042726002e-05,-0.0005165013456893686,6.813925718596181e-05,0.004511574236852001,0.001658850399479217
2025-12-09 00:00:00+00:00,0.014072021461504436,0.016318938328371724,0.016399614390255612,0.016801996058112723,0.014244652335512864,0.014705876676216256,0.01414109983349987,0.01565508000980853,0.018836986041691928,0.00962876583331651,0.010498035871224998,0.015038638381707825,0.01887769662823313,0.01556560564609244
2025-12-10 00:00:00+00:00,-0.006246428606350718,-0.005933838749490161,-0.005898587639888486,-0.005487335900791646,-0.007171423727674209,-0.007160640732794321,-0.007418178881973714,-0.005705246282677101,-0.006920544751162883,0.0021372765004024075,0.0024922736196471007,0.002993554385396502,-0.012112932864405956,-0.01331944820408737
2025-12-11 00:00:00+00:00,0.0014659182415321936,0.004337296538041047,0.003938446348032754,0.0036912295759374825,0.0008696564774617332,0.003928307987113744,0.0020476424944713134,0.0008420087670617526,0.004100445190542423,-0.0031593932944917746,-0.0017233561294762723,-0.005266072270050937,0.005169316848364192,0.0061424978542494735
2025-12-12 00:00:00+00:00,-0.003288144260331971,0.0008458271196127853,-6.586600728741843e-05,0.0012296547310479689,-0.0026870137548292705,0.0022275433017904245,-0.0009043690645382796,-0.0013216429976933286,0.0005708606529104543,-0.0030909882934655464,-0.003694346403620208,-0.0025240138189079886,0.002779440328657179,-0.0013297360297355176
2025-12-13 00:00:00+00:00,-0.005540031901250297,-0.000878502767877043,-0.0016176312297063733,-0.0015566850728224724,-0.005587153094740116,-0.001168943091982677,-0.0030608197481730715,-0.004664529865754274,-0.0012937033307113266,0.0012098188085749584,0.001876328252728321,0.000401724809224957,0.0018489464267916755,-0.003431220472653762
2025-12-14 00:00:00+00:00,-0.0037765908072058263,-0.006465113667799782,-0.007793603783490033,-0.006791016790215321,-0.005244869190184964,-0.0077312256086999875,-0.007803668978533684,-0.0059065474497939086,-0.006830099596805694,-0.001922812588592282,-0.0019152341055630462,0.001483399753400505,-0.0071893898527291,-0.0025032622148820627
2025-12-15 00:00:00+00:00,-0.007647727933891901,-0.007122606639787588,-0.007539599068889347,-0.00606657297517843,-0.007848276236681384,-0.007940392222294257,-0.008532985206919474,-0.010296634750370903,-0.006030903691852663,-0.002006064117354267,-0.0034985442268958833,-0.0037147021855373774,-0.004417909742279513,-0.005649570595878339
2025-12-16 00:00:00+00:00,-0.007391994408508906,-0.010890339875687327,-0.011778539084205897,-0.011745803711245562,-0.005869178244611639,-0.011939597354003517,-0.01010658116056129,-0.004818537418891711,-0.017305044662230817,-0.012821096201183768,-0.010944490216748815,-0.011299091334776246,-0.012224571754936076,-0.00577265735923882
2025-12-17 00:00:00+00:00,0.0051741420174471475,0.007794178513458094,0.006815400415086437,0.008438052126552131,0.005974940564334119,0.007759791727590892,0.008239619687134825,0.004748066434227871,0.009322956807787941,0.006677965369868311,0.006983660018697879,0.006237079929857892,0.00591306521515067,0.0014386911581965034
2025-12-18 00:00:00+00:00,0.004777717355286981,0.006874042278226966,0.005701766307462552,0.007956688542209989,0.0037306548578994736,0.007196211574613365,0.00781988381266574,0.007507860277406797,0.006882365790003009,0.0060949790103499435,0.007655963337012128,0.005784459548477949,0.009958945076779635,0.008999441062829572
2025-12-19 00:00:00+00:00,-0.004734725330224787,-0.005651742856178532,-0.004964499684405377,-0.0051859474834859975,-0.0019670388718914245,-0.0037277746153452362,-0.0029199318110744166,-0.0034071006969110806,-0.005500827331999636,-0.004236870320800001,-0.0028624025020015376,-0.004083247984977723,-0.006204537520321907,-0.00862665397726925
2025-12-20 00:00:00+00:00,-0.005292627958243923,-0.004964233686548969,-0.005492093267081111,-0.005818414524449644,-0.005065309587964584,-0.004570261351134475,-0.004503049700825934,-0.005616627052528189,-0.0044226878199622455,-0.0016331971928601474,-0.0004065206369552321,-0.0012326875509393043,-0.00466588259847589,-0.005252406729643111
2025-12-21 00:00:00+00:00,-0.007286575908006521,-0.007554559814808015,-0.008091153377927096,-0.007245164361943224,-0.008045117641299337,-0.0068312782753489065,-0.007069599267272908,-0.007961418968922218,-0.005922480230536209,-0.0014152552212188807,-0.0018250241981027093,-0.001268015827772695,-0.006010668142587106,-0.007455411562322545
2025-12-22 00:00:00+00:00,0.0013852495859474345,0.00040309996902254674,-0.0005299379304500862,0.000820014838409211,0.00038772742049442144,-0.00018486707701415028,0.0003947516372877491,-0.00011268580017520513,0.0005886536043118173,0.005005323583376242,0.0036790799254933226,0.00498441116264714,-0.0009906496334824988,0.001156695848371525
2025-12-23 00:00:00+00:00,0.0070375399689508455,0.007204789160635494,0.006783188503313831,0.007354339074608696,0.006753718484821869,0.007523429871762355,0.007263098991780792,0.00436971722286672,0.010109377148372012,0.006078943925559077,0.0050589363413491295,0.005240761192625287,0.007111638137277554,0.008433085123889406
2025-12-24 00:00:00+00:00,-0.004707674652314586,-0.0012988873125160394,-0.0020658178105256164,-0.0005816862995337013,-0.003155029782447971,-0.0001716938070898122,-0.0014224728002902864,-0.0033841115406876288,-0.0017698666325359769,-0.007158153963289671,-0.008254997726147018,-0.005722538333599814,0.00013263022638776434,-0.0032036842957863243
2025-12-25 00:00:00+00:00,0.003520371187003768,0.001259204855037277,0.0008199192889206675,0.002138629188854324,0.003277073705683531,0.0009901585006726332,0.0020716970161880344,0.0011880180228065473,0.003146786375508581,0.0002516188543491005,0.0004342434984918597,6.328750000217376e-05,0.0012652334375005125,0.003315200963688314
2025-12-26 00:00:00+00:00,-0.005266887917978247,-0.0054772795852641165,-0.005695743411939347,-0.00528123667832836,-0.0036159841152934025,-0.004593084135939396,-0.003820672583320861,-0.004289383536930869,-0.005672718685339473,-0.002008673316383547,-0.0020465875445790926,-0.0043161466169368,-0.004161169019267774,-0.005119242741261298
2025-12-27 00:00:00+00:00,-5.4245353809823094e-05,-0.0018694210875634942,-0.0022839329831062516,-0.0022079144316048405,0.00018103243585909645,-0.00176185764742387,-0.0009332109465447491,-0.0012245990113660676,-0.0023276478477782803,0.00019403343163171272,-0.0005936807215914941,-0.00099823233207319,-0.003863177506744475,-0.0028104530860275645
2025-12-28 00:00:00+00:00,0.004160580549526616,0.002945795608381374,0.003042199227017983,0.0025716324662228285,0.005016575609205098,0.003585537235645031,0.0044608028251607035,0.0066407821856322435,0.0031518702488266825,0.006648003227489152,0.0070159700092640165,0.006430783170964682,0.0021592193621164935,0.005260741179945239
2025-12-29 00:00:00+00:00,-0.0045391392592116775,-0.0029542903314944136,-0.003819169786777654,-0.00118955750991534,-0.0032929507745167452,-0.0016584299786986945,-0.0017318346003180052,-0.006079877569858394,-0.002155760725028655,0.0005294050034714282,0.00010494922674131324,0.003231772308339931,-0.0027660250724873547,-0.006878929473419282
2025-12-30 00:00:00+00:00,-9.566642234060119e-05,0.0037092208700986173,0.0030595997175590917,0.0036143939441675155,0.00038072378060483025,0.0029904373387117378,0.0025029188400367275,0.00154680772797966,0.002158793591462871,-0.0004303654212167718,-0.00037594755662562207,-0.0007640253240437378,0.00238603817783134,0.0014542277014795157
2025-12-31 00:00:00+00:00,-0.0032967139934148015,-0.0079578859385816,-0.008640959911914603,-0.00798154791250305,-0.004752762302767777,-0.008051341710848203,-0.010462963518067081,-0.007901679453568455,-0.009016263346915188,-0.003264366948486974,-0.0015108189298275176,-0.0019394347450270022,-0.0108262546619865,-0.010821744327153104
2026-01-01 00:00:00+00:00,0.010087576621526262,0.005570794747619123,0.00499915465226497,0.005138796378054256,0.01070998943250534,0.006035008947317788,0.00693056155789562,0.006822560976924574,0.005331520196988793,0.006953007111493825,0.00879424039869181,0.004975024247511506,0.0009792930680025957,0.004708265694638225
2026-01-02 00:00:00+00:00,-0.0007230819530927857,-0.004233063961707195,-0.004038796335633421,-0.0047470920114103254,-0.000968754809305139,-0.003262429276272738,-0.0024688863693131946,-0.002815953870575094,-0.003925330724775966,-0.006050039029070642,-0.005856717222938013,-0.00523294751327652,-0.001067067185801629,0.001383281238415357
2026-01-03 00:00:00+00:00,6.011482929002554e-06,-0.000882113544908969,-0.001035098191135897,-0.0014680874543927525,0.0008929878387338164,9.588609894084499e-06,0.0006865575094301413,-0.00019497493503628505,-0.0007375273304707219,-0.000430096367488364,-0.001374417542524653,0.00046185286356403843,-0.0028799192638117033,-0.001925781088719769
2026-01-04 00:00:00+00:00,-0.0004023186325584627,-0.0006382394755253262,-0.00057958891577925,-0.00010246058373775124,-0.0009986959209402624,0.0008044126421757891,0.0007377496726261867,0.00035056650030962366,-0.0015900164829881769,-0.004712690450060175,-0.002541409829342367,-0.005170887400444135,-0.00016217063676771115,0.0014844488730059169
2026-01-05 00:00:00+00:00,0.014133458110634045,0.011859666680244407,0.01174981437856748,0.012310709851604429,0.014548388355648978,0.01130302130682237,0.012995388634274185,0.013954779769239867,0.011492411038957817,0.016990813364191393,0.0160111870190649,0.01719338585576846,0.010747065720283722,0.010921910797824674
2026-01-06 00:00:00+00:00,0.00032960465743125944,0.0008090957844444358,0.0004966041919338693,0.0005877579207724803,0.0005137026843584636,0.0010598924230318385,0.0015342168725049898,-0.00022931903687484212,0.00011560214183248263,0.0013252314428024992,0.0006758981635930361,0.0030698520831444753,0.00043239940679717925,0.0005682989104838221
2026-01-07 00:00:00+00:00,0.0013929820375930824,0.003650929894578381,0.003985209691070191,0.0033351980863665087,0.001858570974056395,0.0034607969969102648,0.0026815306218932466,0.003916575655517507,0.001538268038090651,0.0017084601148638079,0.0025105198453658772,-0.00028468231848766123,0.0019933073822255842,0.0016490133341717783
2026-01-08 00:00:00+00:00,-0.004410976128768063,-0.005262371826265877,-0.005376192898508769,-0.005738020379328024,-0.0053434757605234084,-0.006382581465905313,-0.006826846892710736,-0.005171199746012878,-0.00529966070818455,-0.004255277411429725,-0.0039013955646202136,-0.003481696855638261,-0.002595501123985988,-0.003337932626300666
2026-01-09 00:00:00+00:00,0.0034013143938398382,0.002551685409867277,0.00232384463827362,0.0024913904694590094,0.0033595598430635754,0.0024215000923482055,0.0019349114674962475,0.003966736520862213,0.001077491996337221,0.0029425867393018112,0.003169888660279563,0.00237170605815451,0.0036559664945008397,0.0027251126907168466
2026-01-10 00:00:00+00:00,0.000644974922240138,0.001181811741419514,0.0006464167821333966,0.0018218940192551436,0.00043696017161365397,0.0016223696310293523,0.0002911699887109265,0.001481216439635169,0.0006541619535398446,-0.0007049829354490722,-0.0004431203270598427,-0.001843057806783177,0.003176541561868307,0.0035936507251728145
2026-01-11 00:00:00+00:00,0.008331114151236774,0.005768601886507296,0.005312778874946522,0.0038158061898176943,0.008020816666956643,0.004889032427588091,0.005760788696635988,0.0051073654985780426,0.007518505768835837,0.0079530686109901,0.0070344159045596655,0.008401035737854112,0.0031915359552672218,0.0077019441330645755
2026-01-12 00:00:00+00:00,-0.0019282692964419645,-0.003247465649724779,-0.0031737853032505203,-0.00420807470582607,-0.0012580512414241962,-0.003285354247922534,-0.002785047225411841,-0.003255069691109558,-0.002003853639729214,-0.0021731544659812085,-0.002700818661197202,-0.0037242822611622817,-0.003087552361189738,-0.002100710640822623
2026-01-13 00:00:00+00:00,0.003703054677695272,0.002769820604979323,0.002176915083844877,0.00409686189227676,0.0039652929794562475,0.003584009624269857,0.004633589354225975,0.0003976144622166444,0.004636220051831508,0.0052182313099014,0.005649047411212527,0.004765927283324256,0.004290935023172571,0.0032105585788666513
2026-01-14 00:00:00+00:00,-0.009201079196534234,-0.0012526124761926827,-0.0011373799964189413,-0.0013480272437637053,-0.007416482069271146,-0.0005294946088124641,-0.002351240620816597,-0.005277330073768294,-0.0033462532016405033,-0.006198490560016423,-0.007662154735252225,-0.0060730662156216475,-0.0004509771091401049,-0.005754323969915154
2026-01-15 00:00:00+00:00,-0.0020366249556716953,-0.0015663369677751948,-0.0023257574587155494,-0.0019976676811342964,-0.0011917265761468565,-0.001819618116234989,-0.0023306702782793787,-0.0012519495022116356,-0.0023795495325416027,-0.0015477297256603073,-0.0038327729581631997,-0.0012292744252914156,-0.0016634900948858666,-0.0013639238369586026
2026-01-16 00:00:00+00:00,-0.001211958166990601,0.002534252072169396,0.002728338252129703,0.0021843313250822227,-0.0008374340757432153,0.0020842061043040427,0.0010408343459686886,-0.0006522964535214948,0.002194457713281306,0.0002164464961289525,0.00054593796092961,8.111483550510279e-05,0.00284126716118549,-0.001047852665563398
2026-01-17 00:00:00+00:00,7.064843617810013e-05,0.0029027893285107353,0.0036175998800351827,0.003282981065575452,0.002540168178321922,0.003976137975329808,0.003676714294120975,0.0024161460370413224,0.002977846666304629,0.001463230993606679,0.0013146781836852472,0.0025292252895321443,0.003107368956894563,0.003105809514255986
2026-01-18 00:00:00+00:00,-0.0031115663980426644,0.0008916703127972436,-7.453798604339923e-05,0.0016710732075431167,-0.0015534319810789343,0.0016043302900488055,0.0007571510368231671,-0.0020845448026973745,0.0019014816590596784,-0.003058272324971356,-0.002231668648790097,0.0010734957614428886,0.0008725169948369249,-0.003321499470973599
2026-01-19 00:00:00+00:00,0.006745970344818275,0.009016301249795022,0.00833518148922563,0.01064219702683289,0.006816920293754691,0.00858530211178965,0.009443516713038003,0.008033805013068163,0.008748220963897602,0.005823797564119548,0.006460739843523244,0.00699707352506862,0.009591934063340357,0.008555949304666965
2026-01-20 00:00:00+00:00,0.0023533486974878226,0.0019662915923428503,0.0023297763642291525,0.0009789193618268133,0.003964496035006482,0.0030591278368408137,0.002632575155654182,0.0012996871247765718,0.0011162861091875698,0.002864168156234692,0.001937992279364309,0.0029982388931721893,0.004073287424090077,0.006715648010575892
2026-01-21 00:00:00+00:00,-0.003764697920163984,-0.002355023905426634,-0.0034175570067648264,-0.0013692696732094944,-0.0030810936027338975,-0.002404695926198075,-0.0013186591993973318,-0.0063248482061175615,-0.002397841235762699,-0.005656054785547315,-0.0049559396551690504,-0.000772581095247471,-0.0044237364037782445,-0.010498890661009397
2026-01-22 00:00:00+00:00,0.0061815030807259586,0.004100860910574822,0.002776374815041782,0.005282158515502733,0.0049022324659964145,0.004471300789546051,0.005177527330451737,0.006547707207511744,0.004225438528715708,0.008020063532742538,0.007168524458184944,0.008844914312184038,0.0030257808125511154,0.004469458289986017
2026-01-23 00:00:00+00:00,-0.0015354249115082652,-0.0013961008230748417,-0.002540107777428413,-0.002135833470359838,-0.0013415016606356245,-0.0008602253800198412,-0.0006921658275486076,-0.0008558470282128416,-0.0005435402861450056,-0.0013889709249291782,-0.000383552671263776,-0.000975012205732817,0.00024839230782380817,-0.0013618070704491947
2026-01-24 00:00:00+00:00,-0.006191459757479811,0.002999666233961751,0.0025637363739037244,0.00046458542517591184,-0.0070997281158244885,0.002121257632639262,-0.0019727337094896935,-0.0018505291997493734,-0.0007004707803482946,-0.004909181854484634,-0.003577717035317063,-0.003270546795522189,0.001981008445889776,-0.00741521147048696
2026-01-25 00:00:00+00:00,0.015703164269740277,0.01362631011051918,0.013053940306344769,0.01185348972837863,0.014605355524169639,0.012172186608989222,0.013715962828847461,0.010994917200160437,0.014113432178439522,0.015653308403588584,0.016337927477259262,0.013066447388231595,0.010900252458719395,0.01722548100438459
2026-01-26 00:00:00+00:00,0.007253373193712109,0.006268298981502163,0.0048460336234765755,0.005550895327107508,0.007249559137741057,0.0062064734663334065,0.00549305831995528,0.0042633142118519984,0.006847050893977968,0.005874634330954365,0.006456957789137796,0.005428975443652062,0.0018308453250419632,0.0032883828027874262
2026-01-27 00:00:00+00:00,-0.006891261877668753,-0.008844301978272018,-0.011097324542170606,-0.00790535657833169,-0.0090481153966534,-0.011168075415146417,-0.009782184242942082,-0.006901029674675985,-0.0073727619595077565,-0.005175308469820616,-0.005462281485121623,-0.0064480528448092045,-0.006917613424162861,-0.0021784114522421794
2026-01-28 00:00:00+00:00,0.0008030162090142401,-0.001423143792290693,-0.002393965147425847,-0.001222243059610495,0.0012481832672384119,-0.000653814069593639,0.0010191405561297273,-0.0006365682091526992,0.0002301742043933075,0.00019637302996478034,0.0013175387064097155,-0.0009705915746239802,-0.002084330784763555,-0.0013157592000343499
2026-01-29 00:00:00+00:00,0.004730927984025524,0.0037935576303465,0.0040115603101036346,0.0035406898068293113,0.0035900447626728837,0.0036237124987690272,0.002952456723452457,0.004530975869891929,0.003424669634066957,0.0055363150351457335,0.004457126763994568,0.0037723771247193394,0.0043287767610329375,0.006781295479179272
2026-01-30 00:00:00+00:00,-0.0011762879786619829,0.0007022517829269326,-8.860747358063747e-08,0.00021019803669641846,-0.002789036781070675,0.00202994289583569,-0.00041460861971320817,-0.0013212143121634767,0.00030923141209537874,-0.002717517675186465,-0.0015810258562035662,-0.0016611214464448132,0.001042477351241189,-0.0032607249049654285
2026-01-31 00:00:00+00:00,0.010227220197227549,0.009284658084985686,0.0070416085384861216,0.011049619339705163,0.011737010080412391,0.009347393098411372,0.01604478814702892,0.008569392915057206,0.014393824708764713,0.012157716815776487,0.013035820631500439,0.011365858545212104,0.014750147572711647,0.015867535218640816
2026-02-01 00:00:00+00:00,-0.0029792891833827495,-0.005144967817802604,-0.006706554128665609,-0.006567627776954188,-0.0038625087238353117,-0.005936446113334881,-0.004771121834056369,-2.447431810548295e-07,-0.007086383240434202,-0.0026327375897440275,-0.0016390366211757046,-0.00510982236129276,-0.013133852792943879,-0.010220053883339686
2026-02-02 00:00:00+00:00,0.004031543748906019,0.003950365497981556,0.0037393590616376926,0.0020550208438803175,0.005165928246626539,0.0040873635495244365,0.0019183659198911407,0.0030052211402475937,0.003969055369561714,0.002643038714236212,0.0034120675921189836,0.003638415667944317,0.0025134989362258775,0.0040226469689925715
2026-02-03 00:00:00+00:00,0.0012901504753564108,0.00048128874853126113,0.0003320933777599677,0.0004922415047261541,0.0020550035287640878,-8.656168683307541e-05,0.000999005454052071,0.00023097891865497822,0.002688347684713044,0.001563497525197688,0.002012633902666705,0.0009539886901011041,0.004911708304185858,0.005643551114393297
2026-02-04 00:00:00+00:00,-0.005140556657305062,-0.0019944768322047723,-0.002523687013127107,-0.0011356490472214098,-0.004632311521459376,-0.0022579786671419466,-0.002390991182367297,-0.005236163313007247,-0.002207118047657053,-0.0026638430472676333,-0.0020520577150477948,-5.8965032551094865e-06,-0.0035827581537215547,-0.006257147949319641
2026-02-05 00:00:00+00:00,-0.008741508109939677,-0.007758045414365089,-0.010230459913342704,-0.005103852338082193,-0.008169924220002733,-0.00899560263988508,-0.005618355553487331,-0.007400392765042563,-0.004948341473860252,0.0017977970613307637,-0.0010817748044633646,0.00025168287063648265,-0.001819805772457328,-0.0014893610625278386
2026-02-06 00:00:00+00:00,0.003972844984452939,-0.001842080645061639,-0.002533407148574085,-0.0018185662283285442,0.0036802530595620997,-0.0026331283353921986,-0.0006749662874998563,0.0007010898854953318,-0.0016758359883688456,0.0013575702944490509,-0.0012071630349378415,-0.0004987962192533058,-0.005069684245077255,0.0020480310700978777
2026-02-07 00:00:00+00:00,-0.0006224562856808058,-0.0016339158174268897,-0.0015893564754562162,-0.0010067460002607387,-0.0003525327895865793,-0.0012712974441776437,-0.0005653474144988735,0.0002770466068828803,-0.001570590747100864,-0.0006407502825054312,0.0006155431252199417,-0.00032577073281092606,-0.0003408097557231482,-0.0009148804699621316
2026-02-08 00:00:00+00:00,-0.0068696068206921534,-0.008412735385231684,-0.009200308512444466,-0.006758137582745349,-0.004726950984485168,-0.005455882832017034,-0.0029511889302069605,-0.00730848565290676,-0.0053663590617560875,-0.004683779861100579,-0.005564815743473339,-0.002837370890602431,-0.0028757173906878153,-0.002979619714094106
2026-02-09 00:00:00+00:00,-0.0009375387700183424,-0.00037336387608333244,-0.0024390932820972377,-0.0008879833278282456,-0.0006355551798801207,0.0006678996304281259,-0.0006663977356520245,-0.0023491735498269994,0.0024433226587301515,-0.0005812945993955987,-0.0010485782622886575,0.0014587356718154254,-0.0027150005562731616,-0.0032854385249678764
2026-02-10 00:00:00+00:00,-0.009568133463337514,-0.011134859992508628,-0.011815599674435129,-0.0092554754932348,-0.010632822382024565,-0.009446157651019638,-0.008747986224812876,-0.00998687825628608,-0.010378496039678775,-0.008083389104285299,-0.0074620345961352585,-0.008354479539099624,-0.0049279782269182615,-0.003467430578029451
2026-02-11 00:00:00+00:00,-0.010114924253974533,-0.003776789571514838,-0.0035421501185456394,-0.005452903800450715,-0.009686903603790098,-0.0019820521098973254,-0.006178345190622658,-0.0078045955766684605,-0.006816843446781573,-0.009432350061932548,-0.009159135149063191,-0.012620567369332814,0.0036693479041158827,-0.002624651496558994
2026-02-12 00:00:00+00:00,0.004164933087355882,-0.0014115409407244872,-0.001077762532195159,-0.0013969943494878123,0.0037643429947424867,-0.0020999766124873975,0.0009955842832989337,0.003408729030638602,-0.0006643218871890122,0.0011274264139689016,0.0013526778332919598,0.0026270645902948253,-0.005316476662461156,0.0014451244657844864
2026-02-13 00:00:00+00:00,0.005671859089273035,0.00029616254049025237,-0.0005237712933002792,0.000462549581788263,0.00484709378820769,-0.0011820870349126267,0.002971169587924871,0.005426133845890524,-0.00021243015373739738,0.006072641037323079,0.004498217314732544,0.004269138358502067,-0.0009043312625375277,0.007035013924066913
2026-02-14 00:00:00+00:00,0.005592007711364921,0.005626691122651684,0.004887622335534525,0.005225973124362904,0.006003317555721477,0.006416195068290387,0.006393758276381778,0.008394573373754266,0.0018205954338856856,0.005237210252670987,0.0061168024250575215,0.0036035892539121317,0.001009357206483541,-0.00035878809152800617
2026-02-15 00:00:00+00:00,0.005746904938919606,0.007547099016975478,0.006092545914885061,0.006683509143375677,0.006529708210558871,0.008054694777653859,0.007761338033559051,0.00665383967486588,0.006470137786868557,0.005853680045174503,0.006737149404863363,0.009378788738807486,0.007919948921490283,0.005152970190032802
2026-02-16 00:00:00+00:00,8.017206423072132e-05,0.00042266796038403776,-5.06001225085706e-05,-0.000671263956117718,0.0012969781085698795,0.0004911114508832082,-0.00046887071854240236,-0.00026341254144146564,-0.0014671556109031592,0.0006723408343531911,0.0014023588906144635,-8.995081626705925e-05,-0.0007426812489012002,-0.002356929219933801
2026-02-17 00:00:00+00:00,0.003400652502180801,0.0032657787616579004,0.003453569241318455,0.002641647299947314,0.002435614339673986,0.0031132728140736976,0.0021765334511278933,0.003684445035217143,0.0014250345405653064,0.0018585008463325448,0.0029091253157005337,0.0011367324879050233,0.003431891536046061,0.004145713379298144
2026-02-18 00:00:00+00:00,0.0050719899631792575,0.006516312183755257,0.006453411076768223,0.005948674342496796,0.005864970923654678,0.006194868524692199,0.0058107120216757124,0.00629062040691486,0.005031958042282181,0.009788731440169451,0.008220748931994759,0.009368202616962806,0.0013179752093088748,0.0034778036884859365
2026-02-19 00:00:00+00:00,0.0018615720616426135,0.0013171526403878975,0.0035870405373958913,0.0008356402142264407,0.0010097703827969262,0.0028788857217441066,0.0021771391458720313,0.00017278116435370805,0.0034334935993003413,0.0024413690462592452,0.0022344442388937402,0.0027964354492013843,-0.001750886564944043,0.0004649139921608647
2026-02-20 00:00:00+00:00,-0.0003988208803245019,0.00013871009127264244,-0.00022434356687106582,-0.0012205191336388532,0.0008358126059955229,0.0005813214956151835,-0.0009979261967297814,0.0003772150646550454,0.0005006396856905848,0.0008756165436658581,0.0006403618472139438,0.002457017577118359,-0.0003750365159187474,-0.0011496267049928566
2026-02-21 00:00:00+00:00,0.003059073521589406,0.0014946392922772223,0.0017119471191200386,0.001554652135789869,0.002573419322213777,0.0010823277783114094,0.0020876596398644587,0.002327097551315882,0.0018851022095913716,0.004857880426041072,0.004508332917799285,0.004876061577164137,-0.0003429392612854798,0.0005910909339950088
2026-02-22 00:00:00+00:00,-0.0009062761781359896,0.0018894135097851095,0.0018643999426053437,0.0019340743762230606,-0.001852713845250209,0.0008392159345820271,0.00016949967992507808,0.00251853609924102,0.002110658858383019,0.0011435107271222655,0.00027379087036050187,0.0017484792046433828,0.006487387986471749,0.0045110313805099
2026-02-23 00:00:00+00:00,0.00317231727184053,0.0033732498391256804,0.0021287668695448847,0.004340082128965417,0.0019789027723533525,0.0022548886101607657,0.0009131287923229703,0.0017338324841780217,0.0030643524780797904,0.0018856628106420636,0.004694801218777744,5.623635976559349e-05,0.004426492740940979,0.00218387007480092
2026-02-24 00:00:00+00:00,0.0012363399040031808,0.003936974504563873,0.003872206428730207,0.004943806481519042,0.0018501868866862559,0.004811116571555862,0.0038692218336606743,0.00222854599211475,0.0033960261730259234,0.00442675241452295,0.004954562172975185,0.005764090473467931,0.0023742456027584513,0.002464870339897951
2026-02-25 00:00:00+00:00,0.006897673764379775,0.004504964228448705,0.005332149100850003,0.005399138653909619,0.00808341433389037,0.005615069569597564,0.006002596767132218,0.007109906725967674,0.006200425434854662,0.006713633076258718,0.006138838585508566,0.001474486996013713,0.0052968073130437165,0.002783814068562096
2026-02-26 00:00:00+00:00,-0.004874689817747746,0.004239568712704589,0.003454670742074617,0.004515661576852237,-0.005118392973115782,0.004798454486559134,0.00010234132160436005,-0.002234205457358973,0.0040422782702338456,-0.0010342290957972011,-0.0003737759297020027,0.0014318362254723827,0.006209869733246665,-0.008805757232123734
2026-02-27 00:00:00+00:00,0.009924417531686602,0.00800981086963759,0.008067861952675282,0.008101184582023802,0.009229619200346928,0.0076010538879418554,0.010440787843501331,0.01038988725656087,0.007919530330064317,0.009701699415389342,0.01115375048366829,0.007599116695475416,0.007065670060476759,0.0089503104942934
2026-02-28 00:00:00+00:00,-0.008532008872847663,-0.00960989149522895,-0.009519934755020554,-0.00850889164608748,-0.007831054865736875,-0.00884822108408101,-0.00815009227512209,-0.006178098582550917,-0.008113369492907974,-0.00867727161797971,-0.009754129637450704,-0.009596354837119292,-0.008278093657844487,-0.007165459797608742
2026-03-01 00:00:00+00:00,-0.0022385058126226376,0.0018265022262293762,0.001777565698116268,7.535400941760528e-05,-0.0032870760222353246,-0.0016983312388206828,-0.0013677092500921084,-0.001482878546678501,0.003770309345461964,-0.002135465311437268,-0.0021759356698212162,-0.00011231892217278272,-0.001919985284912995,-0.003936500613069938
2026-03-02 00:00:00+00:00,-0.0034847677088054585,-0.001141589656119435,-0.0005191321057708143,-0.0011219411465579476,-0.003459416613413424,-0.0019209780783090435,-0.0027460341264063937,-0.0025728026890902145,-0.002794277178882365,-0.005936271277622529,-0.005293417915446574,-0.00424977326335374,0.0005329371969573504,0.006690693694126448
2026-03-03 00:00:00+00:00,-0.007078980718713268,-0.008671621155080023,-0.00862299087423879,-0.008484415065152962,-0.006768170574192989,-0.010624417708574474,-0.008126519364070162,-0.00809048152786418,-0.00823946680483767,-0.012549020365007935,-0.013397553468463164,-0.016380125746284002,-0.0008539072525755032,-0.0012446916754413895
2026-03-04 00:00:00+00:00,0.002659789481012087,0.0029518852509764493,0.002396058927010003,0.0042190486476165745,0.001284551643168319,0.0022148393808205658,0.0017963886952945263,0.003498856997687483,0.002922329791564815,0.002478371816253988,0.003037507946967777,0.002842345645670319,0.0009583002287494313,-0.0027823910424039644
2026-03-05 00:00:00+00:00,-0.0018743488589361146,0.0004088789456924147,-0.00014742464037587055,0.00028094660794231174,-0.0033063964304534954,-0.0012417418944259406,-0.0024896179654613215,0.00020251457331776912,-0.001722830155936772,-0.0028050669374294346,-0.002783479251580734,-0.0030488851156209584,0.005726291959586627,0.005512839750205112
2026-03-06 00:00:00+00:00,-0.00906169188457151,-0.008758786660138629,-0.008859107422061419,-0.009843615634742231,-0.008035765937731698,-0.008422088135231376,-0.007123362711011327,-0.008642195990848478,-0.010917668378922274,-0.008946257769279264,-0.008142671627987652,-0.00874463674089243,-0.011959454706893968,-0.009312084646781793
2026-03-07 00:00:00+00:00,0.0031939774578544355,0.0033225999919221927,0.0029744995002121133,0.0022641004982231205,0.003525245827799006,0.0040705474536804065,0.0041357973237308165,0.002411526988553625,0.004272092410944284,0.0024702098962605668,0.0026692962017684785,0.001274647893254377,0.0026287148620602885,0.002850643358737859
2026-03-08 00:00:00+00:00,-0.00932466868056503,-0.004699848185656941,-0.0049986486771987915,-0.004490090309514083,-0.00896580456422258,-0.003620816774783653,-0.007168456172542359,-0.005212578095669329,-0.006836079922354132,-0.007260609072465396,-0.007687154751110925,-0.00584996190921061,-0.0006784008666660402,-0.004342657708732545
2026-03-09 00:00:00+00:00,-0.0047693148230923965,-0.006937548834889062,-0.007043255884396471,-0.004606145817308893,-0.004239416658867845,-0.007194301694251726,-0.006742615036344435,-0.007373565524029124,-0.006605018577850452,-0.004456699885978632,-0.004858204810532452,-0.005436164735727722,-0.007053634394493136,-0.005815612133913128
2026-03-10 00:00:00+00:00,0.0033323692268338867,-0.0012225179788886154,-0.001669093827369461,0.0003664269954959387,0.003575392633521801,0.0004205966646986248,0.001236692102474013,0.0014739795233966735,0.0014016346344940533,0.0013076578598063548,0.00263337190891888,0.0021156629126997117,0.0006456701531452058,0.003342282364594773
2026-03-11 00:00:00+00:00,0.0035423601560267137,0.003985113882884361,0.0027932210100398702,0.005297616301826569,0.0035093262480152543,0.004115869291794638,0.004258162639806162,0.004034784122104451,0.0034160365728221898,0.001973320520403554,0.0008057351255632561,0.00383771771353536,0.006287802894757277,0.004913272334619467
2026-03-12 00:00:00+00:00,-1.1390946434319815e-05,0.0006772803162986563,-0.0001064727666886256,0.0006906414747560596,-0.0015608191995235554,-0.0005230747582557482,-0.001766900147629813,-0.0003608950564901736,0.0017626500002776435,0.0023083349421111343,0.0025767286269064993,0.0036058585206790728,-0.003340390327858156,-0.004932488348580399
2026-03-13 00:00:00+00:00,0.0018324514517387147,6.102071836711076e-05,0.0006127588203577172,3.27034587019881e-05,0.0021548274795131217,3.97905229831963e-05,0.0003538679666386102,0.0007383017430755423,0.0009156730035473348,0.00011599472139911526,-0.0005109696470035896,0.000450013691438933,-0.0020609911359082966,0.00033124296574404966
2026-03-14 00:00:00+00:00,0.0013335611741351894,-0.0006710370912241803,-0.0012206627797554104,-0.0018262773298787227,0.0005810425463312896,-0.0001350059285868399,0.0012332528296903345,0.001076354186601458,-0.0009613656378616442,0.0016458503933265423,0.0029488982663643526,0.0018558985770675829,-0.004062120125889801,0.0019266258233243683
2026-03-15 00:00:00+00:00,0.011050890648025558,0.006062436242787905,0.005833719004839866,0.006821467869038145,0.00928598543333492,0.0037307860757234135,0.00831282679026124,0.010997965087548245,0.008217212046521372,0.007270660630158021,0.006722342077359222,0.005961583273381699,0.007852316560557293,0.011953517885033627
2026-03-16 00:00:00+00:00,0.01751102307720709,0.011067335480985596,0.012165308809942488,0.012964907085257105,0.017197994019076734,0.011523617881783244,0.01630057379783123,0.017110764439909554,0.012723859063447085,0.014988307360102038,0.01604612415229356,0.013836869609297864,0.01049680243549056,0.02296518704076478
2026-03-17 00:00:00+00:00,0.00684448024831541,0.0034555476643773897,0.0040359662531059826,0.004840568175189963,0.006862863827019394,0.004002849922868812,0.004655096452189644,0.007326434677175975,0.0020719185824051856,0.005467466272035537,0.004761227147946023,0.005397321836192459,0.008695223699275001,0.012007818270167281
2026-03-18 00:00:00+00:00,-0.0012707217696606987,-0.0019196724995473868,-0.0024575742870758255,-0.0006191017678721655,0.0010006913479916335,-0.0012052516310060435,0.0011253066146259538,-0.0003240205356018766,0.0003238983995970113,-0.001805117204252249,-0.002690611214073102,-0.0007526670248578782,-0.0015991371852441816,-0.0038289978564259863
2026-03-19 00:00:00+00:00,-0.009869005496254024,-0.017300155738414147,-0.017791395537862464,-0.016710820624238787,-0.008932195865480441,-0.014913659712233573,-0.012851384722789017,-0.01393199673030976,-0.012174649548530314,-0.00975372891206927,-0.0077602021740975635,-0.00899884944376872,-0.023109696573165195,-0.01417995000790473
2026-03-20 00:00:00+00:00,0.0048218896425082924,0.005764404871282602,0.005526016537922729,0.00710417790871487,0.0021451332910629173,0.005805707123553994,0.0043734163450133146,0.0007443790598784528,0.00916620624011899,0.0014755204197476335,0.0016357268243476497,0.0009562548846395735,0.005633113858231731,0.0028001630934160193
2026-03-21 00:00:00+00:00,-0.002941007971380083,-0.003816891844454884,-0.003463140932538966,-0.0035416864923913938,-0.0032224754110524723,-0.0031415608767245695,-0.002892180845698422,-0.0036023312599023916,-0.003942536602377422,-0.002609182679848887,-0.0017392868438543818,-0.002051163039196724,-0.0019627756222653225,-0.0025465824412820304
2026-03-22 00:00:00+00:00,-0.006192182666919677,-0.01231699594268143,-0.012723997063424752,-0.02052178906936797,-0.00588582078544031,-0.011834534721780865,-0.009425480052278168,-0.01677720727855747,-0.01530533517361199,-0.008845604489260861,-0.004358695454313555,-0.002518828527329098,-0.004528679761569565,0.0031971358727902466
2026-03-23 00:00:00+00:00,0.011412941924542563,0.0161106899777268,0.01521950228987734,0.01067786741410126,0.0097110439307877,0.011565236263482381,0.010338000165896588,0.011314860957280182,0.013179446788028404,0.005939707309615461,0.007165821413333662,0.004973597254212425,0.013382152918298695,0.007596823478193349
2026-03-24 00:00:00+00:00,-0.003667361577988859,-0.0037433553138384035,-0.0035352257575000934,-0.005354124316695352,-0.00428133122623342,-0.0024789203540541704,-0.0020572262316007617,-0.003933967015695483,-0.004574588947088953,-0.004965786263039229,-0.005320681424001439,-0.007894462801059321,-0.0035852931140109012,-0.0030388725771949288
2026-03-25 00:00:00+00:00,0.00643624357446404,0.009149074440323535,0.008344466117557792,0.009073979997563875,0.008122366947146409,0.008090810244160807,0.009975942267177906,0.005300378145223661,0.011634211336406075,0.005538210826789403,0.0059682472390765184,0.0069266629701416615,0.008560492064017877,0.007493711618444809
2026-03-26 00:00:00+00:00,0.0001674650705403291,-0.002672414093848774,-0.002633314662194186,-0.0003970681658608255,-0.0008590070851776099,-0.002785332232874138,-0.0006018622720483924,-0.0005904453972996881,-0.0020757118814531683,0.0003236154486288001,0.0006049556799601064,-0.0005170615936560541,0.0006116329738983239,0.001475196104733234
2026-03-27 00:00:00+00:00,-0.005700744056275853,-0.005836412954762782,-0.0054829992968081775,-0.004827750203117431,-0.004957672210856745,-0.00591343221711238,-0.005558996052479115,-0.0044062940295583886,-0.00568125684396692,-0.004384180678985938,-0.004806862230568254,-0.007313426851915827,-0.0009520650126488839,-0.00019808324948533684
2026-03-28 00:00:00+00:00,0.0010021564051065912,0.003146131684534925,0.0020556873144077503,0.003923050603898082,0.004632861998898452,0.006398121753721231,0.005255687365440798,-0.0006688332340473169,0.005310881583609595,0.0030198123593006,0.0013097551596510382,0.003478930976478223,0.0029868307863711863,-0.00037263333322401504
2026-03-29 00:00:00+00:00,0.0021078325612542415,0.00019839310706326607,9.602260559349318e-06,0.0008620420638665305,0.0011547808235836676,0.0004860820072927208,0.0005503592618467668,0.003097384782793755,8.917044506451255e-05,0.0023243012968952037,0.0026218635670247625,0.004630019038355027,0.0013341085478189019,0.0024520252435040746
2026-03-30 00:00:00+00:00,0.0009433507469971403,0.005120153620387313,0.005553149788008582,0.005085335146724379,0.0022278620873226185,0.007174187640053065,0.004847053916555266,0.0022606994195770724,0.005650915802038359,0.0009328169964306632,0.0009937436113025555,0.0015914877916198833,0.005368455979918529,0.00032868762030346943
2026-03-31 00:00:00+00:00,0.0034872903897473773,0.0033834353929633743,0.002972625800521156,0.0014007585392665778,-0.0006486284558446798,0.00021745466762101984,0.00036162085330837535,0.004047171560453089,0.002638678264483607,0.00029375188736890934,0.0034693122728470804,0.0019292898587377483,-0.0014679034840419103,-0.002092700261738023
2026-04-01 00:00:00+00:00,-0.00516887537977484,0.0016036652267452656,0.0007231166627625907,0.0033071884568758314,-0.007570954960176235,-0.0006086104653793001,-0.003673102249337923,-0.0025332207311414834,-0.003945056539080394,-0.006971073891780755,-0.0064605469315140995,-0.0038673811514614576,0.007952863448360548,-0.0006408279812054607
2026-04-02 00:00:00+00:00,-0.010000045022883208,-0.015004844893428348,-0.01625310059747964,-0.01558829334988876,-0.014153840944616691,-0.019647200398739684,-0.016793636100931097,-0.01077358930636163,-0.01261908342547291,-0.011887589332907345,-0.012282703054105504,-0.010394434607443825,-0.007465416608428588,-0.002204531775980456
2026-04-03 00:00:00+00:00,0.0070023953873348255,0.0032451608225774198,0.0034903215742807525,0.0015542622254283156,0.007987587216085945,0.0037679172100217873,0.006664926917512526,0.003311413349808223,0.009173381950898563,0.00691046169045384,0.008090655840749417,0.009801766901003761,0.0004631085192006168,0.002998683644532374
2026-04-04 00:00:00+00:00,-0.007014150333619629,-0.004038890118733485,-0.003959747025490845,-0.006826872913757054,-0.010860831477204957,-0.009556752340725172,-0.009036700582276569,-0.0060965044918910305,-0.004726957133450171,-0.007034798249034968,-0.0071722006340443345,-0.011305154773365134,-0.0016700976647714416,-0.0017712368094966457
2026-04-05 00:00:00+00:00,0.0019045838711231333,-0.0008911036869243549,-0.0007887410238363035,-0.0011258280049253333,0.002021943698366835,-0.000917110058878623,0.0007476341924395058,0.0034879581718318953,-0.000404616200750052,0.0016455568713718005,0.0005520398824734318,-0.002488567537845654,-0.005988421622887152,-0.0020337111948074416
2026-04-06 00:00:00+00:00,-0.003021909452760041,-0.007481860976310428,-0.006782042049575332,-0.006624075202437019,-0.003784463889053402,-0.008005802834364806,-0.006242270707806696,-0.0036227455996438174,-0.010366941019883447,-0.004544716341071897,-0.004332446017790703,-0.005286979218807164,-0.008412866226566673,-0.002585586703073406
2026-04-07 00:00:00+00:00,0.008713328122173847,0.0059372963145973845,0.005824762429557762,0.00620560673292303,0.010390135142441581,0.006476871084937219,0.007430461279671174,0.006707899725891364,0.0070523824437558336,0.00901977383207031,0.007855065885730372,0.009319680970784727,0.0026552455152666354,0.005810926307931563
2026-04-08 00:00:00+00:00,0.00037818730582950266,0.001092772971673428,0.00038609685432300367,0.0016724992639833847,0.0007180857693205311,0.0012104753478214825,8.92325780335046e-05,0.00027463368139835076,0.0004260456441389504,4.54782465553194e-06,-3.221437866751664e-05,0.0004518053523063781,0.00277989175996729,0.0015728694196917026
2026-04-09 00:00:00+00:00,0.004135294216140117,-0.0021516441748292703,-0.0023948445116674932,-0.001491470231397063,0.0027361249021822243,-0.00275223961498261,-0.0006067215914343782,-0.0009882992688682313,-0.0009476407995999692,0.0017446636675211291,0.0023713593755745332,0.003583767633733137,-0.008340514778008346,-0.004994539134665632
2026-04-10 00:00:00+00:00,0.0011789413044618335,-0.0006875932718559685,0.00019135676246162525,-0.0008135870340933993,0.0009441866472112981,-0.0008010208344123582,-9.034209938219018e-05,0.0008209601371818032,-0.0008140867519141892,0.0011019880845668517,0.001061124983890993,0.0030448902158703994,7.088943759492317e-05,0.0008899510913529252
2026-04-11 00:00:00+00:00,-0.008565870925333674,-0.004647178296495191,-0.005870148713839396,-0.006835485354383386,-0.009328469054246447,-0.004932789674808036,-0.0068403966108741,-0.0038989856581587157,-0.010662240166716908,-0.008828305213619658,-0.007823013272300061,-0.00695108466729466,-0.005614473439425338,-0.005014598602571585
2026-04-12 00:00:00+00:00,-0.0011282565740580175,0.0024907072469591007,0.0018309980571786788,0.001026833753856371,-0.0022785232697886126,0.00027420063483574175,-8.087255592048592e-05,0.0017670106593394852,0.0023980631092801463,0.0005716751915831875,0.0004217193011211151,0.003501756540789547,0.0020692538974333985,0.0014199553796812037
2026-04-13 00:00:00+00:00,-0.0031447680914261644,-0.0002632321342235233,-0.0009927951931353318,0.000840449337660365,-0.00515930310239443,-0.002795257282335206,-0.0027985619458514854,-0.0010944356342937889,-0.0027637390057668743,-0.0028880245824121076,-0.003433488949491248,-0.002903904617240771,-0.002234707165231886,-0.002882070115147739
2026-04-14 00:00:00+00:00,0.0012158691893551232,0.0027195964018531527,0.0012583294324055583,0.002517902245514625,0.0014301537883565363,0.003385897057030851,0.0022290449883386465,0.002032037185981883,0.00306812082952046,-0.0004209266492128938,-0.0001708888545509657,-6.194590348695961e-05,0.004730242412221752,-0.005222628551961872
2026-04-15 00:00:00+00:00,-0.0016254445404592088,-0.0007892410919823067,-0.0011282844297576533,-0.002273690307776688,0.0009235246790744167,-0.0006180517284518627,0.0015799520367811848,-0.0012815660363446613,-0.00014340436603688111,0.0016626059035538265,-0.00020965372307713004,0.0013946923387468946,0.0005390996504375245,-0.0010260907517687379
2026-04-16 00:00:00+00:00,-0.025562734873961324,-0.013650624521865606,-0.011999211763252138,-0.016185470420013726,-0.0248653540976711,-0.012169265210382418,-0.018565557461245663,-0.019143066290752242,-0.01619797188857297,-0.019100065328737093,-0.02251346297184398,-0.025855228816379472,0.0008618829883986212,-0.006290814387760468
2026-04-17 00:00:00+00:00,0.012468614478728934,0.010910391270967379,0.010043342193966742,0.009816755073280614,0.01436618260317113,0.011234813482412953,0.011889225306171314,0.009407953052419593,0.010460208098766577,0.013844608892140675,0.014393266735805765,0.013757666421915005,0.005717994204540444,0.012919887468069602
2026-04-18 00:00:00+00:00,0.012447579596163383,0.010896610605310109,0.011287640391460574,0.014501146128440334,0.015263290162590648,0.012715691756861602,0.01429520096112502,0.014761512104120245,0.010500016851361593,0.011798328708723549,0.01151928346293718,0.009045186561503327,0.006995251393636659,0.004801176315278433
2026-04-19 00:00:00+00:00,-0.0016582824608233349,-0.006139715630724241,-0.006211517643750608,-0.004603316902071941,0.00013840824261057705,-0.0041037122062418385,-0.004223846483520144,-0.0031316392032189055,-0.006589445240388403,-0.002422416951922024,-0.002253447497440497,-0.0010107958403688944,-0.010635375388740043,-0.006065612629298056
2026-04-20 00:00:00+00:00,-0.002085077259448065,-0.000332171044041929,-0.0002454179949554769,0.0004270456765347319,-0.0032304378929099986,-0.0013062566964473499,-0.001487910229349132,-0.0026659667237355356,0.00016592563755835066,-0.0024608980537375036,-0.003359635000400596,-0.0030137488894628195,0.008013971591708247,0.00755271142213676
2026-04-21 00:00:00+00:00,0.003349695025589128,-0.0002200517241205402,0.00013941223287372573,-0.0008450261616688159,0.002839800465755493,-0.0005155943465040558,0.0002338481821546612,0.0033959064365416403,-0.0014072349837200848,0.004302065827734625,0.003382008541833459,0.004300619937271932,-0.004720791407749614,-0.0009182882292994021
2026-04-22 00:00:00+00:00,-0.002215965975905787,-0.0013993680935978636,-0.0007817218418378902,-0.000845192192368116,-0.0014209751249968372,-0.0008689536505214202,-0.0021594240412617927,-0.0018280934954946204,-0.0019910240322826844,-0.0033667221521934687,-0.003891760594401883,-0.0038836964011630393,-0.002067587894606926,-0.0022996690374564865
2026-04-23 00:00:00+00:00,-0.0005796592934258493,-0.0006335011221253461,-0.001472142914351382,-0.0010898801184024975,0.0008712146292459977,-0.0005506068046339241,0.0006218740325134586,0.00012605874608961898,-0.001790510860520178,0.0012188467177014495,2.3608162739607863e-05,0.0024021015280553115,7.954255337883076e-05,0.0017999114864091226
2026-04-24 00:00:00+00:00,0.0072224291714546585,0.008523700939743195,0.009119657026684935,0.005879806544565325,0.005451786491314614,0.007923320254431099,0.00773270074410326,0.007515297202799642,0.010589309758303855,0.007166457136105864,0.006931543020565201,0.006531160167595029,0.007659552973093842,0.007990356478966731
2026-04-25 00:00:00+00:00,0.0030145412380984116,-0.0008369840004730511,-0.0015513983197756875,0.0014259024726193115,0.0023982007502820757,-0.0010150003632418692,0.0010468763622384358,0.0014903781958488516,0.001131629867166195,0.003082692007536192,0.002807005004642038,0.0032108457573476468,-0.0004943496368122746,0.0024525879661945194
2026-04-26 00:00:00+00:00,0.0019399823805956729,-0.0008448826913346474,-0.00047685198912439386,0.000491894525265435,0.0010609028732715409,-0.001127167216703584,0.00014852362693362764,0.00016368838679081676,-0.0006716047294116345,0.0007496208644013347,0.00014025100566539273,-0.0005000253235232233,-0.0032622361182695903,-0.00020299549687929908
2026-04-27 00:00:00+00:00,-0.006057979686857506,-0.009945397651426768,-0.00942903718132515,-0.0038831689571112715,-0.005111677311790408,-0.007993276466952137,-0.007410866365659352,-0.00390155062932096,-0.00907624292681597,-0.00676104635660868,-0.0062704934500334986,-0.00927117024948021,-0.007557594213215557,-0.0057212851084073035
2026-04-28 00:00:00+00:00,0.0008812934977235898,0.002054329430796864,0.002097993800401987,0.0026392787556075437,-0.0006960292218937125,0.00039671621090708875,-0.001388059210851389,0.0022009563857225967,-0.0009755319884192648,0.0008931852248674765,0.0013306749457038247,0.0006497565804333139,0.0033545371245298217,0.0010438956031031399
2026-04-29 00:00:00+00:00,0.0008398294594591516,-0.0008859199007413832,-0.0012962336615804926,-0.00019867090588965297,0.0003206051381365871,-0.001412934239603647,-0.0013716265844812003,-0.0004996584575568397,0.0010539532066176083,0.0008404262979464505,0.0005614239558655587,-0.0009487739013767094,0.0011752545458167951,0.0044448222754100986
2026-04-30 00:00:00+00:00,0.0041200487587373935,0.0035259807939116428,0.003399556672579962,0.0035663641334051643,0.0029751149313483882,0.0024128664196982896,0.0028193814519648086,0.003822996080968588,0.0029120635014487917,0.005780632269316799,0.004813493909563649,0.005732950535072501,0.0029513441562878384,0.006625333456017124
2026-05-01 00:00:00+00:00,-0.0010602730573728847,-0.0012732814098743717,-0.000903972591570934,5.959043078296311e-05,0.0007043922543434888,-0.00042699490322883893,0.0002887846296624197,0.00045203204456312207,-0.002140677230868304,-0.0005853669200771572,-0.0006750444091130348,-0.000760287802037185,0.0016470224858076143,0.0010540096598554705
2026-05-02 00:00:00+00:00,-0.003944251797819653,-0.006534154949046189,-0.006782982785405456,-0.0049097474114172535,-0.0031644187647221766,-0.004982708002790659,-0.006104852428672092,-0.004563007905868832,-0.005546449926755348,-0.006399882857039851,-0.003374667395340536,-0.004641446389030968,-0.005662925006332031,-0.0008365212579783954
2026-05-03 00:00:00+00:00,0.0029382913817279643,-0.0007965488432140067,-0.0011943509639293914,-0.0016164924991610707,0.003162400445371416,-0.0014600842796531621,-0.00046947392028307,0.001111262616604769,-0.0005733162487479015,0.0038095103552833187,0.0022280623307904257,0.004999582831351379,-0.001489247675606098,0.003012126662033765
2026-05-04 00:00:00+00:00,0.0008615504145190744,-0.005297975909507535,-0.006021077640665062,-0.0053074110986611744,0.00043538064653914077,-0.004718285330165384,-0.0033050376901110345,-0.003950219826389323,-0.0015305521955334411,-0.001336473409751071,0.001131982108108831,-0.0033465069880797005,-0.0010061619078075568,0.0038361907612030066
2026-05-05 00:00:00+00:00,0.0021517868612659363,-0.0012067410956007052,-0.0011414662127174902,1.007868364011344e-05,0.0017125360827050518,-0.0024925558450006324,-0.0003644083084169969,0.0016708711956623379,0.00028117061248167374,0.001898227207167258,0.001534107992057887,0.002372503560158723,-0.0006152981551657,0.0011844661702014037
2026-05-06 00:00:00+00:00,0.001184793294645603,-0.001608107869028652,-0.0021520601578506326,-0.001625422379390562,-0.00010731341810577,-0.002261179192514118,-0.0006283330741788662,0.00040432337468332413,0.00019021362303517364,0.00023495985050869805,9.809832266149954e-05,-0.0015039974877123496,-0.0015710551239559445,0.006574264932471596
2026-05-07 00:00:00+00:00,-0.010389116781298169,-0.00540368190356566,-0.0058484919814720815,-0.005433791906808261,-0.010069106624108537,-0.00483428568717903,-0.007837536193445849,-0.010628382696982075,-0.0060392196349445815,-0.010637775416883044,-0.01124562554497488,-0.012048111902318692,0.0024614915554115324,-0.007844021638515386
2026-05-08 00:00:00+00:00,0.0005022244072268034,0.000763910464197215,0.00043016486124725084,0.0006414275693271687,0.0006504766087356284,0.0007419271797572957,0.00021690738914359464,-0.0002966371286232672,0.000554277469861475,0.004192951454128346,0.004268488572408691,0.004093250000499538,-0.0008022631605789643,-0.0005357439369655381
2026-05-09 00:00:00+00:00,0.0003832215734542732,-0.00037854901044620526,-0.00020467870285856282,7.599019313797584e-06,0.0002130052387649961,-0.0007096202720696665,9.953295631115466e-05,0.0016020516657937467,-0.0012218921460801502,-0.0006635469345180889,0.0002413901512987593,-0.001065255343049798,0.0018005348310736746,0.0009172527349905479
2026-05-10 00:00:00+00:00,0.005472084144263256,0.006696308206790791,0.006820001898284911,0.006992567964038354,0.005439840253653294,0.006592960207266962,0.006241983179390509,0.007163367668328036,0.006959825560433286,0.004870410490556143,0.005441096323967942,0.003366616579936643,0.011029500429012629,0.008310102618577675
2026-05-11 00:00:00+00:00,-0.0009929273929939475,-0.0029418557131030143,-0.0020868824415691822,-0.003559067860987475,-4.07831010470483e-05,-0.0015037912732150938,-0.0008488635432525315,-0.0010665709308254057,-0.0014156848296764668,-0.0007134203549372664,-0.0014297367711432196,-0.0009738787947251026,-0.003473095422673933,5.003763181199439e-05
2026-05-12 00:00:00+00:00,-0.006062224365347868,-0.009420680911037649,-0.00929400356592125,-0.006536756272778943,-0.0071521494452120304,-0.009785313201469803,-0.008843909462921573,-0.005413292466626141,-0.00972490833486983,-0.005962227902994277,-0.004331849060892012,-0.006485676346819513,-0.005316342566203391,-0.003375329669713212
2026-05-13 00:00:00+00:00,0.0038189900992562364,0.004836063247590117,0.004120057157519064,0.003424729382430991,0.004307092815007074,0.005267482595434636,0.005891814116652405,0.006638547425521724,0.0031470088891589754,0.003186726935751505,0.003706048735759415,0.0035359634146918673,0.005232040054108822,0.007228962776643977
2026-05-14 00:00:00+00:00,0.003235897282846345,0.004656373471348729,0.004266814987932577,0.003947334643619627,0.004525842965177551,0.005607734104192019,0.004675044951801377,0.0037164122692561197,0.004888317190157254,0.002824115262710203,0.0031089079502668593,0.0039368252363811695,-0.0016913371060306437,-0.0012307165870099057
2026-05-15 00:00:00+00:00,-0.006177301003733371,-0.005263396323788361,-0.005510358265093052,-0.006451494178522754,-0.004662853577333093,-0.004033698514481654,-0.005111598594786271,-0.005516114821096929,-0.005359469779545156,-0.005614835572080312,-0.006515560438919321,-0.006410121431960625,-0.0026840750993500917,-0.0016211707902805683
2026-05-16 00:00:00+00:00,0.0003726179563132703,0.0007226537256548315,0.000995174595755044,0.0007841863592694676,0.0005536849814373745,0.0008587824033849945,0.0009879682880031826,0.0009039323832842339,0.0012427379999684351,0.0006378392127011079,0.00047693626577238746,-0.00033671939717849764,-0.00010771406285714491,0.0013521316632698621
2026-05-17 00:00:00+00:00,0.003213094126842453,0.0006147884285168104,0.0004693048197146332,0.000593443413393846,0.0037290200659523265,0.0009167488688792691,0.0019441717911412582,0.002437917171666193,0.0009665366145406029,0.0033050545387416363,0.003333996725910504,0.0035442326565675586,-0.000851665652288669,0.00092464222174371
2026-05-18 00:00:00+00:00,7.245252408050185e-05,0.002510505788929862,0.002249557911330191,0.0024142299495426567,0.0003196024367089212,0.0023817704309174736,0.0005165391897350435,0.0015992846617838286,0.0004441914855644047,0.0017873308643037156,0.0016287094858922213,0.0018655075937707988,0.0025336610417774352,0.0007704081191808321
2026-05-19 00:00:00+00:00,-0.0001771983783385167,0.00011015577496231721,-0.0007387575323531959,0.0001055275258792232,-0.0004902019034439542,-0.0005113396664491177,-3.8700373599986904e-05,-0.0021191541010093795,0.0013541247436132942,-0.00208448554511409,-0.00030608005723142817,-0.0008954233125760824,0.006960153610585662,0.004280445297751401
2026-05-20 00:00:00+00:00,-0.000584978064601116,-0.00021050020845936324,-0.0007609025409694992,-0.0013375829433829312,-0.00021470886664443078,-0.00014594928627720272,-0.0005158801818797576,-0.0031032984464902658,-6.121468187358925e-05,-0.0001479234179216915,0.0005654808014308177,0.0001103348740183474,0.0023340784315157848,0.0029788215254957784
2026-05-21 00:00:00+00:00,0.0031951232608671276,0.0033321936659922446,0.003236365389939877,0.0039256764612838335,0.0030275001588162542,0.0033012004754746638,0.003970706279960545,0.003291203653740249,0.003991650716838713,0.0019731274456675774,0.002894236436473463,0.0016934536487904772,0.007842369135675042,0.005851824935257488
2026-05-22 00:00:00+00:00,0.006286022739102837,0.0035344571558442173,0.003392191560491087,0.005320897069071906,0.005687138694340899,0.004813619796814939,0.0063254444155913525,0.008424021081570254,0.0047656557509121455,0.007982601102838771,0.009922305654150199,0.010979250969736398,-0.004440071514725918,8.814303331150519e-05
2026-05-23 00:00:00+00:00,-0.005751282472703845,-0.006300075835971142,-0.006447199334993381,-0.008150446939361844,-0.006221677140968884,-0.00659336325359805,-0.005645451934267021,-0.003448484410338959,-0.007454812714362324,-0.005563679685488432,-0.004455568755815764,-0.006875131019130398,-0.00885019682920285,-0.005021953142424818
2026-05-24 00:00:00+00:00,-0.003935493320566086,-0.0036366197594129845,-0.003179928998893189,-0.004949721481922076,-0.0035339258129889473,-0.0032170608224386665,-0.0031835548178825723,-0.0032630757826062062,-0.003362168547201172,-0.002369295408481631,-0.002761059069871785,-0.0027987889327634186,-0.0027880502743824476,-0.0019949479167432616
2026-05-25 00:00:00+00:00,0.0014986768775944181,0.006688454479314876,0.006472270997438523,0.008260949449752975,8.99385831356625e-05,0.006468247092318524,0.0028400982666667574,0.004615970007544767,0.002593202354393309,-0.0009125105565239711,0.001345000158716303,-0.0022943652265662307,0.016350384124883988,0.00809966530482864
2026-05-26 00:00:00+00:00,0.0016955641537725885,-0.0021435935176278287,-0.0023532832496401257,-0.0011032793354850412,-0.00016427453935374814,-0.0023795918062461396,-0.00125753306406029,-0.00021830108955300798,-0.00024731404999112083,0.001953575451747236,0.002331493525725259,0.001225768167592678,-0.002544645166447257,-0.0009625667888514267
2026-05-27 00:00:00+00:00,-0.0034828359280931753,-0.007102668946224799,-0.008185197971879332,-0.007254698069107612,-0.0021473699445793137,-0.006011232851599546,-0.0052738099986217035,-0.005744049909157667,-0.004955531640439492,-0.0038122754074447762,-0.004524237092750183,-0.004183458906350412,-0.012765858608705272,-0.00753622738743176
2026-05-28 00:00:00+00:00,-0.001573504840553075,0.0005458780254603557,0.00030233617363717435,0.000897453711875773,-0.0017775203545228324,0.0033649269937161552,0.0002657529907950096,0.001966162826888107,-0.0014759782783052566,-0.0020516247858420877,-0.0016401154998513245,-0.003714316975246823,0.00833641953123787,0.0008252707668960912
2026-05-29 00:00:00+00:00,-0.0047282055232092945,-8.855197905066614e-05,-3.208609478322355e-05,-0.0008402963474032354,-0.0009301296963832861,0.0017947420221724464,-0.00017767347563091285,-0.0017123677691648354,-0.0026621545584047945,-0.00772246506062968,-0.008261223063998124,-0.0033816532082395767,0.0011636846449007976,-0.0018478793830791762
2026-05-30 00:00:00+00:00,0.0003179078921440315,-0.0023748721549272656,-0.002907081809254697,-0.00042697972313565646,-0.002398540814824379,-0.0029513073348085284,-0.0016157918621341194,-0.0007200307444057419,-0.001163355245636044,-0.0017747566539229043,-0.002644332272446981,-0.0008152683209882161,0.0022642565467336784,0.0031612528652298355
2026-05-31 00:00:00+00:00,-0.0009379408740005646,0.005238662490280044,0.0043353110178794285,0.005156871418953379,-0.002873478429035292,0.002680433381953229,-0.0010469577637627347,-0.001991305738168525,-0.0011044704294718155,7.949441890908737e-05,-0.0016928011899219886,-0.0025603424561380095,0.012493682811467233,0.007545195280596051
2026-06-01 00:00:00+00:00,-0.001563416811666829,0.0069924118687128,0.0038405781156114482,0.0037967512589089925,0.001381131380518763,0.0032327704706405225,0.004170176661171476,0.005152310469448196,0.003916214232462023,0.006271544448027022,0.002266016199346632,0.003879024727479141,0.002078582643054938,-0.0020845864656966473
2026-06-02 00:00:00+00:00,-0.007598650537275153,-0.002478255496251136,-0.004432308046361855,-0.0048388552444500466,-0.0093231023730318,-0.006290900957642842,-0.0028549570583116246,-0.005619324690513516,-0.0039422595862824705,-0.00023065726606208425,-0.0012653181136964564,-0.0014816150567220632,-0.003451929596755332,-0.012286800221076644
2026-06-03 00:00:00+00:00,-0.003950987206362999,-0.0033262556712309044,-0.005604507181814489,-0.002734969854278013,-0.0034443957007868065,-0.0037443590839485452,-0.0038378081711463174,-0.002291764977067845,-0.00429688818022167,-0.006214584821860214,-0.005685327270333662,-0.0070476764344316045,-0.003629069818456676,-0.0012415077584921885
2026-06-04 00:00:00+00:00,0.0023760523922649046,0.006937497540183912,0.003857458043758921,0.006597123823685935,0.004463145350104503,0.007564144886504698,0.0067236428725703234,0.004856678950154736,0.006065945143696627,0.0035334621515148434,0.002609159910393233,0.004660338420275467,0.0067672363340565145,0.002269024429489175
2026-06-05 00:00:00+00:00,-0.0056360096915312186,-0.005828337092677605,-0.007228075650688948,-0.007386974327923457,-0.003611717266112424,-0.0045856012132152735,-0.0021587280278488885,-0.003908953455943998,-0.010653348283960029,-0.007733943084914818,-0.007769082860220378,-0.005099667561099475,-0.0010891885417314562,-0.001647885152374129
2026-06-06 00:00:00+00:00,-0.010238056337441681,-0.012967714542468478,-0.014872182261788547,-0.009358474464543742,-0.011108986524308029,-0.014090516033403722,-0.012833234758828693,-0.01425725988252724,-0.015674132611013025,-0.012764013184880851,-0.012557781395433065,-0.012555162986422785,-0.0019327350684561484,-0.004360787604944183
2026-06-07 00:00:00+00:00,-0.01425739902468881,-0.01398862463573558,-0.014503926591349692,-0.014051670967493823,-0.010382378394203529,-0.010778342866090918,-0.018346702022159933,-0.015007314244500636,-0.013652054525369661,-0.010544941560734933,-0.011885605722036452,-0.014887053559054508,-0.007110570135213878,-0.004790223041164721
2026-06-08 00:00:00+00:00,-0.0020035514252814135,-0.011132451761621254,-0.011432794415451197,-0.008200661185561064,-0.007707313312194208,-0.012806783291151036,-0.011057748783198651,-0.009244658691968444,-0.007897423816622062,-0.004383450668278055,-0.006400830892868914,-0.004292062217788328,-0.014702920823437271,-0.012118613946621948
2026-06-09 00:00:00+00:00,0.0013942706797518412,0.0013778528539163393,0.0013386209840293706,0.0039688489004465755,0.0002648927856878647,0.0009138123033871626,0.0018206405923970603,-0.003369751122603626,0.005611913041740024,-0.0010011907056118874,-0.0004136553647577923,-0.000409516751527339,0.008308033908137391,0.004974354249915214
2026-06-10 00:00:00+00:00,0.016166383069891044,0.0148705944888603,0.01493788853733169,0.013178518067611389,0.013919066285979609,0.014050240683767035,0.01049895527890321,0.017473598570981297,0.012238658700427063,0.012698189232274615,0.013089118602843675,0.017768312543995357,0.008741975745857777,0.021635409181340215
2026-06-11 00:00:00+00:00,-0.006636984237418875,-0.010230215751936167,-0.01021063262844324,-0.008237575898147664,-0.008724385826000436,-0.011704834998699898,-0.009038764726405524,-0.009777611186611024,-0.007396306313012357,-0.006695724509211298,-0.0058888032237622845,-0.005905412819839584,-0.002140237561909175,-0.0030483414558136745
2026-06-12 00:00:00+00:00,0.009197255307658914,0.010756770588971065,0.010289493663905969,0.013740452725465646,0.011038544427618202,0.010640041715621606,0.012603796229059716,0.01223666467727691,0.012180234399239653,0.011157894212248332,0.008538155479038911,0.006630496905354999,0.008287315727116162,0.006143434810991222
2026-06-13 00:00:00+00:00,0.01125493441574199,0.010229847048115248,0.00939015800573162,0.008877534608355164,0.011998400469871662,0.01097113830869767,0.010780768004506669,0.01306238045956376,0.011747946235504347,0.013577621239942772,0.011355884535034555,0.010014877801445277,0.00724547848929169,0.00915980403909411
2026-06-14 00:00:00+00:00,0.001625095652812103,-0.0008737367949155361,-0.0011311360402884718,0.0010482580899042748,0.003278757778917951,-0.00013143896667833221,0.000985518496386284,-0.0005994507258857418,-3.778642042373548e-05,0.0033819899558185096,0.002916381568832449,0.002261344293015277,0.00038021402966559315,0.003212620385158349
2026-06-15 00:00:00+00:00,0.0012383453387267984,-0.0022018028431173287,-0.0025330535199049597,-0.001692726687762769,0.0019037002215696042,-0.000987597147114716,-0.0007352472001773691,-0.0023325883702730588,-0.00099091112400429,-0.002699787788740804,-0.0022446345388500433,-0.0014294928226425974,-0.006579079523415632,-0.00635000397154839
2026-06-16 00:00:00+00:00,-0.0020497552697078536,0.0004284197049884142,-1.1382455156083715e-05,0.0011711912372578404,-0.001524022555972171,0.0003408686200012667,-0.0003500500630619907,0.0007379904766708911,-0.00026235075719693857,-0.0014389468512705506,-0.0015044451562491457,-0.002385020990652631,0.003456961524654245,6.513859964374369e-05
2026-06-17 00:00:00+00:00,0.0007207818196885984,0.004650826835360444,0.0048056706154602225,0.004620931974407272,-0.003735579217211793,0.000559266705666861,0.00029938613060687125,0.0038753340727690766,0.0013768890294580949,0.0013883398153791138,0.003014442171297649,0.0015323018940036626,0.008021732056540554,0.005519753993605825
2026-06-18 00:00:00+00:00,-0.0035447868335067856,0.0013117004229412643,0.001816601808801277,0.0010893837849852428,-0.00673539649876953,-0.0027078928504615796,-0.004481866099686371,0.0004129204081242399,-0.0015951744225664033,0.0008094158793880979,0.0013415442450108728,-0.0008293581469910327,0.0014874608027901637,0.0006740175190473874
2026-06-19 00:00:00+00:00,-0.0053312600295080115,-0.0023092130794245547,-0.0018743519668239506,-0.0024682094808403665,-0.0036842681599194016,-0.002707809628582525,-0.002840238373919224,-0.0021468611620892863,-0.003449227473472316,-0.004279610438964521,-0.001546232717526408,-0.0013014739891324956,-0.0022424438834544036,-0.005721354579195204
2026-06-20 00:00:00+00:00,0.005634773386779424,0.0043653590359431504,0.004366572390077206,0.0027499971874562767,0.005700286181797187,0.004381729204170126,0.004208137460941508,0.004923385501739874,0.003527582955293429,0.005167360044881164,0.004982340026793652,0.0021748495481246355,0.007563169743791676,0.012878072451237177
2026-06-21 00:00:00+00:00,-0.001497449223102354,-0.00396546588577984,-0.00407955309372332,-0.004168990187551014,-1.4245000946710995e-05,-0.0024663764103257657,-0.002220942437347495,-0.004393308968573928,-0.00029192102235509054,-0.0016982754576613246,-0.001324311277539958,-0.0026110597444541916,-0.005556700739440701,-0.007909299114536528
2026-06-22 00:00:00+00:00,0.003495952442158723,0.001635047705755177,0.001431732126179197,-0.0001412177236078671,0.003096636607175407,0.002035079798588857,0.0024720725962028567,-1.4401392481988573e-05,0.002279301185685423,0.002323401756389787,0.001083950778336673,0.002695721160447695,0.00045582091583318274,0.002645017240474834
2026-06-23 00:00:00+00:00,-0.004873011537600669,-0.004611502170713266,-0.004608435408788081,-0.003004600590538531,-0.005614186234607965,-0.0018117233432540791,-0.004842404948711354,-0.0015289536374407664,-0.007097192578622624,-0.009046467433008742,-0.008198949944989486,-0.01053198699521607,-0.00547543442199272,-0.0062923236271489325
2026-06-24 00:00:00+00:00,0.01018755022665152,0.007584994445332782,0.007700050759287702,0.008612823435066419,0.010924491573411466,0.008603058800955354,0.010008035604223142,0.00612800715159012,0.01165282371063725,0.011461814873207743,0.012306911570170387,0.01407736469354992,0.004417957751326362,0.00565850800681833
2026-06-25 00:00:00+00:00,-0.0073467020408686246,-0.0033590808456626098,-0.003748803861802541,-0.0036921872432901237,-0.007245159293753911,-0.0027253687070770694,-0.004508772774915459,-0.00511287055773324,-0.004684783372095769,-0.008010170291696928,-0.00932779449304777,-0.006430309999137629,-0.0002134244763390969,-0.001756530422289182
2026-06-26 00:00:00+00:00,0.009430563947104842,0.008505360718793264,0.007965666978019037,0.008933756296554352,0.010133679532131845,0.008914539098548335,0.008913242470723448,0.00920165077861923,0.009947774486056105,0.004613164470748998,0.00489821353835862,0.0025523064783095073,0.00582554922728451,0.00727979113856958
2026-06-27 00:00:00+00:00,0.0012523482516719753,-0.007389120869688237,-0.008303009792162253,-0.007473373949479334,9.11750979293302e-05,-0.0070782686879127255,-0.004370720962460273,-0.0017552824494870833,-0.005226011348026582,0.0007220835074661647,0.00016227200705087874,0.0006364995100180959,-0.013257385783213227,-0.008140523404044364
2026-06-28 00:00:00+00:00,-0.0014222305107328692,-0.0012519514278560573,-0.0015353947518822464,-0.001936693629624453,-0.0018676092734897232,-0.00042356955735278756,-0.0008974133817841734,-5.775692135667754e-05,-0.0017908626151620366,-0.0014127602825557695,0.0002178388703011347,0.00011268257210761412,-0.002963374783249373,-0.0031645596195903902
2026-06-29 00:00:00+00:00,0.000835621718416002,-0.0009655560727739321,-0.0007506611880878644,-0.0017496913961566607,0.0006332736468726008,-6.197884809322485e-05,8.666592665562689e-05,-0.0014125038742891505,-0.0008502645218398941,-0.000754055467360959,0.0013933357682480718,0.001019268639587123,-0.0005407004127319093,0.0007954119490101164
2026-06-30 00:00:00+00:00,-0.0016544008566867774,-0.002218327526442021,-0.0014053123793303923,-0.0014455789473402092,-0.0011078976284430997,-0.0004998480360863811,-0.001363024168110405,-0.0013474774515392918,0.0001636598123009314,0.0014745827334428085,0.0013880951195583968,0.002646394682520148,-0.002259431260449918,-0.006339986510006668
2026-07-01 00:00:00+00:00,-0.03791357551934604,-0.013583038662649427,-0.012284989269170876,-0.0135492917361556,-0.037728280712421625,-0.01239420272715841,-0.02681751589146797,-0.026640462244500673,-0.022127318752264702,-0.046687210703644455,-0.04734739517604525,-0.04521309730782874,-0.008009078412573367,-0.03149710487093438
2026-07-02 00:00:00+00:00,0.007712095179511325,0.0008421806958791578,7.369540472157432e-05,0.0031971517173436936,0.008022869921180398,0.0029319495015762698,0.005807855743129586,0.000878503965795252,0.00753396732554612,0.0031022154449040773,0.0031564398505270486,0.0014490735996035564,0.01283797068988246,0.015213988884115848
2026-07-03 00:00:00+00:00,0.0045027971471836015,0.005778436637017714,0.005858660545752015,0.004872811355074003,0.004123286822429684,0.005115588069436683,0.005051100414128928,0.0032772200212765057,0.005017126237553571,0.0028857326263456162,0.003515705171482697,0.003968029251433469,0.0005403265092194243,0.00139696446534332
2026-07-04 00:00:00+00:00,0.0009876825983612392,0.006955237709926898,0.005924059239098556,0.005768463537415558,0.0028336197435891997,0.008863655014049288,0.007256139968652819,0.003173227779695198,0.0022626881122125297,-0.000677949209607065,-0.0016577345903139307,-0.0015923188519024745,0.0033655244302264187,-0.008403315141080725
2026-07-05 00:00:00+00:00,0.003428764105342985,0.005020369832294813,0.004909735620346689,0.005315153752853741,0.004290961194981513,0.005212551792022735,0.005086024802306355,0.003521051440698253,0.004593732397724315,0.0028664433085909824,0.0017938866831226363,0.002997053894976176,0.002177868580749198,-0.0007324809228144158
2026-07-06 00:00:00+00:00,0.003414312242167483,0.003825158096977921,0.003663550681388017,0.003508119642096519,0.002923891276515045,0.0050887105677352995,0.003522834286526111,0.002151996305521209,0.005410689072782082,0.0005588633869062498,0.0002240157121142783,0.0002404815968373164,0.005569757976966683,0.005919783223319985
2026-07-07 00:00:00+00:00,0.017233315699045848,0.014984572379054484,0.01452788056619947,0.01608549871562337,0.015984934216846103,0.014016404540709182,0.015572541322774747,0.013851389653886548,0.017852238666343112,0.01332775815870324,0.013903961073152615,0.010647400805318119,0.011404106843197592,0.013169420150372035
2026-07-08 00:00:00+00:00,0.00039857536127474447,-0.002329150273995051,-0.00250217129514696,-0.0018049650626600355,-0.0011376605401484108,-0.0033145675983889955,-0.0012836201736923236,-0.0008683025304438985,-0.0004339254165511841,0.002539065051488043,0.0028291598015621755,0.0024730832162549454,-0.004544796816716712,-0.0021975629903100424
2026-07-09 00:00:00+00:00,-0.005859017935766375,-0.007625742854768469,-0.007670041923817483,-0.00786592289198651,-0.006524770552924775,-0.00828204071121419,-0.008774349538756665,-0.005017891398314989,-0.010510309495173065,-0.0044125287799020585,-0.004157666249299585,-0.002970026413782745,-0.010247356168278543,-0.007635411805958503
2026-07-10 00:00:00+00:00,0.0105321634155493,0.01065372011062049,0.010564889294909285,0.012243647014026804,0.012555598308333638,0.01341458673200413,0.013226602201188653,0.012040078142248944,0.010560215647939186,0.009293910758340518,0.009984506479059352,0.012481735179900477,0.007227734784681639,0.008335820241409442
2026-07-11 00:00:00+00:00,0.009337955584039381,0.01131939290210715,0.010418659123091256,0.01021243742466793,0.009697472839963917,0.011977803418249167,0.00995844242682331,0.008504391279325008,0.013135341751365326,0.008961570807572095,0.009754397487197863,0.008718239720032939,0.006490231697247495,0.0072670752576469155
2026-07-12 00:00:00+00:00,0.002070744852120887,0.003564148609520368,0.003982337130025826,0.003973765590437717,0.0020965325945045965,0.0038581906355137363,0.0033306688219418845,0.005458724630837963,0.00016503755608843207,0.0009094910483427032,0.0020056585240901814,0.00291902816031131,0.001787153306264111,0.0010210551954870084
2026-07-13 00:00:00+00:00,0.007882085259960148,0.007934076104455068,0.007491665537201708,0.0077866065832472575,0.00695439518285812,0.00690414588690369,0.00873446832302327,0.006843131328299057,0.009633141417194402,0.005806671317925671,0.006048745636476172,0.0042089871620139,0.00692506341721888,0.010525565112699198
2026-07-14 00:00:00+00:00,0.0039326621331226,0.0054205974521195355,0.00503367625674267,0.008751831935824406,0.00451329485324492,0.009263556641848858,0.006796471135004589,0.006503478196167256,0.004756441896459629,0.0033664071115606653,0.0030997170215232295,0.005454798635390112,0.002017605056768179,0.00022688489045430416
2026-07-15 00:00:00+00:00,0.0070158571992846586,0.010429621153893898,0.01022008953561504,0.010606163420715298,0.007550050003787723,0.011184396294711796,0.010937087079054608,0.008913966690526909,0.009369798729327528,0.0013268655998568413,0.0013704989855531924,0.0014956785920816618,0.01387890720016105,0.01403019060646482
2026-07-16 00:00:00+00:00,0.0038732759152320106,0.0005162730658485604,0.0007077355854723244,0.0025620401707981966,0.0037214136727512503,-0.00011817231112420945,0.0014668938090081074,0.0026584591426861426,0.001679585915930204,0.0032528557587261364,0.00261966043668993,0.0037135303216075943,0.0015238073498820004,0.006270828770144066
2026-07-17 00:00:00+00:00,0.003865614762764036,0.003576053062534168,0.0026556106318269546,0.002043444896830504,0.0033079980357235694,0.003308824975977176,0.0022790021983354336,0.002780981453429865,0.002829702003819934,0.003455763141371415,0.003031223139487116,0.00560751368984036,0.003911541566878007,0.0048365912577987835
2026-07-18 00:00:00+00:00,-0.0014245480751499118,-0.003497458135607534,-0.0036859227385062088,-0.003698364351575445,-0.001395403132730344,-0.004251696202428046,-0.0030772237737224373,-0.0011660013536268776,-0.0033657624618950166,-0.0018704497985118085,-0.002058371171429929,-0.0007656842305896472,-0.003744388217566841,0.00019842784027446214
2026-07-19 00:00:00+00:00,-0.0011156361107808044,-0.005744035021610805,-0.005854565547774304,-0.004576851883517752,-0.0025298682621027746,-0.005995409750735203,-0.004380012946761269,-0.001826929196788285,-0.003583155357333667,-0.0008536566907068055,-0.0013047521022516717,-0.00023623991828414237,-0.0044521814452346264,-0.0018118047002464444
2026-07-20 00:00:00+00:00,0.0032043325776640597,0.0028904414357628916,0.0025693238213218006,0.0038646829485062817,0.005115881081761753,0.004343614560377018,0.004948170978356092,0.0018481074338672077,0.0027528963765288683,0.0013386627429510245,0.002756909453839995,0.0011502775210490146,0.0011160009137389792,0.0016156757909002728
2026-07-21 00:00:00+00:00,-0.0013958261567678099,-0.006971967532815149,-0.00724574220595442,-0.007497962880786746,-0.0008863262665710359,-0.006355169152197915,-0.003841258218654553,-0.004410248566505071,-0.005830486492322207,0.0009694522273464568,0.0016202491459871293,0.0015792308913122888,-0.018695752921607522,-0.016230285035165104
2026-07-22 00:00:00+00:00,-0.0014693910817827893,-0.001838708806402134,-0.001232803086920753,-0.0015869361281383165,-0.0008908886282762429,-0.0012461962685758055,-0.000810891973785921,-0.0011284705477937473,-0.0020818582996730006,-0.0035150044644889356,-0.0034973633383729164,-0.002257783862566698,-2.2462021049385328e-05,-0.000249437057023183
2026-07-23 00:00:00+00:00,0.0004320573185092602,0.0006460296620542927,0.0027892673213250063,0.0009545983658154622,-0.0009566792538732161,-0.00018179090180892032,-0.0028469570697915447,0.0005401536695559539,-0.0010331573709334574,0.0012633707116929127,-0.00014007499933044176,0.0007040592958718062,0.0025706192558381247,-0.0010160224411404073
2026-07-24 00:00:00+00:00,-0.013757553075378737,-0.0072401209432394475,-0.007065439917215421,-0.0077686324266519335,-0.009402978819647023,-0.005156314270851836,-0.0068164111108199865,-0.011778858208678411,-0.008212504962657574,-0.015130891026795656,-0.017094236149510333,-0.012804869281467846,0.0012546510428868007,-0.00935630523483122
2026-07-25 00:00:00+00:00,-0.001801240477924848,0.0023966104532961996,0.002330628813590696,0.001691861382073112,-0.003729910511453882,-0.0007739020005728126,-0.0020634691262380045,0.001557082332382942,-0.0009632202615222907,-0.000752882697958146,-0.0013607345224757594,-0.0009768093434034952,0.0007919598155528007,-0.00013242193858509221
2026-07-26 00:00:00+00:00,0.0035539141187339585,0.0064563760386497915,0.0068578806643608825,0.005278514682121482,0.004357688329166054,0.007086929218352633,0.006722125223801223,0.0046067315701361355,0.007014350561521443,0.0030839657974610635,0.0029874783906502778,0.0023728626232875083,0.004663851868442093,0.0049195355834728005
2026-07-27 00:00:00+00:00,0.010306390079712457,0.00766215178587526,0.00719954823563107,0.007884700251215015,0.009063991470747546,0.006191024562050007,0.008250631532276564,0.010579139770519719,0.008981789063768675,0.008322481585266273,0.008526485473865142,0.005720388529223408,0.009086824795074167,0.011634248899326849
2026-07-28 00:00:00+00:00,0.0038750750469060957,0.004707031999598543,0.00509014841840516,0.003661287344692843,0.006184225152960465,0.005658399099904621,0.00571818797179624,0.0027662416482674423,0.0039314077124210645,0.0010756567476777334,0.001718059971014707,0.002492070626243681,0.0020158851720364357,0.0033943284824369258
2026-07-29 00:00:00+00:00,0.007158134381314296,0.010212859614188385,0.010578600231318624,0.010648272991218066,0.007628559574804683,0.010473827528026503,0.00876398591403782,0.00775489240315097,0.009395214830879128,0.003799266124787204,0.0034345712141559126,0.004700804241889012,0.010429305481398865,0.00764168090194306
2026-07-30 00:00:00+00:00,-0.011076428039983988,-0.018853887969626393,-0.01876025904474643,-0.017633063393064696,-0.011212458678793502,-0.020041979777222774,-0.014362793955696507,-0.011144373226071647,-0.01537341928755942,-0.003201997770687637,-0.002508529935907333,-0.0031281232812234716,-0.026912510095288278,-0.017470681386924647
2026-07-31 00:00:00+00:00,-0.005229640934370172,-0.008047317703163581,-0.007975757317238208,-0.0075686233966116845,-0.005219994496158953,-0.008561719716812854,-0.006996974231946118,-0.005348189674909576,-0.007627384358937617,-0.005318623248193766,-0.0048683981533586,-0.006117592201875355,-0.0019015622716584968,0.00031227707941305916
2026-08-01 00:00:00+00:00,0.005703243389283852,0.005183174521790956,0.005175857036657794,0.006010593665648267,0.005020024181676019,0.004748148738054514,0.005796333288179856,0.007383133297522049,0.006631637266941048,0.007195638189906761,0.006270674911296625,0.008197581588464953,0.002682154256081981,0.0026579970473072922
2026-08-02 00:00:00+00:00,-0.004006582400498004,-0.005970086172379041,-0.00640406057812315,-0.0065157650743586926,-0.0029589241300937985,-0.005960024701700095,-0.005328176521761874,-0.00569052879478027,-0.004711132505408,-0.004657980950270479,-0.0048420433966813725,-0.0044572959359368,-0.0040283877126090495,-0.0016622577142443307
2026-08-03 00:00:00+00:00,-0.00021282031924196865,0.0017593078762876413,0.0019337661745268964,0.002289454509078803,0.0006944511732016601,0.002747775112076356,-0.00097098815208152,0.0015723130938007923,0.0018457898380468407,0.000773684318500667,0.0009158900191268415,-0.0005395597731865376,0.0008774809667797534,-0.0010688640916526326
2026-08-04 00:00:00+00:00,-0.00639167930093032,-0.005772795502018702,-0.005630500322901133,-0.005794883726337852,-0.005783516851316395,-0.00357360790997141,-0.005723549074333922,-0.006242107347787407,-0.005882167389369197,-0.0055269472767199845,-0.004034404891016141,-0.0064059069764890175,-0.006025619806586335,-0.00713837185669719
2026-08-05 00:00:00+00:00,-0.0026484540338574947,-0.00744955596626784,-0.007730022725423669,-0.008543874600522638,-0.003373179073669186,-0.0067192741089942,-0.0036924068121008125,-0.004631437265812055,-0.00689844249154048,-0.005747627960319357,-0.005618933829571349,-0.006392886451777602,-0.0006489601613109963,0.004459185788589615
2026-08-06 00:00:00+00:00,-0.007009689555599552,-0.013514958667194099,-0.011872411831047258,-0.010864881872178045,-0.005466477244406076,-0.00986362807211738,-0.007376879222600996,-0.010729866684463296,-0.010131182928641014,-0.00680730496761317,-0.007931418384429123,-0.006197185112241432,-0.00588368098671721,0.00015918284573124275
2026-08-07 00:00:00+00:00,0.004478432584536396,0.005791512915754415,0.00586027522006205,0.005831061997923603,0.0036606420816271967,0.004221154473428523,0.00408210920423091,0.0031542967696325253,0.005660599172227387,0.0057137348523834675,0.006207429993070779,0.007740876118856432,0.0024636593589142386,-0.00029538002535556274
2026-08-08 00:00:00+00:00,-0.0009655055477880703,0.0018123738427751057,0.001743509293691048,0.0012767181572850284,0.0003228629771290237,0.0023795891479125864,0.001260283175153587,0.0003623499838398825,0.0009104301846862839,-0.004127228769325475,-0.002684860784024412,-0.0010989378897766633,0.0013310164111706158,-0.0015321932327609922
2026-08-09 00:00:00+00:00,-0.007772325510644329,-0.006688532928933344,-0.006886521443244087,-0.006950046934305343,-0.007055315920131977,-0.005755137627361684,-0.006750720952832134,-0.008236148110728703,-0.007550078988362907,-0.008280209315048581,-0.007933024690858992,-0.00847862840095892,-0.0022682821188924063,-0.003468257650401041
2026-08-10 00:00:00+00:00,0.010118496170172797,0.010815881518950965,0.01065333401160884,0.010604286247275718,0.01005950842822112,0.008920863701082471,0.010083031462260195,0.011058269325543435,0.008442810255465671,0.011544498272714643,0.010718712633440264,0.012527346074951762,0.0018128316878796014,0.0012899484566537556
2026-08-11 00:00:00+00:00,0.0064175789601581545,0.0052274070831344055,0.005532882161179531,0.006325813376935496,0.005234727329591626,0.003810067545878759,0.004433903879945911,0.004858613776185461,0.007586880736896173,0.00835885435712691,0.007157242174079759,0.006299502905918297,0.001688471691534188,0.0017624188194562684
2026-08-12 00:00:00+00:00,-0.0023938777017932233,-0.0012311584811581788,-0.001123006897237988,-0.00021202906048545245,-0.0008225201472474852,-0.0018775310119046873,-0.0007311602011044194,-0.0011391184176769986,-0.001071120235276224,0.0019215727700858665,0.0002470555830573762,0.0028625184346244836,-0.0022011791637195355,-0.00326707235409196
2026-08-13 00:00:00+00:00,0.006558463517850166,0.004427573237413052,0.004743365725062398,0.005016560634605094,0.0033247007976500154,0.0032828643414841707,0.002762091054952176,0.006248359347046817,0.005511815669739573,0.007732991372197295,0.008336830752613045,0.005570266570605664,0.0001594465252949817,0.0012101768197019247
2026-08-14 00:00:00+00:00,0.005866037110696443,0.004379280983317857,0.004419225669435978,0.0050147691217923285,0.004390409776239723,0.0039034293791275765,0.004395089397545737,0.004573393728862563,0.005859643400210501,0.004710386648414833,0.005466527424879963,0.005395848452530494,0.0060866762076854375,0.0025661645630283836
2026-08-15 00:00:00+00:00,0.00864676818395882,0.00482796298219923,0.00495319451470122,0.004752119012363831,0.005975620425004324,0.002615982605041589,0.0039170743214342885,0.007663735165442276,0.0063949569688726005,0.00932259889549747,0.00956390739182078,0.007300317846778537,0.0002921118414440649,0.004607351692577755
2026-08-16 00:00:00+00:00,-0.0025919329976813454,-0.004085410313060978,-0.004020773389997068,-0.0055342867655741035,-0.0019240590072198138,-0.004391079150666388,-0.0038070460204865375,-0.0044172406867466485,-0.004428281948629875,-0.002880050178686866,-0.002289031793324514,-0.0023269802959129393,-0.0021568012332756625,-0.0007379527063486879
2026-08-17 00:00:00+00:00,0.003806718611368831,0.006194276932367959,0.00585955941539229,0.005512611723249794,0.0018498832348579075,0.004663938177353444,0.0029252698987589643,0.004009296615248514,0.005809208881186079,0.0036163759397560558,0.0033116485990598576,0.001842919848090041,0.004159988973383877,0.0030692074102953715
2026-08-18 00:00:00+00:00,0.002043418736974001,0.001769330432793259,0.002096803745141651,0.001956172172432158,0.002478636278965274,0.0020457407722640486,0.001978731581930182,0.0014852599613792705,0.002502789542364381,-0.0017215085378265993,-0.0015733282856728037,-0.002140516465837461,0.002158001712325275,0.0008354827497270012
2026-08-19 00:00:00+00:00,0.0146349018089591,0.013134354308679042,0.012820597414806123,0.012916678344532917,0.016727419797942122,0.014836752982890555,0.016264788467689195,0.013524617008866757,0.014368726690596967,0.010527607180243592,0.009214449065904073,0.012640671327021735,0.005448675842937067,0.0058535905289816
2026-08-20 00:00:00+00:00,0.0016997525476205588,0.002066111604648979,0.00234973364153368,0.00333132812522674,0.002148783476022098,0.003404250098393069,0.003414064953762619,0.001123488279977325,0.0036959156967368845,-0.00015983222601656522,5.137522672971073e-05,0.0020421727578892046,0.0045826202309449116,0.0038564440960082713
2026-08-21 00:00:00+00:00,-0.00437238030146192,-0.004246936205679952,-0.0032507275158499827,-0.004229557594208955,-0.0032789908728905193,-0.0036231650483080635,-0.003576361988109178,-0.004281126074541786,-0.0027635363304336913,-0.004881376043846308,-0.00846984885961799,-0.0030333131748357944,-0.001056526090099985,-0.0016557803514283265
2026-08-22 00:00:00+00:00,0.005010026596910411,0.004559463096933447,0.003906498089668808,0.005210020617132605,0.0050614698381350465,0.0036859213434732307,0.005055541985003575,0.004831346929555336,0.004751311715906148,0.005564388523974673,0.0053601989963214525,0.005621103886231715,0.0046977026291494806,0.003742419977499134
2026-08-23 00:00:00+00:00,0.0015696738711361569,0.0029710581970181504,0.0031067653181948707,0.0029291922987706442,0.0014687947308609228,0.002983802227737087,0.0025647933143828627,0.0011898975749924379,0.002499018566853195,0.0021921329106679988,0.0012803200289619454,0.002105441303303257,0.0029214820791061413,0.0014280535623278912
2026-08-24 00:00:00+00:00,-0.0009151418508828169,-0.0008532876196847283,-0.0009409103867272783,-0.0013372975993612979,-0.0011164626427093705,-0.0008171336941460439,-0.0016236129808698818,-0.0010775213561246,-0.001341478612877478,-0.0033205153699886747,-0.0025739169088148106,-0.0036368217765552213,0.0014986107971401985,0.001103987347075286
2026-08-25 00:00:00+00:00,-0.00031528888436627156,-1.8053555209895933e-05,8.273991854856888e-05,-9.254318012719143e-05,0.0003706464938533216,-2.6122562183483744e-05,-9.856309072930891e-05,-0.000663767233034962,0.0006108553903663161,0.0005438210362520568,0.0009657831916967119,0.0008905485887737985,-0.0016913893984704664,-0.00317688953487949
2026-08-26 00:00:00+00:00,-0.006530931272947016,-0.005506641365864651,-0.005346262449063444,-0.005719433215248815,-0.007085943318458021,-0.0067628981362177765,-0.005872001631959001,-0.007384119370711373,-0.004265772834866288,-0.005620172660718348,-0.005827921610504605,-0.007302103594549636,-0.004192790407081759,-0.0027527836509964043
2026-08-27 00:00:00+00:00,0.00398338726534031,0.0017163647602411736,0.0015584171597766705,0.0016793555755183487,0.003916028205797284,0.0023200942187375784,0.002727793751856167,0.0029231228411628063,0.0029593451098754997,0.002176203445404923,0.00257353313348041,0.0032383711158876505,0.003048668454727288,0.005393556405044464
2026-08-28 00:00:00+00:00,-0.0003647214459668868,-0.000987163294380644,-0.0009763910540449006,-0.001952269740404411,-0.0006772081103612049,-0.001435452414389915,-0.00032139256798124904,-0.0014599356389374263,-0.000762195326157733,-0.0005238923092002468,-0.00020132416273421772,-0.0004537475052567297,-0.0018777685204134364,-0.0008682662031621602
2026-08-29 00:00:00+00:00,-0.0003643587403977522,-0.0010113805404893261,-0.0007721477449359471,-0.0007259272831892094,-0.0003018365814780877,-0.0009306495083891697,-0.0003170703342494363,-0.000827846892976547,-0.0006112785679250887,0.0004949976142558654,0.0006963174768570557,0.00015422095781625345,-0.0009360301967509255,0.0004952882329014585
2026-08-30 00:00:00+00:00,-0.00046749249031818874,0.0034970894234682692,0.002048524325150014,0.0011799521874209518,-0.00036031445063966494,0.003938224536284007,0.002331366678392177,-0.0005769977575924568,0.0022275402137337252,-0.0012401018844011569,-0.0005661245838028961,-0.0009469161459886299,0.004896927304746557,0.0014444819321881575
2026-08-31 00:00:00+00:00,-0.000277019554664637,0.0008115263822401353,0.0004536432620128039,0.0010559754541310529,-0.0004515484405270831,0.0008143807650593526,1.8598646536194252e-06,-0.00021687236377987418,-0.00045690181939050944,-0.0007210522548533049,-0.0005166445411436404,-0.0008111937042242223,0.0013710936817175057,-0.0020015148789502835
