,listing,core,ml3,ml7,ml8,book4,book5
2022-01-02 00:00:00+00:00,1.603439798869566e-05,-0.012462569588569394,0.0037730490979308584,0.00124325170413786,0.007047220536099852,-0.00485344026366985,0.000558138262305885
2022-01-03 00:00:00+00:00,-0.001305825344416256,0.016240973103152756,-0.0013006359375778986,0.0005229034654914422,0.005744035129898739,0.006144805132002773,0.006211957089149456
2022-01-04 00:00:00+00:00,0.0008092258509859729,0.00562768226029986,-0.007018627584393533,-0.002648484896911829,0.0029142672522328716,-0.0012991508537841812,0.002820905376982541
2022-01-05 00:00:00+00:00,0.0021169287910731693,0.005935631851215151,0.013124638077316897,0.011732046526689688,0.006821837805909281,0.009042805591475744,0.008015409772190507
2022-01-06 00:00:00+00:00,-0.0015973853792479176,-0.0007745232303081329,0.004890865498297758,0.00727702526048124,0.0015820773804844368,0.002907476439164114,0.0014255583414120032
2022-01-07 00:00:00+00:00,0.0036251390420432017,-0.0011994524728329292,0.002370734171511568,0.0022704553869878907,0.004397023734398431,0.0019367390391265005,0.0034092453093879094
2022-01-08 00:00:00+00:00,0.0042614920491534924,-0.009372013226730314,0.0009498977134285713,0.003998667486264207,-0.002903598320691647,7.076171558373368e-05,-0.0008021533701978445
2022-01-09 00:00:00+00:00,-0.0004346463602261652,0.002125442104228936,0.006483180201442007,-0.0019945710182180942,0.004549440560449147,0.00047249551484895846,0.00176250373400344
2022-01-10 00:00:00+00:00,0.0036762951238358266,8.556517369129324e-05,0.0017307858365496198,0.002075518540558541,-0.002002693828225377,0.004071745231793322,0.0037082223583111418
2022-01-11 00:00:00+00:00,-0.004061580217680327,0.0016905975009360308,0.009401212564024597,0.0069440312794510906,0.010434743533471513,0.0023524903238112405,0.008009496971141283
2022-01-12 00:00:00+00:00,-0.0054333895384227615,-0.0050315535298445235,0.00655326885090024,0.001265346884182783,0.007302275048971518,-0.0036091494502943355,-0.0012862276289331565
2022-01-13 00:00:00+00:00,0.0011165462520990044,0.006896009395651603,0.008487868934283771,0.007570053104415608,0.007537639254207695,0.012378181572311853,0.013388620282805075
2022-01-14 00:00:00+00:00,-0.0037009681916500003,0.00450501330864439,-0.0016318160070031285,0.0026631072279839074,-0.008224915505962493,-0.0010857438926342722,-0.005946411845877297
2022-01-15 00:00:00+00:00,0.00327216761635718,-0.005454195245975013,-8.759343718733881e-05,0.0011154987342183453,0.0015618573349001075,-0.00428526758727954,0.00031732875734946653
2022-01-16 00:00:00+00:00,-0.0012952836229949138,0.0024200162222742794,0.0030357082335892294,0.002936932821194116,0.0028802509494381123,0.0022212221223216755,0.003662197755403662
2022-01-17 00:00:00+00:00,0.0046339547616920385,1.4316682962034477e-05,0.0013483415347974592,0.0034927342325170585,-0.01097518237193229,0.006214415764078884,-0.001162062423444854
2022-01-18 00:00:00+00:00,0.002253442410272699,-0.0047936253951706975,-0.0021436686313679454,-0.002352342216996095,0.0010724960666346206,-0.0028815914843334234,-0.0012109153047256127
2022-01-19 00:00:00+00:00,0.0033242602284515588,-0.007920016424427745,0.007007492473377619,0.008178934666965398,-0.00208534452851894,0.006457422532921031,0.004515938766407768
2022-01-20 00:00:00+00:00,0.0004909778962014499,0.002465089420977895,-0.0038182138814762956,0.00038412192953396485,0.0009328534081334272,0.0007684819657003406,-0.00020438416466517229
2022-01-21 00:00:00+00:00,-0.0003493448714995129,0.016654983777884658,0.00988789886516872,0.013166784567919088,0.002827120050961751,0.019840029139153836,0.012849358204223282
2022-01-22 00:00:00+00:00,0.004727471623908519,0.0007302832739555232,-0.0045259611262865596,-0.005252027339744614,0.005639510318346419,0.0007237564332305269,0.007095428449636509
2022-01-23 00:00:00+00:00,-0.0013591250423632406,-0.0022043945729034453,0.004593097716717676,0.0021608521614180365,0.009604082628065669,-0.001507298495898035,0.001454969962299435
2022-01-24 00:00:00+00:00,-0.000378668847758834,0.008271345500062921,-0.0030596528388464606,-0.005602044530812256,0.00405645119640341,-0.0003797615432409307,0.003344325575053375
2022-01-25 00:00:00+00:00,0.0015040759058693176,-0.006996722800896027,0.000464069296053804,0.0029622136455527137,0.0043449097880075005,-0.0007787801376094583,0.0023483658364071847
2022-01-26 00:00:00+00:00,-0.003801644085266398,-0.011665763915130967,0.01195713195495518,0.011823914450411754,0.0024345887425700763,-0.0004750090301114396,0.0004775038786273278
2022-01-27 00:00:00+00:00,-0.006150583871327608,-0.0010866863085816636,-0.0054955412579975604,-0.012049318211291515,-0.0012845121527873538,-0.00742198369973901,-0.0064165197664204365
2022-01-28 00:00:00+00:00,-0.00033007006796914595,-0.0063413133099912145,0.004986807845958285,0.002927008599012515,0.003177106487598058,0.0008881176929704804,0.003064254503360786
2022-01-29 00:00:00+00:00,-0.012395729358865015,0.0046012894304405805,0.004930020962207182,-0.007058174515984006,0.002355931897206398,-0.011428636797676583,-0.0018450564101505362
2022-01-30 00:00:00+00:00,0.00219255126185125,0.0023359780907032945,0.0016470840703268763,0.0028259673903425764,0.001860762530328186,0.007950457164708435,0.008354568161282216
2022-01-31 00:00:00+00:00,-0.004692235243182852,0.010968139379953001,-0.009422221826699495,-0.01391047757520858,0.000291634041262423,-0.004985243145293805,-0.0023007200523762483
2022-02-01 00:00:00+00:00,0.006484526902741816,-0.015041851013251062,0.00035279667305143647,0.00472869827436373,0.0024030627957547512,-0.0053350111068779515,-0.002181907646208403
2022-02-02 00:00:00+00:00,-0.000999663335967682,-0.0022256191174298,0.006770058248304789,0.005705701785940542,0.00043251328219606755,0.003028324955655304,0.0012596183836988128
2022-02-03 00:00:00+00:00,0.0009651073469414406,-0.0009799011491825604,0.004693149416809206,0.008919600815298967,0.00208260052992304,0.004854036725189692,0.00489554534862191
2022-02-04 00:00:00+00:00,0.0013971970725912275,-0.008703501640833,-0.0017429846649796854,-0.002627514370927453,0.0027443693673765424,-0.010973111842209393,-0.005147410383025686
2022-02-05 00:00:00+00:00,-0.004764905541412956,0.00010386800461481549,0.01203456831639027,-0.0015709287641538783,0.004880657479989781,0.004032334364904244,-0.00018262595392304348
2022-02-06 00:00:00+00:00,0.0035485303406976865,-0.018759657598063195,0.0007069092968066126,0.0010087221806580615,-0.005943454720169439,-0.01069353407901763,-0.011365164515252046
2022-02-07 00:00:00+00:00,0.003582209177603879,-0.011984419425617676,0.00497962247224204,0.004859812440048961,0.0019743429375518318,0.0009461916719819552,0.0021530905148070545
2022-02-08 00:00:00+00:00,0.005747939339467489,0.011821189857707193,0.008607145636265301,0.0034681030707135463,0.0010601702356536347,0.016695835786325386,0.01299349636942737
2022-02-09 00:00:00+00:00,-0.0038631191453065705,-0.002497289011068937,-0.007398301417457009,-0.0053167435383703054,-0.003680529460678872,-0.009159489922687891,-0.0126627209947765
2022-02-10 00:00:00+00:00,0.004659907510084604,0.006728105507861848,0.0011281589785241408,0.006552535796236603,0.001775757447968207,0.012330480101600427,0.008967984766037107
2022-02-11 00:00:00+00:00,0.003121001291130243,0.0014559426776812323,-0.0055130055002361456,0.002446569119159747,-0.0006865540047504837,-0.0010169051595372292,-0.004930769216217601
2022-02-12 00:00:00+00:00,0.0006873445587101124,0.001044000635490372,0.00026217795407790234,-0.0009936060616881903,0.0037340225746362865,0.0017379045899375,0.004300366012892631
2022-02-13 00:00:00+00:00,0.0029061957403584415,0.0014004033270504923,0.012684925135092007,0.012751350746858403,0.004503723436047435,0.010338138014871934,0.009277582479400692
2022-02-14 00:00:00+00:00,-0.0008274243626801292,-0.004969369369949628,-0.0028556528470462528,-0.0030697241807325915,-0.00709043473065929,-0.00625645371233885,-0.008165315431763909
2022-02-15 00:00:00+00:00,0.0009891130994310604,-0.005129380017815488,-3.98471468341377e-05,0.001376959601406158,-0.0033848537084693042,-0.0005735030086229109,-0.002860229910868095
2022-02-16 00:00:00+00:00,0.0011406915756051461,0.00453266214965975,-0.0023616240914291486,-0.006537291867435457,0.00021709770317412946,0.0005061622102966457,0.0028730765014806092
2022-02-17 00:00:00+00:00,0.00018301736350756492,0.003580935495530513,0.0005376218806751876,-0.0021932064980656474,0.0031478138994016636,0.003707600356964491,0.005121768407580385
2022-02-18 00:00:00+00:00,-0.00047550693452114157,-0.00023390343151130644,-0.0008860614239791786,0.0015430081048894984,0.0006866705826349406,0.00038508500107825583,-0.0012818136636675304
2022-02-19 00:00:00+00:00,0.001301327542539532,-0.0016843342084644775,-0.0014517087833171294,-0.005792246037649718,-0.0024638566357397806,-0.003999745353750139,-0.0026410211368844694
2022-02-20 00:00:00+00:00,0.0027368248070895884,0.003030184209190878,-0.0038020810049806952,-0.004526709501765036,-0.002871319828614771,-0.00034685831446623627,-0.0031273108011014017
2022-02-21 00:00:00+00:00,0.0011209856023408626,0.00022661552421254783,-0.005264951213332925,-0.001870074283987444,-0.0028524973163832623,-0.00119256383113997,0.005185201386327387
2022-02-22 00:00:00+00:00,-0.00073454210357915,-0.0017213318008659773,0.0006188827101247796,0.0006685390554568293,0.002806468895536929,-0.0022486768307806715,-0.0008609494576805599
2022-02-23 00:00:00+00:00,0.0009557934420469927,0.0016686682478554982,-0.007949940777915554,-0.005056753688580384,-0.013429287984709881,-0.000342381275950987,-0.006423172576244696
2022-02-24 00:00:00+00:00,0.0001382670356375737,0.0032781982156349088,-0.009399746569703993,-0.007939709839857034,-0.013455314833592746,-0.001545520439491077,-0.009777657732002343
2022-02-25 00:00:00+00:00,-0.00688875219774332,-0.02450361948582569,-0.03154958322233503,-0.03006196611535794,-0.02745231566350126,-0.02738569457797968,-0.03192821369631349
2022-02-26 00:00:00+00:00,-6.316236472458936e-05,0.004287141746086576,-0.004532800844426976,-0.0034905070574141606,0.001878001624677772,-0.0006836304905253332,-0.00034037264757602603
2022-02-27 00:00:00+00:00,0.0006808190323641661,-0.0020197870801019757,-0.0026950550958101394,-0.0011811371648623448,-0.0005525153987505638,-0.004199879094040959,-0.00046907358540537736
2022-02-28 00:00:00+00:00,0.0015048450685188897,-0.005775245056527267,0.008817835917193761,0.0025741081336694283,0.0014831389840825882,0.0016535106635751085,0.0004620600409639408
2022-03-01 00:00:00+00:00,-0.0014581177682150281,0.0027463488724666085,0.009357701503388549,0.008023123582042713,0.01097630068056965,0.00846894145181265,0.008178546781823837
2022-03-02 00:00:00+00:00,0.003093893689219529,-0.0005796572459149107,0.007133060092271659,0.006931785968861348,0.0077437859857638625,0.0064277121097486845,0.008269163389881262
2022-03-03 00:00:00+00:00,2.4122727576791902e-05,0.006675211190433572,-0.000702220692505251,-0.0016635939523432786,0.002954570584158711,0.005539936420666525,0.0029002524228305404
2022-03-04 00:00:00+00:00,0.0007544106886785418,0.0011126500262386152,0.006081841426175849,0.0020920916685525093,0.0012264021807286696,0.003867520636454902,0.008754387391006091
2022-03-05 00:00:00+00:00,0.002508454558484585,-0.007897582053608354,0.007362958166195366,0.001143315188422589,0.0027435139692026933,-0.001773836315837607,0.0002432098616969025
2022-03-06 00:00:00+00:00,0.0031532005484813386,-0.0009706017394448541,-0.008347666258347708,-0.0012041671537571519,-0.0051888857350747,0.0009743756228997036,-0.0022688382805394758
2022-03-07 00:00:00+00:00,-0.004786651942006448,0.003052463227935842,-0.004294011226840255,-0.003922715396222798,0.005741392023892011,-0.006605041462591443,-0.0021387292125296664
2022-03-08 00:00:00+00:00,-0.006513400945075465,0.0049355803375155105,0.0006710921177219831,-0.005273449320013723,-0.002546405508215832,-0.006419302590541465,-0.005464107586226397
2022-03-09 00:00:00+00:00,-0.005547227331389681,0.004557561090587914,-0.000744627540232079,0.0028191448657155505,-0.017373492858084094,0.0045696837577950955,-0.013223587093794897
2022-03-10 00:00:00+00:00,0.004165658968691144,-0.0023968031349620444,0.0034359157131105267,-0.0036526079498301334,0.0019282475258755039,-0.001287897500952928,-0.0010880729509904485
2022-03-11 00:00:00+00:00,0.017097341303729863,-0.006134423754428631,0.002896343671402457,0.007792037100427196,0.0022454161888361135,0.014390092626467066,0.01727902651878832
2022-03-12 00:00:00+00:00,0.0010598931906595777,0.003408936484467162,-0.0013708158420988603,0.00047310046478798995,-0.0003953396342503135,0.0019514483909475189,0.0013539819742509618
2022-03-13 00:00:00+00:00,-0.003488148273319447,-0.00447020256874997,0.00148568824277584,-0.0003112743820378183,0.004611040697842572,-0.000142571654437873,-0.00043694641428815295
2022-03-14 00:00:00+00:00,-0.004690612384234849,0.0018147310249956305,0.0016298570377053512,0.002584241492755268,0.003265585728336573,-0.0018852949340222303,-0.0008786448437232419
2022-03-15 00:00:00+00:00,-0.003733424982124367,7.029567716032581e-05,-0.0004042300357596229,-0.0017769617988453446,-0.003190296810355986,-0.007117088086936452,-0.005653356390101116
2022-03-16 00:00:00+00:00,-0.0017307267638335677,-0.004541529277762191,-0.0026230991713940277,0.0012902700211361307,0.00433835347029099,-0.0051512060380507485,-0.00209817333379847
2022-03-17 00:00:00+00:00,0.011103604318909,0.0039770352529528985,0.004123703887356944,0.0004396461412354835,-0.004714166158115929,0.01725336385313536,0.012090171198715804
2022-03-18 00:00:00+00:00,-0.011528787416165476,0.0009683594727887268,0.004579045995485975,0.0023276174608399813,0.004793774905422321,-0.007670744788162098,-0.004262106478650662
2022-03-19 00:00:00+00:00,-0.014769291888896419,-0.005368342922385638,0.007289023990545207,0.010890360425921397,0.009673200806557869,-0.0053641147559314595,0.005269858157350926
2022-03-20 00:00:00+00:00,0.0011076356145325317,0.0033810900179103154,0.00040464814628982104,0.0023855300486366193,0.003138220583577711,0.005657783438151931,0.0034586178874431717
2022-03-21 00:00:00+00:00,-0.0011105518562120054,-0.004964535071790732,-0.005564818512669878,-0.00023193652390085528,0.0038694525124534085,-0.0028320728081853153,0.0011467524133152995
2022-03-22 00:00:00+00:00,-0.0022244271582411157,0.0048649042405570775,-0.0029896118742150923,-0.004125828795833231,-0.0005711650606383678,-9.445504611138578e-05,0.0005201313280214226
2022-03-23 00:00:00+00:00,-0.005283172717974294,-0.0024901174723729325,-0.0037109115173764584,-0.0029348109043993986,0.004125473352111886,-0.007111431003906099,-0.0054968553630661
2022-03-24 00:00:00+00:00,0.008421302438562872,-0.0034543728599144563,0.00020475606725089968,0.004696416774524703,-0.0004962071042672322,0.00957524879653815,0.007097027449935123
2022-03-25 00:00:00+00:00,-0.0008013250253243731,0.0006902739873679842,0.003301500831638826,0.0023724465980343723,0.0011476707472353187,0.0017316233566939676,0.00016268122317342204
2022-03-26 00:00:00+00:00,-0.02683736080380028,-0.005516421527036575,0.0017731861165553031,-0.0006960751494737849,0.0041173131894771675,-0.025759433232411255,-0.01693951595216936
2022-03-27 00:00:00+00:00,-0.006584677551966567,-0.0054205010955308275,-0.019271813157220152,-0.004664660264069642,0.010742165413432536,-0.01733738219669989,0.00018687491233726483
2022-03-28 00:00:00+00:00,-0.0010197406611760496,0.001844626384090109,0.006197010882795118,0.0006873909676232692,0.0084900601915463,-0.00011067305620982015,-0.000595452227897475
2022-03-29 00:00:00+00:00,-0.021271671287067973,-0.005389632674740352,-0.002878872203326721,-0.003869889923743597,-0.005771247818686431,-0.017331565419814732,-0.015921990778305584
2022-03-30 00:00:00+00:00,-0.019273503965137717,-0.0052777618792869685,-0.0016789690806634505,-0.004656439670772672,-0.006768626096885666,-0.013711668666699484,-0.009742613308799553
2022-03-31 00:00:00+00:00,-0.030818519800226096,0.00902378190228248,-0.008636125589540855,-0.03923195055837425,-0.015804681753412875,-0.012576492361812242,-0.028604338962281872
2022-04-01 00:00:00+00:00,0.008506150367193488,-0.006981987116014832,-0.00363934972068769,-0.011499517546433302,-0.005875426672663497,-0.003401230387634735,-0.007364747807432237
2022-04-02 00:00:00+00:00,-0.0029235190625539476,-0.009533220803994435,-0.008135239331995225,-0.007236395343688917,-0.00460288324183189,-0.009661746012827654,-0.004968244372337116
2022-04-03 00:00:00+00:00,0.0008243631876525548,-0.012477272827499775,0.003622969447403035,-0.0017849768252075071,-0.004140743544336911,-0.006478465906112563,-0.005450309204120152
2022-04-04 00:00:00+00:00,0.004354200639398176,-0.009046620286322082,-0.002243235818143119,-6.641518485162035e-05,0.002805950382577027,-0.005225401710851951,-0.00404217058641132
2022-04-05 00:00:00+00:00,0.000566101052789314,-0.0069081167823439316,-0.001088227826745003,8.973835511327799e-05,0.0034266579033586098,-0.004227530298412496,-0.00031287965300252907
2022-04-06 00:00:00+00:00,-0.004718326627025093,-0.0025051849806271287,0.0075042743610664875,-0.0017418497403939304,0.016891949343710078,0.00042325130877607364,0.008588120274473532
2022-04-07 00:00:00+00:00,0.0014156641427054417,0.0009595223068143977,0.0018569237146830453,-0.001961551540073714,0.004685295933444911,0.00016798813343732455,0.0021639658229981595
2022-04-08 00:00:00+00:00,0.0003897571663642463,-0.003438384469896083,0.009214938883504109,0.0010812331708069944,-0.0018289940436891916,0.0017868636380202751,0.00102563569455838
2022-04-09 00:00:00+00:00,-0.0030312008462343165,-0.0005080153142055233,0.004915482280753336,0.005306358959236146,0.002769481056776213,0.0002032019451714273,0.0014752501637207427
2022-04-10 00:00:00+00:00,0.0007463933807680956,-0.0011757274138142204,0.002139329845740834,0.0008081403964803613,0.004326521205032741,-0.002510298824525581,0.00014342728665828197
2022-04-11 00:00:00+00:00,0.004532078404361206,-0.008678044855119693,0.0010429350484391087,0.002027475215057084,0.0065196114163514896,0.001062728134176627,0.0064485456073981595
2022-04-12 00:00:00+00:00,0.0006250219646373179,-0.005628804940879584,0.007015045747310156,0.0028700014713367583,0.008481399679721058,0.0011442291014216455,0.01094729054193433
2022-04-13 00:00:00+00:00,-0.005493851212461376,0.0012324983672384882,0.0024062584564272793,0.0004951415919527413,-0.003234433073402654,-0.0017827036247348715,-0.006413907769828087
2022-04-14 00:00:00+00:00,-0.000601461198287967,0.001595255891566838,0.0024005584452699846,0.0011626068622159202,-0.0012389910829185835,-0.00017303393537371203,0.000932632313823456
2022-04-15 00:00:00+00:00,0.0032115029233152903,-0.0023179568833373576,0.004412937778571324,0.004804670119878951,-0.0021181046073237564,0.0065962950209415006,0.004062452729591826
2022-04-16 00:00:00+00:00,0.0007322408697800764,-0.004913467359720758,0.00010362083529114052,0.0004404804835720366,0.002077662804014224,-0.001471993308753361,0.0005316913150710256
2022-04-17 00:00:00+00:00,-0.0001284318778355109,0.011454418564714741,0.0028121135742895653,0.0014319430278300072,0.011442431640570128,0.005812670619250282,0.008745534773883179
2022-04-18 00:00:00+00:00,-0.009213352703068556,-0.0017410183947416114,-9.749552014892693e-05,0.00016741302757128373,-0.0009706043133184128,-0.009595070423013219,-0.007367731370025443
2022-04-19 00:00:00+00:00,-0.01099174384215107,-0.003764252658210454,-0.006946765948117606,-0.006161277884782823,-0.006368487682051227,-0.015951215787870288,-0.012279537132159568
2022-04-20 00:00:00+00:00,-0.009396981179076391,0.013744237769211853,-0.01939068446324388,-0.01088523619471371,-0.011103704529142111,-0.013418970668979902,-0.016913661308976313
2022-04-21 00:00:00+00:00,0.00982117614285416,-0.00960703656172135,0.008100704016882121,0.0028962817786459816,0.004869015955969447,0.004778922876585545,0.005735231535413554
2022-04-22 00:00:00+00:00,-0.003619634683075801,-0.006315080663968464,0.002000648334674837,0.006989109406005722,-4.516619116179399e-05,-0.0005381011094136579,0.0011222416542888691
2022-04-23 00:00:00+00:00,-0.00012336479583630044,0.009037329991978815,-0.002380797968482229,-0.004404341374924847,-0.003283467388187633,0.003124228006413432,0.0016314769307606003
2022-04-24 00:00:00+00:00,0.0016347601664954414,-0.0036408212505578685,0.0064451500824409536,-0.0007537136436116532,0.0030949251691920754,0.00023518065000094346,0.00016304484234641592
2022-04-25 00:00:00+00:00,0.0015909018172337586,-0.0005284715481026492,0.0017357495426804093,-0.0012915973144487225,0.003915622092070414,0.0035531166767228672,0.003077249800594428
2022-04-26 00:00:00+00:00,0.004199220606562637,-0.0014729504908101987,0.0017415823365301009,0.00966328564602792,0.006770217663089495,0.010218439195756934,0.012072011153257511
2022-04-27 00:00:00+00:00,-0.004081366149024768,0.009316427894368928,-0.007478164109073093,-0.007431111601076235,-0.004009535167239453,-0.0017927295240781627,-0.004380148563531194
2022-04-28 00:00:00+00:00,-0.0029187835280576335,0.0040631042119867455,-0.0005999333351394132,0.0035730881436970563,0.0019237739071475968,0.0025699905477760687,0.0011305897332443138
2022-04-29 00:00:00+00:00,0.008202944991348105,-0.005061610055877908,0.00876654655130582,0.01051559880148445,0.006143498455569718,0.008554134591067353,0.007658710537667313
2022-04-30 00:00:00+00:00,0.007873390353390297,0.012919803664856344,0.001110752372552204,0.009574854724292425,0.005369846126344946,0.01706201173224753,0.008760079528888687
2022-05-01 00:00:00+00:00,0.0021636706712457876,-0.010575198061468005,-0.00042170951706343995,-0.002686408310198618,0.005692051619465399,-0.007299382583118574,-0.00022835662670372958
2022-05-02 00:00:00+00:00,0.0056995619360828975,0.001584681719287273,0.0002696157656056908,-0.0007340554995127757,0.002242321878618947,0.0026850117013395014,0.004227911011654539
2022-05-03 00:00:00+00:00,0.00021920037046330165,-0.004209619660257458,2.1714201094980012e-05,0.0036087595318197163,-0.0019040779869881064,-0.001309910252679125,-0.004727868237450417
2022-05-04 00:00:00+00:00,-0.012984713045188556,-0.020025693194027805,0.00839736197913643,0.010680888261888066,0.009340805141046182,-0.00988360865657234,-0.0032599633989420784
2022-05-05 00:00:00+00:00,0.008049366083347165,0.003228941046745204,0.009210405049439485,0.009213919859591746,-0.005782739120022695,0.003571032761239268,-0.0008885476347749721
2022-05-06 00:00:00+00:00,-0.00016247281447390183,-0.002681480388890156,-0.003912884058449695,-0.0014335276416864717,0.004354088643752307,-0.0025387834882738547,-0.001211562507659747
2022-05-07 00:00:00+00:00,0.009783342881427126,0.00481312394570077,0.0052505581782666955,0.003119801417449608,-0.0023868268208202537,0.0097857165468207,0.008039050485823429
2022-05-08 00:00:00+00:00,-0.0014265029601374657,-0.004224514104420818,-0.0031324238967893603,-0.00010085063258979954,-0.0006858560654534607,-0.004237173923958615,-0.0035475234774292597
2022-05-09 00:00:00+00:00,0.022461615802710888,-0.004322436057243029,0.006599560426566287,0.0009097456477573651,-0.003667862254676635,0.01283548623731523,0.01949853183286554
2022-05-10 00:00:00+00:00,0.0137892185318933,-0.00858730436516797,-0.0075594353998913455,-0.0023038713217864437,0.006719058712332693,0.003422929793854168,-0.00048091372054193116
2022-05-11 00:00:00+00:00,0.0587323971683924,0.015084163863998024,-0.03099585860627796,-0.016890832630281127,-0.019226532073383984,0.024694330045536228,0.028290188041081077
2022-05-12 00:00:00+00:00,0.02307231785607633,-0.003948030818765824,-0.019719367385429898,-0.021372357420825883,-0.006668288479442119,0.004356488675629322,-0.006824164996228732
2022-05-13 00:00:00+00:00,-0.01834119632072484,-0.02368084769393375,0.00412365420449845,0.010142776638177642,0.012229096625460345,-0.01680920118620033,-0.013627762072978888
2022-05-14 00:00:00+00:00,-0.012627057775317696,-0.008330214822404813,0.0035741463182938915,0.008075007611848317,0.00788431753579455,-0.006363826276664208,-0.004636887128450118
2022-05-15 00:00:00+00:00,0.0026862708293582394,-0.010776007967419732,-0.0026271057147643218,0.0012627565170679755,0.0013364805916895595,-0.0011663302477785686,-0.004307568899986958
2022-05-16 00:00:00+00:00,0.012261471562129422,0.0017242335179457058,0.010921736025787165,0.007186970023554506,0.0027372832765557575,0.007220805514687179,0.007525643029150819
2022-05-17 00:00:00+00:00,-0.011824709425318103,-0.016643509864966655,-0.0015080339532750342,0.0023671373493550085,0.004586416272762461,-0.010024205975545653,-0.0076437062819363355
2022-05-18 00:00:00+00:00,0.009755698645490307,0.0048057715926208555,0.004839077756263688,0.0068736712404677824,0.002373520010804153,0.005380297463612127,0.004837382149172953
2022-05-19 00:00:00+00:00,-0.012411382539118665,-0.003030422548834233,0.010956815243272189,0.007786967430774672,0.01258804300023586,-0.0013024690151386409,0.006253714833192037
2022-05-20 00:00:00+00:00,0.007128570328170047,0.003911375167090947,0.005696210212090769,0.0031166122554164843,-0.004753949205669961,0.005663590320276413,0.0026437074429699337
2022-05-21 00:00:00+00:00,-0.010243733416681278,0.0016064927760768288,-0.0064937034789344095,-0.008265266288790873,0.013014801559995348,-0.005685119506802727,-0.0015358569357002416
2022-05-22 00:00:00+00:00,-0.0047645836979054446,-0.005873665633871039,0.008264811874539868,0.008061518510635857,0.002114168221663437,-0.0009105612306385957,-1.933726918157408e-05
2022-05-23 00:00:00+00:00,0.006981387367597902,-0.0078005979689744764,0.008512162557192893,0.0057069035508841015,-0.005191109809827621,0.002583129619495139,-7.410869118040786e-05
2022-05-24 00:00:00+00:00,-0.0007073365902711126,-0.010006348166252566,0.01643428252047996,0.010658970706328041,0.009155811011082315,0.0010956202660374892,0.0017263410902126353
2022-05-25 00:00:00+00:00,0.0038819302937826983,-0.0007246621336143289,0.003975931798162247,0.003979402363521123,0.001894230905753469,0.0024668008890478266,0.0022385310294146255
2022-05-26 00:00:00+00:00,0.015884288087330223,-0.007488258756338961,0.0059683872389904025,0.012785862864857167,-0.012825663066927229,0.006936183598860612,0.009617755379550452
2022-05-27 00:00:00+00:00,-0.0036650541215579313,-0.0020491605658522483,-0.0018334252004909013,0.004889508645879781,0.007684383998391331,-0.0018025315804095499,0.002867252749743532
2022-05-28 00:00:00+00:00,-0.0006244441421616731,0.0030381043034704014,-0.0022678489648952915,-0.002100363288639495,0.0019013519314430294,0.000101337736237328,-0.0007589351036842995
2022-05-29 00:00:00+00:00,-0.011922381815659522,0.024300508428366285,-0.009506068984848293,-0.014655515243853778,0.009153225383052854,-0.0013049071680436564,0.0033561121258971482
2022-05-30 00:00:00+00:00,-0.004981549393330287,-0.01468710571816867,0.01606932725048771,0.007952936404183486,0.0198103232671889,-0.003910879140086809,-5.571550249938717e-05
2022-05-31 00:00:00+00:00,-0.005619343178080771,-0.006445657401442206,0.012636176271576982,0.0037023648925060826,0.014779308317914408,-0.002310117044433291,-0.0008168264973144046
2022-06-01 00:00:00+00:00,0.005540825346918021,-0.00235220122264046,0.00262909878907136,0.008321666600935362,0.00869488603112778,0.006951051070498648,0.008339349255175765
2022-06-02 00:00:00+00:00,-0.0023349236527514527,0.0018980973859661354,-0.0005036112698015849,-0.0010237553210594719,0.0016818179873165917,-0.0012138256181913887,-0.0013937325165688241
2022-06-03 00:00:00+00:00,-0.00029325408670721753,0.005222194135933611,-0.0012353770326225533,0.006675832265907511,-0.0006359182688080445,0.0043758037651904225,0.0021033671920416275
2022-06-04 00:00:00+00:00,-0.0010054503730062558,-0.006367035934893184,0.0005867996046240442,-0.003309019765769472,0.0020497512421195907,-0.005076178699369938,-0.0033228364987095693
2022-06-05 00:00:00+00:00,0.003366108487720121,9.941124559498249e-05,0.0033946382971170586,0.006219171917065447,0.005924879665013538,0.004282756134280863,0.006660759275243677
2022-06-06 00:00:00+00:00,-0.0029889954916427763,0.003067397100774638,-0.0012554936365349878,-0.004735315424910125,0.003719141954571681,-0.0016894256310153732,-0.00017685923784394042
2022-06-07 00:00:00+00:00,-0.06521183689906607,0.050696077528066485,-0.06978225204663824,-0.06657148974321658,-0.004709585134258565,-0.030441036967199575,-0.021555000626023446
2022-06-08 00:00:00+00:00,0.028820097537001654,-0.014209223503793944,0.02898014447034125,0.024066699549750492,0.00012570146950396932,0.014153758374779501,0.009212992184472801
2022-06-09 00:00:00+00:00,-0.001646475488737087,0.002374984814810688,-0.0012025839364233626,-0.004028177995017201,0.01443922235675199,-0.0016458963845794594,0.004206468093210791
2022-06-10 00:00:00+00:00,-0.0002967747669486709,0.0030805421289246127,-0.004509456091133179,-0.0011560478875214386,0.00368529303223597,-0.0003925108850796333,0.0009572009461324971
2022-06-11 00:00:00+00:00,0.0035676385833209867,0.0006817396109202178,-0.0003023221468916315,-0.00020380178339385324,-0.006000773372799251,0.004097579440319965,0.0025247314852325786
2022-06-12 00:00:00+00:00,0.003262735991947485,-0.000572946779805017,0.0003012027017570418,-0.0014392395011052495,0.004488191620346305,0.0018664992096979471,0.0007172889929454307
2022-06-13 00:00:00+00:00,-0.008744380932407259,0.0011691341304487235,-0.002112865006144493,0.001698650227821119,0.006183210836532282,-0.007488823072072881,-0.00910175860436091
2022-06-14 00:00:00+00:00,-0.0009474555677971841,-0.0007517847723006454,-0.0017274788519554551,0.0008920024545264749,-0.0008729689270067231,-0.0026337089647215928,-0.0034594463193650116
2022-06-15 00:00:00+00:00,-0.0007340728184431766,0.000769537825579425,0.0035410694897246575,0.0036024509296206375,-0.0010469801361586706,0.0009915726662157454,0.002506497038455846
2022-06-16 00:00:00+00:00,0.0031136212152582665,-0.002749242848636979,0.001076137788121434,0.00013440163635070057,-0.005867838197976205,0.0027594662043455287,0.002820526815831892
2022-06-17 00:00:00+00:00,-0.002756966893005197,-0.001017926634152344,0.0011668209453963296,0.0013659450391214634,-0.0014448882258244478,-0.0022759654088664316,-0.0046154522574767265
2022-06-18 00:00:00+00:00,-0.002019846722414731,0.0030805955246455685,-0.007089040684748915,-0.00670023441271328,-0.00549943349571036,-0.0023575112529192754,-0.0017932271778368092
2022-06-19 00:00:00+00:00,0.0009779004757310972,-0.0024624036708731367,0.0021715946493461313,-0.0011016398272818417,0.0006913509206285529,-0.0037538774730191404,-0.002612350795094809
2022-06-20 00:00:00+00:00,-0.002479345709918812,-0.0020851324189470333,0.009897931977395746,0.005936389931021635,-0.0022679532705435212,0.002175916974525016,0.001971756595132712
2022-06-21 00:00:00+00:00,0.0016766016832263642,-0.00978196364723416,0.002759939642566822,0.005631493340171545,0.0018635042139587554,-0.003601645150464017,-0.0015607265490094058
2022-06-22 00:00:00+00:00,-0.000373236842727831,0.002720837223437522,0.00227781412528949,0.002562495156781086,-0.004753000346092606,0.005125974065599559,0.0030261103974953407
2022-06-23 00:00:00+00:00,0.002819274910295988,-0.001181516301688057,0.0009839730103358146,-0.00389146646481231,-0.0009332363878722383,-0.0017584442348028695,-0.003182946406009912
2022-06-24 00:00:00+00:00,0.003722707685265947,-0.0020171398652377714,0.0023491376460094138,0.004604145565271667,0.004758062901344173,0.000856869865157428,0.004515293950877686
2022-06-25 00:00:00+00:00,0.0012378596411017906,-0.00251870454210823,0.002136583152378968,0.000667464157271036,0.0016763494913700772,0.0007998136956508528,0.0005599732512773237
2022-06-26 00:00:00+00:00,0.0025620394604832786,-0.0041294526913741025,0.003273611472074389,0.0025877955636044447,0.0052446089322431,0.0006934256999135968,0.0028467083081979982
2022-06-27 00:00:00+00:00,-0.0021908743480019144,-0.000689639956397925,-0.0017278061799521627,-0.0008979751054594143,-0.004808279625354572,-0.004086185320947733,-0.007666680348856203
2022-06-28 00:00:00+00:00,-0.001593946413488867,-0.0036434658399235875,0.0013276335456522403,0.0016656398636654135,0.002393299771678903,-0.0034560864873234287,-0.002687064384784499
2022-06-29 00:00:00+00:00,-0.0036428154286270997,0.0008233459906776819,-0.003616086291200027,-0.00519751991395867,-0.0024248933914942095,-0.006976745625795866,-0.00992408801651501
2022-06-30 00:00:00+00:00,0.0032392553689624126,-0.00020057722744293294,0.0007286943511897181,0.0037568443664037776,0.004536684706461402,0.005263759683662883,0.007253583546124043
2022-07-01 00:00:00+00:00,-0.0019548186589091188,0.0005440095217563723,0.0027033648237340113,6.205258528080293e-05,0.001816130294470808,0.0006216477708711476,0.00037282749079303734
2022-07-02 00:00:00+00:00,-0.0006906112876409187,-0.0036193766348846523,0.007081736249762827,0.004163994234741342,0.0039397159416652006,-0.0015526891000783305,0.0011906039660036782
2022-07-03 00:00:00+00:00,0.0003528086700370636,-0.00043623125176128763,-0.0005956100359956196,-0.002970781409615264,0.0016351492183754868,-0.0013003141172596155,0.00012145693997211993
2022-07-04 00:00:00+00:00,0.0005864320219082231,0.0025199374443942713,-0.004095400536812122,-0.0021502050810666695,-0.002051702535366018,0.0013035975397293065,-0.002910696071176777
2022-07-05 00:00:00+00:00,0.00041299842932995823,0.003121270698173806,0.0005152547020279563,0.0003441796828054233,0.001979732570334125,0.006078782802634963,0.004957526428762904
2022-07-06 00:00:00+00:00,0.0005336283110553008,-0.000658728131239128,-0.002627399121270524,-0.0017032532941333445,-0.0025941687996235974,-0.00287159477088772,-0.004302754145040222
2022-07-07 00:00:00+00:00,0.00018179690596853426,-0.0015194520650512189,-0.002355636151728069,-0.0026113187282617023,-6.204689366950955e-05,-0.0050017666253840964,-0.005311635792729308
2022-07-08 00:00:00+00:00,0.0004608361850302334,1.4776216935574737e-05,-0.00858143442061332,-0.008205642200440955,-0.0025030820216256355,-0.005976159851461937,-0.003814202011875212
2022-07-09 00:00:00+00:00,0.0001181082064998229,-0.00695082226017496,0.0025782691328679608,0.0034017795865231015,0.004587332972703306,-0.0032660418409907743,0.0005666077327382002
2022-07-10 00:00:00+00:00,0.0003686892497449801,0.0015659571220620894,-0.003073623074748011,-0.0004054440823093586,-0.0019863594226156023,-0.0005222091243559657,-0.0023276842648695117
2022-07-11 00:00:00+00:00,-5.0553836354327863e-05,-0.002207644750776283,0.005214400805442887,0.001967185595039167,0.003985511688966659,-0.0003506849174726989,0.0026393027149853587
2022-07-12 00:00:00+00:00,0.0006072571099013935,-0.0017505364717085303,0.0035315445410470936,0.0030975489344886586,0.0011140208408024765,0.0028628708552993487,0.0005645260043634082
2022-07-13 00:00:00+00:00,0.0007726325219303831,0.014644895361373145,-0.012466707817596623,-0.012992871875024514,-0.007816018687044735,0.002343212479122725,-0.007250811782162914
2022-07-14 00:00:00+00:00,0.0008877675267753293,0.010418182061468828,-0.005778530641454505,-0.00429255223028191,0.0015900920589870804,0.0043151259711353696,0.0008541102232635378
2022-07-15 00:00:00+00:00,0.0006936669423749375,-0.0034146908358115846,0.001781090746819869,0.00040922455222691667,-0.00274199143006737,-0.0027671284556090026,-0.0015106370024259297
2022-07-16 00:00:00+00:00,0.0004703851045790852,0.0052334829182745235,-0.004075709905468905,-0.006189188102278753,0.0004888770322346581,-0.0007887370013400785,-0.002100970459921636
2022-07-17 00:00:00+00:00,-0.002132973317185094,-0.008332975111813967,0.009339830477878674,0.007330877267203828,0.003379590037499991,-0.00046966144163251844,0.0010623985998623464
2022-07-18 00:00:00+00:00,-0.004075226229590112,0.007450323549497817,-0.006325274102337075,-0.011134983855345948,0.009351185067203005,-0.006293268790325657,-0.0008858786846016597
2022-07-19 00:00:00+00:00,0.0009510548454763068,-0.014386586925231981,0.006649493407760776,0.010869176631465916,0.00014198544733168283,-0.004768400416488072,-0.0025300867873863098
2022-07-20 00:00:00+00:00,0.0018768648761711137,-0.002924804647788215,0.0030427447886223202,0.002997560225365792,0.0053060239839322065,0.0009946176463617729,0.007821281598946461
2022-07-21 00:00:00+00:00,-0.001829091274117789,0.00987953594259805,0.0013330719650046507,-0.005635103328829882,-0.002812220097091922,0.003541971912088604,0.0022336291621634086
2022-07-22 00:00:00+00:00,-0.0018691318909177523,0.0009747539782880565,0.003064103124022166,-0.00029537840438587093,0.00650353226251954,0.002084775829754193,0.004365605199892597
2022-07-23 00:00:00+00:00,-0.003440081949568796,-0.006710058486644521,0.0008842131555502064,-0.007311211866590006,-0.0003890087790123786,-0.011612978078207714,-0.005008564180558284
2022-07-24 00:00:00+00:00,0.0010635663768336912,0.0022574755335118546,0.001931732905932071,0.003516529266929247,0.002389457460427735,0.003931730217129115,0.004993170927953816
2022-07-25 00:00:00+00:00,0.0009143966369749013,-0.004614738455364309,-0.00046185693478928425,0.0039195093768633615,0.0016319325465472545,-0.004916680084393166,0.00048596621518481875
2022-07-26 00:00:00+00:00,-0.00027760449181812863,-0.001616395985446606,0.0028315137840897453,0.0025833094173919324,0.003892596828449335,0.0011510152766029957,0.0020801765469589117
2022-07-27 00:00:00+00:00,-0.002066287056018412,0.015226217653615537,-0.005228515941290368,-0.012526778870654343,-0.0035680745411229564,0.006345477383785658,0.0022077497197738882
2022-07-28 00:00:00+00:00,-0.004932403298924193,0.010325017885892906,-0.004231405982215164,-0.00633003496034501,-0.0019927655149373225,0.0016803524736981323,0.00142355190454313
2022-07-29 00:00:00+00:00,-0.003998047155362006,-0.005600093756911506,-0.006885702500932567,-0.018308797589266512,0.007776606343864678,-0.014753138228327911,-0.010184740325628105
2022-07-30 00:00:00+00:00,-0.0012011854269496913,-0.008486099632642796,-0.010648053685261116,-0.0038437647619550264,0.017305068462813322,-0.014151815606595841,-0.0033333514200009073
2022-07-31 00:00:00+00:00,4.416533903373043e-05,-0.007815217571137567,-0.000779679068126482,0.003579211248744496,0.0075873706945364106,-0.0017453393015380847,0.002459612250170773
2022-08-01 00:00:00+00:00,0.001225312898019748,-0.0063896093048978475,0.00197903999440574,0.00428028432294103,0.004534146607098943,-0.004990450731498286,0.0022774314035629573
2022-08-02 00:00:00+00:00,-0.0014355938754073705,0.00582413163049611,0.005733928875067518,0.0016928251081274048,0.007740985157550506,0.010221280357541884,0.01012482254963265
2022-08-03 00:00:00+00:00,-0.004015837949953194,0.002500027808828964,0.002166432210774172,-0.00038039317866378486,0.001595685020997717,0.0011647485200652063,-0.0011900581070447558
2022-08-04 00:00:00+00:00,0.001148277371707751,-0.006000011009091977,0.0013418960542339597,0.005081264704515087,-0.00204799034608083,-0.003973259420171682,-0.0026424649771134012
2022-08-05 00:00:00+00:00,2.577855442953414e-05,-0.0009065768322832346,0.0049205733655137696,0.0051048162851135,0.0003528733947482099,0.0025197542877604118,0.004692307953146679
2022-08-06 00:00:00+00:00,0.00018542846398550417,-0.0010290262842843623,0.00558121486794616,0.0034820107372712794,0.0019699163563235977,0.0034612318698052924,0.006587112295173059
2022-08-07 00:00:00+00:00,0.0005913042542449176,-0.0008005224403413447,-0.0004892899825766905,-0.0018847392632886928,0.00678502309883755,-0.0016264686662523786,0.0023859209249244007
2022-08-08 00:00:00+00:00,0.0005041361291981961,-0.004204668684552382,0.0035076444825368203,0.0023644726668621274,0.0029786130531299637,-0.0002541746438493586,0.002023417728511445
2022-08-09 00:00:00+00:00,0.0015343417601203502,-0.0002694922202265415,-0.0001239363267480087,-0.0021472306425194265,0.007091236699934056,-0.002951523775384657,0.0001819410757264439
2022-08-10 00:00:00+00:00,0.0013607384334464179,-0.002623564915318788,0.00559992126236164,0.0013862408038405327,0.0015901682507308834,0.002042613790591119,0.005467840363611032
2022-08-11 00:00:00+00:00,0.00013509157624480572,-0.0002328341954086488,0.006601383501153357,0.012697349963453064,-0.0021373594967176723,0.01050359952801827,0.005065939006303477
2022-08-12 00:00:00+00:00,-0.00016871231534987263,0.0009375953166814721,0.0023209568135744707,-0.0008550219821552574,0.0004392058093309892,0.001670750472767324,0.0013795746459159819
2022-08-13 00:00:00+00:00,0.0008812749692754807,-0.0036098870155033547,0.004549208170364194,0.004305312144312401,0.003910734050416975,-0.0008406139052822281,0.0004470236921911841
2022-08-14 00:00:00+00:00,0.0003988207796274956,0.0044523128823767966,0.0014642402221900497,-0.00029780790217304176,-0.007331539635074491,0.00559207020252761,-0.002227814762125857
2022-08-15 00:00:00+00:00,-0.0014712886660983582,-0.001405980858113276,-0.0033651243922369067,-0.0013707275666394736,0.0028804945528966286,-0.0025633642816610402,-0.001586524179390647
2022-08-16 00:00:00+00:00,0.0010195574957927445,0.0032398923686283165,-0.001609623801658966,0.0001091378629174411,-0.001724425876798441,0.00277904004434526,0.0030674666926346905
2022-08-17 00:00:00+00:00,0.0008957968366980484,-0.001191821571884577,0.007560074941635131,0.010283396445214255,0.0037897040508776403,0.007819147223797174,0.007200461423760185
2022-08-18 00:00:00+00:00,0.0010362032785926623,0.0046502861966946085,0.0013969834387581592,0.0017703009107763457,-0.004710438014521312,0.0052253012839942325,0.0038862439499012247
2022-08-19 00:00:00+00:00,-0.0018562450927733787,-0.008030873925060966,0.0022146917360961194,0.0028542856039057707,0.008217062389195284,-0.007243223594345483,0.002030977189238836
2022-08-20 00:00:00+00:00,3.539922448081434e-05,0.0028393281925918057,0.01063049361775592,0.010288316756539073,0.016779352363066824,0.013113736561362943,0.018343977657804045
2022-08-21 00:00:00+00:00,-4.403040468370367e-05,-0.0035183985336217916,0.00515437026892851,0.006526824937196807,0.006465017526794625,0.0015357566208253903,0.00323347158679943
2022-08-22 00:00:00+00:00,-5.527418816730911e-05,0.005604712473921136,-0.0010017180102611656,0.0012693485733481502,0.00023897783382365034,0.007068450711259278,0.0024759873876838423
2022-08-23 00:00:00+00:00,-0.00043208133476690946,-0.004617349329528286,0.00242387827568713,0.0010708485536663481,0.007725410587284376,-0.0009189369941959846,-6.292116726613894e-05
2022-08-24 00:00:00+00:00,0.0019040650977415474,0.0035757887761473928,0.005801447195469267,-0.0038319035265006463,-0.004254877435229454,0.004178087645965833,0.0013660047374595141
2022-08-25 00:00:00+00:00,0.0008896916287439716,-0.0024624402343409457,0.0023924897228546627,0.007802633037564011,0.003047631422491426,0.0023668009309625315,0.0027642130398062292
2022-08-26 00:00:00+00:00,0.0006121376932057832,0.0034921705719395124,0.006915994386355706,0.004773882018201503,0.003833761453696072,0.009725157367897141,0.013702588086203615
2022-08-27 00:00:00+00:00,-0.0008994991552178089,-0.0012466615319562946,0.0031581826111750644,0.0007975253396588222,0.007602245127645402,-0.0008540320896287534,0.0022685229036172316
2022-08-28 00:00:00+00:00,-0.0017734216507852008,0.0012281540388829892,0.0051066162016975,0.007523135692788063,0.0008827928191559309,0.006438001862875575,0.003200364420713475
2022-08-29 00:00:00+00:00,0.0011632288787730705,-0.0030118504017838665,-0.0018578113565596022,-0.0029932765699619557,0.0013965082956206576,-0.008305113577602108,-0.004951996657459601
2022-08-30 00:00:00+00:00,-0.00017167974354515003,-0.008443227431580325,-0.0022069706611985707,0.007263599418137812,0.0003578545334679273,-0.0014479949075497656,-0.005696439407192111
2022-08-31 00:00:00+00:00,-0.00013382451221932712,-0.0009244716389199548,0.0030667907008097295,0.0073914061894702066,-0.00013248591638825857,0.0013162362131764471,0.0027470613931663834
2022-09-01 00:00:00+00:00,-0.0006681880521777206,0.004793638911039677,-0.0005380825748743101,0.000842395196575696,0.002936338905924263,0.005028102781415855,0.005057337146675556
2022-09-02 00:00:00+00:00,-0.0004336627729454312,0.0041066149325146295,0.0010389666240104845,-0.0012931544214639379,-0.0017899790293322004,0.0018782148242451058,-0.0012260379897492957
2022-09-03 00:00:00+00:00,0.0005365900688829583,-0.006484297458046795,-0.0006284275626630142,0.0007111748143036056,0.0017328552154551868,-0.005419088417536799,-0.002229046605947471
2022-09-04 00:00:00+00:00,0.00061454652565196,-0.007132231206093298,0.004685307520098991,0.0035406301310774158,0.0003374680229173421,-9.803995900881102e-05,0.0009781752083557471
2022-09-05 00:00:00+00:00,0.0009020381454607485,0.009380403893370026,-0.013667777935993497,-0.010446949681320872,-0.0043620616407139545,-0.002931557619624936,-0.0011969199154687749
2022-09-06 00:00:00+00:00,-0.0017161383635314609,-0.004551303733941636,0.01176548714939507,0.0115000547035915,0.002050041236660194,0.004725681930338288,0.0026874091157114144
2022-09-07 00:00:00+00:00,-0.0023376160575467875,-0.007547794592961843,0.002753938728378369,0.005185471515398943,0.0010957089644898499,-0.008076796750692172,-0.00698757096224778
2022-09-08 00:00:00+00:00,-0.0011655140568103128,0.003813806866790559,0.006648394915918399,0.0014704949614630092,0.013919992536358228,0.005540015041475943,0.012122451011473245
2022-09-09 00:00:00+00:00,0.0010143763406660344,0.0024182908867373953,-0.008228920225333058,-0.011625256234721437,0.007492788070251999,-0.006251739193011141,-0.007177904446021288
2022-09-10 00:00:00+00:00,0.0014483475830178172,-0.0034019040844521786,0.0027072010984703354,0.00361980964524089,-0.00012754266516545876,0.0007587418489671816,0.005626757609264343
2022-09-11 00:00:00+00:00,-0.0002035436416424341,-0.00034469356152477815,0.00449655230227175,0.0030253738104835115,0.0037532597724652117,0.0035923914539552904,0.002524190182508823
2022-09-12 00:00:00+00:00,0.0031715614172223017,0.002517043683380127,0.0015920724690587917,0.005216508257831265,0.0031478079384943403,0.012309172141263813,0.012643487390389119
2022-09-13 00:00:00+00:00,-0.002761226384722648,-0.0007997624190466679,0.006569783689212905,0.007551375064674071,-0.007330126416493443,0.0019435224963395559,-0.0052376527535018536
2022-09-14 00:00:00+00:00,0.0037533192948948635,0.006393537773477398,0.0009954112473662402,0.0013667479028580676,-0.002055214986490972,0.005846372511369324,0.004940477539199684
2022-09-15 00:00:00+00:00,-0.0013605160807633743,-0.002623474551178062,0.013081581081311633,0.007080656028035426,0.004179391684484113,0.004445059197111245,0.008956622084440813
2022-09-16 00:00:00+00:00,0.0011864624044435335,-0.00752127617337206,0.009163579464975369,0.007756818387525399,0.0045673625337780965,0.003763520945644583,0.007202018740951388
2022-09-17 00:00:00+00:00,0.0017783491757805692,-0.003587048031458595,-0.0024369423990822092,-0.004475068327527532,0.0008367000470570485,-0.0040954001293054265,-0.0005785798856747792
2022-09-18 00:00:00+00:00,0.0009932486992265677,0.004065671180612407,0.002551881069624562,-0.0038868334629850176,-0.00867826195337218,0.0057178631578624906,-0.0019191277063318468
2022-09-19 00:00:00+00:00,-0.00184379062594342,0.0011260038513418724,0.003594126227359107,0.0020950344469863325,0.00472921742736454,0.0004711301199811224,0.0013272357336044927
2022-09-20 00:00:00+00:00,0.0012519575782217185,0.005419864520222584,0.0009167594991461581,0.005018596119590546,0.0016419356461274681,0.010673129796506142,0.010053999222950472
2022-09-21 00:00:00+00:00,-0.0013025295110625779,0.003900616610190255,3.245275818763993e-05,-0.002692778200306223,0.01206627781016345,3.000566262922888e-05,0.006126872234762493
2022-09-22 00:00:00+00:00,0.006424686912434696,0.0005573142619355043,0.0075921971363419605,0.010630588801957552,0.00402212485523612,0.016963930315002207,0.019833146676059288
2022-09-23 00:00:00+00:00,-0.0011574647449753561,0.006239841595086615,-0.007157306947056963,-0.003688432964924382,-0.0012732630128647893,-0.0025800544392746705,-0.0008296226059605338
2022-09-24 00:00:00+00:00,0.0009602827605321718,0.0008601634901661548,0.0017639969025948776,2.6850005273137967e-05,-0.001394266953014145,0.00514920276713382,-0.0005079694034931803
2022-09-25 00:00:00+00:00,-0.002210422311840765,0.006171608160848052,-0.0011467915977044774,-0.002518048926411831,0.0014275022766383483,-0.0012066462148500046,0.004617331752875264
2022-09-26 00:00:00+00:00,-0.006168305835762888,-0.008735680819919156,-0.004663643367859849,0.0008965684377943983,0.0002004372471817728,-0.011568031950866975,-0.010125095428685116
2022-09-27 00:00:00+00:00,0.0009811611508798723,0.0013683541762594675,-0.0011946634052486527,-0.002988504670428993,0.0038534606054001497,-0.00017199171443227357,0.0022651403467790487
2022-09-28 00:00:00+00:00,0.0021390775520873095,0.0012192491791043203,0.002709895603674184,0.0016544273092859996,0.004154054042531996,0.0030815253667528797,0.007617276775129245
2022-09-29 00:00:00+00:00,0.0015036875217202539,-0.0030267276451870773,0.0037832193232649747,0.004744280709776394,0.0027044498542281303,0.002363885061103632,0.004793538099176153
2022-09-30 00:00:00+00:00,-0.00148047874170798,-0.0011260263342561805,0.00010939436539358915,0.0007721266660158932,0.0016344070943035138,-0.0014204383052315306,9.692863498744764e-05
2022-10-01 00:00:00+00:00,-0.0022014997440006345,0.0024522099635608807,0.000999160275753752,-0.0014851379088379746,-0.000470355022976654,-0.0014648591879690143,-0.0021053667439827617
2022-10-02 00:00:00+00:00,0.0010170304313863454,0.0011647895678599252,-0.00650347898849668,-0.003711613554847726,0.0014090599477543098,-0.00289688093138607,-0.0011177828862463102
2022-10-03 00:00:00+00:00,0.0014257131092858533,0.00398993108372836,-0.008041838480330799,-0.009509005025365447,0.008433511152694528,-0.006660838757227339,-0.0004105096122176688
2022-10-04 00:00:00+00:00,0.0012692457031588944,-0.004285870640470479,-0.0010544208522386134,0.0023356218646437554,0.00473941761492247,0.00017662232953696844,0.000765232427321294
2022-10-05 00:00:00+00:00,-0.0007984434540246887,0.008225837744086917,-0.006444498645083674,-0.010415595969860414,-0.0030996890154323387,-0.0026574838910289333,-0.0022269639374629113
2022-10-06 00:00:00+00:00,0.001461887394520467,-0.001748227862074736,-0.0017124766809745173,-0.0013354268179115447,0.0006461225852909536,-0.0015505382675581325,-0.002037396306357797
2022-10-07 00:00:00+00:00,-0.0017865135377808095,-0.00091024560545927,0.006159613661289809,0.006188975643952377,0.0003053430105726118,0.0028345194096051074,0.0023123533621043357
2022-10-08 00:00:00+00:00,-0.0006952050361954676,-0.0046081395917833,0.0011449702423849129,0.0044597344692414165,0.005764417807436528,-0.0003274651720031052,0.0018296944334053045
2022-10-09 00:00:00+00:00,0.0016188918613102565,-0.0010240760712055819,-0.0008683428878583088,-0.00016363953442832813,0.005272796609696595,-0.0008198762045128483,0.004984973152897698
2022-10-10 00:00:00+00:00,0.001729525337861082,0.003305931156298847,-0.00172312657694762,0.001385364276101697,0.00041954785127762406,0.004600305134388583,0.0020302956196198707
2022-10-11 00:00:00+00:00,-0.001263585958049318,-0.000188380945048916,-0.0026541592782818313,-0.004559872776993434,0.0019070522670274759,-0.005679297156037544,-0.003213909894246747
2022-10-12 00:00:00+00:00,0.0009156528112914675,-0.0007370625954506993,-0.00428438413266341,-0.0047025948104810755,0.0011806017815321201,-0.0027289087853218374,-0.0007200225345446176
2022-10-13 00:00:00+00:00,0.00046536461824286945,0.005380062312114076,-0.0025051767372483713,0.002129935240787084,0.0020112134127336923,0.0035832255971148808,0.0013501722992537157
2022-10-14 00:00:00+00:00,-6.415442360840906e-05,0.010787764539806899,-0.0063900757196757585,-0.008298963813513915,-0.0034436630797032297,0.0018001664589768485,0.0013947957520861198
2022-10-15 00:00:00+00:00,1.619562906052252e-05,0.005172761657785241,-0.006719450226759349,-0.004471164925552107,-0.0033619684071207745,0.0018100557242903825,-0.0032657583356265896
2022-10-16 00:00:00+00:00,-0.0008658322472362423,-0.003737512595053505,0.004293839466409821,0.004182047668823463,0.007700845458836536,-0.0008671204792356502,0.004213850219997095
2022-10-17 00:00:00+00:00,-0.0033593308763969487,0.0004180310059114234,-0.003954381901109416,-0.0018624044968126308,-0.002742612312757964,-0.002906418883870443,-0.004124248207119763
2022-10-18 00:00:00+00:00,0.0007232017620908415,0.013085717829992793,-0.0008440744727074012,-0.007241625611959401,0.0011635211058476091,0.002455676754522962,-0.0022430400634666503
2022-10-19 00:00:00+00:00,0.0014248176727413853,0.008317412275945957,0.0065272174116972614,0.0008687904518889233,0.0037731938930514186,0.009780648503815215,0.013066754423984417
2022-10-20 00:00:00+00:00,-0.0003916801395736913,-0.00504590192268306,0.0010685139220751871,-4.0688634193264406e-05,0.003863474858099236,-0.0006317981386773086,5.151727458030386e-05
2022-10-21 00:00:00+00:00,0.0002966431703155248,-0.004611959955369449,0.00028853211970747417,-5.7355074786547e-05,-0.0026118589726056296,0.0007954510795091796,-0.001135905974543383
2022-10-22 00:00:00+00:00,0.0006589622499908465,-0.0015711696479325798,0.0003883388223286932,-0.00013330338457440138,0.004361955887616897,-0.0004403823158419806,0.001658985276947078
2022-10-23 00:00:00+00:00,0.0008632844917690896,0.0004825829631103229,-0.007287111339594032,0.002200158317562151,0.0024871508391666186,-0.005566115765882951,-0.003991059893709403
2022-10-24 00:00:00+00:00,-0.0010561991380775293,-0.002802540477845672,-0.005174757897872251,-0.00726400147854922,0.0005080442360547721,-0.001311951300914882,-0.0026433263392756645
2022-10-25 00:00:00+00:00,0.0019973277709786075,-0.00121401237602492,0.001986491540292068,0.0014670096457383153,0.004761670170007282,0.001371837120473618,0.005193455392304092
2022-10-26 00:00:00+00:00,0.0005691916607977188,0.009482101209401295,0.0007500634475967605,-0.0023534003177753116,-0.001966675229203463,0.00236577191159415,0.005036924704097112
2022-10-27 00:00:00+00:00,-0.00035994670429140285,0.004924300426795147,-0.004074040491384601,-0.003360843502294375,-0.006947581587595786,-0.0044447386695049,-0.0060353288583688824
2022-10-28 00:00:00+00:00,0.0018088022522795288,0.006886133126025262,-0.0016173027177553978,-0.006190473509203764,0.0013253783115354523,0.004921284668104153,0.0056451018410093035
2022-10-29 00:00:00+00:00,0.0005361947579936022,0.019289699185085496,-0.012225242627737165,-0.011344215179868167,0.003918531751755605,-0.004556885743828287,0.0023319618947967857
2022-10-30 00:00:00+00:00,-0.0005070699307145876,-0.016776725932314718,0.007870980908218028,0.00468162677022721,0.009815307635620663,0.001229253902577332,0.0055759207462515725
2022-10-31 00:00:00+00:00,-0.00045440393294060577,0.0031701915313355755,-0.0016170647514843761,0.0010732921483731506,0.004937827300163233,0.0016849713188755722,0.002848888163472063
2022-11-01 00:00:00+00:00,0.0012545238858088226,0.003968289411399928,0.005227145379498532,0.004946725768010474,0.0017289193052718588,0.00803159160789324,0.009513736937591277
2022-11-02 00:00:00+00:00,-0.00044524837175452525,0.01554089237675238,-0.016013432865149557,-0.024083080533127466,-0.0035731022765745912,-0.007758359106069479,-0.00704722095127952
2022-11-03 00:00:00+00:00,0.0003657019404319506,0.006169695753464266,-0.00524916184298907,-0.018292627125011007,-0.05026954850916732,-0.009999686208600811,-0.03393636673918987
2022-11-04 00:00:00+00:00,0.0016418659906178856,-0.015357279915451993,0.025470466902904887,0.022035931814116783,0.018237988391426763,0.011371517503875328,0.01127749051378557
2022-11-05 00:00:00+00:00,0.0005906412472216349,-0.0028168047424764753,0.009319290379837364,0.005324404837001362,0.010387804658073208,0.0063033318142033945,0.011140291527782065
2022-11-06 00:00:00+00:00,-0.001025726170387875,0.00457939283735187,0.013672304002687818,0.013909144642394011,0.014647029191639849,0.011763134719407153,0.011165746591180525
2022-11-07 00:00:00+00:00,-0.003572544986508275,-0.004154320157759961,-0.004639671969655423,0.003303383656078518,0.0030435850881358473,-0.009045683282950967,-0.003450238191178623
2022-11-08 00:00:00+00:00,0.0036547977477365823,0.003122137080602494,0.03394955285553536,0.03422873343851873,0.02133187847749185,0.029554782523925516,0.02975342682869231
2022-11-09 00:00:00+00:00,-0.006057271582347479,0.017875654253438844,-0.01607191537188013,-0.012727599390245481,-0.019392558520153647,-0.009508128688255901,-0.01092705421487039
2022-11-10 00:00:00+00:00,0.010854800007046306,-0.013735306802559633,0.0007271390806664613,0.0025031225001783675,0.004464231224945214,0.007346451937687348,0.0047607775771110195
2022-11-11 00:00:00+00:00,0.00025294107169226976,0.017457136358180136,-0.00283893737984775,-0.0021571683047465484,0.0028996435956578637,0.004161406910556442,0.004045974764111948
2022-11-12 00:00:00+00:00,-0.0002675609646153321,0.0030966365581546196,0.00240152482845013,0.0013257061648557222,0.007277269012165188,0.0017461153640050409,0.005332396154527741
2022-11-13 00:00:00+00:00,-0.0020998358806587625,0.0099854497975298,0.0033194174724047176,-0.006725060692834184,0.018277930552622834,0.0066015691862066905,0.013586374615365049
2022-11-14 00:00:00+00:00,0.002552647635425842,-0.012739896368710757,-0.017547340750921347,0.005677329460040292,-0.005482379171237617,-0.01660149367189845,-0.008221152289176858
2022-11-15 00:00:00+00:00,-0.0057627769438044485,-0.007943300055884728,-0.0030360298502764005,0.008100275990772676,-0.0015115134706477074,-0.013067818180635293,-0.00792261456869503
2022-11-16 00:00:00+00:00,-0.00013217474730220502,0.0025810602620166545,-0.0022436740097753205,0.0020140904099461565,-0.001531175454126843,0.0013165752726507218,0.0003776193683666662
2022-11-17 00:00:00+00:00,-0.0017769474670904506,0.003787542156318713,0.003138545394151926,0.003310513075599264,0.0021138294527469625,0.004405471037149056,0.0036075857765627273
2022-11-18 00:00:00+00:00,-0.0015196602200817644,0.006245660314180279,-0.002299596048413677,-0.0020013315857712044,0.0023437681672660027,-0.002683460297238538,-0.0005927618526151424
2022-11-19 00:00:00+00:00,0.002085114067406302,-0.011468555603850406,0.007705296144711715,0.006742023210569048,0.003573801729739312,0.00023117626671687042,0.0032029961752231273
2022-11-20 00:00:00+00:00,0.0029889648588652395,-0.010876879893713887,0.018828693900232008,0.019626350115169888,0.009793765262054555,0.014866814678510254,0.014648840987399936
2022-11-21 00:00:00+00:00,-0.001115935865704909,-0.0002043744508891665,0.003947658645694796,-0.003338890063951161,0.009482209085166726,0.0019063989294543227,0.006128182771336643
2022-11-22 00:00:00+00:00,0.0007028178696721898,-0.00946503702013668,0.010337207304323082,0.011007437543312681,0.002568273859112402,-0.0013063593696734932,-0.0020034905988118856
2022-11-23 00:00:00+00:00,0.004241790760923125,-0.0015018528572333656,0.007208732006113605,0.007911808153128641,0.005150143209324387,0.005130740864933703,0.009896433956339434
2022-11-24 00:00:00+00:00,0.002265408288776305,-0.0005287291953691708,0.006123354026175587,0.0023176113929592734,0.004311057845513222,0.00484486846187715,0.006287353375491245
2022-11-25 00:00:00+00:00,-0.0012401268440868085,-0.0047964632087333925,-0.006610985466926511,-0.007106254366259002,-0.005291490962287093,-0.010242820188235302,-0.010800075620146954
2022-11-26 00:00:00+00:00,-0.0006260645464674086,0.0006525897187636964,0.00010606780598521048,-0.006161852211527874,0.00431102745677836,-0.002451001513032791,-0.001850147322836393
2022-11-27 00:00:00+00:00,-8.494247128876253e-05,0.0011109371504749443,-0.00859538337380672,-0.005735260369260975,-0.0025906395717817388,-0.003306857369866689,-0.003768937478554779
2022-11-28 00:00:00+00:00,-0.00025287104459370546,0.0019371587097847254,-0.005871207065652695,-0.0024871754012378844,-0.004299856760303977,-0.002559664929147054,-0.006898139174743134
2022-11-29 00:00:00+00:00,0.00013909831175284992,-0.0014997547031466718,-0.0011743938282278155,-0.0016496197286934855,0.0048442562784296594,-0.0018979517214290365,0.001175194362193599
2022-11-30 00:00:00+00:00,0.0013826657751441207,-0.001537602306629915,-0.0029930517090400732,-0.004137377302627643,-0.0014103910164100508,-0.002354378973110194,-0.003530345026659387
2022-12-01 00:00:00+00:00,-0.0011159012027301962,0.0018270407688643076,0.0014817059145122435,0.0005523560588232002,0.0009006604918890826,0.0016050880506028875,0.002597953241787465
2022-12-02 00:00:00+00:00,-0.0018584636686435063,-0.00787641818768936,0.0021019095031296064,0.0009585035527011065,0.0008272255619810043,-0.0058322090979123775,-0.004277090871702138
2022-12-03 00:00:00+00:00,-0.0006123657404631944,0.004756747024450059,0.005472206569274718,0.0035013394242204843,-0.00022358975430591954,0.004931746986215346,0.0035233749360186195
2022-12-04 00:00:00+00:00,1.5325740669203114e-05,0.006177914736527734,0.00802675069447889,-0.0013944111484093247,-0.0007155378450989236,0.0057429509991804295,0.005099755201785738
2022-12-05 00:00:00+00:00,0.0007550724325722236,-0.002389425368662823,0.013574602499937471,0.009201856772079964,0.013840699367242193,0.009596141704106831,0.015010042718084593
2022-12-06 00:00:00+00:00,0.0017835988654024693,-0.002822885089948657,0.00354952653425733,0.0029576317080961534,0.0013470560675803434,0.0024052929753173302,0.002553555071951541
2022-12-07 00:00:00+00:00,0.0007289204733300636,-7.425183249520906e-05,0.0013282565705503568,0.0026637437945471465,0.003979684734817468,0.0010067804874507313,0.002779575205153817
2022-12-08 00:00:00+00:00,-0.0002701958326614129,-0.0010878916016865414,-0.001114849862578482,-0.0007881672116487604,0.0011714346993381142,-0.0012264521251635907,0.0009242571690428747
2022-12-09 00:00:00+00:00,-4.857360337806593e-05,-0.0013626955091489146,-0.0007316659593191721,0.00020792961009408195,-0.002084514320208508,-0.0021391636186431917,-0.002759200813462148
2022-12-10 00:00:00+00:00,0.0003854767014639382,0.0006303412428438904,0.001543411683495366,0.0012941303660531922,0.0037323111375828777,0.003660154954068906,0.004010947952810318
2022-12-11 00:00:00+00:00,0.0006050243811512868,0.0023980325758043985,0.0008121578760185155,0.0026277424889640244,-0.0011739053389481224,0.00255938693497737,0.0016106972307536882
2022-12-12 00:00:00+00:00,-0.00011181772735968654,0.0011711774824270105,0.0008251730118651324,-0.0008373546862870951,0.00232323438953963,0.001595626273661166,0.002973427809296547
2022-12-13 00:00:00+00:00,0.0002414472989702432,-0.00287967401566247,0.0015895648073207536,1.1552894859656604e-05,0.008433851127137793,-0.00011440535249007677,0.0031491275939832253
2022-12-14 00:00:00+00:00,-0.00039685174253822897,0.0007577356054475626,-0.0003708369146984136,-0.0020687408669735063,-0.002984222522547597,0.0004958120325626592,-0.0011903299888773589
2022-12-15 00:00:00+00:00,-0.0003743512229013035,0.0006611458719809615,0.0012343076754322002,-0.0012101812141540602,0.006671082626449554,0.0006279966713382823,0.002457897808651799
2022-12-16 00:00:00+00:00,0.0002014070520199862,0.0005761451837686948,0.009848153828093453,0.0031500754017577126,0.000798241317927495,0.007394928191232442,0.006972231805742357
2022-12-17 00:00:00+00:00,0.0002448186822772147,-0.003233799275133009,-0.0038588550717753023,-0.004414987766553358,0.0005146195476881665,-0.0057717957427841915,-0.002618202051057006
2022-12-18 00:00:00+00:00,0.00017579803832679097,0.0011820190073645875,0.00011559468669930517,-0.0006306280227912353,-0.003745049908496667,0.0007086259220718816,-0.0010370158151068454
2022-12-19 00:00:00+00:00,0.0002188513445617879,0.012514973485345582,-0.0064786235649753054,0.00227403408033533,0.002981565580392198,0.003295204066031232,0.004698325674193482
2022-12-20 00:00:00+00:00,0.0003047573396541825,-0.005771586905174431,-0.003699499215094826,-0.0017316626782430955,-0.00028823839194913603,-0.004118989013325858,-0.003226716169550614
2022-12-21 00:00:00+00:00,0.00019598201070425425,0.002880130369456335,-0.0029416866458322755,0.005809388351692979,-0.003228725422379064,0.001620182015324323,0.0002500873863799935
2022-12-22 00:00:00+00:00,0.00011711497751765165,-0.007596683217742095,0.0015103258532456199,0.003400215524861583,-0.0008616656263695788,-0.0013368401924930273,0.0003742122767809164
2022-12-23 00:00:00+00:00,-8.03715313040243e-05,0.0008293572536794969,-0.00010811916800823607,-4.312715582655002e-05,-0.003606059015657692,-0.0008855930995228523,-0.0037822688885896794
2022-12-24 00:00:00+00:00,4.174472906126603e-05,0.0029447224573082575,-0.0005581174086602969,-0.0018471159875211862,-0.00044053452970116425,0.0001504645328098686,-0.0007355797846071432
2022-12-25 00:00:00+00:00,0.0002490368073841953,0.004243418434189072,0.0011628348198440275,0.00039687439861135765,0.0011326129979580823,0.0022121765278522165,0.0026771586802223357
2022-12-26 00:00:00+00:00,-5.815091242822312e-05,-0.005831427850899296,0.0027008048491403702,-0.0009194258377507314,-5.336727695148813e-05,-0.003154398206264508,-0.0052491249237508475
2022-12-27 00:00:00+00:00,0.00011469597151858579,0.0027779805476708663,-0.0005456955382865392,-0.0024314559652398593,-0.0012791833358634097,-0.0012431078925984052,-0.002195063044909573
2022-12-28 00:00:00+00:00,0.0009617333618394674,0.011513029627234106,0.0014389051364789296,0.006419963161232278,-0.007441864037598833,0.011856399194612788,0.00410100467298169
2022-12-29 00:00:00+00:00,-0.00015380992226599055,0.004033393006887875,-0.00634734205598364,-0.0030962968594505647,-0.007704102488410469,-0.0006720758810029315,-0.0034046040117310383
2022-12-30 00:00:00+00:00,-0.0006282182686397908,-0.0001985110185998007,0.00014508929687417904,0.0024099374191746126,-5.221237719910121e-05,0.0022985173787595237,0.00045664709134363157
2022-12-31 00:00:00+00:00,0.00044373003840458836,-0.003412048965905301,0.004781958059892011,0.004714643846600364,0.002014712809797592,0.002552446537699149,0.0034935816142913634
2023-01-01 00:00:00+00:00,-0.00033671672377388884,-0.002685508804149639,0.0017805637376118177,0.0008271934728079078,0.0031431781670352432,-0.0009669238899268073,0.0018589545410987451
2023-01-02 00:00:00+00:00,-0.0004082566084917527,-0.005872253920222059,0.0010352024808550908,-0.006355116306434372,0.0017756727525677363,-0.0039386970821874145,-0.0023088685345322713
2023-01-03 00:00:00+00:00,0.0010513696997269673,-0.006957351686655344,-0.0041960977562264246,-0.009349469859543547,-0.003501991496735246,-0.00961967689674148,-0.006854334351143465
2023-01-04 00:00:00+00:00,0.00015154375553660948,-0.0012276986872908902,-0.0016255058982195258,-0.0026175245480588583,0.00422059454109136,-0.0010220023829445868,0.0028059556723707413
2023-01-05 00:00:00+00:00,0.0002863678738835862,-0.007359721574927813,0.004516613442061557,0.007458063747594057,0.006958413530703256,0.0018639525369283927,0.005127776420625674
2023-01-06 00:00:00+00:00,-0.00037272564606694036,0.006225815786819799,7.017655783836396e-05,-0.006489065254273951,-0.0027268485356946037,0.0013475364524584421,0.0038935322831201713
2023-01-07 00:00:00+00:00,-0.0003394362613844404,-0.00037052206291821044,-0.0012732520610666542,-0.0011879143348811905,0.0033004776833023275,-0.0008027547950529845,0.0018047790868727098
2023-01-08 00:00:00+00:00,0.0002637759856998212,0.010796422040316278,-0.006156759396038991,-0.00010177721255699712,-6.638429833383253e-05,0.004418804870727433,0.005590667976427044
2023-01-09 00:00:00+00:00,-0.004910071469521826,-0.008949765919906039,-0.012433195044500245,-0.015610907172825317,-0.003919461184583195,-0.017445155934754486,-0.014939707278785352
2023-01-10 00:00:00+00:00,-0.0007754442950287377,0.002690403895647231,-0.009624794364019529,-0.010986176236791989,0.007923505882139636,-0.007295361860847005,-0.004142120505579494
2023-01-11 00:00:00+00:00,0.0013012931814488926,-0.002828127916615908,0.011617822452318682,0.015134980851433388,0.0025477805287201782,0.00908393202183233,0.007642885764857832
2023-01-12 00:00:00+00:00,-0.0028860331415829776,-0.0014367650008950683,-0.004767175803109702,-0.00379941552155727,-0.0007165461071926282,-0.007092893886859852,-0.004425070379078688
2023-01-13 00:00:00+00:00,-0.00011044373754465209,0.002572993472457652,-0.010745606626779924,-0.003825820022382187,0.0009648036617633249,-0.0011848301869378242,0.00427809372707455
2023-01-14 00:00:00+00:00,-0.0002622739485342862,0.013614901244387134,-0.021361308091549902,-0.010372093131686189,0.006002978399495262,0.003913389808516632,0.006757531317714172
2023-01-15 00:00:00+00:00,-0.0009245575877823153,-0.004216774581611404,0.003649183344251572,5.005661199586342e-05,0.017255694364517904,-0.002167757964064543,0.006342695089927464
2023-01-16 00:00:00+00:00,-0.0011058502050401708,0.0050367241603876955,-0.00054605466801394,-0.007635223181719719,0.013072370453744986,-0.0007211688720824005,0.004752169474392831
2023-01-17 00:00:00+00:00,0.0006062928340804241,0.0032473153987622183,-0.006440095669125401,-0.00225447185772909,0.0013012198855484325,-0.0007850798510570245,-0.0035564910346203016
2023-01-18 00:00:00+00:00,-8.648970770375186e-05,0.007654049308128963,-0.0032757002967693793,0.00044977979295057757,-0.0015129899874465336,0.002865915381030204,0.0032648254244997954
2023-01-19 00:00:00+00:00,-0.00025131021744106974,-0.0037499936476000917,0.006961516033214155,0.00029056552561934623,-0.010985689638271068,-0.00022050194890210761,-0.0009896234268842452
2023-01-20 00:00:00+00:00,-0.00242680200842893,0.008967785979643095,-0.005620465463491708,-0.011700481686256259,-0.009778845951020187,-0.0023590364261119046,-0.00540823937003676
2023-01-21 00:00:00+00:00,-0.0002902987018743586,-0.008284246026795006,0.0023394832274716837,0.0011014708834735654,0.0006976513771876913,-0.0026519800568367558,-0.002785826273899894
2023-01-22 00:00:00+00:00,-0.00040407165541822554,-0.0047199698164487325,0.0020010425100618345,-0.0015712400853555852,-0.0012015638899030012,-0.001373081065305981,-0.004123893599401907
2023-01-23 00:00:00+00:00,-7.617097651979599e-05,-0.007730811367105295,0.0029867482923637834,0.00650572120998727,0.008592434987831687,-0.004567606921874856,0.0010765176352003358
2023-01-24 00:00:00+00:00,-9.740489773946148e-05,-8.216703490093735e-05,0.017679177653205036,0.024478853220456065,0.009909012524782046,0.015984054979195195,0.01410551313408015
2023-01-25 00:00:00+00:00,4.548253759684151e-05,0.0084108490050403,-0.022896605467005893,-0.03285743083518,0.004993492871532057,-0.016344994778530353,-0.007571074930853405
2023-01-26 00:00:00+00:00,0.00024840773131029614,-0.0016278742953549363,-0.0068423998275577436,-0.0020441574922034356,-0.0017388450710533743,-0.00022773296922307118,0.00393833150715639
2023-01-27 00:00:00+00:00,-0.0009087144780491885,-0.005196202396062222,0.0034170738029815073,0.008153221670877064,0.004655563305686838,-0.0012692847491343473,0.0008169016154691011
2023-01-28 00:00:00+00:00,-0.0014253245812164694,0.0010180207132484131,0.0014717927597915903,0.0005590069690275534,0.0025668902369839763,-0.0016254796590788878,-0.00040757608095309816
2023-01-29 00:00:00+00:00,0.0016786935776584855,-0.0032411586214708965,-0.002595252623716404,-0.006382199445812642,-0.008015410094681652,-0.007520433540124216,-0.006402427023474044
2023-01-30 00:00:00+00:00,0.0030395581861233367,0.002919983372643431,0.0015962986389133071,0.007624974189773148,0.01107174314996473,0.00834937606304953,0.009197315952207408
2023-01-31 00:00:00+00:00,-0.0012927062356772323,0.001209484537214811,-0.01788477180606729,-0.007285933729873295,-0.010881955192988513,-0.006179147891022252,-0.011506416277286213
2023-02-01 00:00:00+00:00,-0.006260292969326953,0.009561455999144153,-0.011837803685686987,-0.011964451561946476,-0.014433927020661264,-0.009783554930019589,-0.015825518294415253
2023-02-02 00:00:00+00:00,0.0027277260494384947,-0.00375550686599313,-0.0029287398040266366,0.0009561273536509152,0.0027633954429286955,-0.00030886539927155177,-0.0015008603768069673
2023-02-03 00:00:00+00:00,-0.007009796907510246,-0.0031669308958487408,0.0007932014915215113,-0.006186965597845595,-0.0034041787249897704,-0.013412622613207414,-0.008540913316079868
2023-02-04 00:00:00+00:00,0.0010491012538442757,-0.009369802417180328,-0.0005361926973830311,0.0006535992530711798,-0.006301432644262528,-0.003354685864032092,-0.006608593848700273
2023-02-05 00:00:00+00:00,-0.008723810803469068,-8.709784180660485e-05,0.007752626772310256,0.0018433951701877227,0.0006966321870569558,-0.005350575037998184,-0.004167388918473014
2023-02-06 00:00:00+00:00,-0.003579911301643368,-0.005957997251458624,-0.005780161152741603,-0.0018177461640654924,-0.00317602570181863,-0.006470731529518381,-0.008022332110314112
2023-02-07 00:00:00+00:00,-0.00539925150997389,0.024032676830827437,-0.005639683725700673,-0.011092240388144714,-0.014927571152218544,-0.005363410852755712,-0.0020316967981061085
2023-02-08 00:00:00+00:00,0.0044278930820746965,-0.019908477922721768,0.008587193752337852,0.01238099277541349,0.024931848964952152,0.0003947879778549712,0.0125873428776333
2023-02-09 00:00:00+00:00,0.0046534279678147605,-0.01911760197553558,0.015983090919135412,0.013909254080242794,0.018071622369199458,0.01120857769639172,0.01240345755729333
2023-02-10 00:00:00+00:00,0.001083279996162867,0.001372434880538842,-0.009168940906801648,-0.009886736191020207,-0.004565450159585649,-0.006611223897070584,-0.006278956631107002
2023-02-11 00:00:00+00:00,-0.0003269999152922809,0.013613213298667715,-0.012305445198973142,-0.017100876751661165,-0.01575731143518777,-0.00615015695330523,-0.011253222677546804
2023-02-12 00:00:00+00:00,0.002100230900794031,0.0009534335321841336,-0.007890774699853664,-0.002843937016441034,-0.00010090918152172446,-0.004445431980132919,-0.004429429708573185
2023-02-13 00:00:00+00:00,0.0008144018066289505,-0.018392489092604714,0.013111150130036497,0.016864920916464188,0.013580394463420742,0.0032205578428528003,0.007726890911145423
2023-02-14 00:00:00+00:00,-0.0063644362290044,0.014517932024538993,-0.0108302011368282,-0.010583683292037738,-0.008878634252838968,-0.00501327812616148,-0.008084632657149537
2023-02-15 00:00:00+00:00,-0.005765875562172451,0.002899449155729261,-0.007705158231983811,-0.010448991523774431,-0.005620749951418258,-0.004978353333960683,-0.0028603102055553276
2023-02-16 00:00:00+00:00,0.006935757437229961,-0.0019744585074935594,0.01261073203522356,0.015218414995121332,0.018774646365054215,0.01701723538250066,0.019295854188402295
2023-02-17 00:00:00+00:00,-0.002598376689824655,-0.0022957929609248584,-0.005518968593991036,-0.0032916321862401787,-0.003885847882514337,-0.007202182243441713,-0.005031326458230345
2023-02-18 00:00:00+00:00,-0.0008694409605821685,-0.0011183340810433373,-0.00214910636629273,0.002448189191496253,0.00038897939909321444,0.0012295360248903986,-0.0009287666189209398
2023-02-19 00:00:00+00:00,0.004578737690260182,0.0016782255837890503,-0.004556386009768154,-0.004603746912289597,0.005040608526072354,-0.0005161699483042792,0.004782845401991587
2023-02-20 00:00:00+00:00,-0.0011673584734026576,0.0004561750405609466,0.0051987800612152135,0.010081145296524152,0.0028460634263971496,0.005779325894497589,0.006646289497663993
2023-02-21 00:00:00+00:00,0.0008054422114318616,-0.011560250065035249,0.01612817570786884,0.015115764949261479,0.009936199784783994,0.007389366934613006,0.008685828239803683
2023-02-22 00:00:00+00:00,0.0027648816253209585,0.0008439589733482133,-0.0028065504652574624,-0.002651066025031179,0.00022017881615421508,0.0037981753292450904,0.0017097386980686746
2023-02-23 00:00:00+00:00,-0.0022266210881094484,-0.010637742129032679,0.004615569268705322,0.002618376373394904,0.003121366429602368,-0.006219469164462033,-0.00197337875075676
2023-02-24 00:00:00+00:00,0.002650923306113828,-0.01269575477015461,0.010803935289578792,0.006852610578117924,0.005229811959894137,0.0008095010909445755,0.0025847174388018423
2023-02-25 00:00:00+00:00,0.0030459403388936046,0.0005964279083177093,0.002234655449570244,0.00341306935324992,-0.001149112267426533,0.005561332744093983,0.0019068803898509845
2023-02-26 00:00:00+00:00,-0.0016671258111382592,0.0034452816040637657,0.0024652802692284315,-0.0018831307826969734,-0.004375313127332969,0.00020230212922678348,-0.0017044952631546373
2023-02-27 00:00:00+00:00,-0.001258762124381585,0.0054382393611041024,-0.0020433347208873576,0.00017765425453308836,-0.007500774510778907,0.0017466982514946494,-0.0025456379661614736
2023-02-28 00:00:00+00:00,-0.0007772746840238876,-0.009931562003536287,0.004632633674744202,0.004965421497272748,0.008622349839251031,-0.0016881305107884215,0.002220077981967661
2023-03-01 00:00:00+00:00,-0.009751165137236395,-0.0032070446562286747,-0.009915958574722827,-0.005262397417381548,-0.0051600836273062445,-0.015197173195892977,-0.01491095428118383
2023-03-02 00:00:00+00:00,0.004848280734678134,-0.004658451094927019,0.005907631683219394,0.00316263946889217,0.007607628299101998,0.004343660824868145,0.005204627095712011
2023-03-03 00:00:00+00:00,0.015009221401051986,-0.0010853368621431825,0.0017711722054665202,0.002481571413730288,0.0011812582745458489,0.011433718028520001,0.007841773070464964
2023-03-04 00:00:00+00:00,0.009740618635772913,-0.001661389723640494,0.0011756252173176218,0.002814171402861332,0.0005312508241603897,0.008979023395225605,0.007989440559889038
2023-03-05 00:00:00+00:00,-0.00415112263290085,0.0018740230724378915,-0.008229562202653473,-0.007042616393721723,-0.0018080717491609777,-0.008360933644102508,-0.006977295094525604
2023-03-06 00:00:00+00:00,-0.0007790103921051506,-0.002823969071387711,9.469749656476623e-05,-0.0009042738802645944,0.0034048728495224,-0.002754191768276626,0.0005124929943232104
2023-03-07 00:00:00+00:00,0.0035133588897224843,-0.0036279094265961875,0.0069763170611596426,0.004006984749746589,0.005277434347350951,0.006716468177928592,0.006885820046266922
2023-03-08 00:00:00+00:00,0.01125212002010989,-0.0031981262210650785,0.011021677978399591,0.007894011887965124,0.0071590720123353435,0.02048129931708531,0.013644024993902049
2023-03-09 00:00:00+00:00,0.0011028290063672674,-0.00422579680957802,0.0036940531309221925,-0.0019507785369969888,0.0038893474008057094,-0.004471103982173874,0.001996105204468579
2023-03-10 00:00:00+00:00,0.002046692092599889,-0.008714264798847293,0.002447001068241361,0.0032386459165474335,0.0013359875917440256,-0.0020934765494379226,0.0003495680509815191
2023-03-11 00:00:00+00:00,0.009545534758923724,-0.005273814377936392,0.009492972006727385,0.009885546607528939,0.009487396904118706,0.016669976935835162,0.012409425945564267
2023-03-12 00:00:00+00:00,-0.01680516029661583,0.011341504120322421,-0.01478691433388124,-0.011580119319159365,-0.006417621431603071,-0.02157023292646454,-0.012250061435427284
2023-03-13 00:00:00+00:00,-0.007368524733255888,-8.729394792938994e-05,-0.009069460484778635,-0.007416397228971694,0.0020023554655417275,-0.012373326705684029,-0.007050408031556321
2023-03-14 00:00:00+00:00,-0.019210125902302422,-0.0005336007460735592,-0.01307634823353554,-0.01691145792737314,-0.002929757358980156,-0.024303381585199957,-0.01977757788010648
2023-03-15 00:00:00+00:00,0.0145079581198726,0.0007891861352635754,0.003166784431521741,0.005625372353104563,-0.004886644509133675,0.014456076088721126,0.006161543090954069
2023-03-16 00:00:00+00:00,-0.0017025462826818494,-0.003005526043318274,0.002953439359711707,-0.0005715338018088545,0.0035751952741214232,-0.0024586191418941583,0.00038669984417150083
2023-03-17 00:00:00+00:00,-0.009370169982912957,0.008949151623433016,-0.020213270131104744,-0.014842715587078725,-0.0052226819386207435,-0.012867165387313473,-0.009651273559917906
2023-03-18 00:00:00+00:00,0.008196684666676113,0.0032783714363231464,-0.004537547144095044,-0.0003993601410168246,-0.002238182417527157,0.00454454970107987,0.0023125724914094814
2023-03-19 00:00:00+00:00,0.0001232945547757769,-0.01661991312124733,0.008776751011134731,0.001646165630523555,-0.003563277361433359,-0.002177817788182268,-0.0021889146188238673
2023-03-20 00:00:00+00:00,0.015243821326164086,-0.002036425051386348,0.00569976551435003,0.008464278933448366,0.002256487615383218,0.01092763003485353,0.008070831273274015
2023-03-21 00:00:00+00:00,0.005436008771131373,-0.008172578243458406,-0.00014635493737524818,0.001961292682150173,0.006420297142001763,0.0026941674090030787,-0.00020176349746181543
2023-03-22 00:00:00+00:00,-0.0012797702011072554,-0.0036255751270865,0.00018793626056723411,-4.270382099802461e-05,0.006743841510959303,-0.0037067583321082065,-0.00019441387642149532
2023-03-23 00:00:00+00:00,0.002750656019234743,-0.0003921423204564789,0.001405389168570581,0.0017134737046964332,0.0021310144725608104,0.004179112507703087,0.0019179940344620228
2023-03-24 00:00:00+00:00,0.0017862265614698725,-0.0031911081854978374,0.00902341662431505,0.009278312526906252,0.004847355286548449,0.004129642138963607,0.004975533365429996
2023-03-25 00:00:00+00:00,0.006831396373646825,-0.0047237399970239125,0.004546036803407372,0.0067519913601394865,0.004721697914140677,0.0049266615522982615,0.005004653025252992
2023-03-26 00:00:00+00:00,-0.0028876738579867167,0.005106022989891823,-0.005798125919584618,-0.005592109197236073,0.001969094651342651,-0.0031676980528192455,-0.0020218450708628932
2023-03-27 00:00:00+00:00,0.006269609758235983,-0.006455530898306527,0.00484554124786829,0.007886171601199976,0.0015783066734322837,0.004621462044538838,0.0051664384940324215
2023-03-28 00:00:00+00:00,-4.6111870126264165e-05,0.0010017434324520735,-0.002228688592276762,-0.0029655095434610867,0.0006433743535483316,-0.001321089571577616,-0.0006220882183622933
2023-03-29 00:00:00+00:00,-0.004292134540332282,0.005241728024676595,-0.0038109626027265087,-0.004495324120268984,-0.002380151118626439,-0.0024743988553365126,-0.0013156535700663552
2023-03-30 00:00:00+00:00,0.005584896666145145,-0.005291100946117733,0.005835936947366616,0.00592951306638656,0.008491846600580999,0.005458172082797974,0.0062215727387568975
2023-03-31 00:00:00+00:00,-0.0022154519228619884,0.004040127315519504,-0.0023013315371419596,-0.003418178093999358,-0.002096162282508085,-0.001565332965877686,-0.0026099595820558985
2023-04-01 00:00:00+00:00,-0.004296485000810368,-0.0056578692632998084,0.0002667296952494347,0.0016977683369516772,0.002723886886516702,-0.003294622092839594,-0.0022292876360501257
2023-04-02 00:00:00+00:00,0.0072237955521166075,-0.0032730753944532065,0.0041211010430206585,0.003851687841147866,0.004058530730796539,0.003987807483801342,0.0025030309586875354
2023-04-03 00:00:00+00:00,0.0002581991255199423,0.01598952965797351,2.1919796984626316e-05,-0.0025549234746227167,0.004389070509515536,0.004787800824944011,0.005295544103463445
2023-04-04 00:00:00+00:00,-0.003261512739679784,-9.42680335411783e-05,-0.00973439075950544,-0.006429560893300712,-0.0025340083827027904,-0.006717096452445559,-0.004838123308137043
2023-04-05 00:00:00+00:00,-0.001090912227384444,-0.0020899877940194767,0.004290538668503041,0.0010441771933622501,0.002326717625119823,0.00015481801389927163,0.0011941169347269298
2023-04-06 00:00:00+00:00,0.0033309095989482174,-0.0042995802624113955,-0.001625354201725715,0.0005841312122967235,0.0018889354500302158,-0.0017701448519590324,-0.0011390133451711915
2023-04-07 00:00:00+00:00,0.003308999821133529,0.0007627452317282568,0.001963356229901292,0.0010459566993319402,0.005307964332780024,0.0031359856493977656,0.0039043549379425
2023-04-08 00:00:00+00:00,0.002924555056210032,-0.004769530002709188,0.003581651769745564,0.004023380278413091,0.006216799384145322,0.0015766356088962041,0.0026087775609160424
2023-04-09 00:00:00+00:00,-0.0010696358511561588,-0.006955922110059021,-0.0007592981463233617,-0.00039216646571771374,-0.0005053221139448283,-0.0035620373400274685,-0.0040932131501870694
2023-04-10 00:00:00+00:00,-0.0034087955627646327,0.0009052396715316657,-0.0018928349278339862,-0.002732366837864708,0.0031553723592556704,-0.003013929624326561,-0.0005326276288649678
2023-04-11 00:00:00+00:00,0.012185866497492759,-0.005264763120283789,0.0041291450406766295,0.004684138609169164,0.00482907715364389,0.006035986421795592,0.006105931582027546
2023-04-12 00:00:00+00:00,0.005799231819902717,0.0009999058895040491,0.004487402566734966,0.0035185949942537764,-0.0012833020068425682,0.004912914639847665,0.004105144112216186
2023-04-13 00:00:00+00:00,-0.008480822681839584,-0.0034884455855636043,-0.0019124068995393095,-0.0017994374117515921,0.0005923753702079537,-0.006548506960398548,-0.00547456539705693
2023-04-14 00:00:00+00:00,-0.017303216948515776,0.003994747586615555,-0.010604698275832658,-0.010314019618203885,-0.012152045651622756,-0.012910823130650284,-0.014912111833503161
2023-04-15 00:00:00+00:00,-0.003034340206318764,0.001844420379142564,0.0008726059190409252,0.0027527352866945076,0.0005564614894801867,9.281360580626341e-05,0.0010127358490046312
2023-04-16 00:00:00+00:00,-0.005115934342644235,0.0059678539307097545,-0.003543102835977474,-0.004028127705444029,-0.0044608888252788415,-0.002407693168836822,-0.004698212272730706
2023-04-17 00:00:00+00:00,-0.002244397675274179,-0.0017276187602099924,-0.004241671410611825,-0.0035697026672217858,-0.0037500785807952353,-0.003765820244666429,-0.005336981509974192
2023-04-18 00:00:00+00:00,0.001615870008608411,0.0011400721424557059,0.003234285875106657,-0.0003121722055375864,0.00859375249258898,0.0026608563641650207,0.005758086299735066
2023-04-19 00:00:00+00:00,0.00956830677664211,0.0024170028723080605,0.0008286804609547449,0.003564478796366455,-0.0032654688488601424,0.006319119258161754,0.0032271141507302925
2023-04-20 00:00:00+00:00,0.002886874767340286,-0.0011457067778019026,0.0047886867545823275,0.00681286871134934,0.0058294767985451745,0.005859701676368845,0.005738068345480407
2023-04-21 00:00:00+00:00,0.006964613756652138,-0.003313765816306269,0.006376162570893351,0.006739624505119446,0.005449575740132273,0.007437570117309056,0.006140305128600643
2023-04-22 00:00:00+00:00,1.8164793445185623e-05,0.003648802737799439,-0.0035145327262617876,-0.0018651502252877705,-0.01149738583281279,-0.0017927990696928742,-0.004164643693570946
2023-04-23 00:00:00+00:00,0.0037948446374793665,-0.006964027034289222,0.004646259319887491,0.004861468795030355,0.009097368926638927,0.001411470871676368,0.004542485912650829
2023-04-24 00:00:00+00:00,-0.0035537907751346243,0.0016834834560173206,-0.0030448378478967753,-0.0032886367588893517,-0.0036400679483616916,-0.0031659431146524586,-0.0027655752058746152
2023-04-25 00:00:00+00:00,0.0006660796354835963,0.0038800839880870353,-0.004306936105243464,-0.0062134314174500105,-0.007452707390976587,-0.001646935486174228,-0.006406733411157384
2023-04-26 00:00:00+00:00,-0.005861251860802441,0.010816877861365537,-0.003389810872272969,-0.0024400013511111096,-0.0016567281477578577,0.0007235951657451611,0.0009134189176229768
2023-04-27 00:00:00+00:00,0.0017186187206379433,0.0038262333988896557,-0.0010194195570553122,0.0012409148978738127,-0.0014681870327256652,0.003892808080955934,0.0007349092418247327
2023-04-28 00:00:00+00:00,0.0066567631551552875,-0.005277135377535935,0.0022559465015246083,-0.0009813879608080445,0.00042756489279427434,0.0027914373367703416,0.0017027339642394779
2023-04-29 00:00:00+00:00,-0.00023818858169666335,-0.005464954849754733,0.0033554710793937126,0.0004478086573367346,-0.0020223921920238253,-0.001605475944062018,-0.003151499073854147
2023-04-30 00:00:00+00:00,0.005007942255195408,-0.0009629143868402634,0.005891450913720453,0.0032960734261135993,0.003414904138875352,0.005596859572433166,0.005169727609996011
2023-05-01 00:00:00+00:00,0.000847854294344863,0.001965547229271891,-0.0007977612910794463,0.0001898186231319432,-0.000811853989256428,0.00024152401235943977,0.0009896000204496769
2023-05-02 00:00:00+00:00,0.0003252514071945267,-0.00781596736901169,-0.004935101261388186,-0.003380066668209225,-0.0024297068988333725,-0.0074128327630632596,-0.006219722233155256
2023-05-03 00:00:00+00:00,-0.0003636006655187707,0.006720315990377701,0.0018632297722791513,-0.00024717817665786956,0.004407783655086428,0.0030426918158898975,0.004275357704445426
2023-05-04 00:00:00+00:00,0.0034036558835279784,0.0026120450821538466,0.001294372189008186,0.0020155581612064655,0.002167948609230086,0.004632132055844895,0.004831595751161988
2023-05-05 00:00:00+00:00,0.0018470815797595463,0.001110760892280016,-0.001625843719286868,0.0029120447073718303,0.001225440902267394,0.0025380547518369934,0.0008089353649087805
2023-05-06 00:00:00+00:00,0.011670899095756138,0.006444145265552148,0.009927397457079046,0.009776750259911093,0.001694654331732437,0.012599981739111143,0.010379857793192393
2023-05-07 00:00:00+00:00,8.231474560349561e-05,-7.944202239384968e-05,-3.201515237127861e-05,0.0009329633930315051,-0.0008069345438395104,0.00016195183299672067,-0.00032392345491327745
2023-05-08 00:00:00+00:00,0.01492108096261946,0.005941041845880735,0.008165428296377453,0.008694937310607331,0.005624734512000185,0.019420236331070262,0.01954449433958061
2023-05-09 00:00:00+00:00,-0.0026668239043531328,-0.0073158784290277,0.0067026877653697525,0.004654186712289343,0.0012854679690930126,-0.0022574825596245462,-0.0015693244109025173
2023-05-10 00:00:00+00:00,-0.008248302201342095,-0.004098042682280312,0.005824542477738781,0.0003670811627913828,0.0034095475749493787,-0.007162661643607904,-0.003843945496644574
2023-05-11 00:00:00+00:00,0.013104639337722768,0.006264485257686969,0.004274448788150975,0.002447912334439195,0.011325403202695483,0.012856798636207811,0.01564788068137335
2023-05-12 00:00:00+00:00,-0.006486893734363286,-0.00324387193023723,-0.003893183296553193,-0.0018659060644065084,0.0022350702753253238,-0.008836468614145221,-0.00834590757052156
2023-05-13 00:00:00+00:00,0.001930152705733379,0.004372890338092406,-0.0011964317494659316,-0.0035166978099829826,0.0034086838242741724,0.0019293704046738913,0.0022324332004508562
2023-05-14 00:00:00+00:00,-0.005835190437765925,-0.006547183068048246,0.0034592348683890606,0.001327751980847447,0.004016534056446863,-0.004505392896676619,-0.0013572756315715084
2023-05-15 00:00:00+00:00,-0.00099884778870174,-0.0011186641860260194,-0.007942251753342844,-0.004219112941143632,-0.0012982521829567606,-0.006734189210489183,-0.006548019384944426
2023-05-16 00:00:00+00:00,0.0009090474535411452,-0.005638103877849798,-0.0031346423687905745,6.532675053039227e-05,-0.0003265064860408229,-0.0035921850137980993,-0.0017293533257359828
2023-05-17 00:00:00+00:00,-0.003582368331748298,-0.005813849555421635,0.0014494865170482374,-0.0019421923846332234,0.0007001411388742884,-0.004577954333655154,-0.003042926895415743
2023-05-18 00:00:00+00:00,0.001691289385467698,-0.001963166369377767,-0.0037504054336630066,-0.0031044184752393456,-0.0015058432963752644,-0.0007365603268132404,-0.0015157047048842687
2023-05-19 00:00:00+00:00,-0.0018300262082313612,-0.0008730845367820317,0.0015498792632704372,0.0015908021388149063,-0.002487899790009629,0.0006584646950020812,0.00184738095258008
2023-05-20 00:00:00+00:00,-8.13082080449723e-05,0.0011571057422521402,0.0008873433118037344,0.001045720252855542,0.00199817078987663,0.001112218537314913,0.0006907010057999319
2023-05-21 00:00:00+00:00,0.002073327091678401,0.0032898108848877783,0.0015495671084246876,-0.0002541197262083683,0.0013811916464137042,0.0029796561603450122,0.00224328865043244
2023-05-22 00:00:00+00:00,0.00026185666075906333,0.005824891627824735,-0.002957117292891165,-0.0046072869346683865,0.002375797404430946,0.0006040107003073558,0.0017796601965378578
2023-05-23 00:00:00+00:00,0.00015045411701941624,0.0059004998299367895,0.005664495183236529,-0.005497355183737396,0.006439121936741232,0.003454661395149383,0.004033163669611373
2023-05-24 00:00:00+00:00,0.0020537132818305714,0.017817845802526433,0.014395379107451145,-0.009054107584423154,0.0054143658332597155,0.010443111871587307,0.011226520335487988
2023-05-25 00:00:00+00:00,0.0012820919152609633,-0.0030362972609027095,0.011660426682198022,0.007579983923300171,0.005478561831636197,0.005074363743717836,0.006360493954799651
2023-05-26 00:00:00+00:00,0.0020034179486752013,-0.003938222669544245,-0.0018641714915712537,-0.001736034574597256,-0.0035066805082968333,-0.002371638887244676,-0.0027399521067020816
2023-05-27 00:00:00+00:00,0.0021149108233697866,0.0018350794798254189,-0.009960542014222584,-0.005627133744219304,-0.005002114271366875,-0.003312382035348005,-0.005920556327398185
2023-05-28 00:00:00+00:00,-0.003657515142823642,0.005022313274789969,-0.00537230642079467,-0.005839981517521853,0.007442647931067858,-0.00364587113551329,-0.003209933929379183
2023-05-29 00:00:00+00:00,0.00436641199907184,0.003607115785284609,0.0007345536189560242,0.0008899229846335288,0.004258776353737392,0.005722857962293659,0.005991338040512328
2023-05-30 00:00:00+00:00,0.0037244025210290133,0.008704948478391428,-0.006599514978959831,-0.008741886173908697,0.006355258822509535,0.004057009722030047,0.009167864308353257
2023-05-31 00:00:00+00:00,0.0026614994405196324,-0.0057374762878139585,0.0066354507212678104,0.0030584648891984756,0.003329050983580828,0.0019856583987947207,0.0010033926681154437
2023-06-01 00:00:00+00:00,-0.004401056613058119,-0.004340346190389255,-0.002529102340028677,-0.0013778286071334245,-0.0014880638434539017,-0.004092734672962228,-0.0038257675479225206
2023-06-02 00:00:00+00:00,0.0008033585370568197,0.001049417242457329,-0.00900401484851765,0.006209829644951315,-0.0014537628574556871,0.0013252866118098616,0.002298110416577126
2023-06-03 00:00:00+00:00,0.0027442082034074833,-0.008883809311022506,0.0024737888437160738,-0.0012646280045324199,-0.0008639336684964638,-0.0024185206890433575,-0.001915664953816898
2023-06-04 00:00:00+00:00,0.0034314873289453818,-0.008439690254709364,0.0013299732413114551,0.0027778564216125456,-0.0012768767578934526,-0.0018926256111414519,-0.002513890189744905
2023-06-05 00:00:00+00:00,0.00742044541002107,0.003940642041913245,0.01604580357730434,0.009016810837630063,0.01592869993867474,0.0126558235919767,0.009531342047145008
2023-06-06 00:00:00+00:00,-0.004979446229307016,-0.0003802532728444108,0.0026227502978020123,0.00036138159750565,0.009277592598710083,-0.0030169810884633774,-0.0006249011675438787
2023-06-07 00:00:00+00:00,0.005754361499594962,0.0015795008910413078,0.003717115072512378,0.004479680209436676,0.01250659373453189,0.006130245739465856,0.011088719138239389
2023-06-08 00:00:00+00:00,0.004923384500586048,-0.004368058280388443,0.007060200793069127,0.003562411016410083,0.005983722999409302,0.003780789928828021,0.0060632575514707465
2023-06-09 00:00:00+00:00,-6.692468811031471e-05,-0.000791783949514846,0.00429219095922595,0.0004562732913404588,0.0020069076182158696,0.0003322564504326664,0.0019895558434639415
2023-06-10 00:00:00+00:00,0.01874367978907121,0.008656922458066596,0.0015791916398717465,0.005001255454864628,0.014341090782478805,0.018935807389235837,0.01568066531688661
2023-06-11 00:00:00+00:00,-0.00013849500633367207,0.0019379491746982502,0.004154247301677794,0.001861263428240445,0.003362184769184484,0.0033452515942549166,0.004449917288354532
2023-06-12 00:00:00+00:00,-0.007286185183789207,0.005379499431714452,0.008285442359437178,0.0002743177805122343,0.0025931464344992605,0.0018282318407425446,1.2729098444852482e-05
2023-06-13 00:00:00+00:00,-0.002799722595076659,-0.003524132544546754,-0.00205426117818186,-0.0021169431169199004,-0.006895176975624029,-0.00452923702530883,-0.007096979270876935
2023-06-14 00:00:00+00:00,0.002001994470493873,0.004985205335376719,-0.0023547022508841886,-0.006859297464331449,-0.00014047970230524065,0.003030567592860578,0.0030340509838193697
2023-06-15 00:00:00+00:00,-0.0025389223307739073,-0.00852897174840761,0.00047426037572972923,-0.0010161241039240432,0.0008912672031584634,-0.0052700645589492945,-0.005770458340576101
2023-06-16 00:00:00+00:00,-0.0005654012141773634,-0.0033260101807370823,0.005921796294229065,0.0030519205072212507,0.004581128339740337,-0.00046035582505299377,0.002590033394797686
2023-06-17 00:00:00+00:00,-0.000945773265846217,-0.0031479425629098445,0.0011741009702304073,0.00042019611508714583,0.006175887635015753,-0.0026627612944233325,0.0036818497554729213
2023-06-18 00:00:00+00:00,0.004420857906974884,0.0023049198622571154,0.0017552293846347933,0.0022184976936707734,-0.0017799255023837057,0.004976138518210993,0.0040090216981159
2023-06-19 00:00:00+00:00,-0.0018333613963423812,0.0037456726523461548,-0.004009943462185528,-0.005710667173137729,0.0045544587461967545,-0.002292286770456231,0.0003544956540577626
2023-06-20 00:00:00+00:00,-0.003051756619440571,-0.004248619443490087,-0.007345659460837983,-0.0069990188844166745,0.004480582159047897,-0.007457558528991881,-0.004672927399707372
2023-06-21 00:00:00+00:00,-0.005944958657761568,-0.004446881215081855,-0.005520983146230507,-0.0011585039089077043,0.006350263018897184,-0.00634354681374083,-0.009837583753569024
2023-06-22 00:00:00+00:00,-0.0011320343844275493,0.0006239157991647648,0.012383803694359319,0.010016767080934796,0.017602463674156743,0.0044838350274658545,0.007853426422375964
2023-06-23 00:00:00+00:00,-0.0031822878822691525,-0.0048014635821665985,0.0033987761815361672,0.0028861647239193378,0.002349624073638923,-0.0008529082604030735,-0.0022090180650239377
2023-06-24 00:00:00+00:00,0.004504077002432938,-0.010945168817206974,0.006425957931533333,0.012640101927874126,0.002606432507804346,-0.00019799281275267866,-0.0005189495709975178
2023-06-25 00:00:00+00:00,-0.0027014730748132765,-0.020631220974017817,0.01644747355704812,0.011195769356228569,0.015130395233234228,-0.0008726874507624105,0.0029207024549944283
2023-06-26 00:00:00+00:00,0.0015040949589015806,-0.0018201055435131952,0.0029517125917135623,0.0066547578966569265,0.009053207334379199,0.003926368034272043,0.008955481375148455
2023-06-27 00:00:00+00:00,-0.0013507661791628545,0.0011902923066968718,-0.006044592402573601,-0.0073153754337934584,0.0024127860484051133,-0.004564954748578209,-0.0034706290214949753
2023-06-28 00:00:00+00:00,0.0056058472886226784,-0.0006425056034614629,0.0014095986743247746,-0.0022726498579397347,0.0008650724112115871,0.0020011063139460106,0.0031200087940868038
2023-06-29 00:00:00+00:00,0.002108324053456956,0.00855092958186665,0.0006422935317997869,-0.004859717125724861,-0.0048146848371277695,0.0044679315366360495,0.003226558029892246
2023-06-30 00:00:00+00:00,0.0005022468187503293,0.020848573571305318,-0.010549595729329897,-0.015134912557771552,-0.009531224862326604,0.002060436744637295,0.0014869733115547845
2023-07-01 00:00:00+00:00,-0.0003086770614783019,-0.011518683391529172,0.01191540031663596,0.014699348528692813,-0.0017701277295029128,0.002057501472483292,0.003006475996721658
2023-07-02 00:00:00+00:00,0.0005162128407496525,0.009546683115904342,-0.002402656458451058,-0.01684207012611849,-0.0022107646892141064,0.0032039289946557137,0.001991215584044692
2023-07-03 00:00:00+00:00,-0.002916792616872277,-0.00918130876568024,0.002273074457057822,0.00433631166825732,0.012044233259650872,-0.007662715157833011,-0.0009706938107413299
2023-07-04 00:00:00+00:00,0.0005827735139218859,0.002728202127279644,0.003356508921865231,0.004441055253297632,-0.0013652061101786517,0.003060770605010088,0.0015483360482537734
2023-07-05 00:00:00+00:00,0.0018343111372494114,-0.006206533744684495,0.00789280082143251,0.008182066029358559,-0.0023618011411890016,0.002850576303166985,0.002163522027271547
2023-07-06 00:00:00+00:00,0.00331184508374327,0.003953810056638085,0.0032696023412819297,-0.0003212940547387966,-0.0012489690724803992,0.004796686537918093,0.0061023570373368585
2023-07-07 00:00:00+00:00,0.0010673770602112054,-0.0028950465500479083,-0.007542183308196004,-0.011792181735001628,-0.007883083215672992,-0.00658713799163535,-0.007779420203663623
2023-07-08 00:00:00+00:00,-7.177700743010718e-05,-0.004828787991832728,0.0007364877694187033,-0.0008719776912143873,5.475585455538834e-05,-0.004731372069824102,-0.004116653109044743
2023-07-09 00:00:00+00:00,8.729606120017053e-05,-0.0004497051987720768,-0.0018974495795933688,0.0020589880357095858,0.0009544972120218986,0.0014464032511429803,0.001935268955925773
2023-07-10 00:00:00+00:00,0.003093447276222294,0.0010464979125408558,8.49276340644245e-05,0.0011286962011229917,0.0067911352926148805,0.002348250345920233,0.006726565313417421
2023-07-11 00:00:00+00:00,0.0021230665588827247,-0.0035952062526877215,0.006186115905339351,0.0019858641566166124,-0.0008957532834638071,0.0025821885511683185,-0.001219664878668092
2023-07-12 00:00:00+00:00,5.657619703614003e-06,-0.0023813705122891493,0.002619392559109368,0.0029593081280889777,-0.005258676797241124,-0.0003963043576795666,-0.0027187131181984903
2023-07-13 00:00:00+00:00,0.013723256557519825,-0.013783800398359913,0.0226347273618126,0.01688466189109139,0.004811371722297508,0.027491197966631686,0.030740650764017552
2023-07-14 00:00:00+00:00,-0.003799661967554435,-0.004982490407265394,-0.001608499319161405,-0.0007369723309428311,0.00492892102311826,-0.00930045147708125,-0.00912105913609007
2023-07-15 00:00:00+00:00,0.0021610328542978063,0.00025735399749660104,-0.0031734906200852064,-0.005640100928005376,0.0028997953837084367,-0.0017518789673602875,0.0018050517448631176
2023-07-16 00:00:00+00:00,0.0025518467853840043,0.006046591490440845,-0.003719095791683835,-0.0016155215657346345,-0.002417847196252376,0.0033963649019521647,0.0018051927545927882
2023-07-17 00:00:00+00:00,-0.0023396011144733997,-0.0059337552199789645,0.0006760230625899588,-0.003122802566427385,0.0014274541404573071,-0.006252589323144098,-0.003857520362442135
2023-07-18 00:00:00+00:00,0.0015207810942663436,-0.004508203604308592,-0.00016926254277771502,0.0005251208251817463,0.00015944837906523013,-0.0030066617676621776,-0.004271915983008023
2023-07-19 00:00:00+00:00,0.0021305053274081054,0.006655592920736364,-0.0008982938815924602,-0.0014740665381172136,-0.01066336909492438,0.005478235461169101,-0.0008479697865358959
2023-07-20 00:00:00+00:00,-0.00013740052817046156,0.0020352784394257473,0.007269679272349006,0.005209542172131432,-0.0005703691080919393,0.005505570647422742,0.003909351179725684
2023-07-21 00:00:00+00:00,9.298209763519694e-05,-0.0015502638876960795,-0.004869261401348135,-0.007235748482783189,-0.0003795335045250203,-0.0068958524389893805,-0.005575084349331516
2023-07-22 00:00:00+00:00,-0.0005632861589144333,0.003010743962841067,-0.006418243796058376,-0.006531388012726902,0.005205097373174539,-0.004848118559291126,-0.003763838688274679
2023-07-23 00:00:00+00:00,0.0010559848865550059,-0.001579536597293818,0.0024404449171600007,-0.0006345177071405139,0.00342232265280229,0.0006606494903762528,-0.00034850692384791326
2023-07-24 00:00:00+00:00,0.005536131826602286,-0.00198825539851899,0.004061606038605836,0.009144332990849158,0.007774106296849936,0.006036189362251365,0.008191718136798753
2023-07-25 00:00:00+00:00,9.930277176928293e-05,-0.0009221539787261923,0.0011075905270359065,0.0034310470746226063,-0.008436230524052513,0.0015447871294647086,-0.001873528353147691
2023-07-26 00:00:00+00:00,-0.00033149044163871544,0.006636449629859875,-0.005111379815069261,0.0001371859428216382,0.0018498687539503234,0.0019455607229659222,0.0034904853628801025
2023-07-27 00:00:00+00:00,-0.0015897852262763967,-0.0028739112934486055,0.003216466635604931,0.004312907493740248,-0.0018624149240201726,2.947706102651715e-05,0.0006208578310200608
2023-07-28 00:00:00+00:00,-0.00044026946142261547,0.0037557799476557463,-0.005040675154853624,-0.006219778532480791,-0.007026771743709359,6.707128620209168e-05,-0.0029923893671062185
2023-07-29 00:00:00+00:00,0.0005349191776458095,0.00819290853883281,-0.004581461373873386,-0.007111202591540189,-0.001719909280328058,0.0012873023793751326,-0.0010539039649938298
2023-07-30 00:00:00+00:00,0.001415060793126477,-0.0011891334731645165,0.0006149071824261831,0.00054914139815887,-0.0028086023562733375,0.0005541662327055441,0.00044849333371366207
2023-07-31 00:00:00+00:00,-0.002887712605705861,-0.0012533381607375826,0.0018447706104911532,-0.001632478330577225,0.003410015434995417,-0.002650297111532973,-0.0006471676695666284
2023-08-01 00:00:00+00:00,7.317004179618891e-05,-0.008917496321112606,-0.0051200735553667,-0.0017686593075221246,-0.006889952571844216,-0.006237776711963239,-0.008539239431094248
2023-08-02 00:00:00+00:00,0.0003615762028192915,0.0014240642435350281,-0.0004593630072070587,0.002298101890547244,0.003243603432215192,-0.0003695393575736672,0.0007831471976305071
2023-08-03 00:00:00+00:00,0.0005409575280419521,-0.00048519517890410757,0.006603771170898609,0.004247392181514709,0.00583460760690091,0.004598310413812978,0.004668543850960827
2023-08-04 00:00:00+00:00,0.0013375203216630105,0.005474386379197949,0.0008021911188085262,0.002877860456948822,-0.0003149027226118095,0.0045094942418011374,0.0008658778162982106
2023-08-05 00:00:00+00:00,0.00265284664783505,0.0009973633777518032,-0.0026549566063562846,-0.004087032764894083,-0.004162146502971198,-0.0006982118146990901,-0.0030924094805334645
2023-08-06 00:00:00+00:00,-0.0018925006779433318,-0.011263530013979062,0.011817678852384272,0.013287029881758894,0.02099309032572738,0.004075728034079296,0.012916838283660192
2023-08-07 00:00:00+00:00,0.0016294220509025514,-8.557206258696937e-06,-0.0014163080598363909,-0.001431968577915832,0.004461587673498579,0.0004924723977439704,0.00023668925454911616
2023-08-08 00:00:00+00:00,0.0026737993309642327,-0.01250578230523225,0.007946196064816835,0.0075454216004744445,0.006376840542625661,0.0009791996521129054,0.00451104644821676
2023-08-09 00:00:00+00:00,0.0010983122187493422,-0.003736315333570328,-0.0002633756108693097,0.00032841513170644987,0.0056373139951717555,-0.002694597795008802,0.001492306023997081
2023-08-10 00:00:00+00:00,0.0020423634092625598,0.000580360692481463,0.0006833479984884594,0.0018986860196201771,-0.0007553829310832372,0.0012254374214635266,-0.0002830244879594712
2023-08-11 00:00:00+00:00,-0.0017135575988422858,0.017541858537845068,-0.008348086242621955,-0.010461809716232118,-0.0071036569095173085,0.0020123447037916353,-0.0014423299515746724
2023-08-12 00:00:00+00:00,-0.0005190987789475132,0.007224516706079598,-0.012469444662101092,-0.009681822778696336,-0.006869119864236772,-0.004135827097174305,-0.00659881538852658
2023-08-13 00:00:00+00:00,-0.00040264701699610495,0.01637832407229456,-0.005912079501006029,-0.004225105500874182,-0.012710027433331827,0.0058195564559899715,-0.008781307425663187
2023-08-14 00:00:00+00:00,0.0007951923991784682,0.0012203484772113082,-0.0041367920663060165,0.0002494767724177116,-0.003615320731896854,-0.0016603762607274586,-0.003660377975372331
2023-08-15 00:00:00+00:00,0.006691330714676091,-0.0056712681046575675,0.012508697611386177,0.010740443698355362,0.02168267146358871,0.008912745236030695,0.015722513781685654
2023-08-16 00:00:00+00:00,-0.00027583275765874493,0.00524576264374188,0.00804940486204031,0.001321678708825491,0.005017072665260303,0.00971648923856061,0.01079410425916083
2023-08-17 00:00:00+00:00,0.004454695655528695,2.8079401439118357e-05,0.010016336847573637,0.006579742532532906,0.00921223974262797,0.009788116971326755,0.0112924410481261
2023-08-18 00:00:00+00:00,-0.009853584441777974,0.003467438214558749,-0.003409571076085749,-0.0035826981955069392,-0.007759995425279498,-0.006466774621674221,-0.009080477221820371
2023-08-19 00:00:00+00:00,0.001821313617717868,0.0031797098584571692,0.0030702552722758902,-0.0003041124102423076,0.005799074867151699,0.00457566319638647,0.005169344986442059
2023-08-20 00:00:00+00:00,0.0013784561505205684,-0.005986164280204709,0.0018409648364492437,0.00557149558634884,0.002001109765464637,0.00198135268475097,0.0015643886205503055
2023-08-21 00:00:00+00:00,-0.0037841987828530765,0.008531229693810927,-0.0041739215404063,-0.003849682600824522,0.0013481095266241194,-0.000416132209393405,-0.0006254296852452601
2023-08-22 00:00:00+00:00,0.0012680740176713723,0.0023243817496665375,-0.008307579232622375,-0.005876348520165275,-0.0011944700274071351,-0.0069546673407712145,-0.0029680073621003444
2023-08-23 00:00:00+00:00,-0.0007530317482324911,0.007427081226620169,-0.00786986773333942,-0.008032948223733682,0.0007186870708508764,-0.004237791463818197,0.0005515450128756871
2023-08-24 00:00:00+00:00,0.001492730144247556,0.0024895187361229087,-0.0015994632762881267,-0.0029038090761098756,-0.0005352098605692079,-0.00019805247241655444,0.0015718906790831433
2023-08-25 00:00:00+00:00,0.004390860420243392,-0.009938681773753677,0.008474181564895433,0.012570866697596106,0.0013373069300912643,0.008478289385390969,0.005746714150995702
2023-08-26 00:00:00+00:00,0.00027116072147093107,-0.0005189347198720773,0.000709791348416644,0.002303276245940511,-0.002126548131012762,0.0012921856788268293,0.0016704422229880667
2023-08-27 00:00:00+00:00,0.0003546826735196795,0.008019441140127093,-0.007806598719331204,-0.006574033770987198,-0.005732776527368366,-0.0062728099393770664,-0.009495064239079531
2023-08-28 00:00:00+00:00,0.0015296614678266263,-0.010575497513331089,0.012686992661331331,0.006587386519434357,0.00491870010687534,0.007748717104278269,0.0073646779687459585
2023-08-29 00:00:00+00:00,-0.01503505080966383,-0.005237083330392744,0.005209082776978624,0.005179037487832661,0.013093185954951903,-0.016176208630731104,-0.0008003524992921118
2023-08-30 00:00:00+00:00,-0.005629830886274223,0.012312640238426598,-0.009424261126599331,-0.007955714131054004,-5.128620981142973e-05,-0.006722072611929142,-0.0036734662149172648
2023-08-31 00:00:00+00:00,0.0029445398774456955,0.005891038007281635,-0.0024129368709530086,0.0027146323100357694,-0.0007667382216282048,0.004344580871898929,0.004606450612436808
2023-09-01 00:00:00+00:00,-0.015606172159611909,0.01345523194235887,-0.011409055433078352,-0.009268641875777917,-0.003293703309965257,-0.012616001970680912,-0.01210900284140759
2023-09-02 00:00:00+00:00,0.011017616263750973,-0.009789795358580489,0.007039281933780561,0.005599875965756063,-0.00789822328238543,0.007451140945010648,0.0002237006908092365
2023-09-03 00:00:00+00:00,0.003259211505651116,0.006748103382616666,-0.004400233401123388,-0.009744506089275129,0.0025503693491750745,0.0027658303956015207,0.0022754113207696935
2023-09-04 00:00:00+00:00,0.00874408807737348,-0.004568352444595858,0.0017798981458603258,0.004314074478688035,0.0018287463155246542,0.009296460415272989,0.00767952275160555
2023-09-05 00:00:00+00:00,0.0009827991217266074,0.0034910167732022934,-0.011690458940125215,-0.013032855497066342,-0.025684344111159607,-0.010565182939455742,-0.023044643532588838
2023-09-06 00:00:00+00:00,-0.006372573508875545,-0.0007418041007153375,-0.004350807799011203,0.0013894473626516746,-0.0002704491405429721,-0.00890058851205533,-0.00475108291509041
2023-09-07 00:00:00+00:00,0.0024030513237383033,0.012404678125155666,0.009322083763125821,-0.003011519384381711,0.006925582036166222,0.012742343318526528,0.013436031516203872
2023-09-08 00:00:00+00:00,0.0015469934052589895,0.002173772967120291,-0.0020001837702919856,-0.006318259296113071,-0.009410158097995058,-0.001034244097807946,-0.006642463695889833
2023-09-09 00:00:00+00:00,0.001828704945888493,-0.009179255086289584,0.011032163349529833,0.012321474624094275,0.0035308606627706407,0.0031376594346563813,0.003936172297624552
2023-09-10 00:00:00+00:00,0.004603537113002654,0.0007943812981863196,0.0027095365214895306,0.0034838648501751557,-0.001820349030837498,0.004890589870792494,0.0037237407487156204
2023-09-11 00:00:00+00:00,-0.0003414490050657193,0.0015845699851706474,-0.0008182110971293177,0.0013451739198588886,0.0008596063219863392,0.004070278011776285,0.0023421178149503064
2023-09-12 00:00:00+00:00,0.0029604558962268435,-0.0012929584891415713,0.0027336338391745763,0.0007979035638665533,0.0038432679199167374,0.0050554101464637125,0.0059710873556204636
2023-09-13 00:00:00+00:00,0.001751272955005323,0.003997646499541263,-0.003595450788074106,-0.007308400030476503,-0.00751258479875494,-0.0002808284737405575,-0.0031421061412559848
2023-09-14 00:00:00+00:00,-0.0019301007956917804,0.00031370712476608276,-0.001058332376873472,-0.006551953915379771,0.001262691373200564,-0.0036891134155139227,-0.0014911362598249989
2023-09-15 00:00:00+00:00,-0.009519920767889545,0.01627560977698539,-0.011602323526876401,-0.018977014472412734,-0.009087922848602048,-0.010768267208097981,-0.012848519865295338
2023-09-16 00:00:00+00:00,-0.00015000295845146727,-0.00753433168905282,0.00866922907807588,0.010215903522377223,0.007861886315156275,0.003971308371157445,0.004872064253565567
2023-09-17 00:00:00+00:00,0.009443873954170456,-0.011247989860834862,0.00806473680330888,0.014709526776792936,0.00867360956676455,0.010246161824923217,0.013198855745352622
2023-09-18 00:00:00+00:00,-0.0013791976201861234,0.00562836241803466,-0.003057679386922141,-0.008019942412450187,-0.0027607752388740803,-0.0016304761405869783,-0.005851826442673347
2023-09-19 00:00:00+00:00,-0.0015455775068257127,0.017166441125685772,-0.018414156604019793,-0.017616354986866534,-0.01128517046382449,-0.00011201104390778927,-0.006818545569222567
2023-09-20 00:00:00+00:00,-0.004440212194072535,0.0003393004737748395,-0.0011963173335051147,-0.002057940495364119,0.001220908713087665,-0.004898252222707233,-0.0011592810351899185
2023-09-21 00:00:00+00:00,0.0029351520539848686,-0.005995085052907245,0.005728499228629058,0.007304535926230926,0.012192679931872785,0.004693972787876088,0.008571125369412291
2023-09-22 00:00:00+00:00,-0.000870558460217441,0.0018004838336866946,-0.0025098865646159263,-0.0020894756746142606,-0.008144582520161148,0.0005607150615396517,-0.0033948882061833885
2023-09-23 00:00:00+00:00,0.002123970621491722,-0.005207373133475635,0.0017801547425899678,-0.0013531079115746136,0.002101236108479343,0.0016182455885249691,-0.0003170272636137117
2023-09-24 00:00:00+00:00,0.00018238709806794873,-0.0004683356704219266,0.0005452283892466436,0.002807930575105866,0.0009454886206787805,0.00018195136836141046,0.0010377110755694918
2023-09-25 00:00:00+00:00,-0.0011296023827821466,5.8488402321366095e-06,0.0012211614326620435,-0.001369530851157097,0.00101562092386831,-0.002088327028496595,0.0019664660753608842
2023-09-26 00:00:00+00:00,-0.0010322428214473156,0.007332739004577649,-0.00046813552668578673,0.0008832671425940131,-0.004954297878492553,0.006283154260141144,9.295818471466433e-05
2023-09-27 00:00:00+00:00,3.273304588091719e-05,0.008082791247520094,0.00038856245715246374,0.005030399731847712,0.001077369611024448,0.009417781948608539,0.008744134363315004
2023-09-28 00:00:00+00:00,0.0018454921839294869,-0.005843428786219573,0.00014370133129948393,-0.0022530296198850497,-0.0011311975464312063,-0.0074721305856014775,-0.008776375949198223
2023-09-29 00:00:00+00:00,0.00174729646020233,-0.002844737555657062,0.004743246643455601,0.004591985479345917,0.0019235547678995157,0.0031837148733440124,0.005419807317428305
2023-09-30 00:00:00+00:00,0.001528963020630103,-0.0027151712673094686,-0.0024270381540911767,-0.0036800284596898436,0.004970625070075174,-0.006457173388731974,-0.003966147290309863
2023-10-01 00:00:00+00:00,-0.0014277119490414547,-0.0005041961498811753,-0.011580063969183874,-0.013487827316354228,0.0013245571641584686,-0.010473635017390404,-0.009361832670295223
2023-10-02 00:00:00+00:00,0.00496210037429301,-0.001535747889714445,-0.0002774315673387262,-0.0017242039628335704,-0.010192129369557934,0.0011299165429150548,-0.004673043755960449
2023-10-03 00:00:00+00:00,0.010550382932343227,-0.012864240028094165,0.013688327645967613,0.01592898002454879,0.00925526460943571,0.012371897658160158,0.01167684119739465
2023-10-04 00:00:00+00:00,0.0004574971978910103,-0.002340877897388016,0.003191410753492274,0.005084481610172498,0.002246902242165172,0.0020685006206839773,0.001197459251764732
2023-10-05 00:00:00+00:00,-0.0012401432771237397,-0.002269991384285297,0.0037709798202434364,0.003348455997458144,-0.0010082309925943944,-0.0012074496729478357,-0.0003975225005919958
2023-10-06 00:00:00+00:00,-0.0034253413852127768,0.005365681443367576,-0.004065133143085209,-0.005781586781356429,-0.0022158196097337157,-0.004003848276961874,-0.0052393250286632
2023-10-07 00:00:00+00:00,7.60706373064135e-05,-0.002312875971367645,0.00224947725912239,0.0015891764546265286,0.007351670317844228,-0.00060833667121718,0.002281891770177902
2023-10-08 00:00:00+00:00,0.002547996165361832,-0.0019544724102025235,0.0019041098955019375,0.0014233387337292402,0.0024424097846085235,0.0026503945768590054,0.0033055812316693522
2023-10-09 00:00:00+00:00,0.001605108547714451,0.007634343329275373,-0.0024315436766921827,-0.0033977479991978976,-0.006506450777688189,-0.0005529237680714782,-0.0009430576589741779
2023-10-10 00:00:00+00:00,0.0029131535700950284,-0.0035971053234182815,0.002401050702346419,0.00024637281535855315,0.0003873115131705074,0.002964642593996869,0.0025993096700336338
2023-10-11 00:00:00+00:00,-0.0010789944692577436,0.0019506499827017798,0.0022366519865133494,-0.0013121003594657177,0.000926128824331407,0.0017085730662194099,0.002283273162255739
2023-10-12 00:00:00+00:00,0.0006665257408211556,-0.0036929552250063447,-3.268093428010488e-05,0.00169986062906613,-0.0028701347427224633,-0.003855756477622374,-0.004365833573953148
2023-10-13 00:00:00+00:00,-0.00044751159975786603,-0.002683643020427229,0.0009669310753441795,0.0004401717093760471,-0.0008701064488673138,-0.0021540552509083932,-0.003622936883817207
2023-10-14 00:00:00+00:00,0.0012899069019458587,0.0008353392471363019,0.0009222769741916714,-0.00037111866271077876,0.0005940945312850054,0.0030215254898278143,0.0012158357318770019
2023-10-15 00:00:00+00:00,-0.0017886075297768311,0.007050771518760879,0.0010487761220163705,-0.001170270844902066,-0.004901224144584604,0.0017065197944681199,-0.0003741295612135209
2023-10-16 00:00:00+00:00,0.003505053718300344,0.004734899382925262,-0.005714868781445004,-0.005935012860253441,-0.0053877011937624175,0.0048542874768346955,0.0006572508620910078
2023-10-17 00:00:00+00:00,0.00380467884884772,0.004588220124601916,-7.657924403337013e-05,-0.0003767622822081762,-0.0017943927523480507,0.006205508387729708,0.0022267779579128177
2023-10-18 00:00:00+00:00,0.003917421866038939,-0.003826882610437732,0.0074789512387059,0.009395259720035742,0.006282144603129591,0.00806644603625295,0.009004745772420497
2023-10-19 00:00:00+00:00,0.012033728045920844,-0.001977991815795166,0.004207029953899877,0.005024510264653559,0.003094082226921424,0.01681642839351527,0.016374232573785452
2023-10-20 00:00:00+00:00,-0.0023938471435602793,-1.1375237628952206e-05,-0.002647371700277623,-0.004282918674938685,-0.002442107897072221,-0.002051613252741946,-0.0032332831257959604
2023-10-21 00:00:00+00:00,0.0016542381883941637,-0.007475651741538081,-0.0002683278091225594,0.0015237773051377523,0.003788679552276797,0.0006042475497614053,0.002414580851054282
2023-10-22 00:00:00+00:00,0.00033538008137434794,-0.00174337319978779,-0.000855187665350865,-0.004299896156118366,-0.0014709810886379682,-0.004857628285718785,-0.004043098215707919
2023-10-23 00:00:00+00:00,0.01060608324230361,0.017054967881695804,-0.000344564764758748,-0.0010103966986179103,-0.0010538950546351566,0.020237023569125157,0.022301297910583884
2023-10-24 00:00:00+00:00,-0.0015878475674730996,-0.012171077168880884,-0.006860336097793018,-0.008813701789339046,0.004551995680995624,-0.01635768595982323,-0.010903601775178684
2023-10-25 00:00:00+00:00,-0.005335314631444543,0.0012419657172753062,0.005119432153919634,0.004348739108031463,0.006287870032992249,0.0024565772425251264,0.0015091338278276911
2023-10-26 00:00:00+00:00,-0.010077282750744154,0.003141978648756094,0.004607956488263287,0.008097691082326275,0.020903817663142643,0.00011524109641292135,0.005012040052015054
2023-10-27 00:00:00+00:00,-0.002754771510515508,-0.0031219547580068063,-0.008654059849551254,-0.005410231171141366,0.013794441197670704,-0.005880638881099576,-0.002817881536532174
2023-10-28 00:00:00+00:00,-0.00903539819419652,-0.004845231993428567,0.0031813705254384317,-0.002777566841949075,0.01273193038741871,-0.010718412820131529,-0.003387407429357059
2023-10-29 00:00:00+00:00,-0.0036075017911174623,-0.005366577676238826,-0.005519205749540568,-0.0023964290753799578,-0.0025924181886795017,-0.005166970826540274,-0.002271307950853285
2023-10-30 00:00:00+00:00,-0.012555207900646681,-0.00548334721539534,-0.002298584876207599,-0.0048635365454222645,0.006035210270455504,-0.012590082679778125,-0.010356996366061577
2023-10-31 00:00:00+00:00,0.007390543092756996,0.011286606250759057,-0.0005201685302849146,5.6558863955169514e-05,-0.0010241362268280652,0.01641937499550905,0.011674947362919852
2023-11-01 00:00:00+00:00,0.007693658466648934,0.006932018400080953,-0.0007484010777332184,-0.003919963379908076,-0.011551808811056219,0.013138704721861183,0.0060587409563046535
2023-11-02 00:00:00+00:00,0.005406910876981419,-0.007655618952844057,0.010035249638379096,0.014336465761543904,0.008751448009678198,0.010448933098411661,0.01057697404521396
2023-11-03 00:00:00+00:00,-0.008651225823495312,0.005089758946623002,-0.009527708607176999,-0.014628441443995999,-0.01433560032960357,-0.013505945082451398,-0.01510042640893594
2023-11-04 00:00:00+00:00,-0.008668690690384673,0.0039053616753330633,-0.004936917026890031,-0.0020438815388819087,-0.000961516024496345,-0.001767866622468417,0.0009450619617077383
2023-11-05 00:00:00+00:00,0.011474434778406817,0.00476438882522312,0.001637554674734032,0.004535930719643977,0.007839350604046835,0.015472908879533787,0.01659501986826384
2023-11-06 00:00:00+00:00,0.0006093323729035038,0.006031389055239478,-0.005767411414922652,-0.005489812544160144,-0.008232306281469759,0.00023943954572946957,-0.0022685562954620764
2023-11-07 00:00:00+00:00,-0.0017872288960480986,-0.012408148711978928,0.004347017947239795,0.0011724853639678567,0.006890675928798329,-0.008206141768483444,-0.002982425179418491
2023-11-08 00:00:00+00:00,-0.013361260529190622,-0.006449312312023281,-0.012962906955966469,-0.007088029778531513,-6.933317403201578e-06,-0.020463187615360146,-0.01853990137109951
2023-11-09 00:00:00+00:00,0.0015791625376122553,0.005811083414147822,-0.012851590890697207,-0.0061724486745373675,-0.0041350165272384665,-0.0009198307948287132,-0.006875624802374136
2023-11-10 00:00:00+00:00,-0.010522427175081228,0.013962371323397615,-0.009466072312114271,-0.0063571814203370325,-0.010315400331699864,-0.006118621553290904,-0.014007686686473342
2023-11-11 00:00:00+00:00,-0.0005779473886914355,0.00021276559869365386,-0.0015883419434443713,-0.004493889099760229,-0.004007353278876469,-0.0020889376993618036,-0.006487479821164377
2023-11-12 00:00:00+00:00,0.004542871957542438,0.008959900860256997,-0.0054621589001683235,-0.007273659897429674,-0.005497325630584471,0.006384737153253717,-0.0011138032525930264
2023-11-13 00:00:00+00:00,-0.0099242027179125,-0.01802292086644286,0.00890527045241818,0.002613789208801176,0.008037914340351282,-0.01342862693520841,-0.009501447586198308
2023-11-14 00:00:00+00:00,-0.012016311597643492,-0.0002549988935717229,-0.011873074694513597,-0.020438364254642405,-0.008819792206732235,-0.018742418069429334,-0.02140506747580606
2023-11-15 00:00:00+00:00,0.003604271626709732,0.002306803155740278,-0.007778333096266965,-0.0043831267936794704,0.003216233863488238,-0.00198088402318497,-0.0028367092461407672
2023-11-16 00:00:00+00:00,-0.0013657428926533433,-0.005477326421941986,0.010091140391276232,0.01359142388747725,-0.003022407056820664,0.0022743013143604607,0.0009319018884987873
2023-11-17 00:00:00+00:00,0.004879578025581921,0.0009987345441013762,0.0033206950015223224,0.004108190532373435,-0.00016622839565849645,0.005276183405183765,0.006275466823331133
2023-11-18 00:00:00+00:00,0.005542169512338768,-0.0097482414054898,-0.0005656906722565358,-0.0010672660819420754,-0.004828891538418478,-0.002317071043050789,-0.0034060480038620167
2023-11-19 00:00:00+00:00,-0.0016072310160785142,-0.0010900636773595318,-0.006332228739574841,-0.004252063631672742,-0.00986153626086772,-0.004900937240016057,-0.008647851176505461
2023-11-20 00:00:00+00:00,0.003645557144435152,-0.005031489506474696,0.009496856644349627,0.00891559268813813,0.01248064314563968,0.003051937667957416,0.007002692971437963
2023-11-21 00:00:00+00:00,0.008823106622840582,-0.0037984732127407383,0.0002503513566503024,-0.002050277703491865,0.0013798655976142715,0.0034419867884929456,0.004333192938021924
2023-11-22 00:00:00+00:00,-0.0048018703761729675,0.005674033516900545,-0.011943970037857299,-0.01306200273367275,-0.010919529686260532,-0.007184967637333894,-0.009433559574077655
2023-11-23 00:00:00+00:00,-0.004954638531067257,-0.0017293888231542098,-0.0005514980440450845,-0.0019641136162091843,-0.0035961583875964154,-0.004236415774754421,-0.005208747454551355
2023-11-24 00:00:00+00:00,-0.0015632152615695505,0.005938337262362703,-0.01219324394792598,-0.013337682500712877,0.00691415269338691,-0.003643855778835192,-0.0014906136960946004
2023-11-25 00:00:00+00:00,-0.004818388485009928,-0.0047254469380124675,-0.0008430636099916455,8.787526260856104e-05,0.01212528457955342,-0.0060969935133318165,-0.0009399020967393312
2023-11-26 00:00:00+00:00,0.004065261526507324,-0.003488494078731974,0.00845316270225771,0.006030434419365793,-0.0060704559919835255,0.004228392566775208,6.392502849439374e-05
2023-11-27 00:00:00+00:00,0.002079225606398394,0.0019066547625579133,0.00033398753287605665,0.0008744490973753294,-0.001962181113453476,0.0030586274876245323,0.0018658089188456906
2023-11-28 00:00:00+00:00,0.00036762361048015,0.006388813229468271,-0.003857853096554842,8.341023998958974e-05,0.01083085406220663,0.003026472628966159,0.006699384602529612
2023-11-29 00:00:00+00:00,0.006404381246732926,-0.01335740167914945,0.011965047588615718,0.011875683598357334,0.004209801093750132,0.0025441119097018294,0.004729519907445301
2023-11-30 00:00:00+00:00,-0.0020993655881504925,-0.0024003949219091325,0.004290316854065113,0.0033445318142846236,0.00592957302327024,6.215737572379254e-05,0.003927809188480902
2023-12-01 00:00:00+00:00,-0.009250903648606368,0.0015212496003682574,0.0023681545112446134,0.0027046188801467252,0.007970346501666503,-0.00020037558336172268,0.003511351781337657
2023-12-02 00:00:00+00:00,-0.022778792723286867,0.0030482799613062994,-0.01290862790079328,-0.011574170675453965,0.005040878189157105,-0.016371062137316095,-0.01288502307052175
2023-12-03 00:00:00+00:00,-0.00720646280688364,0.006129651770610645,-0.003957823589469944,-0.0025972982822271007,0.00038499365293831467,-0.0002554597828333671,-0.0004600086224380018
2023-12-04 00:00:00+00:00,-0.025538386671036584,0.014665934677632997,-0.01666915198375929,-0.017186438951722227,-0.006799435800883824,-0.014621961483130774,-0.012626270566262754
2023-12-05 00:00:00+00:00,-0.011066662283925277,0.0017974380891565556,-0.015135148801282083,-0.008046466604868407,0.0033521957908491107,-0.009572889028335196,-0.011076010629677224
2023-12-06 00:00:00+00:00,0.02063471545266027,-0.011420407150110945,0.014852509346238163,0.016932743874291667,0.026343507431290103,0.010937655402543545,0.02144409826684579
2023-12-07 00:00:00+00:00,0.0032605824338274303,-0.009486650070072322,0.0034308694483380364,0.004468026254508706,0.006080855872559132,-0.0006390907206206276,0.0008405184413087241
2023-12-08 00:00:00+00:00,0.00568146864556085,0.0019333906901777276,0.007356750550713498,0.006353836081006925,0.005392009582774637,0.010052055680040306,0.010859215164954916
2023-12-09 00:00:00+00:00,0.0008403134328438533,-0.00010387175042436692,0.00899723492611626,0.007001336202211439,0.006404546537335021,0.007533708957770502,0.008904675697749553
2023-12-10 00:00:00+00:00,-0.0035746311929768515,0.002273846194772222,-0.006012418298033673,-0.004592865005011992,-0.015775119097296453,-0.00434357877881697,-0.009527073492166416
2023-12-11 00:00:00+00:00,0.004533983303022682,0.0061042226596064175,-0.00036045411201612865,-0.0008918146377726588,-0.001899992654326721,0.004763204983259106,0.0044200894549746295
2023-12-12 00:00:00+00:00,-0.011470216824407853,6.208632781823376e-05,-0.001924529266559727,-0.0014053388854629034,-0.0035425882566769706,-0.00471407164962423,-0.006093544633427261
2023-12-13 00:00:00+00:00,0.0004991234316074067,0.0015919330369944529,0.0016313681522963641,0.002192417278507497,0.00664092870116173,0.0027471629452302526,0.004214408467002162
2023-12-14 00:00:00+00:00,-0.0003510509165366438,0.0034092717539928596,0.0015502425508593376,-0.001745600512140122,0.004533798290115465,0.0014287709762825784,0.0014954849714963192
2023-12-15 00:00:00+00:00,0.008022824048592003,0.001438026431121786,0.005229648010806276,0.005336020501693239,0.00401040263734842,0.008913688855617607,0.009510435242475745
2023-12-16 00:00:00+00:00,-0.004697372036047698,0.0001746357792344888,-0.004846999114302419,0.0028649242964924326,-0.004727468842707805,-0.004150768835103458,-0.0033772525557409505
2023-12-17 00:00:00+00:00,0.0015642472967116738,-0.001891163795449402,-0.0008778009826607702,-0.00017305374420117925,-0.004862941891355055,-0.0009435256694008132,-0.002875579221018665
2023-12-18 00:00:00+00:00,0.009471684185316631,0.006611302450238998,-0.0025105844818409384,-0.003963605812570936,-0.0012767509868335525,0.004233790193696629,0.006431161232139715
2023-12-19 00:00:00+00:00,0.006921822073935324,-0.0053636608795342156,-0.0019047208605650345,-0.003930589918444638,-0.01132939292640689,-0.0024672644837668845,-0.006193119604937847
2023-12-20 00:00:00+00:00,0.0034389871439086672,-0.0008498746803977664,-0.005608540368731374,-0.00568352437898767,-0.0034339237968685765,-0.003962252178236203,-0.006372539356593876
2023-12-21 00:00:00+00:00,0.006703422992000885,0.003493228657550418,0.004052210793912714,0.005919463446522943,-0.0019016069251984735,0.009358417602777003,0.004799346831607432
2023-12-22 00:00:00+00:00,0.0060134993054634656,-0.014392788498829079,0.0036312881366329375,0.0075222843954014795,-0.0011617237536062364,-0.0013492427981655064,-0.0008557458199706103
2023-12-23 00:00:00+00:00,-0.00570854410763344,0.008261428118427894,-0.004738109714190641,-0.004544739506586182,-0.0033329436203528573,0.0005700351507593737,-0.0041232706969303035
2023-12-24 00:00:00+00:00,-0.005626047913814491,0.009407027599957818,0.00033661140674468015,0.0033121210903566123,0.0056982948403949685,0.006865889812502024,0.007258547393793391
2023-12-25 00:00:00+00:00,-0.008296076712328682,-0.0026357669777763437,-0.00029557881931630003,0.00115735027378161,0.005846278087102474,-0.007534594498084357,-0.004549559664753344
2023-12-26 00:00:00+00:00,0.01069245120753326,0.0062700121613727955,0.00640279909931607,0.001104239532724316,0.0034399387322456842,0.00868385136717098,0.007768965123959859
2023-12-27 00:00:00+00:00,0.007003175104393744,-0.012501580962314573,0.008748398553758419,0.010009564703053808,0.0138839366699397,0.001687722195698571,0.005393032927077046
2023-12-28 00:00:00+00:00,0.010120277367949404,-0.0008596961404536696,0.0004002135162066711,-0.0017033005932930445,-0.003639928071998755,0.002854538372054183,0.00034929790752347145
2023-12-29 00:00:00+00:00,-0.0026615185359205595,0.0047872321873971835,-0.005089472900002612,-0.004094364363857128,-0.003907038563978449,-0.0012136184074389433,-0.0035030043757509066
2023-12-30 00:00:00+00:00,0.003196083246832293,0.0029599384176146604,0.0037106156548765146,0.0015043129271761213,0.0030949995768601024,0.0043313368565423005,0.004608189559278442
2023-12-31 00:00:00+00:00,0.008095356487874072,0.0007359303082961066,0.0005944536987581017,0.000505099025704725,0.0004860268491400088,0.0038279630975686096,0.0037390127282908026
2024-01-01 00:00:00+00:00,-0.0015201530685677866,0.006029349350991309,-0.004296153482480247,-0.00458433638476019,-0.002775237267581887,-0.0004648038781918107,0.00042007035810120996
2024-01-02 00:00:00+00:00,0.00430126751508908,0.005703522946998385,0.001832999143865921,-0.0018035958641862138,0.0009316128967606918,0.005658606005405131,0.005182139080761594
2024-01-03 00:00:00+00:00,0.016858462149871523,0.011984578294619519,-0.0008512818796384547,0.006070316350827998,-0.010379274354921697,0.015211212556329956,0.005341137071693591
2024-01-04 00:00:00+00:00,-0.011944982953326022,-0.012709773429280036,-0.001484588147641519,-0.0018048322153024765,0.0028066437325910965,-0.012660003673516274,-0.008517845035428295
2024-01-05 00:00:00+00:00,-0.001002555947825945,-0.00015104494662876444,-0.009968645086496308,-0.007074074998218105,0.0032483319632450325,-0.005572232974645819,-0.004306268456862217
2024-01-06 00:00:00+00:00,-0.004953763061299243,-0.006086522333679345,0.007760049823547055,0.009255719474870805,0.02067661345381744,0.00045892275232306545,0.005738204444951656
2024-01-07 00:00:00+00:00,0.016230252200867934,-0.00011980271755551719,0.005256587271772695,0.0037644874333253586,0.007754130891132194,0.006991623889883947,0.013987459343800301
2024-01-08 00:00:00+00:00,-0.0022076664351661224,-0.005951772692750046,0.002089921325283628,-0.00018958386844925013,-0.0035787730457619293,-0.004033798875883177,-0.00671885560007901
2024-01-09 00:00:00+00:00,0.0155223325476197,0.0011956350640507374,-0.0009618699663259678,0.003211736767470663,0.0016279034523534186,0.007826374138188985,0.007615343728110124
2024-01-10 00:00:00+00:00,-0.008868765034418802,-0.0008495080009121025,-0.009797709718478598,-0.00729857835877068,0.000848209985195858,-0.008507793519209605,-0.00812350161907227
2024-01-11 00:00:00+00:00,-0.009786363074674509,0.00021730729905788948,-0.009754091979642387,-0.011134485331189437,-0.002531182523974995,-0.008834207980958464,-0.0096300408375396
2024-01-12 00:00:00+00:00,-0.005937306316614044,-0.0002835488769066252,-0.00338625780266244,-0.003110438963821238,-0.003498845523098537,-0.004378553291221943,-0.004390388603705775
2024-01-13 00:00:00+00:00,-0.012365095703843476,-0.0017274176220628545,-0.0014746612218292654,-0.004234426159018589,0.0043913585402437505,-0.006395968991716239,-0.0059631272289445425
2024-01-14 00:00:00+00:00,0.0002537522603762721,-8.881498172508273e-05,-0.0011341893781330326,-0.0012989076967713231,-0.004922831254929427,-0.0001605968722998563,-0.0016927707042379003
2024-01-15 00:00:00+00:00,-0.0026295465834603737,0.0018355132640321958,-0.0038365604511764184,-0.007459624362269546,0.0047767599381531856,-0.002499023172231718,-0.0017084176124213535
2024-01-16 00:00:00+00:00,0.0034310796226293405,0.0007236070689424778,-0.0055180744879514965,-0.00327503867126977,-0.0004424320591156494,0.0003710358469617425,-0.0004345848043398881
2024-01-17 00:00:00+00:00,0.0009721498407482265,-0.006451949194067219,-0.00016689631308908215,0.003577037520750448,-0.0026315364325035784,-0.0019692485501842105,-0.002926674757955827
2024-01-18 00:00:00+00:00,0.0060819953266297855,-0.004192582108454634,0.004542045240286896,0.004601038905997168,0.013294935311102485,0.002697038302823085,0.0073276326563367356
2024-01-19 00:00:00+00:00,0.006870645496380723,0.008837234673855443,-0.0007013285483091769,-0.004415583109992793,0.008498677400673671,0.005677917417139522,0.009186841995491024
2024-01-20 00:00:00+00:00,-0.0020320805584407298,-0.0033123040791249725,0.0035699574382839216,0.008277065032990416,-0.0005257977437443939,0.0012262868275767502,0.0009962783382388984
2024-01-21 00:00:00+00:00,0.0007018923561084023,0.003834673318489079,0.0008854855109856619,-0.004764036860585574,0.004072417758984592,0.00129292146794735,0.002796736760298346
2024-01-22 00:00:00+00:00,0.002382785804242449,0.002620525965336684,0.00728700361065604,0.004413015217467731,0.003413547109763382,0.005551706967128256,0.006542311019669622
2024-01-23 00:00:00+00:00,-0.0017193358769159728,0.005144347184176334,-0.00033138983066527405,0.003388972312664773,-0.000685235458850797,0.0030521658028546117,0.001204204146625587
2024-01-24 00:00:00+00:00,-0.00764217764056363,0.002204913815009979,-0.007791038604486156,0.00033036143131037754,-0.0013620367000457545,-0.00531673085515616,-0.004112460886607439
2024-01-25 00:00:00+00:00,0.0045934693236802104,-0.002982550496189562,0.005044773720674467,0.008787802824712587,0.0007142418702066333,0.0046461681550400424,0.004102128519224424
2024-01-26 00:00:00+00:00,-0.006451816242683317,-0.0021200768046367724,-0.013032819533982498,-0.008150901367683594,-0.006500221678495288,-0.008530553290069798,-0.009011648334890432
2024-01-27 00:00:00+00:00,-0.0032329483471820186,0.000750835694675267,0.006230419792666142,-0.004647789996164331,-0.005272776186083239,-0.0008969625315263796,-0.0016458780342469836
2024-01-28 00:00:00+00:00,0.008180661917293719,-0.002814823278796119,0.0029146608980696875,0.0035725326884954445,0.008234900806396661,0.003267520325750839,0.005461053271655025
2024-01-29 00:00:00+00:00,-0.003699559799215879,0.005134634751348344,-0.004870287852389743,-0.00442629952947915,0.0008076908891270218,-0.00243180032967083,-0.0009622044703100352
2024-01-30 00:00:00+00:00,0.0032550873571606243,0.0011818024330962906,-0.0006431868211103087,-0.0021550598599098247,-0.0010734327227212015,0.0027457912416173347,0.000950461525983437
2024-01-31 00:00:00+00:00,0.00543426967098215,-0.0008190154382430315,0.005013201698169212,0.004284094740284461,0.0046262149313323064,0.0048926969881550875,0.005771878052040158
2024-02-01 00:00:00+00:00,0.0027483026248777964,0.00399087160170053,0.0004877113578711789,0.0027087128608980215,-0.0006674923646966535,0.0030924287642164483,0.0022166495783464413
2024-02-02 00:00:00+00:00,-0.0003857668411081372,0.0033473853455843194,-0.006899413477521987,-0.00016181970320450212,-0.006492927989084074,-0.000723807546894939,-0.0022762487471378323
2024-02-03 00:00:00+00:00,0.0034704164194141462,-0.0013055196546126746,0.0037317041436517595,-0.0018619612130325036,0.0016899407248986975,0.0020848979961205494,0.0018952885657272933
2024-02-04 00:00:00+00:00,0.0054200845142220455,0.006754128677028515,0.0036384957046755595,0.0008096578447580605,0.004601705385378851,0.007006138021143915,0.006750915809745406
2024-02-05 00:00:00+00:00,-0.0019829306470787733,-0.0015258665668923532,-0.0025940923847100894,-0.0056076781760936445,-0.000356076170159203,-0.0036785698467006744,-0.0032046121951889717
2024-02-06 00:00:00+00:00,0.003215601544825031,0.0005557370303601594,-0.002848673281736991,-0.00018720028919194664,0.0042129255583978065,0.0005192904972637358,0.0012023748463376727
2024-02-07 00:00:00+00:00,-0.0028475917937607065,-0.012242742985509425,0.002526231941378576,0.0014815790486557567,-0.00923970814857833,-0.005943584237827038,-0.006633391404766598
2024-02-08 00:00:00+00:00,0.004535101899220795,0.0016476912194944848,0.002024088531691115,0.0006377744317882517,0.0037039847156450367,0.0032578505185103523,0.003687714121317631
2024-02-09 00:00:00+00:00,-0.004821292390965182,0.005287000101205752,-0.009885848495322813,-0.011487346144572697,-0.0007069566998598731,-0.005763904946602505,-0.003047342872287362
2024-02-10 00:00:00+00:00,-0.0066897176313361895,0.0007210607584573481,-0.008338189853807298,-0.004903169387495465,0.004786487305796117,-0.007170327040620594,-0.0049968358216422315
2024-02-11 00:00:00+00:00,-0.008146656852964784,-0.0032015110054812723,-0.005875233926354473,-0.006034659000474618,0.0013026949485022143,-0.00806587198263986,-0.006775892954053009
2024-02-12 00:00:00+00:00,-0.009326454988416,-0.001262121661256721,-0.003637261371368994,-0.00950684845734484,-0.0009128303403869165,-0.007835687053936002,-0.0056885992565460786
2024-02-13 00:00:00+00:00,-0.008723771495553367,0.015022535523778302,-0.007361448531841397,-0.007908050732937322,-0.003843671302860452,-0.00045064770310943025,-0.001722950493352915
2024-02-14 00:00:00+00:00,-0.010232018559496847,0.00805892476817216,-0.006495087993474868,-0.012848119057488616,-0.009009551412073824,-0.007084564804105797,-0.005390751883099232
2024-02-15 00:00:00+00:00,0.011601054138461908,0.004070393619201473,0.004904096539935843,0.0023338125538763244,0.007303219861124477,0.008827780052618639,0.011484272537996887
2024-02-16 00:00:00+00:00,0.0021374941630816213,-0.0084652333951315,0.001113265480263692,0.0006596546787103197,0.002683692446490804,-0.00034584458537723073,0.00022196098396731756
2024-02-17 00:00:00+00:00,-0.003235571996276554,0.007541477347501324,-0.006271708735552384,-0.008448568796518785,-0.016087892411954074,-0.002381224222595235,-0.006748220479525835
2024-02-18 00:00:00+00:00,-0.013437121409775932,0.0032605108218006773,0.0012231189383968832,-0.005247010765832005,0.0032681878501246153,-0.005991049281838912,-0.004382388329480236
2024-02-19 00:00:00+00:00,-0.006434593978277947,0.009700299383998079,0.0030761222025526003,-0.0021868306543200156,0.005318034682909145,0.0009591075114878667,0.0038785487866757062
2024-02-20 00:00:00+00:00,0.005897511496769869,0.0016128836444748718,0.007562756403409532,0.006653867213314957,-0.0015764041895598435,0.00792884837974106,0.005471135851529363
2024-02-21 00:00:00+00:00,0.006658206197719618,0.01940602625170218,0.004803771524002798,0.0019944786147079174,-0.005235403281869555,0.01381320333645153,0.009570140627502388
2024-02-22 00:00:00+00:00,-0.0016117093817373807,0.007921194614349814,0.002712021920582508,0.0007372421457738643,0.006185377737150999,0.003305643954484072,0.004828686323726128
2024-02-23 00:00:00+00:00,0.004404760687064746,-0.009040104083369305,0.02254438518027957,0.02418078164824977,0.0153230708483032,0.009186632745922463,0.013174629032905116
2024-02-24 00:00:00+00:00,-0.0012700029383025946,-0.0010874267546054917,0.0018256936958098713,-0.0017431625255334149,0.008875240822687536,-0.0011139732664906532,0.0016538028108128433
2024-02-25 00:00:00+00:00,-0.0029556763373813633,0.010894317044717328,-0.0027067234251233474,-0.0011556308840445784,0.002696105034699192,0.002766977937342485,0.0017316580617778854
2024-02-26 00:00:00+00:00,0.0002205451574102124,-0.0047556959555365985,-0.0006264790751224769,0.0009147825406892185,0.0005410042563411821,-4.9538967617168694e-05,0.0005295285544852923
2024-02-27 00:00:00+00:00,-0.0009638179625108823,-0.017364607549079092,-0.008063438270000556,-0.0044945229041079005,0.0039005985668187915,-0.012732680145070563,-0.009247909266023924
2024-02-28 00:00:00+00:00,0.015782497052389877,0.02475829506234417,-0.023328677283365518,-0.01824631884689276,-0.020967346912105556,0.006324877746269886,0.004188884788932645
2024-02-29 00:00:00+00:00,0.003068449366205428,-0.005579061487798853,0.0057488798598350765,0.006323079882936344,0.005389715180316612,0.0024648236721751537,0.0020031407468485973
2024-03-01 00:00:00+00:00,-0.011944376465328532,0.021712315306709584,-0.01487469380782791,-0.014874911383413902,-0.007959758841236342,-0.005531981380647255,-0.004140874013535023
2024-03-02 00:00:00+00:00,-0.0032787989774046844,-0.004654122802754568,0.003345351545430919,-0.004965962897421128,-0.012326108293845728,-0.005163755975241213,-0.006952914913899821
2024-03-03 00:00:00+00:00,0.00023307744119582807,0.014351471293631013,-0.007934243553376907,-0.009583671203252875,-0.0012330705630028138,0.0006313270009150607,0.000935816288000213
2024-03-04 00:00:00+00:00,0.012271091090182651,0.013232599834849923,-0.011851265700810742,-0.009283551002755908,0.018372223147593347,0.00727270346228992,0.013343290499955973
2024-03-05 00:00:00+00:00,-0.00966686084246171,-0.002695600172641699,0.005013160420707985,0.006984804207157191,0.0020701306498676075,-0.00473718973896875,-0.0034701849276166374
2024-03-06 00:00:00+00:00,-0.007054343300657795,-0.0004423750960232953,0.002809864628820158,0.004239861414827351,0.0012122516730888044,0.0005906343029269401,-0.0034937369810269514
2024-03-07 00:00:00+00:00,-0.0031601385165492824,-0.012373303734178775,-0.00036135405024484424,0.0008959375632555666,0.007314758807205113,-0.009311334262547932,-0.008037562407891774
2024-03-08 00:00:00+00:00,0.0008116231694199616,0.014398991293654184,-0.01248326120563159,-0.013066141258429531,-0.011065122679274952,0.0009527184994864157,-0.001990826596884432
2024-03-09 00:00:00+00:00,-0.014192014423392685,-0.003558655989078119,-0.0036906732159790456,-0.00497672673654681,-0.00946644503404559,-0.016467396429481918,-0.01677427164551193
2024-03-10 00:00:00+00:00,0.002319892014100544,-0.0021614475240290254,0.0026864420649950205,0.007631025033268957,-0.0010134025881594066,0.004067133112937604,0.0026429814706996346
2024-03-11 00:00:00+00:00,0.008321683126611523,-0.0016437488531059197,0.007020225511684464,0.009984873298720887,0.013353566569475728,0.010693997165593938,0.015483790555229637
2024-03-12 00:00:00+00:00,-0.001485516455260516,-0.0026285426524723654,0.000526053290080819,0.001043991034515468,-0.006025440184829867,-0.0030550909972962836,-0.005397547530593849
2024-03-13 00:00:00+00:00,0.007491618019125568,0.0035645378034498965,0.003813289603950887,0.0021106655754983272,0.001683020174268579,0.011759704515369895,0.009181971889920426
2024-03-14 00:00:00+00:00,-0.00032692220266306027,0.009576724376287649,-0.0007974907201295789,-0.005296310763685641,-0.009862070221703045,0.0063408858214877295,0.0023712532279600573
2024-03-15 00:00:00+00:00,0.009138070460899428,0.0012771886704139312,-0.0022557198338747364,0.0018215761205433445,-0.006097133537253163,0.007871102706802358,0.0059248859908545
2024-03-16 00:00:00+00:00,0.0005121202601019448,-0.004005059280575374,0.0014301916430747852,0.002084847567780157,0.00676340170615064,-1.684268273249856e-05,0.003215424627298624
2024-03-17 00:00:00+00:00,-0.007691515136463378,0.010249204871886741,-0.00909120739745306,-0.0069004473657861,-0.004002119466195553,-0.003715385635138846,-0.006356769100759663
2024-03-18 00:00:00+00:00,0.010982641701804186,-0.0011222347121940812,0.004610213186288181,0.003360289260828875,-3.734950304423723e-05,0.009830007206799163,0.00856996877346905
2024-03-19 00:00:00+00:00,-0.006795046570324037,-0.003456875780023294,-0.003945791379197927,-0.00534067898817947,-0.010118248281968945,-0.011864448513400072,-0.015361903840015345
2024-03-20 00:00:00+00:00,-0.0036391976383431945,-0.00023903130608937673,0.0016440814732114895,0.0010875248291299933,0.00827522713759321,-0.0015248605433330065,6.014765859796434e-05
2024-03-21 00:00:00+00:00,-0.001213168853611557,-0.009646467917911905,0.002612535927042803,0.005280546002768283,0.003255174967790042,-0.005836781922797463,-0.0027906177154808365
2024-03-22 00:00:00+00:00,-0.00020410579633201031,0.0017629255324074222,-0.0004977352396151602,-0.0012671926358153174,-0.0009512986670413559,0.0009699928611623942,0.0010794375910758713
2024-03-23 00:00:00+00:00,0.00024014909221703462,-0.00294166082620817,-0.002604827096926332,0.00034853277914681513,-0.001323029183026625,-0.002842597583617934,-0.002744832993441193
2024-03-24 00:00:00+00:00,-0.002348014485174743,1.087044055858577e-05,-0.0016477455891888981,-0.0031978591618573304,-0.002755281777855001,-0.00206279043268609,-0.004128390963829109
2024-03-25 00:00:00+00:00,-0.002674493778125342,0.008214128091771355,-0.007201243549071812,-0.0016700629181384263,-0.0001154547432594688,0.0003287029870773228,0.0024767060151760223
2024-03-26 00:00:00+00:00,-0.003793983094996456,0.0013961492118421681,0.000831888267196712,0.001419360376291312,-0.007349224392575127,-0.0015838054696496462,-0.0031753819051287824
2024-03-27 00:00:00+00:00,-0.003995439943959789,-0.0014303526470449412,-0.0030782499911207184,0.0009576548554282027,-0.007388650067475466,-0.004550941732543445,-0.0075178247401292975
2024-03-28 00:00:00+00:00,-0.0025834898308012555,-0.002052256885038628,-5.9938652046787055e-05,-0.0034595661262478705,0.004222888309640904,-0.004920449717605968,-0.0030293600844607527
2024-03-29 00:00:00+00:00,0.005910229688886881,-0.0007812117089072146,0.005117262500024422,0.007749312581224466,0.006832168939003624,0.007922457880693345,0.009277713316634184
2024-03-30 00:00:00+00:00,-0.002483130796628985,0.0027326273593504258,-0.003599802414394837,-0.004321197388987286,0.0003750304410801153,-0.001758100563564291,-0.0011684969538825474
2024-03-31 00:00:00+00:00,-0.0011068730054074605,0.005700615105278972,-0.00525937094462825,-0.0034381982165058167,-0.0018224057412372652,0.00081753274240981,-0.00044429527311662387
2024-04-01 00:00:00+00:00,0.0008886137550223605,4.3923373946430644e-05,0.0016834955516347172,0.005807475271710549,-0.000522012501237179,0.0040641603937578985,0.0038561905840097666
2024-04-02 00:00:00+00:00,0.0019708355147127765,0.0015334794894708015,0.0038531672459969357,0.001921804503341784,0.0024391251475428533,0.005070134211675015,0.006277930690360645
2024-04-03 00:00:00+00:00,0.0038074455568941623,-0.002817309090535236,0.007185032747096809,0.006896593051491928,0.011067134361031572,0.004610136124120867,0.008689153347783085
2024-04-04 00:00:00+00:00,0.001960334402744568,0.0014010467859477682,0.0037285191481666313,0.004514883472851894,-0.004049512479256112,0.006367466412618539,0.004523945004482943
2024-04-05 00:00:00+00:00,0.0026482201565427577,-0.00039525471141022006,0.001525202570185069,0.0012836065205215075,0.0005976148664663672,0.002629552156006909,0.0019342316992196906
2024-04-06 00:00:00+00:00,-0.0024086785389911824,0.003495748422544631,-0.004874444315158932,-0.003894321161496128,-0.00103071532969512,-0.001057716416826282,-0.0016105797210675954
2024-04-07 00:00:00+00:00,-0.0026934312549117267,0.0014836365194079715,-0.00577423780751618,-0.006140678181619452,-0.0032780388183070164,-0.004344479145501956,-0.0048516087846955935
2024-04-08 00:00:00+00:00,-0.004061484249411662,-0.006290313481261189,0.005197645633544079,0.006237791133541837,0.014575676487288858,-0.004338877335230085,0.0006532021172176439
2024-04-09 00:00:00+00:00,0.009145843551820354,0.00531926903482316,0.0014659609231120196,0.005761743153331,0.001817593269556328,0.011549254632384987,0.01157563047053034
2024-04-10 00:00:00+00:00,0.0014523893441371616,0.0008356111396448096,-0.001654495268128664,-0.004456162981503753,-0.0002789388550403782,-0.0005863895399713659,0.000250112063452379
2024-04-11 00:00:00+00:00,0.002889102411761435,0.0011575697071930513,-3.691477913458918e-06,-0.0003238151986930671,0.0016338147159224992,0.0021903826669562587,0.002172943519614723
2024-04-12 00:00:00+00:00,0.018021402707652845,0.004698578759455341,0.0011924005165195872,0.004844621484087597,-0.008848514163611543,0.016306961077208637,0.011680940569885223
2024-04-13 00:00:00+00:00,0.006013908733623952,-0.006235462569550765,0.0028475829985057377,0.0018970139442369138,-0.005287673974203155,0.001400305078177233,-0.0002704961557059571
2024-04-14 00:00:00+00:00,-0.013625474328552878,-0.00366902237354394,-0.002956009995310205,-0.005418349824883872,0.0022355986825570717,-0.012228722296767303,-0.010739418316156657
2024-04-15 00:00:00+00:00,0.006227259115048511,0.0010283056134834379,0.002210923255217656,0.003015359917930116,0.005181105337064507,0.00545696069321977,0.00627386116578621
2024-04-16 00:00:00+00:00,0.002505783210250412,-0.003306736249808595,-0.0005674012538835482,0.00019641372348866426,-0.002984372031257232,0.00018298022600538033,-0.001702954603358675
2024-04-17 00:00:00+00:00,0.003082013429198227,-0.0065717975596555345,0.006469728169406608,0.006374234532986689,-0.0017791783183742638,0.002630420266050315,0.0009722149058160046
2024-04-18 00:00:00+00:00,0.0034867216814697954,0.004736962814277046,-0.00459771038667256,-0.005915068184293548,0.0019076178979646752,0.0019641645953090148,0.001726886268163641
2024-04-19 00:00:00+00:00,-0.005456577018889908,-0.00552313973805052,-0.0031683595865311664,-0.0010382236729585825,-0.005863510800994343,-0.007173677709767179,-0.007654397164849724
2024-04-20 00:00:00+00:00,-0.01476833320801374,-0.012885873183738905,0.004852501187373459,-0.00011953622963667421,-0.007435363636844716,-0.013761656077437734,-0.01588977447147588
2024-04-21 00:00:00+00:00,0.006497150038277999,0.0018157383269734595,-0.002806052601282416,-0.0020368647178793386,-0.004540992539151523,0.003569178958230834,0.0011002524886285503
2024-04-22 00:00:00+00:00,0.0013239134901013028,0.004194587220317736,-0.0013495350790240224,-0.002443339016889867,-0.0066627535422707496,0.001969662795958005,-0.001611687863467659
2024-04-23 00:00:00+00:00,0.004837254170851235,0.000708524794920784,0.00633781085866203,0.0108132688393896,0.008652903018073088,0.005849191797153264,0.008437215209072813
2024-04-24 00:00:00+00:00,0.007071494930410704,0.004577799020495821,-0.0021792038807845193,-0.002403987436371935,0.0006575901850609522,0.004521876594405505,0.00541043036761546
2024-04-25 00:00:00+00:00,-0.004116974780847049,0.00015970134416387616,-0.000736110414054636,-0.00042772820568004466,0.0051579465266142766,-0.002632634293650682,0.00019018465394871065
2024-04-26 00:00:00+00:00,0.00994904886028225,-0.0059833363144157214,0.013569438077588813,0.01122452341365543,0.0042644253437251756,0.007831111517957234,0.010226208112346535
2024-04-27 00:00:00+00:00,-0.003675743203403692,-0.00229124005775061,-0.0045741166152226675,-0.0021308984952504995,0.0012429055022138424,-0.004801802926263976,-0.0027833446065794742
2024-04-28 00:00:00+00:00,-0.0026999534671080516,-0.0004344596838543602,-0.007999139979571357,-0.0059194825440040955,-0.0001457565866069821,-0.0042786910828261915,-0.0042897805426586055
2024-04-29 00:00:00+00:00,6.468685854743583e-06,-0.0006569171612565983,0.00026810832546053653,0.001418564298106828,0.003844043081477899,0.0006771310902671246,0.0022176792024590775
2024-04-30 00:00:00+00:00,0.0053040638955994535,-0.002236725096696035,0.01008922273289592,0.007487218360505921,0.011701264169931669,0.006217432694388236,0.011565264955344379
2024-05-01 00:00:00+00:00,-0.0020539699824172475,0.0009914996298203693,-0.0001006174677135041,-5.517628651885431e-05,-0.0016596771994363824,-0.00035065386297261636,-0.0008611127403919117
2024-05-02 00:00:00+00:00,-0.0017729038808969033,-0.0019084688414412465,0.001279901622576185,0.0006989217938599968,-0.0019084351367325558,-0.0006805779207232909,-0.0026691052126904813
2024-05-03 00:00:00+00:00,-0.0030399418480888674,-0.0073137691675407845,-0.00015621737631732469,-0.00014171645367277996,0.0024144909019276906,-0.005960286606090159,-0.005222836665504937
2024-05-04 00:00:00+00:00,-0.0007770805010560711,0.0064655319286921475,-0.011652486324798983,-0.008263454564367723,-0.005261464946221928,-0.002792514435141613,-0.00416501557324267
2024-05-05 00:00:00+00:00,0.0009766775782060755,0.0023205347387658115,-0.003898060305359885,0.00012510963762890626,-0.008197043194119069,0.0010600043977826434,-0.00224423524250994
2024-05-06 00:00:00+00:00,0.0036061469322477002,-0.003966995973587628,-0.0042288359101959605,-0.003879709273622911,-0.0012822134296588406,8.323341995453148e-05,-0.0013799380475639778
2024-05-07 00:00:00+00:00,0.0028789019504171787,0.0004017370204050241,0.0008978710660072498,0.0005422585302163885,0.005091378209619579,0.002431245181597319,0.0037770506771903634
2024-05-08 00:00:00+00:00,0.003057629207087187,0.00732344887206926,0.0010228080679863805,0.0073190606460069585,0.00444643770175146,0.006326422445944058,0.00795845029445208
2024-05-09 00:00:00+00:00,-0.0032232455822173156,0.007003067292260079,-0.002030028414228391,-0.0038792346188802895,0.0007516248923740143,-0.0015721720128797356,-0.0009456239926592946
2024-05-10 00:00:00+00:00,0.00037056629666487595,0.007627285123475325,-0.003992684290015869,-0.004548915749584825,0.0021949520589705784,0.0017881823190855073,0.0021986722713527307
2024-05-11 00:00:00+00:00,-0.0021198130003599047,-0.0007020977282998775,-0.008552235118835627,-0.0062914639978101095,-0.003936254119835225,-0.004584698146536281,-0.006089693487217662
2024-05-12 00:00:00+00:00,0.0001404159180349307,0.0043172731880531945,0.002200644920592687,0.002956884622416389,-0.004698269432688251,0.003261390069813075,0.0015587894376920541
2024-05-13 00:00:00+00:00,0.009130684604336858,0.0015376882897069066,0.00971045018718808,0.006904082252252364,0.0054370378191477275,0.008995680400646577,0.009816121743618345
2024-05-14 00:00:00+00:00,0.00457129320909111,-0.0012060049168246545,0.00677076188480874,0.005889982193796328,-0.004026843528241342,0.003900576086460772,0.0025269298445578237
2024-05-15 00:00:00+00:00,0.0008637964697482126,0.005011427041096139,-0.0055228900889299215,-0.010160633792558604,0.00039638973421363133,-0.0021512593792772927,-0.0005495756224759285
2024-05-16 00:00:00+00:00,0.004803237623218326,0.003458767351935954,0.004951114058449946,0.004010785909598358,-0.0024769480066094696,0.005706265077184636,0.003932805478578771
2024-05-17 00:00:00+00:00,-0.002067641411858223,-0.008876391565582398,-0.004281501626457684,-0.005837078209558144,-0.006378669938199799,-0.007738651957599707,-0.008617364009727013
2024-05-18 00:00:00+00:00,0.002237641877618435,-0.0034307578224378465,0.003702604760059236,0.003950670759001795,0.0039086106063861425,0.0012451079817579203,0.0017368200758811625
2024-05-19 00:00:00+00:00,0.007608140012001607,0.008222871126201792,0.002311931318440319,0.004942406969281388,-4.2135056655512315e-05,0.009010961666805484,0.006491875396452018
2024-05-20 00:00:00+00:00,-0.004450363619347919,-0.01708824137759335,-0.00022641197611583674,-0.005051052787757748,0.004983402421883776,-0.01139851529676661,-0.006943992675361721
2024-05-21 00:00:00+00:00,-0.004464742238419306,-0.006958990576316548,-0.00899877811788452,-0.009358566689376624,-0.009917946488444351,-0.010428711264085955,-0.01135247213206425
2024-05-22 00:00:00+00:00,-0.0015310704726370084,0.008031504307522086,-0.00945001342632723,-0.005507509465155547,-0.008038407809596526,-0.0011293876991591567,-0.0038668068887671714
2024-05-23 00:00:00+00:00,-0.004206395841253152,0.013778901770375995,-0.009195532284690944,-0.012191542377285813,-0.007453877363911343,-0.0025429265202746576,-0.0018034947129771384
2024-05-24 00:00:00+00:00,-0.003823349749873972,0.000488064872915972,0.0017916959909067831,0.001155324808761904,0.004969744851880176,-0.00047261144837940083,0.0009038749676302249
2024-05-25 00:00:00+00:00,-0.0147254606906283,-0.003227848536046851,-0.008979273686889111,-0.008101598112453812,0.00018745693965760424,-0.011343910008271396,-0.009974133517995365
2024-05-26 00:00:00+00:00,-0.00938128214035061,0.0007283417416135141,-0.007256963959476392,-0.005913180873671431,-0.005301394971614859,-0.006735747699323946,-0.006384517513860932
2024-05-27 00:00:00+00:00,-0.013506874808243308,-0.01009085032842616,-0.005533984659554458,-0.005355726291816354,-0.0028764714238893596,-0.012113505095191712,-0.010766610143900346
2024-05-28 00:00:00+00:00,0.0024193135764494222,0.0019851491662665754,-0.008348154260053087,-0.0026961684281223697,-0.012651979743165453,0.0002834474801973741,-0.0037239504222672526
2024-05-29 00:00:00+00:00,0.0046162635392330564,-0.00982506724843868,0.010025702143750426,0.009384302565340397,0.00651166125426994,0.0023777698835032446,0.0020679609872513716
2024-05-30 00:00:00+00:00,-0.0006078864736377421,-0.0046126373272107335,-0.0007707901152045338,-0.00814797263883904,0.0030172215852077855,-0.003809005615757588,-0.0027374774495987353
2024-05-31 00:00:00+00:00,-0.0032672148571204485,0.006110711225484122,-0.0047918180899715335,-0.0033462068710324866,-0.007062109225144497,-0.0013527117064264793,-0.002660663801145602
2024-06-01 00:00:00+00:00,-0.01209851437492937,0.009570096953714247,-0.003974196457427914,-0.004560794705518401,-0.0033292732567439254,-0.0037883604425529294,-0.0033237105883715534
2024-06-02 00:00:00+00:00,-0.013269388489136502,-0.001353368169323188,-0.005644918760957074,-0.009932770839795713,0.006398155738283062,-0.011111764326623863,-0.00651797000671428
2024-06-03 00:00:00+00:00,0.00334708072227774,-0.0028464710201935306,0.0046927771617693015,-0.0012127331826561338,0.0012732451368506759,0.0016354078867963917,0.0017352378284563041
2024-06-04 00:00:00+00:00,0.008350090483938644,-0.012301219740674996,0.006338236853763446,0.004581182867555267,-0.006967158022647357,0.0006668621750665071,-0.00313579961641286
2024-06-05 00:00:00+00:00,-0.00428851051358059,-0.00016258545011360592,-0.0061540263863690825,-0.0013887310739753023,-0.004188463919160834,-0.004017674849371433,-0.004691994786771403
2024-06-06 00:00:00+00:00,0.0003453610600718804,0.0038171422940678212,0.0001464172008833753,-0.001682763416066213,0.0034631635748021417,0.0020692961058574877,0.0030070277133660284
2024-06-07 00:00:00+00:00,0.012985210689139048,0.0020697839592240808,0.010346536341089285,0.00850664418747904,0.01148736561056829,0.012670859722991645,0.013402058551300833
2024-06-08 00:00:00+00:00,0.005054119260214263,-0.003537225454961601,3.299362168562858e-05,0.0024157659038550605,-0.005245204351653654,0.0024319057683503953,0.0006846472350894306
2024-06-09 00:00:00+00:00,-0.0015037571795296634,-0.00022878550161220534,0.003475120473287241,0.0015595757832524981,-0.004406924956754432,-0.00032804601736136085,-0.0019822816947130395
2024-06-10 00:00:00+00:00,0.009479355513972276,-0.00591406273984052,0.004343785876314454,0.0044064431141008775,0.000295291752195892,0.005201838174786477,0.0043206821823225106
2024-06-11 00:00:00+00:00,0.002363381834856293,-0.007225918869457115,0.005233469799875934,0.007925149152698374,-0.0006318470836927936,0.0037616407742868674,0.0017359202148414798
2024-06-12 00:00:00+00:00,-0.00031039245802388926,-0.005750482767185261,-0.00705758961276759,-0.005288948147514572,0.0005693014630516746,-0.0058587638971576705,-0.0071529046233885785
2024-06-13 00:00:00+00:00,0.0007877108449743098,0.0044991992725758045,0.001532598097352178,0.003918603452585989,0.005078789828409258,0.0061091065131335665,0.005361698398813175
2024-06-14 00:00:00+00:00,-0.0018668543027712259,0.0027947076977172802,-0.009543913573276552,-0.004549474373869655,-0.004537501299883173,-0.0028554534094654693,-0.0049007195598970155
2024-06-15 00:00:00+00:00,-0.0020483542653126907,0.0006848683392353117,-0.010367830422410185,-0.006005111422827003,-0.005730800092577093,-0.005826594324221834,-0.0064331485237006936
2024-06-16 00:00:00+00:00,0.002971126123240131,-0.0030559663189689834,-0.0017578270396086948,-0.000713929142062586,-0.0031901522946524707,-0.0010897603198380956,-0.002124067511043659
2024-06-17 00:00:00+00:00,0.014366832732822132,-0.0014043825921358222,0.006688319727266245,0.009173122219286789,0.01067284741064567,0.010563519596040294,0.013784221706728106
2024-06-18 00:00:00+00:00,0.004955492233896797,0.009830451419249986,-0.006650151409010596,-0.0034213379138069433,0.0006323007374358092,0.0061829409485203435,0.006914351258142437
2024-06-19 00:00:00+00:00,-0.0034705767092259032,-0.006408611985205037,0.005661498351272609,0.006958792869490749,-0.006191755257226816,-0.0028846276810701177,-0.00495641312061057
2024-06-20 00:00:00+00:00,-0.0003747529129147775,-0.002168630982588682,0.0032871086821673057,0.003753665654119276,-0.000978512894627137,0.000783762742355476,0.0010848438762998125
2024-06-21 00:00:00+00:00,0.0014823792501366118,0.0013811707140338747,-0.0002782360215415336,-0.0018382717879087407,-0.002451388588100567,0.0009647386602573693,-0.0008654109141348343
2024-06-22 00:00:00+00:00,-0.0032806227190755877,-0.013266851427916393,0.013153454056619385,0.012120529749478637,-0.008555213896236369,-0.0009571438070834493,-0.003922358156061345
2024-06-23 00:00:00+00:00,0.0046975163956579635,-0.0002716818204553384,0.002841568317899723,0.0022901997635711435,0.00851543878247396,0.004535632788438493,0.006578229045445028
2024-06-24 00:00:00+00:00,-0.00441781467968827,-0.005732933261619277,-0.003966020004787074,-0.007667639985729835,-0.009432713244730495,-0.009266610324863866,-0.008908884903432224
2024-06-25 00:00:00+00:00,-0.0026300965095887863,-0.0030166942363683003,-0.0017248206457503024,-0.0027492450732962137,-0.0005953963473470658,-0.00396938366152233,-0.003983582692824839
2024-06-26 00:00:00+00:00,0.0028782049535955867,0.010154612011762598,0.0002553814798014198,-0.0022485957241739074,0.0002182508075267986,0.007291772188598777,0.006014619424697054
2024-06-27 00:00:00+00:00,-0.0008063081085424306,-0.005368410065110019,0.0024398427679674928,0.004691827501786872,0.003914872415307746,0.00028655350496853416,0.0023234497292303757
2024-06-28 00:00:00+00:00,0.0068524256716888665,-0.0015872003128677425,0.01182140547957089,0.013266202455649134,0.005817646209615335,0.008353496058256527,0.00864191358085109
2024-06-29 00:00:00+00:00,0.0016314141956572659,-0.0016378547696911383,8.283819976062645e-05,-0.0008154613843209813,-0.00624357562847111,-0.00035468010117611914,-0.0013333560419674928
2024-06-30 00:00:00+00:00,-0.01140600208344189,-0.0021312493870571103,-0.00921545420583847,-0.010044923269956985,-0.002567669495064706,-0.011885700978131908,-0.0108214378738698
2024-07-01 00:00:00+00:00,0.0026732317019955154,0.003303793495224472,0.005447699246181825,0.008080634107570539,0.002170968298299103,0.00672268030288925,0.006623987900127304
2024-07-02 00:00:00+00:00,0.0028339242073418536,1.1449379336170296e-05,-0.0019986927332902304,0.003338300198407751,-0.004407135106378468,0.0015982247494463753,0.00034099144431420925
2024-07-03 00:00:00+00:00,0.004683065679709442,-0.004733036844868144,0.008889307116278777,0.008253025604687547,0.001965736704942156,0.005009246985365534,0.005030827579027841
2024-07-04 00:00:00+00:00,0.015220546653144984,0.0004747025416731443,0.011055728151339261,0.013245140234429797,-0.004605161910297695,0.018766346800349387,0.010134984011703763
2024-07-05 00:00:00+00:00,0.007190185639489366,0.02244897918274913,-0.005600997722663537,-0.00034801686463448167,-0.006314568404640508,0.014016166575056443,0.009918651459749794
2024-07-06 00:00:00+00:00,-0.020084835797461342,-0.013437083476443124,0.0023304953273615148,-0.006083526493239733,-0.0020524677163333838,-0.020899691099476647,-0.014937872099405447
2024-07-07 00:00:00+00:00,-0.0012770037867892992,-0.009216290321542253,0.005485457665566962,0.009591301970947042,0.00027561842451162555,-0.0018554596803470602,0.0003469582136719218
2024-07-08 00:00:00+00:00,-0.00017868076054816662,0.0004274148546008494,0.0038013847311981763,0.004619356729044677,-0.006319864985217194,0.0023864858641364783,0.0011124975224798828
2024-07-09 00:00:00+00:00,-0.0007916964566414553,0.0007356536751634835,-0.00842302237865411,-0.009787426619116801,-0.005093711945322599,-0.004777378997054882,-0.004729899186946329
2024-07-10 00:00:00+00:00,-0.0014095112093270856,-0.0017859607592033422,0.003433184522735111,0.0060135867292281375,-0.0008213494610211924,0.0009394360242480637,0.000773693578540291
2024-07-11 00:00:00+00:00,0.004230106349973228,0.0020451101409746375,0.004469674828070591,0.007699215587607222,0.008994405316835152,0.006518525810980114,0.008177259512072377
2024-07-12 00:00:00+00:00,0.001781993920187519,-0.00556982190586075,0.0017895315916156562,0.002858684702468084,0.001596290691549207,-0.0008726129257782267,-0.0005535066924559073
2024-07-13 00:00:00+00:00,0.00344874504059578,0.004112331437125638,-0.0017377356237806563,-0.0035482051942112847,-6.968472093138445e-05,0.004698414087820568,0.003507484050720544
2024-07-14 00:00:00+00:00,-0.002095385257011362,-0.005686098405935702,-0.004099608419738221,-0.004353857694816554,0.002990955735142631,-0.007117369294874276,-0.0043143460003435274
2024-07-15 00:00:00+00:00,-0.0028989300474808744,-0.01480528778311574,-0.008098147328790217,-0.005519060244278062,0.0018497075172123623,-0.010572093566579843,-0.010536489120627768
2024-07-16 00:00:00+00:00,0.0045928819372207386,0.003960952679882057,0.004492820922941787,0.004429617685183906,-0.006486217606467837,0.005335646493500379,0.004033176567509678
2024-07-17 00:00:00+00:00,0.0014437562018851935,0.001972989162555283,-0.007708739595242209,-0.007578677030374625,-0.008981555958571197,-0.0021465089583787567,-0.004992209611520471
2024-07-18 00:00:00+00:00,-0.003040426338053015,-0.0009734570671022791,-0.0028504074235734533,-0.005938339182380625,-1.0235504491973302e-05,-0.004541886252876659,-0.004008085233548675
2024-07-19 00:00:00+00:00,-0.0035809677700611164,-0.004479462431376535,0.01247181961185495,0.00545888827207075,0.014273912280521772,-0.0004597472081655507,0.00451443013134889
2024-07-20 00:00:00+00:00,-0.00883937537126378,-0.005467209930658301,0.0005823022684556811,-0.0003893238476921912,0.0010677850667575317,-0.006297406081322343,-0.006224016337994742
2024-07-21 00:00:00+00:00,-0.003981005892149114,-0.00442276775357342,0.003170233356825758,-0.001293572194379533,-0.0009696919876908128,-0.00357308117082622,-0.0016616831683958777
2024-07-22 00:00:00+00:00,0.006103473024569039,0.002309503622355491,0.0028402853291262797,0.006512257831890578,0.004097578280267911,0.006748394098717414,0.007813261952457129
2024-07-23 00:00:00+00:00,0.00026774827288988945,-0.00849108488784911,-0.00041168853005957295,0.0017053063313809957,-0.0015373454189384628,-0.0034386662279720648,-0.004239645334595532
2024-07-24 00:00:00+00:00,0.0026540602086742027,0.00727763461356612,-0.0010840870544622794,0.002405984018600149,-0.0023075598606757675,0.005119783001706457,0.004647144788001434
2024-07-25 00:00:00+00:00,0.0024115957600456817,0.005206957909109189,0.00879399992032659,0.008640455588478257,-0.0050078245050928505,0.007100066355355539,0.006193930021481275
2024-07-26 00:00:00+00:00,-0.0024622539275021005,0.00390135523825208,-0.00937897980465241,-0.008632649812453264,-0.0033055634749756813,-0.003366107726440748,-0.0027177549296584225
2024-07-27 00:00:00+00:00,4.3600465746918005e-05,-0.006122230627674918,0.003485743938208108,0.002218731595416301,0.0035859775213882283,-0.0016046230487174462,-0.0008659532371976253
2024-07-28 00:00:00+00:00,0.004459853380400558,-0.0028141103305953097,0.0005717668793501218,0.003747442696139469,-0.002078701420158202,0.0024935888904276116,0.0012558912648927834
2024-07-29 00:00:00+00:00,-0.0006848653001644278,-0.0013098923703326326,0.0002547256616542981,4.665393591141154e-05,-0.0017687425590507955,-0.001295112167031931,-0.0019528667684145518
2024-07-30 00:00:00+00:00,0.0038974887963094673,0.003718490659947893,-0.0010577167740916105,-0.004896409015772041,-0.00385268339900402,0.002208429674646295,0.000473996871689808
2024-07-31 00:00:00+00:00,-0.0007988857499122703,-0.0013394066223276768,0.003181114764496673,0.003375513834819044,-0.0056438165565548815,0.0002377989114965562,-0.0005927683724080701
2024-08-01 00:00:00+00:00,0.0024935348457786333,-0.003026969342157071,0.002979672369233688,0.0020049150170535768,0.003915034678781293,0.0014213659850275118,0.003970403081318352
2024-08-02 00:00:00+00:00,0.0018493515506146085,0.002575411067569089,-0.00017749780332765308,0.0026061500951948258,-0.0034850271988904336,0.003263406094281107,0.0027993047448906516
2024-08-03 00:00:00+00:00,0.003351404583683326,-0.001400960652019001,0.010132034011083979,0.008903999916100469,0.006449977411655539,0.0052417406439517755,0.00815106107266339
2024-08-04 00:00:00+00:00,0.0011467042307200526,-0.009562345018771401,0.00036873470781628725,-4.427751847879691e-05,-0.0010023386461754935,-0.0037655721316645074,-0.007122750868629901
2024-08-05 00:00:00+00:00,0.004442347607107822,0.012463332518055648,0.009673912471179547,0.006596939228794785,0.0018164688268513807,0.009646777054424405,0.011976715513327463
2024-08-06 00:00:00+00:00,-0.008833535236330903,-0.0008510885494881215,0.008023741159947084,0.0006173787466161595,-0.0010062055597088726,-0.0011978277672007875,0.00036035473324624867
2024-08-07 00:00:00+00:00,0.01024357679241561,0.00165784500924393,0.004075019577453487,0.007538398701141702,0.0017892973979378723,0.011859787229602015,0.009496304947907985
2024-08-08 00:00:00+00:00,-0.009200455224005033,-0.01800280875931881,0.002280139831737804,-0.0018754433723026098,0.0038155719259698184,-0.016409835357056757,-0.011960867218826166
2024-08-09 00:00:00+00:00,0.002686669957433274,0.009098435325276988,-0.013935679960206615,-0.010217923521370187,-0.009629517983579916,0.0007512989951561355,-0.0024764114984617835
2024-08-10 00:00:00+00:00,-0.001613939216543514,-0.004238436084447961,-0.00014025179622711992,-0.0011981751782016437,0.0007479759356938676,-0.0032013105846482315,-0.005115264657838292
2024-08-11 00:00:00+00:00,0.0055710303912637205,0.0035659184561205315,0.00039834172166530735,0.003991100227668687,-0.002259555548614789,0.004149093408682969,0.00549047393762514
2024-08-12 00:00:00+00:00,-0.003458952220850131,-0.0038522432912658777,-0.008684748962078492,-0.009000060579174463,0.006953642431299478,-0.008588541830842455,-0.006001829650858714
2024-08-13 00:00:00+00:00,-0.0008213365692477659,-0.0013761089123188741,-0.00046830671122255474,0.001554487133894611,0.005741364450295494,-0.0015062689660630957,0.000925597350723395
2024-08-14 00:00:00+00:00,0.0009527537612383785,0.00335469857709203,0.000772900309164104,-0.0005067449501289234,-0.0010513269356555721,0.0027179761514244394,0.0018358090624632784
2024-08-15 00:00:00+00:00,0.0023318005977988054,-0.0024401880821323108,0.004150338965012601,0.004450601829661283,0.004313918830730179,0.0019860560872333455,0.0011012463078423629
2024-08-16 00:00:00+00:00,0.0004723493420486502,-0.0006648586417304925,0.007957510613650465,0.006670119417196307,0.004868088866306408,0.0036005858506089616,0.004908553664002335
2024-08-17 00:00:00+00:00,-0.0046967010206374615,-0.007958461379866888,-0.012167491948418485,-0.008049892902066813,-0.004271092129706222,-0.013040420430517341,-0.01297938266582288
2024-08-18 00:00:00+00:00,0.0006540548915754396,0.0003138759323220164,0.0005246450050171436,0.0010743093484475441,-0.003381394048706521,0.0014903069535909808,4.3951852433998795e-05
2024-08-19 00:00:00+00:00,0.002784987436208697,-1.4280074058126146e-05,0.008651522746362383,0.00831975263987017,0.007468525338895526,0.004290542962452459,0.006759005252974459
2024-08-20 00:00:00+00:00,0.0017826578165454077,0.0038460177169972187,0.003329525544828238,0.0025991866687882226,-0.0015408339906122226,0.0046482123265148,0.005194952714765888
2024-08-21 00:00:00+00:00,-0.0006253899264595519,-0.0001403787319720351,0.0009917019969203356,0.0052627075244569,1.74182221217567e-05,0.0008206070957150757,0.0017004753020057883
2024-08-22 00:00:00+00:00,-0.004928108691857225,-0.007067509529945948,-0.0017183838470519186,0.003140625414989051,-0.0007955980705497412,-0.004473440477364421,-0.005230377387112073
2024-08-23 00:00:00+00:00,-0.006717864004799234,-0.010512170581823299,-0.009402401963541362,-0.013435402944233843,0.006144228471565816,-0.015933143471136613,-0.016072506375479523
2024-08-24 00:00:00+00:00,-0.0013974530653797501,-0.0016688557600182952,0.0008385532895951453,0.0021987675774923776,0.000973899902480424,-0.001440579851850976,-0.0017269790900652504
2024-08-25 00:00:00+00:00,0.0009972223413194925,0.006581547715866831,0.0046548402231825214,0.004145971366390722,0.006976998218902963,0.006361613135587918,0.00823649547921268
2024-08-26 00:00:00+00:00,0.005775764720287624,0.0015475149112615938,0.016590901140054903,0.01669394183516859,0.009475758135253365,0.010013971938095834,0.014429211707088552
2024-08-27 00:00:00+00:00,0.003052073089138352,-0.003676871359085898,0.00526797328563422,0.005902927425313509,-0.0016056453150286032,0.0017898962792881612,0.0011659174588511956
2024-08-28 00:00:00+00:00,0.006144216483010112,-0.0028557457421550803,0.0054030015942081455,0.006019846279837537,-8.030229408484413e-05,0.0038817392975534215,0.0034748877191275174
2024-08-29 00:00:00+00:00,-0.0016406203250287632,-0.0009906348507678908,0.0035174163611970677,0.0009356528789477014,0.0016230772892231737,-0.0004287312357259543,-0.0007842635350152616
2024-08-30 00:00:00+00:00,0.0021781454658216237,0.0016796446077642635,0.0001237809823479985,0.0008825863617349938,-0.00013783640759745808,0.0015097288332936998,0.001750380684466979
2024-08-31 00:00:00+00:00,0.004288158388769059,-0.004361108915274858,0.003204959659858675,0.004455409458757664,0.0017775842726175384,0.0015111226335231542,0.0015365177322961276
2024-09-01 00:00:00+00:00,0.002271027420724936,-0.0013957143591274423,0.006891507990258727,0.00789841170382033,0.003432370393157358,0.0024329887979419595,0.004153452363126586
2024-09-02 00:00:00+00:00,-0.002828986155761548,2.592162676240406e-05,0.0048893576601658495,-0.003769489925309566,-0.010734781058153064,0.0006776340124197144,-0.003869196148260645
2024-09-03 00:00:00+00:00,0.006153426973924292,-0.004445218191704958,0.004325550461041994,0.0034222540659605283,-0.0008770512155917842,0.0009333887006068853,0.00037421335106868625
2024-09-04 00:00:00+00:00,0.000532741029583006,-5.043082890154871e-05,0.0005016557413524136,0.0012515146816669542,-0.000602627469874828,-2.32694810387013e-05,0.00012445052564036274
2024-09-05 00:00:00+00:00,-3.084339790704327e-05,-0.0038220062216582917,-0.0009567467843154542,-0.0007916568267449797,-0.009368553086217424,-0.001193821276172402,-0.003384553329739415
2024-09-06 00:00:00+00:00,-0.004948494882729526,-0.0008091355961542535,0.002432286310052545,-0.0014364604648464674,-0.0012055018394647732,-0.0015316131527925991,-0.0027166400489221365
2024-09-07 00:00:00+00:00,-0.0021312823929280356,0.00015168167305268376,0.004408829778064227,0.006491483821136734,0.0005170381275676483,0.0016335632029003122,0.0018897764554832719
2024-09-08 00:00:00+00:00,-0.0017044384083294561,-0.0017736361411742063,-0.004981173835379771,-0.00491724238300828,-0.0017212244275610633,-0.0038630158078287735,-0.004825450370354867
2024-09-09 00:00:00+00:00,-0.0035619518556518903,-0.001685456528658813,-0.00040210611557722764,-0.0053150223748703596,-0.00804605697414884,-0.004457539986847947,-0.005650070657135742
2024-09-10 00:00:00+00:00,0.0020157023685443143,0.0035372689085055864,-0.006827096067572036,-0.006909457143860598,-0.006138991135993255,-0.0012326620198781502,-0.004751859561495597
2024-09-11 00:00:00+00:00,0.004011840814276635,-0.005827287135496406,0.0057672110667466026,0.007869091485311008,-0.010357417309886707,0.0033535716606636345,-0.001555523516512558
2024-09-12 00:00:00+00:00,-0.0010793554402322991,0.003457204071170894,-0.004148540512118215,-0.009945942655486428,-0.005649460158133057,-0.0020302865627718214,-0.003208125681003593
2024-09-13 00:00:00+00:00,0.001388839780146478,-0.0067134995367365,-0.007301282641096085,-0.003866436933408157,0.0030351645807309424,-0.005068179807288353,-0.003219259137203445
2024-09-14 00:00:00+00:00,0.005329138507526254,0.0034570925949259923,-0.0013362549275348634,-0.00613944485087925,-0.002473346438361057,0.0015575856010154876,0.0011607444708283676
2024-09-15 00:00:00+00:00,0.0018373636356312506,0.006419477899402448,0.010846697484882428,0.011666823338413401,0.007632587205569363,0.010894726158411139,0.013232770849090247
2024-09-16 00:00:00+00:00,0.011780179788197787,-0.00034174830289446234,-0.002264051176766424,8.286267496981914e-05,0.0012206596918933332,0.004793605434395998,0.005682057539418306
2024-09-17 00:00:00+00:00,-0.0025433434844379654,0.006042014107686011,-0.005839652126142347,-0.005626491313267978,0.012318115836165822,0.0003895549007475463,0.004629006712110195
2024-09-18 00:00:00+00:00,-0.0032058333886710866,0.01328516841041738,-0.006989004071981442,-0.00813455996721102,-0.00162083129736168,0.001528535978008172,0.001215836792068048
2024-09-19 00:00:00+00:00,-0.001646296575034567,0.009774653721044357,-0.008174782901445687,-0.0018116225635691485,-0.007820709317839847,0.0004112925599928374,-0.00568453918578482
2024-09-20 00:00:00+00:00,0.0055703885354256855,-0.009725158845059867,0.0035874317430499847,0.002090806018773206,-0.0017276413113966882,2.2848696667798762e-05,-0.0015093928982058413
2024-09-21 00:00:00+00:00,-0.000511761098754504,0.000652348187837104,0.003755031665625408,-0.001445337189759921,0.0010871333155266782,4.9467180678997025e-05,0.0015258716209751721
2024-09-22 00:00:00+00:00,0.004038600596123265,0.0010116607662855603,0.008223281943528615,0.007649351526804349,0.007321691210496528,0.006673551369190678,0.00702617993705501
2024-09-23 00:00:00+00:00,-0.004169053557549263,5.168895279705765e-05,-0.011409048462543647,-0.005607330283577072,-0.00790137143264491,-0.010080886128429167,-0.011080311653202224
2024-09-24 00:00:00+00:00,-0.0004298297559918174,-0.000442861936588157,0.0005365912959367503,5.786996412426859e-05,-0.006843094093025304,-0.0023094148508877588,-0.00250110836337214
2024-09-25 00:00:00+00:00,-0.00064746563280349,-0.008286567817312629,0.0058091539819074,0.0022004249144844668,0.006626977350852714,-0.0015720256906585073,0.0011495602075926037
2024-09-26 00:00:00+00:00,0.001689934218049416,-0.008107629587478238,-0.0019411157472017937,0.0031922631626246645,-0.0031178939813673034,-0.004416343065553829,-0.0039306456025838266
2024-09-27 00:00:00+00:00,-0.0026435892360034963,-0.007485735158427986,-0.005008654677768343,-0.00844106091005914,-0.008091637313093036,-0.010218321995820734,-0.0128447027837576
2024-09-28 00:00:00+00:00,-0.0012727746353519143,0.003980951171991043,0.005387822716537594,0.007119383624654141,0.0076885194375073684,0.004948571303597715,0.005746727773460192
2024-09-29 00:00:00+00:00,0.00819840528606508,0.004329456852208535,0.007150045354505474,-0.0038262001058573247,-0.0005906549742487055,0.009627429404828414,0.0062646437212212636
2024-09-30 00:00:00+00:00,0.0032737632523469617,0.00415695158436602,0.007080498282404868,0.005258383614890061,0.006990165657409619,0.011079165290035942,0.009553404095398177
2024-10-01 00:00:00+00:00,0.012664335771739754,0.009856669024370435,0.012363702662441689,0.01556642653097029,-0.0007581313615340202,0.022130688309196733,0.01528119758049562
2024-10-02 00:00:00+00:00,-0.004119805363424156,0.0007181729550886917,-0.0035813604135138677,0.0005727545050895344,-0.004971631162261514,-0.0033139224221703234,-0.00264204378820998
2024-10-03 00:00:00+00:00,-0.0034578240712830333,-0.012903621568339463,0.016184912170446708,0.013703226061295037,0.0003652058685734705,0.0008330150472357634,-0.00037202867869867706
2024-10-04 00:00:00+00:00,-0.00011268346135706597,0.007044670639953399,-0.0004963391733389111,-0.00041104060499885797,0.014710200489696845,0.005815445087091087,0.009039718533569996
2024-10-05 00:00:00+00:00,0.008741482951751367,0.002022863565918742,0.005810743615629832,0.004462330056161035,-0.0007445738964694248,0.009728364053355198,0.00646351130346412
2024-10-06 00:00:00+00:00,-0.007279679343830114,0.006261500705079914,-0.007264229093264074,-0.006062632361098608,-0.01041805364075532,-0.005837581159223171,-0.006792439859921617
2024-10-07 00:00:00+00:00,-0.00425727273205212,0.0032492089782445444,-0.009982676304766014,-0.011669839915979696,0.00026479389447842117,-0.007617701622900319,-0.004460710063158846
2024-10-08 00:00:00+00:00,0.0007490255671118717,-0.00785052221056004,0.0006331418531937416,0.004809968726259495,0.000769082142187294,-0.0017709691166499786,-0.002860439413852167
2024-10-09 00:00:00+00:00,-0.0023461831190672022,-0.0014787337935361355,0.0025538365495594295,0.0020488073673818885,0.0023580154049704927,-0.00011295294001456568,-0.0006654166328998734
2024-10-10 00:00:00+00:00,-0.0034796247190457263,-9.996317895366591e-05,0.006651617631318496,0.004846085560902269,-0.002270567596743933,0.0010338797086424378,-0.0013700495794901624
2024-10-11 00:00:00+00:00,-0.011033104797266824,0.006165291883669655,-0.003506847474714192,-0.005418141853272385,-0.005131907155856097,-0.004634888624346467,-0.002997305016556262
2024-10-12 00:00:00+00:00,-0.009469224422625433,0.00805641676649027,-0.0058091747220856416,-0.005497321253159715,-0.010719645110498721,-0.004044453631633971,-0.006320242599093695
2024-10-13 00:00:00+00:00,0.002152975121910927,-8.583012598650797e-06,-0.0007683939833555975,-0.0020740181876028885,0.0008733020211884046,0.00045325455824163363,0.0015820925273408726
2024-10-14 00:00:00+00:00,0.00022427866095453552,0.0005347537026496596,-0.01883179250924094,-0.019897794207284547,-0.013691101067870637,-0.013576410269222405,-0.015257725288647772
2024-10-15 00:00:00+00:00,0.01479603294991172,-0.018895302106378797,0.012464314969762302,0.01096534682737782,0.008517612942427144,0.006573558906395105,0.006761729338103706
2024-10-16 00:00:00+00:00,0.010888926947925537,-0.005450831267652445,0.008821673875894165,0.007533540673356542,0.012125644864210416,0.009525269838970507,0.009308938442398107
2024-10-17 00:00:00+00:00,-0.00224323171743257,0.0026884377756586364,0.0006576495071621835,0.005288919132111269,-0.00045311167863726354,0.002274749084146821,0.0010622422223018901
2024-10-18 00:00:00+00:00,-0.006727896516201648,0.0031664344495929697,-0.005918499683746914,-0.006439319060543736,0.0013177522554668197,-0.007516088179731151,-0.004620227492528439
2024-10-19 00:00:00+00:00,-0.001644160757010238,-0.0008247774771451555,0.0006683857960609885,0.00023037141713411202,0.007504153262003932,-0.001592150882005594,0.000826332472341651
2024-10-20 00:00:00+00:00,0.0036299550540253023,-0.01425017812914886,0.003363915604318146,0.004089691093676517,0.01204656373935653,-0.0028753547490110165,-0.001362401987906714
2024-10-21 00:00:00+00:00,0.007337801761421847,0.0034489469044198806,0.0050185948818610715,0.004746565210366649,0.018587843268621063,0.009134686019383942,0.01199773411702254
2024-10-22 00:00:00+00:00,-0.004005042341425624,-0.0006278663464933665,-0.005268235869321125,-0.001203606599167295,-0.00861448881182425,-0.0031126804653196505,-0.004929459914517986
2024-10-23 00:00:00+00:00,0.013330224377313682,-0.0007900545034069673,0.0094919144832879,0.005033723477506191,0.013433813902812508,0.010345219760213187,0.01097604164014121
2024-10-24 00:00:00+00:00,0.0027245062786531715,0.0069614578311010256,-0.0017672639668789847,-0.0014377697418672675,0.004932959526145364,0.0037743307625672795,0.004363492922716539
2024-10-25 00:00:00+00:00,0.017098717619722148,0.00031844954652338053,0.007974000802113412,0.00870013545797943,0.01563164272502182,0.012260863436839076,0.013186128825064314
2024-10-26 00:00:00+00:00,0.0027352887424829664,-0.0013010892811911035,-0.0010835891542213538,-0.0034013670165703447,0.003958185818209392,-0.001455657378511055,-0.0007208163659306877
2024-10-27 00:00:00+00:00,-0.010561129464146113,-0.0080751043831373,0.002979192902804906,0.002628247430373154,0.01057149691476078,-0.0067099134020740525,-0.00286657326764983
2024-10-28 00:00:00+00:00,0.008300006819274008,-0.0015216007075397053,0.001812514253606734,0.001535595093454134,0.012222102732414086,0.0037367614134729,0.006656132045714136
2024-10-29 00:00:00+00:00,-0.004319864775686022,0.0021741044258594133,-0.0019075508639492256,-0.0024552876325433237,-0.0054498619520290115,-0.0017184259030135207,-0.0032232710165187584
2024-10-30 00:00:00+00:00,0.0026490732088937374,-0.0022026877225221897,-0.0008454793874664857,0.0020235338910117306,-0.00135132832347018,0.0001963255805412789,-0.0004359755981342417
2024-10-31 00:00:00+00:00,0.007670311986742284,-0.0003303932677618526,-0.00016962444764823115,-0.0023240024814659144,-0.004659347106027334,0.0031339274444346366,0.00033684388377475116
2024-11-01 00:00:00+00:00,0.00023079533410741426,0.0013952850826821628,-0.004250672986866655,0.00325776521323462,-0.0017442271300965873,0.0003304368504524202,0.0001371518338486588
2024-11-02 00:00:00+00:00,0.011878629804822127,-0.0030832385043068067,0.00520319852678397,0.004081187067901171,0.00010459388503836209,0.00841373976875781,0.006702306793470836
2024-11-03 00:00:00+00:00,0.0026186049352816543,-0.005401626039853502,0.0024909345898171953,0.0047570991400298634,0.003203352710053231,0.0007997290504557775,0.0013136137328801922
2024-11-04 00:00:00+00:00,0.0051267580939302615,-0.0019701100808947603,-0.0024818839742052345,-0.0018587729524076613,0.005074399193153889,0.0010925045808052314,0.0011477173452691947
2024-11-05 00:00:00+00:00,-0.00991194240427351,-0.002322489919157955,0.0012369671286520667,0.0006353930559468424,-0.006210086498221412,-0.007199346876879842,-0.007198093655689686
2024-11-06 00:00:00+00:00,-0.03730088865800041,0.010310815489898761,-0.0016992509307887094,-0.004391074042431331,-0.009258564398613167,-0.018839370312171977,-0.012705030845950094
2024-11-07 00:00:00+00:00,0.001622338487587749,-0.0018081105787174367,0.007960726537055818,0.007653919271606746,-0.0028079831167793223,0.004824377759877985,0.002781928858057725
2024-11-08 00:00:00+00:00,-0.0009607457627771598,-0.0010653472067960745,0.010891969477071495,0.009000597476277683,0.009971653374349021,0.006481917218662092,0.008260458275817006
2024-11-09 00:00:00+00:00,-0.02053437501081734,-0.02132821849434663,-0.003966909541420871,-0.009153966275407432,-0.00024560941799744995,-0.021770125546704322,-0.01817591777787153
2024-11-10 00:00:00+00:00,-0.004449953837873166,-0.006010631923129339,0.012905656660256115,0.009588403542318158,-0.0007076670295529386,2.8252425945396453e-06,-0.0013768642941244247
2024-11-11 00:00:00+00:00,0.02033490295449769,0.0010061350973091798,0.0056139521177618334,0.009591949474484274,0.006344035897408951,0.01251731678660395,0.012636382882326602
2024-11-12 00:00:00+00:00,0.021021541092969942,0.005751655764590469,0.0015866662814334465,0.0031892419452901333,-0.004371194213020679,0.010953735016275168,0.005300965004218838
2024-11-13 00:00:00+00:00,0.013708967891410628,-0.004273203320617092,-0.00713108725115319,-0.008971559971660659,-0.02483818118271164,-0.0008631709687054734,-0.005832416258698125
2024-11-14 00:00:00+00:00,0.0012613868629876013,0.005037479198908956,0.0018522324694809633,0.0038820442366143126,-0.00783153931948577,0.0028208004311056634,-0.0022041202118495695
2024-11-15 00:00:00+00:00,-0.007001025909631586,0.009888885664189884,-0.008750404938268508,-0.008142438015785514,-0.005827782256017544,-0.0020040645705791116,-0.002548851306708011
2024-11-16 00:00:00+00:00,0.012904945182708794,0.006398648226809911,0.03846609467197526,0.035878753469529956,0.0070632386613447284,0.023583869485644504,0.018406910414968003
2024-11-17 00:00:00+00:00,0.0009545092164735536,0.007453576126326578,-0.01585371632925414,-0.016037657228647695,-0.01078142502903967,-0.00287343910012805,-0.006911094010077279
2024-11-18 00:00:00+00:00,-0.003341322544434089,0.007297964421433489,0.0013338869326238179,0.00386777412074113,0.01553826076288467,0.002941509849242241,0.008692306978412168
2024-11-19 00:00:00+00:00,0.0058139873309648316,0.008284644020157383,0.0063241138954297504,0.005189767413524393,0.004347283433558724,0.007124807371243103,0.006650695388421335
2024-11-20 00:00:00+00:00,0.02984069519329413,0.008613796886898895,0.002427003262858829,0.007004222564994889,-0.006769966580012388,0.015094230300402245,0.011186920315104487
2024-11-21 00:00:00+00:00,-0.002287808541063696,-0.003861930481603326,0.004061727266176929,0.001837775489014426,0.018215563301978266,-0.001214967111775156,0.0038972176170573025
2024-11-22 00:00:00+00:00,0.02430505105025116,0.024073207948098307,0.008297709798026576,0.010126696056709683,0.0013663884223193978,0.019498151541639253,0.01500671181686708
2024-11-23 00:00:00+00:00,-0.006449323017495456,0.008369965907664145,0.008836962346024269,0.007594712672540194,0.01722433138201862,0.00234437834241219,0.007274456452579514
2024-11-24 00:00:00+00:00,-0.004265149970013038,0.003599418035376001,0.0026760414479276573,-0.0008027331090281198,0.0015612394589632483,-0.0004457274340627926,-0.0007585766686933892
2024-11-25 00:00:00+00:00,-0.0004170320126006821,-0.009776686106054866,-0.0014703858370712641,-0.0021645395585372373,0.01066699980469532,-0.005277289779219707,-0.0005361419422467151
2024-11-26 00:00:00+00:00,-0.0024663078925849513,0.0031948536850998632,0.00801906492875859,0.006719425552896396,0.003155736851936375,0.003120925873285829,0.003537897822094793
2024-11-27 00:00:00+00:00,-0.0012250266547785271,-0.004207138374890618,-0.0019168591709406435,0.00012242045556276615,0.004950661796972566,-0.0032540456836922527,0.0005401994736435878
2024-11-28 00:00:00+00:00,0.002413773318030721,-0.0019004021124026105,0.003439331202832685,0.0003410196313127223,-0.004488289482351582,0.0005072039744951073,6.906393880501405e-05
2024-11-29 00:00:00+00:00,-0.003860489587120819,0.0091596148728732,0.003903765043480778,0.0028204637023676593,-0.0017147714915829448,0.0022007112019146735,0.0019423060892991284
2024-11-30 00:00:00+00:00,0.0051789123629901734,0.005000914955123337,0.00028375728699447933,-0.0001665963298893569,-0.001093008079939617,0.0035896138345046236,0.004054353201587757
2024-12-01 00:00:00+00:00,0.004380662213383291,0.00428227602947806,0.0027208160328311415,0.0017432280424458657,0.004882459060268296,0.003730452260674033,0.0035806602444923286
2024-12-02 00:00:00+00:00,0.004692983754917224,0.013967516741183461,0.014685410832290913,0.015967518141545956,0.012445206906898765,0.012941871135847549,0.015730117244256547
2024-12-03 00:00:00+00:00,-0.002628484589985325,-0.0016579714992757122,0.00471576757257397,0.0046008837863045215,-0.007503006041618687,-0.0006509656541251463,-0.0028587678550036077
2024-12-04 00:00:00+00:00,-0.001473537635194866,0.0016982306097657052,-0.0022528550197263852,-0.003228076901621413,0.004774782301732117,-0.00046516631422166554,0.001310468722874436
2024-12-05 00:00:00+00:00,-0.009298148534989448,-0.007867495059631247,-0.002820809485116982,-0.004122546661465054,0.0043883919778240355,-0.007814716487943962,-0.005417327957641382
2024-12-06 00:00:00+00:00,0.006073993242103448,0.00434382082216711,0.008611883240261076,0.0034576882538890352,0.011885893039031759,0.006536927238460999,0.008930170937957893
2024-12-07 00:00:00+00:00,-0.005222082356791891,-0.010805828854417832,-0.01042894343352252,-0.009325582753774486,-0.004628399373942105,-0.012077368665283639,-0.00986567189521137
2024-12-08 00:00:00+00:00,0.0016984353090785387,0.0032753073669289368,0.0011646361410384554,0.0007053089559194703,-0.003641497377428027,0.002674308816764448,0.0011079694565763187
2024-12-09 00:00:00+00:00,0.008847278158982341,-0.001389557551811138,0.0018692838441760617,0.0008080131066832141,0.0008617152432988107,0.005228994494030026,0.005191516489020831
2024-12-10 00:00:00+00:00,0.005763160647866972,0.003701389681935785,0.006005130481193666,0.002676683743015662,-0.000956260093357475,0.004695544723749778,0.004866106374571855
2024-12-11 00:00:00+00:00,-0.008777054997977762,0.0009610241198494407,-0.003267510987595812,-0.006997752630202081,-0.00014823893950610678,-0.007091943421006719,-0.004527390636007378
2024-12-12 00:00:00+00:00,-0.0003375824873090849,0.00037237534584311227,0.002505485269721941,0.004042439017485577,-0.003100149971245858,0.0015770866105582204,0.0002621881548159344
2024-12-13 00:00:00+00:00,9.249612616613057e-05,-8.42795661720741e-05,0.004391176595251567,0.0030758430447883622,0.0016969692429278371,0.0009762193145779197,0.0017063364054099583
2024-12-14 00:00:00+00:00,0.0034946273170588515,0.0013423834754515696,-0.0014098573847400875,-0.0024830404747760992,0.000976995101994227,0.0016293646982872279,0.0009795235419263193
2024-12-15 00:00:00+00:00,-0.004874292050754625,0.003908388530686313,0.0030002026791005054,-0.0016151718193103681,-0.0004868061361276155,-0.0007904291633240579,-0.0012854029480716678
2024-12-16 00:00:00+00:00,0.007399276051259118,0.00020196274848549578,0.004620078429940833,0.0021394471334859055,0.005251724684120607,0.005727342089214105,0.0072205996465153355
2024-12-17 00:00:00+00:00,0.010083108421556686,-0.004621341194685935,0.0032094413834873325,0.004850993632848466,-0.0044208131328759,0.004991766876947912,0.002797137362721136
2024-12-18 00:00:00+00:00,-0.0012041548114989364,0.005079451358443343,-0.0007558744974046627,-0.0018576734902867598,0.002389205225445279,0.0029401025436257555,0.0018748780033679413
2024-12-19 00:00:00+00:00,0.002146157252182146,0.004646639057503066,-0.003754983588827865,0.0012580614204986684,0.001764547093185742,0.003940567606408818,0.0027020804442001722
2024-12-20 00:00:00+00:00,-0.012945726461667806,0.005772488765938499,-0.0008812123686311457,-0.0013583848561573575,0.007340392698484077,-0.0038292236892008003,-0.002346967480045703
2024-12-21 00:00:00+00:00,0.007315243986821374,0.002068407900305491,-0.003772311263209316,-0.003571516731977753,-0.0034853523107444273,0.004994533707370685,0.0038866835146633694
2024-12-22 00:00:00+00:00,-0.00547429711174674,-0.0061972579692096685,0.006464760206377207,0.005327523859053773,-0.002473679731580858,-0.0034966769438371514,-0.004100249224454178
2024-12-23 00:00:00+00:00,-0.006781850194827133,0.0017087414265637424,0.005008053507880028,0.001985764440239235,0.0032440577757300026,-0.0035727517484720472,-0.002470073812509299
2024-12-24 00:00:00+00:00,0.00054274281756439,0.009154077672448135,-0.016292227673007642,-0.014732878370042002,-0.0054542042612569785,-0.0010728779430139168,-0.0030954736937300886
2024-12-25 00:00:00+00:00,-0.0005760915473467243,0.010944407158460123,0.0036770811119926083,-0.0006677301184613293,-0.0005575062658489394,0.004426517579139366,0.004334937379220971
2024-12-26 00:00:00+00:00,-0.00022870620886372706,0.0003794329799857721,0.004112034327087066,0.0004851147354236751,0.009048204742883481,0.001153465649984975,0.0027936416078389037
2024-12-27 00:00:00+00:00,-0.002812781421973054,-0.010429640363869508,0.002242998297510068,0.007181751650561008,0.0007201076637581849,-0.004430461884736614,-0.003423752342413988
2024-12-28 00:00:00+00:00,0.004662650042455363,-0.0023812129496570966,0.007430034069839886,0.00233283404397322,0.0018895414721149528,0.003368700962271376,0.003844788655521292
2024-12-29 00:00:00+00:00,-0.0005937442133580051,0.006253278531956452,-3.416836186243e-05,-0.004175105284774494,0.0025723855336812207,0.0021324624784251345,0.002110238786162011
2024-12-30 00:00:00+00:00,0.000410074214836742,-0.006072510378626217,0.00032031505420437867,0.0005399495390892017,0.009852565206801334,-0.0021984270633269576,0.0007350679903230795
2024-12-31 00:00:00+00:00,-0.0030125599192348806,0.0042862735994788626,-0.0045751695342396426,-0.0008438733122366759,0.004234257496600113,-0.00020230460948678086,0.0005859471098355051
2025-01-01 00:00:00+00:00,-0.0004223220364726332,-0.007682281361751531,-0.0009625932885507504,0.005360655137464532,-0.0034418183441462524,-0.0013008000134426823,-0.0036249903326834865
2025-01-02 00:00:00+00:00,-0.00039894872088774846,-0.0039314470075823005,0.0018038972757890015,0.0002410796877594379,-0.0010648760708249494,-0.001726028874113661,-0.0026185800342358734
2025-01-03 00:00:00+00:00,-0.0034179141679376857,-0.011524093095186538,0.003516431385635288,0.005960191878986443,0.004854555245014103,-0.007384663192474772,-0.005216193306303851
2025-01-04 00:00:00+00:00,1.3372207657624813e-05,0.00028095491790525173,0.0004290682249770139,0.0008848673332697565,0.004233070915617088,0.0006759865253809227,0.0022575120506438395
2025-01-05 00:00:00+00:00,-0.0038569534422695506,-0.000945143075923971,-5.015583996115236e-05,0.002432254116054411,-0.0037167655884846607,-0.0027451239160434238,-0.0038931232992507336
2025-01-06 00:00:00+00:00,0.005677190294498979,-0.0029686701360230883,0.013264345900061869,0.00806542174588798,0.002616499527224425,0.006028990985389671,0.00779168706869271
2025-01-07 00:00:00+00:00,0.006104765276800483,0.0046489248760996915,-0.0006207128968090947,0.002094080845627344,0.008357428145144175,0.009310780653671635,0.008552105083789785
2025-01-08 00:00:00+00:00,0.00881655289104244,0.003292441254755918,0.006147849433075558,0.012217851045367878,0.003952217705373018,0.012734349298176406,0.014196389390599862
2025-01-09 00:00:00+00:00,0.006577894196467815,0.00394577379278549,0.00393160141286697,0.007606474525022833,-0.0054703299089756685,0.007445438955569816,0.006813850034453894
2025-01-10 00:00:00+00:00,0.0012754932231235916,-0.002555109123610233,0.004975708794270561,0.0007511771366179865,-0.0005662680948625987,0.00046141837907653915,0.0001558441340210326
2025-01-11 00:00:00+00:00,0.0046313570654530345,0.0021782704192645497,-0.0006990248816334255,-0.0004695209357218344,0.001154099829036026,0.005514188559365252,0.005311015387935658
2025-01-12 00:00:00+00:00,0.0053448389839454435,-0.0016696845068281396,-0.0012038209767541996,3.3608402814078175e-05,-0.0012875489252550665,0.003531741424465773,0.0012057375988561159
2025-01-13 00:00:00+00:00,-0.001123277068748929,-0.000971040376448018,0.0035794162452007505,0.0008453767907121712,0.003659392365797487,0.00034525279756270066,0.002269942462242547
2025-01-14 00:00:00+00:00,-0.007215890791026358,-0.0036153109928702687,-0.0009840756667202077,-0.0009958110520553731,-0.0057988181529280425,-0.008393711029769602,-0.010041142054663665
2025-01-15 00:00:00+00:00,-0.0028428579532965292,-0.004125116402269202,0.019501656059053074,0.017245726018895402,0.011116209717235703,0.0039332090811363685,0.007596932737971018
2025-01-16 00:00:00+00:00,0.010197018338587993,0.0041565015672879735,-0.0037111370030793456,-0.0015413795769056993,-0.0004874253262651118,0.009120788365746924,0.005629076789766874
2025-01-17 00:00:00+00:00,-0.0011857515780461236,-0.0073897273790588525,0.009035602971730006,0.00859091544312851,0.0010651809648833943,-0.0008789224146916741,-0.0006463420606936943
2025-01-18 00:00:00+00:00,0.02049169115073224,0.013787771624741874,0.020685963837994592,0.016150597174879877,0.005782527141171556,0.03350347836796774,0.030559372597201095
2025-01-19 00:00:00+00:00,0.00837529886595556,0.00758354624738744,0.004016140427975046,0.0009142198023686099,-0.00047493775140872163,0.012442767732914417,0.011712028339421643
2025-01-20 00:00:00+00:00,-0.004431118006474444,0.008384732207252332,0.014684539860285728,0.007393370216838946,0.0015193125295296372,0.0089462970737888,0.00966166474528607
2025-01-21 00:00:00+00:00,0.0012582791426525297,-0.0043339622335289985,7.338668130518755e-06,0.0033115875760552083,-0.0003290073811432759,-0.00020387254464704352,0.0011141976841744228
2025-01-22 00:00:00+00:00,-0.00016858530120411608,-0.004501704940250373,0.001743668282560451,0.0029237249671099086,-0.0009531832510659699,-0.0008693444488445667,-0.0025484199011945874
2025-01-23 00:00:00+00:00,0.005501429393337753,0.0003694518348928977,-0.001006725594097202,-0.002157428512839177,0.0005507368576829208,0.002408489655294943,0.0021938566606776178
2025-01-24 00:00:00+00:00,0.012297216621452334,0.00581009552966627,0.0022639698622206605,0.0016555165957914397,-0.0012575505495870942,0.009226482211934561,0.007968498506719657
2025-01-25 00:00:00+00:00,0.0008871101435015127,-0.004713746334930269,0.002727403985781196,0.003713680278996323,0.0025758965493296593,-0.00032305908592000776,-9.406598470618199e-05
2025-01-26 00:00:00+00:00,0.005346534632030053,0.0013031642615084493,0.0038894424955182583,0.002918853337755989,-0.002305605365210295,0.003368770625968187,0.0030730414756117153
2025-01-27 00:00:00+00:00,0.003048959239116744,0.0019246022379237893,-0.010128788669804267,-0.008884154552857737,-0.007855847088090062,-0.00022872454904709905,-0.002954649989427738
2025-01-28 00:00:00+00:00,0.017720610301646955,0.015089663600980963,0.01028675865288764,0.0044293986316832346,0.009842357508376143,0.01724357437505497,0.01695066394577749
2025-01-29 00:00:00+00:00,-0.007678212472816193,-0.0007876867437399682,0.002370927292920655,-0.0019660077072687354,-0.004212779176453241,-0.004241332925956742,-0.00502215525249472
2025-01-30 00:00:00+00:00,0.002638193908724995,-0.0009258226462524055,-0.004717445368994433,-0.007966255827742463,-0.008684456871619783,-0.0014901825446945738,-0.0008610915583650014
2025-01-31 00:00:00+00:00,0.0028403450531961916,-0.010140102801814543,-0.0028325511401772197,-0.0009655224302067555,0.010205366601085508,-0.002656806374033094,-0.0019575350225149446
2025-02-01 00:00:00+00:00,0.01594092236659761,0.01182114264919254,0.009875748997595135,0.00592458334186996,0.0034816412755362958,0.013062069753624117,0.016233391779742812
2025-02-02 00:00:00+00:00,-0.0011420747049112334,0.003076127696228337,-0.005972712134970304,-0.0017682034217336717,0.0027165258808972137,0.0003876097945243462,-0.0005095557414949159
2025-02-03 00:00:00+00:00,-0.01285585947619694,-2.5751839083265615e-05,0.00018155871991787365,-0.009228705074525778,-0.0015474260527168493,-0.007803560080002048,-0.008087631852121802
2025-02-04 00:00:00+00:00,0.006556111466961223,0.0025001142708866997,-0.0024515342608779633,0.00026774398547391165,-0.004532484764466549,0.003062632373896479,0.002293003181688791
2025-02-05 00:00:00+00:00,0.004899045025273718,0.0009083365445219371,0.0035827665490817395,0.009177576951625577,-0.0030145316566960734,0.004573373179556306,0.00456938287669173
2025-02-06 00:00:00+00:00,0.008840569724132052,0.010248408567917755,-0.003945153894142739,-0.001136885991790404,-0.0018583653014758728,0.007366775148707427,0.007869255999082503
2025-02-07 00:00:00+00:00,0.0028944934412413748,0.0004012369976846841,0.0007182037521165086,-0.0017101173132199055,0.004422742291763759,0.0018293546175833786,0.002541525128604283
2025-02-08 00:00:00+00:00,-0.009022871254368403,-0.010103091163759848,-0.003578274417754046,-0.0030035838245198176,0.000297425249771166,-0.010392693423785904,-0.010464387980314016
2025-02-09 00:00:00+00:00,0.00530845160406801,0.00599117181656883,-0.0004970930730756606,0.00090681802330983,0.002628022494693738,0.004897624110438148,0.005847858395809036
2025-02-10 00:00:00+00:00,-0.00493569718210507,0.001718244811967029,-0.0035489406647285504,-0.008081292402285611,-0.002471273698081422,-0.0033387306180022724,-0.005018000948338486
2025-02-11 00:00:00+00:00,-0.0029490849916734563,0.004830664991273714,-0.00959117840175805,-0.010585192455450199,-0.008243257198976894,-0.0024054876507118017,-0.003728233150664284
2025-02-12 00:00:00+00:00,-0.0003825174396847597,0.0038453529521833563,-0.013767379654614498,-0.010551791733440452,-0.002637132171737888,-0.0027377890877828825,-0.0006148564404153678
2025-02-13 00:00:00+00:00,0.005931945890270907,-0.005925210486926402,0.011271899318660461,0.008233041942249608,0.004967607220683901,0.003345661503365127,0.005200900960260935
2025-02-14 00:00:00+00:00,0.0006663570493747883,-0.009002777468438694,-0.0022838043965875965,-0.0005999349087613126,-0.003425575631864075,-0.003169459739364222,-0.004020520190101795
2025-02-15 00:00:00+00:00,0.008781917385830118,0.0049291691457367115,0.005207693133103319,0.008529348973635553,0.006442783828330301,0.008602165219186997,0.010120943510617986
2025-02-16 00:00:00+00:00,-0.002371573834134777,0.0005745773195706683,0.0005906226146454863,0.004285232932276228,-0.006567223204732353,0.0001346957658503456,-0.0021571754177417413
2025-02-17 00:00:00+00:00,0.003149851547871174,-0.0038787173076946235,0.008506981051822349,0.007955663123899281,-0.0004152366883283243,0.003417618155386881,0.002103885485917445
2025-02-18 00:00:00+00:00,0.0017715264114483986,0.001504680732074437,0.0015107048119937794,-0.0016789830186313415,-0.0034829382929240094,0.0028025603988051095,0.0008953663215280905
2025-02-19 00:00:00+00:00,0.00404670206364055,0.010065587039945312,0.0008774855793782788,-0.0053152038225892095,0.0007917300321065301,0.0061592043549794084,0.0065874740494547
2025-02-20 00:00:00+00:00,-0.010029670500268706,-0.0034808504160126486,-0.010803100158433776,-0.009429044905558293,-0.004354296463472074,-0.010311032831181954,-0.010199144277818095
2025-02-21 00:00:00+00:00,0.004538327680060794,0.00456420307754013,-0.005513485322431455,-0.008655150180727267,0.005445134221440995,0.0029102229481041686,0.005180116485085984
2025-02-22 00:00:00+00:00,-0.014128285410197394,-0.0034267407827355267,-0.033472862229015465,-0.039526037741142606,-0.0043176314474979716,-0.019964329830104544,-0.01973576168342628
2025-02-23 00:00:00+00:00,0.006767371482066853,0.005686953494892899,0.014670854677592216,0.014579426400604945,0.009091288957555177,0.011701942623423722,0.01328903605217091
2025-02-24 00:00:00+00:00,-5.161116624075035e-07,0.0032418870301325065,0.0033362983302385185,0.0030310692105439685,0.004179897455331316,0.004304822780906381,0.0010698547923897461
2025-02-25 00:00:00+00:00,-0.010200232702255785,0.0028294863286004723,-0.01667218987400143,-0.017977264672628168,-0.005737892066307149,-0.011542535847749114,-0.012096035013700268
2025-02-26 00:00:00+00:00,-0.015976726725548396,0.0014588130329586946,-0.020560497603509975,-0.020696904212568756,-0.002014657735320613,-0.016794717483361254,-0.014853129930631814
2025-02-27 00:00:00+00:00,0.004682062999416869,-0.009559992355517855,0.01638050843062966,0.012566432721390575,0.005601839268397191,0.005602832518932566,0.006689286577614029
2025-02-28 00:00:00+00:00,-0.004160988656212061,0.007083154286977367,-0.009528028648463582,-0.0088902721264138,-0.002253800050185495,-0.004470175626003603,-0.004391597970697103
2025-03-01 00:00:00+00:00,0.008416579719273676,-0.011571509898577359,0.015960777493461364,0.014557762709845212,0.0066616698296100285,0.009249269674159066,0.011378701896251231
2025-03-02 00:00:00+00:00,0.003306286454627827,-0.016302135579297383,-0.008200266420554159,-0.007996725412946049,-0.013093173872483654,-0.008958316339032213,-0.01044014501893431
2025-03-03 00:00:00+00:00,0.0016417103828163526,0.007230240989940295,0.005189123589678601,0.0047630531415621125,0.00590939502097787,0.005982745723368543,0.007237603452446839
2025-03-04 00:00:00+00:00,0.005600627084307863,-0.0029967074018263373,0.0005648134414431016,0.0014034057260932098,-0.008553085676063277,0.002985137633785273,0.0015035425639629008
2025-03-05 00:00:00+00:00,-0.000314128510028433,0.0005229642552451175,0.0011900424253374897,-0.0010254048178318653,0.0032724196450415466,-0.0005774506269800028,0.0004253231560613635
2025-03-06 00:00:00+00:00,0.006163484245667705,-0.0032783610438925637,0.004567084455259662,0.003943655590535666,0.0031623280492281136,0.004579216565418598,0.005659033995480733
2025-03-07 00:00:00+00:00,0.0006316231708811682,-0.0027519194270034797,0.0025377798440302524,0.005204932258210615,0.0016066706780784035,0.001841645582462359,0.001958350797690356
2025-03-08 00:00:00+00:00,0.00452751098520765,-0.0010687866488996445,0.00039767963628167813,0.0033752939250344394,0.0022871861966060614,0.0028479399361636126,0.003546685091341484
2025-03-09 00:00:00+00:00,-0.0023422650627653585,0.010930352149227662,-0.0011367428165183213,-0.003272835689258735,0.004746158089787178,0.0007801941219596209,-0.0010718550689517992
2025-03-10 00:00:00+00:00,-0.0031838108840001045,0.013405348823427365,-0.0020168333799273075,-0.004214676862520639,0.002222424281407731,0.0008851378132697096,0.0003854616398795141
2025-03-11 00:00:00+00:00,0.0014048873909389137,0.004450991735645005,0.0005087590891577065,-8.641825055999419e-05,0.006796422977127792,0.0005956758197860346,0.004391404981820335
2025-03-12 00:00:00+00:00,-0.003457047616058362,-0.006946220286787819,0.0026938367743223335,0.0036300177316761495,0.007497228588138949,-0.0019249945286149428,-0.0005662042498029152
2025-03-13 00:00:00+00:00,0.0030177523953931473,-0.005246020783854277,0.0033292017593853362,0.0040114347967958874,0.011486731742907264,0.0017921856753890797,0.0033140061350402927
2025-03-14 00:00:00+00:00,0.0015978651276691291,0.0011289812989074832,-0.0022317037501129455,-0.0023254083806983905,-0.009226135863614982,-0.001037616338374292,-0.002029961590981233
2025-03-15 00:00:00+00:00,-0.0017606622885880663,-0.004642029869078357,-0.0019089938830570974,0.001116392089920426,-0.00054087250850543,-0.0025058361249131744,-0.0022751146542129286
2025-03-16 00:00:00+00:00,-0.003833003144743774,-0.00018860443244839153,-0.001982145147099268,-0.0031303466640152378,0.004108240317001632,-0.00229734415620364,-0.00376351089580651
2025-03-17 00:00:00+00:00,-0.0005139188884963897,0.0014763915601623268,-0.0062185683278362935,-0.003962530376942053,-0.016253999233989402,-0.0032516057535919574,-0.005879351990155435
2025-03-18 00:00:00+00:00,0.009903267995905463,0.008018247623075903,0.008835287701024042,0.007890827259760425,-0.005139489046417034,0.011001544356015414,0.01415581477916894
2025-03-19 00:00:00+00:00,-0.0014358526855065001,-0.004635256483861094,-0.0033610552576002206,-0.0026631962472368764,0.0051649443742174395,-0.004023854858869247,-0.0023223320177562234
2025-03-20 00:00:00+00:00,-0.001515946508133026,0.005701486105830433,-0.0006149209174061143,0.0016519119373268332,0.004604123119699377,0.0015735930540241583,0.0020502624727769536
2025-03-21 00:00:00+00:00,0.0006364811149446314,0.0023082786235164576,-0.0013773307786684175,-0.0027057255738941466,0.0031468541976700237,-0.00016113460971345361,0.0002080654297078599
2025-03-22 00:00:00+00:00,-0.0006349059090878795,0.0024815091604604156,-0.0009405873858322478,-0.0014726539893803459,-0.009725971132154565,-0.00037510234548021604,-0.000415012917501123
2025-03-23 00:00:00+00:00,0.0018995873483294012,-0.004844521959901482,-0.00045281179104983416,0.0011001818550808729,0.004592136244031764,-0.0009480709709427382,-0.0011606307263782867
2025-03-24 00:00:00+00:00,-0.009051429918838116,-0.00650173436887036,-0.005074540715090059,-0.005156569510063713,0.00482437998708618,-0.009857020423683194,-0.00933847406725219
2025-03-25 00:00:00+00:00,0.00044010943457784,0.0011950779688367774,0.006877231513511273,0.005886411919805656,-0.0005060735682217432,0.00430959780248763,0.004219145464062102
2025-03-26 00:00:00+00:00,0.0031923745796469394,0.004068032466648663,0.006228189796871009,0.006862957573356976,-0.0001623380103005223,0.0066288605573290305,0.007114037906293058
2025-03-27 00:00:00+00:00,-0.0031601140330503874,0.0006234742299202622,0.00027481049493616183,0.000446248132898841,-0.000524454093788651,-0.0008739578391083747,-0.003542499620669992
2025-03-28 00:00:00+00:00,0.0012573015912458185,-0.006746932724958632,0.0032759466670568838,0.0027262498424120984,0.010064344359827393,0.0004860826441415167,0.0015979726255566096
2025-03-29 00:00:00+00:00,0.003093393060673355,-0.0027932946320581298,0.004059303353374677,0.004181001929967509,0.004078516688176714,0.0024687891399819417,0.0023935069566756173
2025-03-30 00:00:00+00:00,-0.0049230157780059125,0.004868178524154887,-0.0052497566626813486,-0.0037363341554411678,-0.004102219558073883,-0.002411776681042088,-0.001894787634535544
2025-03-31 00:00:00+00:00,0.003624089610351877,0.007896354901302693,0.0036554448472227996,0.0024184744337771846,0.006557318107517807,0.007698542185162083,0.009071472078042708
2025-04-01 00:00:00+00:00,0.006691108785508382,0.004192987933357539,0.001969538703854301,0.006683950758642032,0.0023073614316151403,0.008111179087921583,0.0068361522507047745
2025-04-02 00:00:00+00:00,0.006359217865595346,0.0069564769362115975,-0.0004773590805463579,0.002951885156013523,-0.0012603898542939973,0.008962279698325526,0.0067619287947962015
2025-04-03 00:00:00+00:00,0.007084231153991816,-0.0014567863053303043,0.009846933707462702,0.005892575135622691,-0.007707858707618809,0.006100054202480276,0.002653293657197464
2025-04-04 00:00:00+00:00,0.006233141267709907,0.003953440566007993,0.0025450377000422186,0.0036936941629150954,-0.0033131770928090942,0.007073688306911574,0.007107790450870288
2025-04-05 00:00:00+00:00,0.0009901565788628108,-0.003541200374163611,0.003314338943357864,0.002024792137643283,0.003755557893602157,-0.0004803241739455011,0.001191995432937798
2025-04-06 00:00:00+00:00,-0.0029003492048532697,-0.0024141712447486308,0.003731938492342879,0.0030828023732756282,0.007601310943669004,-0.00036363913918013857,0.004192881596807307
2025-04-07 00:00:00+00:00,-0.003631544495271255,0.0014934550701128924,-0.0028856927614356875,-0.0022657409265532946,0.002615688574007402,-0.0022241160390820136,-0.0024105946986184845
2025-04-08 00:00:00+00:00,0.00945826443913833,-0.0002711196345192013,0.010106590195407383,0.013205976893148286,0.011073397535522389,0.009991143404542768,0.011153231988311196
2025-04-09 00:00:00+00:00,-0.011874791012534525,0.006241653502215172,-0.015161155577920415,-0.01371970025498892,-0.01492999894551228,-0.009125257442842427,-0.012292555509828773
2025-04-10 00:00:00+00:00,0.007550908119597022,0.005920748780987584,-0.001031567083006224,-0.005059128323014805,0.0018637344267777856,0.004972954158887211,0.002927128747921781
2025-04-11 00:00:00+00:00,-0.0036526174502347075,0.0024830503329382747,-0.005010178312450542,-0.004418877945318478,-0.00987265629669798,-0.004165647860929544,-0.0060628002548684945
2025-04-12 00:00:00+00:00,0.00030128130335849157,-0.007118910590885985,-0.001267542715485237,-0.006550880155953731,-0.007797717307483243,-0.005969593539411067,-0.0081560559297984
2025-04-13 00:00:00+00:00,0.009032788152052662,0.006085848374830727,0.014100733462299786,0.008313845657198282,0.012109909294858445,0.012030637619759865,0.014218742834217535
2025-04-14 00:00:00+00:00,0.0059317935075600126,0.005994952841152923,-0.005860032720401365,-0.007660230809019897,0.0023772295207336036,0.00223850334645026,0.00264745176606751
2025-04-15 00:00:00+00:00,0.0011084082389702932,-0.008542948591237831,0.0047427917826010635,0.00641746791329445,-0.0063899064850780896,0.0008581313947093605,-0.001862946059627113
2025-04-16 00:00:00+00:00,0.0038414212586614926,0.004810285885014309,-0.001586677054513208,0.0014610266878958278,0.0038485732899076197,0.0048361672732650796,0.004181521758013007
2025-04-17 00:00:00+00:00,0.0024989010909932663,0.003051031521580594,-0.004213112091232429,-0.007725203800389213,-0.007101853150010773,-0.0012596429056683789,-0.0022356097346304393
2025-04-18 00:00:00+00:00,0.003615996210373451,0.0010867936645444498,0.006833099766921924,0.009034341448397765,-0.0013450632685375608,0.0050129828481779715,0.0033464852229039277
2025-04-19 00:00:00+00:00,-1.0157801841992331e-05,-0.0072777196472295635,-0.013230327768949945,-0.012765381410859145,-0.005166964883582148,-0.00907157804275971,-0.010690955680368597
2025-04-20 00:00:00+00:00,-0.013438337046010607,0.005265801764934741,-0.01944075663974343,-0.013191015304404807,-0.016853713358442657,-0.012516990588154586,-0.01631421668149824
2025-04-21 00:00:00+00:00,-0.001876956921161188,0.0001328387339327719,0.0035700294918910025,0.003002833156697138,-0.0003086573210525634,0.00016324707027148833,0.0011084254264088766
2025-04-22 00:00:00+00:00,0.007349772902456531,-0.004263501228903621,-0.011248703253004644,-0.017822293253033528,-0.016594695357562417,-0.009143393846284376,-0.0075417006008379195
2025-04-23 00:00:00+00:00,0.00408325167546586,-0.011605104201989125,-0.01741844381504032,-0.01806418431211332,-0.022346088851313617,-0.010667246963330212,-0.011998028804283689
2025-04-24 00:00:00+00:00,-0.0015248599686311648,0.011400400339186545,-0.004365675803452818,0.0030662814171085184,-0.020294182563586283,0.0018353447217507313,-0.0012319435547255564
2025-04-25 00:00:00+00:00,-0.0053434874645115205,-0.004925305921601231,-0.006170591805033543,-0.002681529610255806,-0.013698316353421669,-0.005481179903596978,-0.007196620889355243
2025-04-26 00:00:00+00:00,-0.008694419198639336,0.0021679178184217385,-0.01695945970277768,-0.014441988396678207,-0.013388810910357596,-0.012090926845389927,-0.012559619246842235
2025-04-27 00:00:00+00:00,0.00634375362717865,-0.0013903553747571795,0.006427039717610716,0.006136718104803762,0.019303300308461946,0.006651173135297395,0.006553588302478541
2025-04-28 00:00:00+00:00,-0.004851551405203658,0.012205190144203737,-0.006403984777256122,-0.01216034829595003,-0.0021771606189350257,-0.004146236037824602,-0.001920228074039465
2025-04-29 00:00:00+00:00,-0.0006663893495743034,-0.0060952909519238485,0.004716543153697961,0.004982584316314931,0.010030345682897623,0.0008394160661659988,0.0021586299291800337
2025-04-30 00:00:00+00:00,-0.00494236140880755,0.06712969322240037,-0.01825278212935899,-0.02484800469352344,-0.02699645724756561,0.005309497058586743,0.001119670260619321
2025-05-01 00:00:00+00:00,0.007848570003925248,0.0009614694407176216,0.0026824729746506293,0.000256247496171369,0.014828742456708621,0.005112763625070071,0.007965578826566677
2025-05-02 00:00:00+00:00,0.005114337505891298,-0.0013422711680444177,0.0020137756547753405,0.000784307319280364,-0.0008417090806881466,0.0020568691054441146,0.0014055043600806894
2025-05-03 00:00:00+00:00,0.011224106145286017,-0.00414847269097085,0.007611327078791863,0.00864040554943335,0.007806335500069261,0.00757310757509333,0.007259229629953845
2025-05-04 00:00:00+00:00,-0.005541376111264595,0.0011114802800535895,-0.001166589284650632,-0.001620990311045012,0.004209893827036737,-0.002814838183422319,-0.0005703886340141517
2025-05-05 00:00:00+00:00,0.0002351866684091597,0.003743902998092352,0.0028581892471912784,0.002479153924421551,-0.0004842209423719934,0.005354687449392159,0.004247232429732906
2025-05-06 00:00:00+00:00,0.015957315531448524,-0.0044053753985849875,0.006817883990617668,0.006384743155650963,0.003337290612635657,0.007962068052583593,0.006383226291652333
2025-05-07 00:00:00+00:00,-0.0035960929843570355,0.0008592200047992105,-0.003741216289394278,-0.0034626154758854444,-0.0007402678034674759,-0.0023148757335584857,-0.00034672354552389706
2025-05-08 00:00:00+00:00,0.013527825147926054,-0.003008995825796612,0.003774064921301168,0.005520875536407566,-0.0010287059620316397,0.007528463431517585,0.003672256049497724
2025-05-09 00:00:00+00:00,-0.012336608180692599,0.0011628559438954245,-0.01702143862751171,-0.012114774713485543,-0.008017415385087157,-0.016423959867054583,-0.009012696914266427
2025-05-10 00:00:00+00:00,0.005180396175102908,-0.0038566117222363916,0.012797458889068247,0.004504155178137514,-0.0002798773979808544,0.005952011928716194,0.004963048402491843
2025-05-11 00:00:00+00:00,-0.012826153529226003,0.009092478079277377,-0.010058375039796896,-0.00895678102372599,-0.0011008050090344224,-0.005596707280028368,-0.004161814027888622
2025-05-12 00:00:00+00:00,-0.0022516910832052206,0.0018447078150167773,-0.006709856534280689,-0.0044560516681766416,-0.01071247553310084,-0.004958576310334251,-0.004884903376181304
2025-05-13 00:00:00+00:00,4.365884398849218e-05,0.004753031004669728,-0.011919204959384921,-0.009165385002214754,-0.010876852828365369,-0.003751264186757197,-0.006190308910796194
2025-05-14 00:00:00+00:00,0.005980956805459181,-0.0013441796694262376,0.0057566640859234575,0.004048719447430127,0.012261444007090283,0.0057739752917760345,0.006994721335540355
2025-05-15 00:00:00+00:00,0.010983685401627419,-0.0022113728046949666,0.011094183230806243,0.009628750893570404,0.006469991351272908,0.01288108753241235,0.010464852625962529
2025-05-16 00:00:00+00:00,-0.0007719263721281955,-0.0013381756441801507,0.003259685232489762,0.0027678748343438198,-0.0018926416767799381,0.0015477283889777649,0.00061265608435912
2025-05-17 00:00:00+00:00,0.005159981123819213,-0.004250777281205487,-0.00015176592662191624,0.0010017349613937743,0.000336245026377302,0.0009622491441496628,0.0002793189358074599
2025-05-18 00:00:00+00:00,-0.004463004927789949,0.008555396881974264,0.0004292294578247535,-0.0020757271207978434,-0.0016348494397587787,0.002618820683645273,0.003287746201592112
2025-05-19 00:00:00+00:00,0.0026740028462144405,-0.000348827532014373,0.001623552808513118,-0.0003349733082586015,0.00032109368715627085,0.0020206200943895247,0.0009482278281442991
2025-05-20 00:00:00+00:00,-0.0060211898576728595,-0.0009964433512685833,-0.0012130075549707797,-2.728903933657545e-05,0.0016212862142337414,-0.004308402339811779,-0.0017652189232059134
2025-05-21 00:00:00+00:00,0.0033623801113955576,-0.0007167444601527961,-0.0022483293646134994,-0.0010356389892614004,-0.0048165703413606265,-0.0005076413543284586,-0.0025926480051872147
2025-05-22 00:00:00+00:00,-0.0013414518880425774,0.004058277308315761,-0.0031100678018392003,-0.0016760038100512853,0.0004642610944654013,5.4800827967715904e-05,0.0012827618108528505
2025-05-23 00:00:00+00:00,0.0031162057376812324,-0.0030767671389343443,0.006010842057825538,0.0045489852309748,0.0076713911169243865,0.005220650359802681,0.006396315534294983
2025-05-24 00:00:00+00:00,-0.0006232932319933937,-0.0004910542165860177,0.0007671324862685847,0.0005718937902725596,-0.004567270212152197,-0.00026827191816625184,-0.002931203825234596
2025-05-25 00:00:00+00:00,0.0018787208082122753,0.0030716390779368385,0.0028928428005638995,0.0020529558193858044,0.0015256119608488827,0.00640980238956379,0.006522129588875103
2025-05-26 00:00:00+00:00,0.0032872692887544464,-0.00042385437254410796,0.0026561560797184747,0.0020850638281979528,0.00304991554555456,0.003405578005198695,0.004082224926821532
2025-05-27 00:00:00+00:00,-0.0034721150447061255,-0.00020921066484791417,-0.00759514846543996,-0.0056443136773434155,-0.005217053239680247,-0.010568204480662757,-0.009629255356011113
2025-05-28 00:00:00+00:00,-0.000124487113013938,0.0010306325770121916,0.0028061589971499767,0.0025189969958614444,0.005702853706627042,0.003153831506171212,0.004834323308171573
2025-05-29 00:00:00+00:00,-0.00035323691230615406,0.0045095786239846,-0.0031844899883516353,-0.00014888074711649768,0.0020677789487899556,0.0022842828843296914,0.0027195057482527485
2025-05-30 00:00:00+00:00,0.012811325125203776,-0.0013545580207583452,0.012081554838991648,0.009440254175474783,0.010676698887854608,0.014832626604401877,0.017488415082078657
2025-05-31 00:00:00+00:00,0.004460487552004011,-0.008024513693557611,0.0036187635027811194,0.0005269504245593026,0.0031498879005267266,-0.0014830563486402104,8.643557620668929e-05
2025-06-01 00:00:00+00:00,-0.005844226067173941,0.0023084418810384033,-0.005323053522410581,-0.004625826427108848,-0.0029896439421291943,-0.006096687061013406,-0.0055551032764959984
2025-06-02 00:00:00+00:00,0.0009617154703409625,-0.0007251413525743988,0.0030117931371316242,0.0025075283753399624,-0.005788763603596592,0.0017877270691160074,-0.0006446737232510547
2025-06-03 00:00:00+00:00,-0.0013911092642531209,-0.0012576136828653661,0.0008528457447185556,0.0005777054200941656,-0.0002274084463000925,-0.000340442536547525,8.066927381800149e-05
2025-06-04 00:00:00+00:00,0.004303771172222914,0.003947522346833265,0.002811838358042884,0.0038827813452706472,0.00512153842727292,0.007737756276525731,0.00911037255819025
2025-06-05 00:00:00+00:00,-0.0023569826779569203,-0.002234251992942027,-0.00047657381911514474,-0.0017265170869029678,0.00546767403452697,-0.002729900894950288,-0.0019303319013632692
2025-06-06 00:00:00+00:00,-0.00029510754344397316,-0.007752742681599756,0.006847845528893837,0.006504048744430335,0.0027623976609829626,0.0004591050184346024,0.0018019295045343942
2025-06-07 00:00:00+00:00,-0.003433924518415288,-0.00024437400439714096,0.0005199681577523485,-8.966829961576384e-05,-0.0005349862368831948,-0.001439523498979467,-0.0011354559784773066
2025-06-08 00:00:00+00:00,0.005930417982487057,0.0032338975721688534,0.0014231593036633239,0.000223784027047369,0.0019185971885231634,0.005665020513595298,0.0054055871567455505
2025-06-09 00:00:00+00:00,0.0028759527684816266,0.0031062445854410647,-0.0018550799990384448,-0.0016157285589787351,-0.009992537583598193,0.0018467475875107997,-0.0035232242007318115
2025-06-10 00:00:00+00:00,0.0010942700912610626,-0.0033295008868109432,0.0013668553709942355,0.0075393080618628705,-0.0014826771238986014,0.0019084368892017256,-0.0004854914201593008
2025-06-11 00:00:00+00:00,0.006389799583262246,0.008838188488331067,0.009978809942544409,0.013048308500259287,0.00509896054387915,0.01697059766666542,0.01674163191076472
2025-06-12 00:00:00+00:00,0.003981808365415729,0.006416747893965402,0.011971202766882572,0.009832782804437556,0.0014127994465105154,0.012491862784695718,0.012335778467503111
2025-06-13 00:00:00+00:00,-0.003253977330533897,0.00012915506094079987,-0.005019648922025111,-0.005203366118736175,0.00022101474505809016,-0.004137332271208716,-0.0014630400256060438
2025-06-14 00:00:00+00:00,0.00288596365199445,-0.0028238513224709827,0.0020168160059235163,0.0010455602038046408,0.002023900426137759,0.0006748700572984934,0.0011229763179014807
2025-06-15 00:00:00+00:00,-0.0010614427066942822,0.004992000980690747,-0.0015964720894313666,-0.0033901410201181426,-0.0010703914886174282,0.001100345637488731,0.0013078243139479362
2025-06-16 00:00:00+00:00,-0.005911774351783805,-0.002567993393524426,-0.007447497905541556,-0.009223085650403973,-0.0003217028506237174,-0.009825381360709096,-0.009614243979636727
2025-06-17 00:00:00+00:00,0.0064215368397715356,0.0017564250054808994,0.0017372191925570935,0.005491287657127586,0.0019445565142650612,0.006638983854463154,0.007031639366614106
2025-06-18 00:00:00+00:00,0.002666107812854923,0.0034191884317467114,0.00022371808809795724,-0.0030364658924187937,-0.0029687573063531536,0.001871319619276779,0.0009468078129877266
2025-06-19 00:00:00+00:00,0.006688618830847481,0.004456063193245097,-0.002131731700981798,-0.002094281133511844,0.0011953272334566112,0.0033473344913019787,0.0022595129926332724
2025-06-20 00:00:00+00:00,0.002295731040758975,0.0037060079492472475,0.0009168194073718716,0.0019676008037872172,0.005517205897985988,0.004354959688155136,0.006607417268408966
2025-06-21 00:00:00+00:00,-0.012019529038541199,0.009853891553667449,-0.0035837125584327056,-0.00030984140053746945,0.000930076856741513,0.0011530036579663339,-0.0005066284225889728
2025-06-22 00:00:00+00:00,0.0031870409181156134,0.007601391007968861,-0.0020355316158680026,-0.005010391323653218,-0.003031745859584989,0.003913451133925161,0.003591030895629732
2025-06-23 00:00:00+00:00,-0.014777458803611254,0.001829556023576151,0.001593592825696044,-0.005052856324516131,-0.00403659586799876,-0.004352407023636484,-0.004886434876650636
2025-06-24 00:00:00+00:00,0.015421530330414157,-0.0002149083092294335,0.005346136502728527,0.005284690585101837,0.002770633836028269,0.009003653072014783,0.010631626231925928
2025-06-25 00:00:00+00:00,0.0063125372354886355,0.012506282163773585,0.0013015057216279047,0.001534341258478955,0.008273820878434535,0.010084331464328411,0.01129615136841089
2025-06-26 00:00:00+00:00,-0.0010562306845453007,-0.004947050877499581,0.007094750995527699,0.007719150531824814,0.002196252018760614,0.0030720816257152617,0.0030044289271193847
2025-06-27 00:00:00+00:00,-0.0008038789184555695,0.007045351604810568,-0.007755889009303019,-0.006467825910105751,-0.00012848026233458487,-0.0009240685587269537,-0.0004966819317644422
2025-06-28 00:00:00+00:00,-0.0016302507139709377,-7.505356712311784e-05,0.0036373903774726823,0.0002501696281174137,-0.0024429442432553072,0.0011519490505196295,0.0004858899182780263
2025-06-29 00:00:00+00:00,-0.009655778482977051,-0.003741047944300635,-0.00017308927587589285,-0.0011085111036053252,-0.004082761566155058,-0.007478179413260455,-0.008463139056587576
2025-06-30 00:00:00+00:00,0.005099203408651665,0.0064823452516298286,-0.0031245585567172274,-0.002709459845147366,0.013911154421788474,0.0033676300204430465,0.008477118543375184
2025-07-01 00:00:00+00:00,-0.0005622794502712081,0.004762828659606866,0.00222729326893778,0.0008521510840850954,0.005302237990095993,0.0031355194732076708,0.005359672814156724
2025-07-02 00:00:00+00:00,0.008633510585320803,-0.007756830199126208,-0.006310615651861862,-0.0050883171399954685,-0.010610347276510002,-0.005116872589216115,-0.006321442340762928
2025-07-03 00:00:00+00:00,0.009271547486327858,0.0066657448999583035,0.005983310005231335,0.0025279848737467248,0.0031972159166575587,0.009132744670170556,0.009764183209602484
2025-07-04 00:00:00+00:00,0.00034937929272671475,0.005634991170356152,0.005494346070866518,0.0027816684282524484,0.010802421666785023,0.005041939152318431,0.00824465453433465
2025-07-05 00:00:00+00:00,0.00022124256359945527,-0.007874424683794623,0.003780168470224554,0.008536741373587287,0.0022696570069828947,-0.0004266644932942043,0.0007129000491050697
2025-07-06 00:00:00+00:00,-0.015175858311484602,0.0011381549560036675,0.0005079483326109191,-0.001372942431770774,0.0002082997754231375,-0.007269040596990628,-0.004209517097897297
2025-07-07 00:00:00+00:00,0.004001908167330592,-0.006899514659288508,-0.0005473872364639698,0.001051949367951499,0.008924833452876646,-0.0011975065453001532,0.0009633978713614599
2025-07-08 00:00:00+00:00,-0.0004508856998421962,0.007130736909310098,0.00179567003608061,0.0003404406284028827,0.00145594907040425,0.004113021005040185,0.0033936743652882573
2025-07-09 00:00:00+00:00,0.002676395469858761,-0.002030251677594297,-0.00019620835239830825,0.0008126629667997154,-0.0005733840170651927,-0.00023642537997226043,-0.0005261224214896387
2025-07-10 00:00:00+00:00,-0.03665978962612626,0.010107074789150072,-0.03674721159513372,-0.02756082248130043,-0.020425999953990637,-0.03127685320713214,-0.020681565622574616
2025-07-11 00:00:00+00:00,-0.004623149002373816,-0.0068481690698875,0.0010503230097453908,4.5456717605807384e-05,0.001709414537616416,-0.0033615198004940394,-0.0008305026466641774
2025-07-12 00:00:00+00:00,0.003858905515638167,0.0018335772316255827,0.008899902058136178,0.0071306599454317166,0.0026586342603545088,0.007390438128493715,0.006511020449079252
2025-07-13 00:00:00+00:00,0.004536479453787212,0.01080815801099333,0.0059940218378544685,0.009180627464562274,0.0036998724276045003,0.011924216736869386,0.009717556939755179
2025-07-14 00:00:00+00:00,0.004166342545733226,0.0026444837366566,0.0006819209118698044,-0.0006117329638917202,0.0019187006447529686,0.00421311535287372,0.0028881809657466118
2025-07-15 00:00:00+00:00,-0.0013548243290212314,0.0005068214937185012,-0.0020914935306715066,-0.0004970295192623375,-0.006618674970327643,-0.001742663688574897,-0.00260795102273248
2025-07-16 00:00:00+00:00,0.005918545552629162,0.002430658096371996,0.001049902784978629,0.0004962443504865632,-0.0021909074353183566,0.00521783026245215,0.004129227543544944
2025-07-17 00:00:00+00:00,0.01099109144656385,0.007910290386589969,0.014291720174042455,0.014716017780171953,0.005730135991083074,0.017746909023813817,0.014706973118958855
2025-07-18 00:00:00+00:00,-0.0008611425421770624,-0.0018306378077588281,0.013317167785394712,0.010038326726298008,0.012196498097817088,0.005763981309709232,0.00865827315986789
2025-07-19 00:00:00+00:00,0.0016911322275490193,-0.002285282546629075,0.0028195652755609313,0.0038708952260519958,-0.005443664346906241,0.002377128833481068,-0.00014956940400989716
2025-07-20 00:00:00+00:00,-0.004532436136310158,-0.0022666495969344558,0.0006636028163642393,-0.0034613838610887404,-0.00526767566707953,-0.003926626793744226,-0.004207091312129818
2025-07-21 00:00:00+00:00,-0.003606474292698225,-0.005628384673036391,-0.002903577941924085,-0.0011577476701251088,-0.004351790774412834,-0.004618249065305835,-0.005021324151175288
2025-07-22 00:00:00+00:00,0.0003587216063758447,0.001785547507567653,-0.0038289094173642457,-0.00040874271531576856,0.0008042309133511338,-0.00039074697569252415,-5.851339892171126e-05
2025-07-23 00:00:00+00:00,-0.025119197874005406,0.0003022389878843956,-0.010050532449745075,-0.008515238809574055,0.006413701566831298,-0.019625793375012246,-0.00884967862992958
2025-07-24 00:00:00+00:00,0.006551541896769653,0.004590322304275141,0.0016513803681765804,0.0007609597506910148,0.003747228019977955,0.0057386441239406505,0.0049811775089549926
2025-07-25 00:00:00+00:00,-0.0007117525108960576,0.0033649411356850845,0.0024041876218119373,0.0022277552147482726,-3.041626806965514e-05,0.0006963341972823223,0.001387927223408525
2025-07-26 00:00:00+00:00,0.0020768304413358862,0.0013858471267060857,-0.0017815656180635298,0.0009976888415741403,0.0027670578310574623,0.0014326492948053549,0.0015438733802608517
2025-07-27 00:00:00+00:00,0.0018524689716703513,0.0027529011456814967,-0.0006478882640323924,-0.0005927231190074878,-0.003142026731656866,0.0014337661694592274,0.0010549790614913235
2025-07-28 00:00:00+00:00,-5.611752168344086e-05,0.0023191227660206426,-0.003163557926873839,-0.0047827670789486465,0.0027550336914259344,-0.001659720634254347,-0.0009888998409588456
2025-07-29 00:00:00+00:00,0.0019125336284229189,-0.0170375018874247,0.005293218401668076,0.0028093647170492897,0.0032014832459230647,-0.0017337148244369605,-0.0011466286997201536
2025-07-30 00:00:00+00:00,0.0008074000436517625,0.0038081491087988972,-0.0018102648370033059,-2.423170390053464e-05,-0.0004283175841609532,0.0013487502130642426,0.0006814717117105129
2025-07-31 00:00:00+00:00,0.0010198794415636758,0.0008934111076215334,0.0017658851614399396,0.0009458121880168147,0.002682881501468559,0.0015220682213668013,0.0012459641675273136
2025-08-01 00:00:00+00:00,-0.0013492353432034143,0.00129473489232379,-0.0011119428489173577,-0.002576804846973202,-0.002585300706348548,-0.001246053320655971,-0.001958250448325205
2025-08-02 00:00:00+00:00,-0.002504580520953259,-0.007789098250156612,0.00023159732673261324,0.001455795779188085,0.0001535418818250367,-0.003440269454143552,-0.002954541495056806
2025-08-03 00:00:00+00:00,-0.00182338830981843,0.004603680880962413,0.004368274662345684,0.0033293166517964767,0.0030522878931174002,0.0030815220566553503,0.0037851846420819957
2025-08-04 00:00:00+00:00,-0.007251311615049771,0.014667849149053502,0.007422675451866256,0.008057585744978502,-0.0012549833919991427,0.004863208800086172,0.0033495485248766776
2025-08-05 00:00:00+00:00,-0.0017210835905738797,0.03836918326342942,0.015525341217502708,0.01381604694325067,0.0006159241671870319,0.01899884138732877,0.014051949770023331
2025-08-06 00:00:00+00:00,0.003961994742181174,-0.0016347756947536762,0.008723532581546456,0.0037301251905093036,0.004353299787168918,0.005383279254224993,0.008026386548556808
2025-08-07 00:00:00+00:00,0.0002302117995143238,-0.005821586589578098,0.004686078543674199,0.005787673187703568,-0.00033425552531218816,-0.00047335231137157763,0.0008281996995966878
2025-08-08 00:00:00+00:00,-0.001514414869900449,0.006195309712655472,0.0009222905229533396,-0.0015042051966150938,-0.0013943542652160579,0.0012826921555459947,0.0012629178881271574
2025-08-09 00:00:00+00:00,-0.010504004645101706,0.012097160697825737,-0.0076353067250680695,-0.006943811838603264,-0.0009430621386160576,-0.0055657451979325145,-0.005141195697450307
2025-08-10 00:00:00+00:00,0.003930812439822962,-0.005854726167810909,0.0031410808283953706,0.0032863185509048876,7.639071770526584e-05,0.0013798640070874502,0.0006885475509748051
2025-08-11 00:00:00+00:00,0.0033621777919519147,0.01233880404471277,-0.004577126071012461,-0.003849364920090692,0.0038806352014773005,0.003969880742516363,0.004354950248857348
2025-08-12 00:00:00+00:00,0.0061894956820804925,-0.01023306579044203,0.01300727635027199,0.012521422994751896,0.007247521948058333,0.005718856554865148,0.008988573882423134
2025-08-13 00:00:00+00:00,0.0021980415308000545,-0.0015486466328529236,0.005439116191337634,0.00795708351439428,0.009454494739944863,0.0032329785523415033,0.006175572593388967
2025-08-14 00:00:00+00:00,0.008557802468528664,0.00932168118296195,0.000446888668453882,-0.004135594766133788,-7.94863067093976e-05,0.007650903698998679,0.005259001039081612
2025-08-15 00:00:00+00:00,-0.0022273484364768725,-0.0007435672394440207,-0.003010640817808996,-0.0021767581585099283,0.001883675563947751,-0.002132019935731977,-0.001606248043877767
2025-08-16 00:00:00+00:00,-0.0014230007236245568,-0.00044282966479081143,0.0022881940598125095,0.0023734185082582293,0.004635664568829023,4.992047157736934e-05,0.0016217025037175148
2025-08-17 00:00:00+00:00,0.0016545367386644472,0.0030679874077703673,0.0024148615667045625,-0.0036110622713958485,0.003732992270279567,0.003112989926155496,0.003230913515147371
2025-08-18 00:00:00+00:00,0.002669141606643999,0.0025873391311408422,0.003866022822121229,9.491751685541949e-05,-0.0023787027062127652,0.00464871982529913,0.003492350917107867
2025-08-19 00:00:00+00:00,0.004706960122705661,0.0021976099014773265,-0.0010031831357366627,-0.001821158382123711,-0.01208371464138247,0.00211202237956698,0.0003045529688385784
2025-08-20 00:00:00+00:00,0.0021899931622446633,0.0014304021905851005,0.0024937355089491575,0.0031365714588085236,0.0009626474638451121,0.003489330759064213,0.0035520076082342644
2025-08-21 00:00:00+00:00,0.000734839302636292,0.0024378236194086966,0.0021455208128959846,0.0008782313917008455,0.002380360397096215,0.0025831349835918616,0.0029257170658296694
2025-08-22 00:00:00+00:00,0.0036407966852858298,0.004970650270674559,0.004425320537464028,-0.004789509118919955,-0.001469417531557271,0.003660429166774337,0.002421845542755152
2025-08-23 00:00:00+00:00,0.0066324191933915255,0.0006986456130666507,0.005733132043692191,0.007683231319327133,0.0024321759053096415,0.008951973545168412,0.006688699748157667
2025-08-24 00:00:00+00:00,0.002718079669264739,0.0034210689685802986,0.00363872436532664,0.004000811098120893,0.003185468420686677,0.0068958387373927454,0.00824662814161825
2025-08-25 00:00:00+00:00,-0.0039382630415722986,-0.0001582774635672246,-0.0048764393525603245,-0.0015491577608940377,-0.0012769128050544865,-0.002972641812634791,-0.002574935905135467
2025-08-26 00:00:00+00:00,0.004173670605262858,-0.007282183214443072,0.006308975695387131,0.0032746332389768096,0.0077984765223910735,0.0010029992229956264,0.0024589106668897465
2025-08-27 00:00:00+00:00,0.0021701450826927537,-0.0022092611108749383,0.0006271575116501005,0.0006321191923297498,-0.005563537524394424,0.0003370104838054111,-0.002515650171719508
2025-08-28 00:00:00+00:00,-0.004213062424041514,-0.0052123096250631384,0.013243408928823808,0.01039663518288414,0.012406906490811886,-0.0009298369743281354,0.0038767565333943654
2025-08-29 00:00:00+00:00,-0.002463846706703854,-0.0016807538980084802,0.0018871341209292236,0.0013648766317961858,0.006323867583766907,-0.0009856621837840418,0.0010859393419033747
2025-08-30 00:00:00+00:00,-0.002764676935790078,-0.002234462035932472,0.0010807137123973742,0.0018567310560766437,-0.002708599298596237,-0.002769225011567622,-0.002896081906402337
2025-08-31 00:00:00+00:00,-0.00033986664859064764,-0.000994412621483809,-0.0022628061851137637,-0.0020976305218768365,0.0005090901834601258,-0.00217294046369354,-0.002323050128139492
2025-09-01 00:00:00+00:00,0.011090244150715467,-0.004528104377054865,6.7605482669153e-05,0.0029614247155789197,0.009133577615690003,0.003226674851770861,0.0056096070595128555
2025-09-02 00:00:00+00:00,0.0012613405095316388,0.0004340451228592723,-0.004514919164648856,-0.0008762374464825751,-0.0014038029399654484,0.00011362680850579565,-0.0012562926179753298
2025-09-03 00:00:00+00:00,-0.008889909616309755,0.008501735193339854,-0.0033305598930775115,-0.010171184478263817,0.004411748158151818,-0.003741021527234878,-0.0023893108113959283
2025-09-04 00:00:00+00:00,-0.005126058063192995,0.007470062348742479,-0.0005921780560811385,-0.00487352110119843,0.005598743231805425,0.0007411876635596837,-0.00044899212091153995
2025-09-05 00:00:00+00:00,-0.0031581674520563263,0.0029072410171657737,0.004094075833753541,0.003520157341611929,-0.007207798461953074,0.00038220599799587696,-0.0021898102201370895
2025-09-06 00:00:00+00:00,-0.018178153763817373,0.003803952296378643,-0.0026963358322479314,-0.0096623788917648,-0.008120279036402667,-0.013284453230746118,-0.014991027314002925
2025-09-07 00:00:00+00:00,-0.03360296045601174,0.022384614924981783,-0.004614341950241241,-0.026172601827254227,-0.00384908208020196,-0.02209094340192186,-0.01142250654620558
2025-09-08 00:00:00+00:00,-0.015859916478325742,0.02171865675003648,-0.0006523916354923553,-0.011921868678109626,0.0075393061268083095,-0.006047802046429407,-0.0009071827022222312
2025-09-09 00:00:00+00:00,0.004416417632422842,0.007815660603782248,0.002022624155977759,-0.00038645788274549453,-0.0015834312209325185,0.009621426356076546,0.009986205509600055
2025-09-10 00:00:00+00:00,-0.00413285406037156,-0.0045079548758657495,-0.03728193925617884,-0.023667071237807757,-0.018783085552710688,-0.021886138436876257,-0.0238472887580905
2025-09-11 00:00:00+00:00,-0.0007749992968265618,-0.00936615359668147,0.007466633035255521,0.004576483773103046,0.0032293173710353784,-0.002328857740909296,-0.0027683418935421367
2025-09-12 00:00:00+00:00,-0.000773931233860381,0.0011473685062470818,-0.03953127122121247,-0.024628347575857634,-0.007554999374122073,-0.025224735489321803,-0.023812750546480355
2025-09-13 00:00:00+00:00,-0.011981214037935062,0.008356750108296618,-0.007303282807945344,-0.005688029364726677,-0.006797220421156935,-0.009664712429143574,-0.013351340133511469
2025-09-14 00:00:00+00:00,4.5521706783402394e-05,-0.0007887763453050534,0.006361544921420492,0.006186832632514738,0.01256300179397507,0.0030698359884000492,0.005999058898601195
2025-09-15 00:00:00+00:00,0.0037881883899075763,-0.006948007685844582,0.010020242367642984,0.00810787467938856,0.010815268799223565,0.006709100210288366,0.007128376747802756
2025-09-16 00:00:00+00:00,-0.00046166236974021224,0.0019374981550253079,-0.0006969815587359873,0.0015172644569856342,7.399519665640675e-05,0.0006982182068129283,0.0012657873951691379
2025-09-17 00:00:00+00:00,2.5375471312871767e-05,0.007103179466770193,0.0010953905084061244,-0.0010484181823290362,-0.003739212933736691,0.003539604963677778,0.0022111142363065994
2025-09-18 00:00:00+00:00,-0.010054454829879322,-0.0005158084525085371,-0.005739309204248033,-0.0024736871196303634,-0.0030739905535135392,-0.010320260974128859,-0.010076149164792159
2025-09-19 00:00:00+00:00,0.005956054035878955,-0.0026583524011861703,0.0030070106475934555,0.0032333449652908186,0.006258845227270493,0.004613741828839224,0.006399102650190169
2025-09-20 00:00:00+00:00,-0.0010113092042070004,-0.0007386039866138505,-0.0019229078432241309,-0.0010920470555344508,-0.017129729864028942,-0.0023933471059874867,-0.009935701305299527
2025-09-21 00:00:00+00:00,-0.005628457864262693,-0.00011657791028518716,-0.006360566953955038,-0.0031994146501151954,-0.0049595099087214045,-0.008310643735181866,-0.007440419019023703
2025-09-22 00:00:00+00:00,0.0055981140417813435,0.0007083576734219221,0.004603511819911477,0.0008376391580671161,0.01563678168864646,0.00781956492073399,0.01477920692622603
2025-09-23 00:00:00+00:00,0.001228325531826835,-0.0012485751238719978,0.0007658476524328162,0.002311424645327964,0.007171835007647731,0.0014787090404662084,0.002428300254452731
2025-09-24 00:00:00+00:00,-0.002474344550634111,0.005156274268000027,-0.0034963645503942598,-0.004766159071188825,-0.011695869133975467,-0.0030261356631818837,-0.005249982472808945
2025-09-25 00:00:00+00:00,0.001117974722687265,-0.008290777833278917,0.0005404542619853459,0.0009969892089807253,0.007253426447528133,-0.0025453812079229143,-0.0007465333249236927
2025-09-26 00:00:00+00:00,0.0030868239670993614,0.003991944483289878,-0.0037922056786416913,-0.005477702297560061,-0.006487307583561752,0.0003151496614235416,-0.0009677871754825151
2025-09-27 00:00:00+00:00,0.0006127707334595556,0.005185659793550457,0.0013099518168466773,-0.0031125857364480147,0.0010363114735012502,0.002917763806362217,0.0021089251265189457
2025-09-28 00:00:00+00:00,0.002985142999812229,-0.0029561120373006178,0.0019633861745902426,0.002080878071203829,-0.0027454749574978843,0.0017550970228015217,0.0021999648184822806
2025-09-29 00:00:00+00:00,0.010815041295492378,-0.00026975600147538525,0.005723510677164478,0.006802832968910044,0.00465318625402622,0.01238101096142663,0.012448367976832797
2025-09-30 00:00:00+00:00,-0.0007061225478423028,0.0015966742999535821,-0.006662114704843791,-0.006972507099393899,0.0020517460676445776,-0.004998110683822499,-0.0020943680927760777
2025-10-01 00:00:00+00:00,0.004097689371197699,-0.007813361744889669,0.006761023175164915,0.006541181980183719,-0.008825527947198042,0.0035809733694787127,-0.0003208764781533757
2025-10-02 00:00:00+00:00,-0.001452732066035467,-0.007348506752237416,0.0021578452126642667,0.005039591978034164,-0.0041694336713210545,-0.0005568745921479268,-0.002017105659854579
2025-10-03 00:00:00+00:00,-0.0031676112429201986,0.0006651080373798468,0.0020180901043260757,0.0025562101009088956,-0.0011532261810880406,-3.901667824190991e-05,-0.0013834424570992043
2025-10-04 00:00:00+00:00,-0.0026954457233634432,0.0036492516654003104,-0.0018693193345256098,-0.001488303303525007,-0.0017642171972530596,-0.002146581781296786,-0.0017074572848079228
2025-10-05 00:00:00+00:00,0.0003771845958233655,0.0005010419376612063,0.003031206686261001,0.0032533757158552667,0.0040943218052218455,0.0025612513404080772,0.0031190268766898566
2025-10-06 00:00:00+00:00,-0.02277011521974681,0.0008191175998140121,-0.0027905069893352508,-0.0037003435732372303,-0.0013199224824628208,-0.018769012471928526,-0.015946978414418278
2025-10-07 00:00:00+00:00,0.003494382217193115,0.006146779147059078,-0.003544421035242995,-0.00384677281230994,0.0023880683580281836,0.002696650463554384,0.004142014854452203
2025-10-08 00:00:00+00:00,-0.001356362253726151,0.0006651100056993542,0.0004676575323026011,0.0025173486532414913,-0.004046420445814047,0.001029174899327412,-0.0009652072173569337
2025-10-09 00:00:00+00:00,0.008410748305433424,0.011566628933967094,-0.001677328092263508,0.002269840538322576,0.005935333850541902,0.008391083709227143,0.011913397980142681
2025-10-10 00:00:00+00:00,0.014345407261753707,0.025381205975901322,-0.005879060815898507,0.003207531013667886,0.020099696778888454,0.01517063435645638,0.02297609983957183
2025-10-11 00:00:00+00:00,-0.0037943777290194713,-0.00475149877583636,-0.002114862606034662,0.0022092875105330645,-0.0005488413860527119,-0.0036262743445891754,-0.003385211391373044
2025-10-12 00:00:00+00:00,-0.0028918838034965866,0.004535204784748004,0.002038743428638856,-0.0019511331287036526,-0.004851070619323106,0.00025167864440844845,-0.0016368514503298792
2025-10-13 00:00:00+00:00,-0.00010310588349304872,-0.003418852033488018,-9.336440919061051e-05,-0.0028131026943627457,0.004191591423168273,-0.0019197324147187667,0.00046068246242847444
2025-10-14 00:00:00+00:00,0.0010703376429843647,0.0034375950580360914,0.0035967643750438594,9.351088708964284e-05,0.00265549642830587,0.002265340590545728,0.0036784520187378433
2025-10-15 00:00:00+00:00,-0.011585981085679542,-0.006492101250158311,-0.0011163155574134276,-0.0025338344555106973,0.005487514616705935,-0.012058005443989273,-0.0014132140488333222
2025-10-16 00:00:00+00:00,-0.005271062878167254,0.012619328666839902,-0.0008561335907094625,-0.00698724505351378,0.002143589341545127,-2.3610683715591385e-05,-0.00012051007935709457
2025-10-17 00:00:00+00:00,0.003604068896478241,-0.001461871291693062,-0.009290370299592898,-0.006420168036629037,-0.0009806333917043997,0.0001310119895225892,-0.0022458844138996126
2025-10-18 00:00:00+00:00,0.0023788155941237843,-0.001031119169625283,0.00606801567380999,0.004040766854676692,0.003133184880863782,0.0027168564304369536,0.0035573425233472733
2025-10-19 00:00:00+00:00,-8.568711584522326e-05,0.0007420895610454892,0.006319172048240063,0.0031406887489353608,9.955295278585297e-06,0.002981826636405005,0.003080187635196685
2025-10-20 00:00:00+00:00,-0.00020946622578010832,-0.008249917733389567,0.007916051957980397,0.005366592241379475,0.004234810142008216,-0.0008045233386552164,0.0005362695945161366
2025-10-21 00:00:00+00:00,-0.005023955762563759,-0.007152992400790925,0.007026954096671201,0.00697959971044626,0.012603228659723298,-0.0045857807377176485,-0.0008132632812730689
2025-10-22 00:00:00+00:00,0.0007050912682904364,0.006787106095787143,0.0009815113969944278,-0.004385406655567525,1.1810193951022896e-05,0.0033234140442603977,0.004258056102990571
2025-10-23 00:00:00+00:00,-0.007607036804287093,0.006119772552027225,-0.014271207365587957,-0.013437842244176879,-0.0023545390485176787,-0.007954433466675903,-0.00786349395598862
2025-10-24 00:00:00+00:00,-0.0036043022853862183,0.020185313737780097,-0.022436785486051547,-0.01758794589532009,-0.0029981823630154114,-0.002916113087113259,-0.0018031010194669017
2025-10-25 00:00:00+00:00,-0.005142669336991479,0.00014658545142487434,-0.0002626109689491951,0.003245805395917234,-0.0011079457862780417,-0.0022554777039087703,-0.0028416922872940287
2025-10-26 00:00:00+00:00,0.0008056978672172921,-0.008263595676331614,0.012306610131718632,0.008183230387180274,0.005345161335511772,0.001385906948915272,0.0023111227366592324
2025-10-27 00:00:00+00:00,0.004899707859266966,0.0005429552268920723,0.006264423902966998,0.011311706522165732,0.005131070522446768,0.007998953296488143,0.008195524108870478
2025-10-28 00:00:00+00:00,0.0004666797344345941,-0.004654592069626484,0.008511262126333241,0.00818167878875653,0.007217272846132383,0.0013171888407421672,0.0029027907913588002
2025-10-29 00:00:00+00:00,0.0011576625625819847,-0.0005466468017301107,0.0028980922429018285,0.004648270400289478,-0.0017131028354742117,0.0017219588204420155,0.0017913197008878612
2025-10-30 00:00:00+00:00,0.00692131376245797,0.004547624468343114,0.0031489495120706756,-0.0019523312214692057,-5.968860057725678e-05,0.006306512797217723,0.005180395652694569
2025-10-31 00:00:00+00:00,0.0025437279595559303,0.003722006515528564,0.00046240976040334836,-0.0014249487186458465,-0.006848139840161971,0.004434471650286209,0.002211887420967562
2025-11-01 00:00:00+00:00,-0.000172699600903492,-0.00472271134264135,-0.002619199445269005,-0.00042074617636200795,-0.013285862157761397,-0.003350298524690598,-0.00776941545606602
2025-11-02 00:00:00+00:00,0.0028715824357541386,1.9683315891638742e-05,0.0035198417347421795,0.0038158837934265666,-0.004627038732063493,0.004796822408860146,0.0038469913478302864
2025-11-03 00:00:00+00:00,0.004805577111183457,0.0052703276350962724,-0.009364336567808773,-0.01817288389234495,-0.00033099297569327835,0.0013598621708277303,-0.0035154203002429885
2025-11-04 00:00:00+00:00,-0.011719954714368153,0.010842166554258181,-0.010224678939808496,-0.01464095539794319,-0.0033195331886615165,-0.009723986821854824,-0.010432699136539658
2025-11-05 00:00:00+00:00,-0.0008904178055918477,-0.007459242855358483,0.003505900175531318,0.0066181565462979375,-0.00027075762411687965,-0.002579240474576805,9.985802493162055e-05
2025-11-06 00:00:00+00:00,-0.008933780166180183,0.016462008745793844,-0.026976671805754804,-0.025031114754722195,-0.010982426589277616,-0.014907155084211365,-0.011186766242067159
2025-11-07 00:00:00+00:00,-0.003377474089881427,0.006233416089938881,0.002712384575784821,0.00041411921406608876,-0.008976430442900085,0.005295583524332015,-0.0021281663362631154
2025-11-08 00:00:00+00:00,0.0005344583532431724,-0.008199303402977365,0.0045945442886099475,0.004581805427642971,0.002999501555072337,-0.0016859006840923563,0.0016843319572390492
2025-11-09 00:00:00+00:00,-0.0003618106100981011,-0.00398473826506307,0.0008066291493995514,0.0015222215747849877,0.005156964899784455,-0.0010403154183101782,0.0006700534836172611
2025-11-10 00:00:00+00:00,0.005948947556209561,-0.009632017530649462,-0.0007261821298587545,0.003891283031531634,0.0001389962416442625,-0.0018122529808759502,-0.002341591552375899
2025-11-11 00:00:00+00:00,0.004280251420980763,-0.0001756817176177261,0.0012334942533867022,-0.00022504050410532273,0.00447894272347904,0.0022965644492494164,0.0048589463366837116
2025-11-12 00:00:00+00:00,-0.0022366673380719293,0.00017328073551570178,-0.0011546234584860482,-0.0005604928258270414,0.00390953004639516,-0.0022045222595646896,-0.001390588755282307
2025-11-13 00:00:00+00:00,0.003046692126969619,0.002977132999662846,0.0014684564944178469,0.00023629720804496657,0.005386375087189643,0.004804705417535748,0.008137670605545821
2025-11-14 00:00:00+00:00,0.0005615955299862474,0.0023019463944455865,0.0038157798040157065,0.0019779584692511953,-0.0016871307159933568,0.005830130349479212,0.005192756794795583
2025-11-15 00:00:00+00:00,0.0007280489679319935,-0.0019287004626802329,0.0028913384190958347,0.0033142692568186582,-0.0035717920223994337,0.002110672579588524,-0.00041014294823038533
2025-11-16 00:00:00+00:00,0.001586977131577294,0.0014786542933835634,0.0004678136895162055,-0.002103808723682654,0.00060927903009933,0.00240578093036814,0.0019504273263655225
2025-11-17 00:00:00+00:00,0.0023973123451015432,0.0009458476075148159,-0.0008604748767383485,0.0024066387803978184,-0.005740864634958376,0.002845915530141463,-0.0023469223523210347
2025-11-18 00:00:00+00:00,-0.0002732543527775855,-0.006442527207377813,0.0022092489826515127,0.00405933748424836,0.006864933551518071,-0.0015836730844893676,0.0027155307240505078
2025-11-19 00:00:00+00:00,0.0016971128922997902,-0.0007060377085881253,0.0064711442969180855,0.006893878826732536,-0.0009210874826403037,0.00767563877619315,0.007346557044915603
2025-11-20 00:00:00+00:00,0.0008565408956831,0.007064344690280722,-0.00222341203583587,0.001376592550135447,0.00819838353361968,0.005087258582092913,0.007219668006368751
2025-11-21 00:00:00+00:00,-0.012487888269381964,-0.005671112310222881,0.0023155395614293806,-0.0015960099371037373,0.007129150385892569,-0.01123343871671123,-0.009805721447173288
2025-11-22 00:00:00+00:00,-0.0006921053832512625,-0.00842172074019587,0.00034161827320988714,0.0029897072773474864,0.006377834009404726,-0.004516217674042755,-0.0006243950343282068
2025-11-23 00:00:00+00:00,0.004484824453599545,0.0036585436861786835,0.0009044140950265067,2.7961432922163354e-05,-0.0031930040295944373,0.00762512653852343,0.003475528455250565
2025-11-24 00:00:00+00:00,-0.0008512211599693842,0.006006444355717289,-0.006091965069860872,-0.004813629796162067,-0.005588569295633561,0.0001852815847724898,-0.007566201469870637
2025-11-25 00:00:00+00:00,-0.0005194604687337456,-0.001028965876554877,-0.0018707783598179706,-0.0005691181308302706,0.0010618621143372309,-0.0012812387061467145,-0.00017307831794100004
2025-11-26 00:00:00+00:00,0.006271084116617587,-0.004868497113406978,0.0001130432908484913,-0.002608840207445229,-0.002494894515836399,-0.0007563281573707004,-0.00018079681262883618
2025-11-27 00:00:00+00:00,-0.00289939306150655,-0.002369871806385593,0.001917834566932175,0.0041387910491925695,0.007969862626248103,-0.002318027685660695,0.004079642272714734
2025-11-28 00:00:00+00:00,0.003306510515975969,0.003869974689430178,0.0027874530056593017,0.0029545983337304627,0.0025213994731316802,0.008392521003333098,0.012195555266749647
2025-11-29 00:00:00+00:00,0.00045071185661571533,0.0011315661222628393,-0.0006062151948355021,0.0004570906573480027,0.001598832925358229,0.0008463617209768515,0.0011032557826538003
2025-11-30 00:00:00+00:00,-0.004886828986984004,0.009075363182850182,-0.0025312852100333183,-0.0031434694525229734,-0.002262455972907196,0.001946587767755803,0.0017163050727502238
2025-12-01 00:00:00+00:00,0.01322084420861458,-0.00036724776136798365,-0.0010645529791756259,0.007126835530794962,0.0029726627318149568,0.010938279238029258,0.011008503921599688
2025-12-02 00:00:00+00:00,-0.00030327448879829966,0.0024971598681886586,0.00806806008318417,0.003057382170801537,0.013229766422087508,0.007902275506725065,0.010919152569225599
2025-12-03 00:00:00+00:00,-0.0012831425428084797,-0.004016358086623484,0.005998777867775251,0.004636325061719182,0.005889161931175835,0.0015916827525142008,0.004067795211752934
2025-12-04 00:00:00+00:00,-0.003021145685378923,-0.0009388650221671124,-0.0013394238466849506,-0.002343188278784658,-9.222764879868173e-05,-0.003937459479815719,-0.00397717773374584
2025-12-05 00:00:00+00:00,0.003465485526250145,0.0036258424658879296,-0.0019100268385890962,-0.0004996767815246272,-0.0077634635247841866,0.004184398652371968,-0.0001034891128367521
2025-12-06 00:00:00+00:00,-0.003786700889066963,0.004842566548648897,0.0009904712308541619,-0.0009173313414176931,-0.004612327823847351,0.000607163460297766,-0.0005776108302036898
2025-12-07 00:00:00+00:00,-0.0010026337295384602,-0.005424116553555236,0.021294739890353798,0.01607601342424192,0.014397509684714427,0.004983360720699936,0.010523143938895974
2025-12-08 00:00:00+00:00,0.0037968405717963005,-0.00206783882711703,0.006118740115311994,0.004789827190141649,0.001098400450079584,0.0034188807074941874,0.003708834065814015
2025-12-09 00:00:00+00:00,0.009534179066906345,0.01062365759169892,0.011477645064525976,0.010468767968071724,0.007349503067811458,0.021204877421016288,0.01870303840759413
2025-12-10 00:00:00+00:00,-0.01660887595287386,0.0018645785809123794,-0.024261330898445843,-0.027462192635562266,0.0027243441026783,-0.025038579291273733,-0.014642825247757063
2025-12-11 00:00:00+00:00,0.01038058795889829,-0.003421387581634794,0.005165585231977188,0.003748347922823081,-0.002709703216427717,0.006310665201864074,0.0032885435300646915
2025-12-12 00:00:00+00:00,0.0005327502778316173,0.0009338972811363533,-0.0014584145412041005,0.0014649563006328137,-0.00015569578363172631,0.0007956941605409273,-0.00013717674805713287
2025-12-13 00:00:00+00:00,-0.011679370764379415,0.011666250029704006,0.0072227358263246,0.006145756459226215,-0.003964101633335493,0.0022342621409263685,-0.00119277153550168
2025-12-14 00:00:00+00:00,0.0017780368219908471,0.014585102206149614,-0.01798180423340301,-0.018739709521828463,0.0011325402063016021,-0.0027310900488909384,-0.00290812840461796
2025-12-15 00:00:00+00:00,-0.009282868036445957,0.0033363623362849815,-0.008942674617424262,-0.010468429308866822,-0.003880910122876613,-0.00839844876720508,-0.01024018944798677
2025-12-16 00:00:00+00:00,0.007048254226307948,-0.007016131056309827,-0.007510763722191172,-0.009440054954527821,-0.004137454018776965,-0.0060589420064658395,-0.00597841206538019
2025-12-17 00:00:00+00:00,0.002143570134379491,0.0009232030683592463,4.468513962452292e-05,0.00024114966740040877,0.006010430432044522,0.002723762193070023,0.0030159567067182813
2025-12-18 00:00:00+00:00,0.0015450948472606196,0.00719689926491851,0.0034438566997514464,0.005008291430535827,0.0023168526851620186,0.008869253735490856,0.009476947440267836
2025-12-19 00:00:00+00:00,-0.006230112127654119,-0.004226141553385299,0.0030091465654069616,-0.0018760892150517794,-0.0011861181279704258,-0.005270669474591316,-0.004207474413020051
2025-12-20 00:00:00+00:00,-0.009876043315993566,0.0034111834640175864,0.0010036372036066332,-0.004837622723788737,-0.0028869237075799248,-0.005441346310743778,-0.005784230510694988
2025-12-21 00:00:00+00:00,-0.008714229280802344,-0.00187341346198322,-0.006335661841666229,0.005051141025633532,-0.000623055488897184,-0.00516476556920753,-0.005373213251621656
2025-12-22 00:00:00+00:00,-0.007399885494482006,0.008004506100304454,-0.0029021897820110665,-0.0008336566165189074,-0.0004463462249567618,-0.0004887390933666635,-0.00039649810646447126
2025-12-23 00:00:00+00:00,0.00668207382977104,-0.0007269776948054529,0.002960636577889808,0.001116664537450962,0.005945832466657475,0.005024808089955091,0.005919682913085422
2025-12-24 00:00:00+00:00,0.007902087630383026,-0.007389943885045769,-0.0005128997942626112,-0.005763347911320826,-0.00416128693838691,-0.001744585923497688,-0.0030825950605128938
2025-12-25 00:00:00+00:00,0.008960193497886015,-0.0042051492818978575,-0.0011081659864520255,-0.0012826554992064754,0.004909988941680599,0.0019017638080163213,0.0031903068504071097
2025-12-26 00:00:00+00:00,-0.0072180982099625535,-0.005876339130902242,-0.0014619807496148995,0.0002547578444720422,-0.0019627645337817468,-0.007937872264251356,-0.007978117415306962
2025-12-27 00:00:00+00:00,-0.0032921619097222576,-0.0019137801968175383,0.0002659352168292717,0.00015478672604007926,0.000109819644866338,-0.0039669762473981685,-0.002877547490016563
2025-12-28 00:00:00+00:00,-0.00042480652961329746,0.007017240066964359,-0.002312919747616937,-0.0022487565382565133,0.0010646091992840834,0.0016317844659692327,0.0027063229116131016
2025-12-29 00:00:00+00:00,-0.008295924541258493,0.005427947998322358,-0.011888727003544153,-0.008325494091265817,0.0031700634578168962,-0.00880148936523062,-0.007931865204762523
2025-12-30 00:00:00+00:00,0.0045889400510727985,-0.004518106260977706,0.004266583017544123,0.0011882543193182382,-0.0027506308129124912,0.0017392577472576942,0.001233647489723655
2025-12-31 00:00:00+00:00,-0.009909137271124746,0.0005843361252446666,-0.015797346026620196,-0.015519066701485396,-0.00341157210949794,-0.0174424937058566,-0.009776422917784022
2026-01-01 00:00:00+00:00,0.0014770457788557678,-0.002201324080578715,0.007746372299069826,0.007565938559747076,0.011465647895936515,0.005005064746162136,0.009475750103425717
2026-01-02 00:00:00+00:00,-0.000618541192988431,0.0011549207901031533,0.0001279410434746886,-0.0008380776790665179,-0.009235671701075754,-0.000361133320590179,-0.0013755783442656044
2026-01-03 00:00:00+00:00,0.0008424020936512733,-0.004797181913964388,0.0010509257019193363,0.0008644275929099443,0.004105212594775365,-0.0009703074437382719,0.0008548315711842669
2026-01-04 00:00:00+00:00,0.006001196564159761,-0.006795348400432499,0.0011548855293874727,-0.0007633010818601793,-0.011996040790202667,0.0006278224370168672,-0.00166103970785203
2026-01-05 00:00:00+00:00,0.003677104668571074,0.004447981852397254,0.010464749350417524,0.011462040156250852,0.010862294355538094,0.012237194276392138,0.013486154376442627
2026-01-06 00:00:00+00:00,0.0014562473179182689,0.0054129421585118465,-0.0009285868419496301,-0.0011168398446043115,0.006332963891106269,0.0020119694779658914,0.0034894487414964814
2026-01-07 00:00:00+00:00,-0.0013252364977547337,-0.0020932579721832933,0.003960242220736765,0.004845033179347702,0.00205279440760342,0.0007491577838849572,0.001141981934184244
2026-01-08 00:00:00+00:00,-0.0006408447556366381,-0.002452310337962449,-0.0028252101326802226,-0.0031193834949120314,-0.006071988240978987,-0.00405329117223896,-0.0063711892674903625
2026-01-09 00:00:00+00:00,0.001404666783118902,0.001024960323951385,0.0012224705187950935,0.0013996395010327234,-0.003992797627885625,0.002565551709093894,0.0029370041792353696
2026-01-10 00:00:00+00:00,0.002819380478169986,-0.00027473560616131376,-0.0005566838888025893,0.002236743330358726,-0.000669882850376391,0.0016095102910542725,0.0012842540826434323
2026-01-11 00:00:00+00:00,0.0013245608135146192,0.0058934771869558755,-0.0005728820468179352,0.0006511486166431713,0.008363747638778118,0.003964750744870571,0.005001908798956123
2026-01-12 00:00:00+00:00,-0.002021509421484935,-0.0011276545622136425,0.00012162597117426621,0.0014308320857019385,-0.0021812542248884625,-0.0014822934881947303,-0.0030934465558737356
2026-01-13 00:00:00+00:00,0.0007724303886365025,-0.0013470487710151025,0.006458896427170346,0.005304433037936596,0.003034265364505462,0.0036337773824310915,0.006050136171192655
2026-01-14 00:00:00+00:00,0.0012430030472618814,-0.004949230148967199,0.00145439572277839,-0.000811715522092249,-0.007828602745748925,-0.0019859237636343785,-0.0038666211102826864
2026-01-15 00:00:00+00:00,-0.0026712489192282085,0.00012156520010986327,-0.0018886063427835387,-0.0006889134180079193,0.0030440644540876693,-0.001603893861068184,-0.0009539412540324754
2026-01-16 00:00:00+00:00,-0.0016121071830369482,-0.002898108767853791,-0.0015461808346176609,0.0018733133179651418,0.004589745033461767,-0.0023770475183020334,-0.0008857597426734642
2026-01-17 00:00:00+00:00,0.0008123458309838849,0.001950633752979103,0.0024875785253866134,0.000490325198684749,0.001987245732236742,0.003093376549163196,0.003398531848613384
2026-01-18 00:00:00+00:00,-0.0015514857050632491,0.007553049012109181,-0.009869431827609021,-0.009217856241165223,-0.0010613500035976386,-0.0033385046177173416,-0.0037667980152978897
2026-01-19 00:00:00+00:00,0.0014690999774040758,0.014560488598339472,-0.002455451537895059,-0.0018168215602765159,0.005816059458340073,0.004514823397258949,0.006864545334292593
2026-01-20 00:00:00+00:00,-0.0003620486916647847,0.013043231301854696,0.0026671111089091593,-0.0026539524369221246,-0.0024765824152064297,0.0053854594967679414,0.004880012781193432
2026-01-21 00:00:00+00:00,-0.0008260277850431486,-0.0023759211419284165,-0.006523808882475057,-0.008009971569165386,0.006026003146403447,-0.005394618080547753,-0.003964686410925289
2026-01-22 00:00:00+00:00,-0.004353760194774958,0.004697429201696579,0.004581277842781395,0.003742059234491668,0.008545711362579755,0.004474282628580628,0.0077158570385083
2026-01-23 00:00:00+00:00,-0.0012312859811851595,-0.0035155621665753367,-0.002143984206377625,-0.002542736022600356,0.0021758982449959774,-0.003713019992025113,-0.003067978739845434
2026-01-24 00:00:00+00:00,-0.0032488053289939645,-0.0005950777135921292,-0.0063710744304670275,-0.00532043999526155,-0.0012209032490472227,-0.004706892968301624,-0.0072910327353790105
2026-01-25 00:00:00+00:00,0.005254593578661204,0.005539641969829923,0.008665025011070027,0.01314520430296895,0.012224213390943373,0.0122632697896643,0.017848566595533466
2026-01-26 00:00:00+00:00,0.0012852313741229526,0.002743562416394063,0.001759420088957686,0.0029562723919505096,0.011327672086051344,0.0038950867172771186,0.006037128773321188
2026-01-27 00:00:00+00:00,-0.0025657766822914096,-0.0045899376183914375,0.0005577247469474855,0.0016694056444690464,-0.006158068495685343,-0.0016103583712330227,-0.002919099788242674
2026-01-28 00:00:00+00:00,0.003543474811259717,-0.013964588789180943,0.005057327573950499,0.007205032850153836,0.002607367697513574,0.0008781366029766424,0.001899361132469135
2026-01-29 00:00:00+00:00,-0.0025259954338555657,0.0013931799592317162,-0.002208272614827367,-0.002747681246706213,0.00265820473853684,-0.001503238008212393,-0.0010742942608592543
2026-01-30 00:00:00+00:00,-0.0004955514805859984,0.006411809802838286,-0.009707752539533598,-0.005510797584949878,-0.0038906081226469658,-0.003001340758525317,-0.0040503144161242455
2026-01-31 00:00:00+00:00,-0.01510813984200754,0.021222520783934273,0.0028109693635058886,0.0046639167418423,-0.00029887545480467015,0.010680522974784834,0.010944902246657229
2026-02-01 00:00:00+00:00,0.007149655813404543,-0.019491333635256902,0.0007613148639751266,0.003831194254469761,0.01135239573212865,-0.008949634962423847,-0.004083414729818102
2026-02-02 00:00:00+00:00,0.004077209033547913,-0.0016230314374352517,0.003699393455437905,0.005513296761995301,0.005294585334496116,0.004277878716360872,0.0037765629150032787
2026-02-03 00:00:00+00:00,-0.0007100393472349031,0.0031785845511853594,0.0065373495643819,0.007966078023237566,-0.007586992928703795,0.0062703210125218956,0.003263519364313794
2026-02-04 00:00:00+00:00,-0.012954834602876053,0.002776811364248566,-0.002106311477829581,-0.005747009967792538,0.0033055985720558123,-0.005883115147401807,-0.0035875873372264167
2026-02-05 00:00:00+00:00,-0.019601038763290113,0.0119823874086884,-0.007497669151821484,-0.0025257182089759578,-0.008277883391649032,-0.0007711439056777847,-0.0033425138956083567
2026-02-06 00:00:00+00:00,0.003889313020554175,-0.01180673486651973,0.010191163290823146,0.007874990896579392,0.001003517485236305,0.004620594455485572,0.0026331364771334798
2026-02-07 00:00:00+00:00,-0.0011565633099932526,-0.0011673875268971567,0.0009830354223099302,0.0014725379359099566,0.00449466584364866,-0.0014847694571529235,-0.001259265811001553
2026-02-08 00:00:00+00:00,0.004075440248332729,0.0013680344923456822,-0.00869643308765189,-0.006797157143154764,-0.010346374748530618,-0.003007556497751418,-0.005273331883685173
2026-02-09 00:00:00+00:00,-0.007735094215415295,0.004588664004147702,-0.010592008806292186,-0.00959045090652011,0.0020440992719710227,-0.0072306750225668015,-0.0021639912888171686
2026-02-10 00:00:00+00:00,-0.01365530591415065,0.008993114906139299,-0.011647931182085847,-0.01151065999537415,-0.021629688425655935,-0.0067455970898157025,-0.011058130345834694
2026-02-11 00:00:00+00:00,-0.0036486299955990065,0.0004359250918613,-0.015798982689708252,-0.0057662825308397725,-0.015802177206150625,-0.010087271387563712,-0.015633700523006833
2026-02-12 00:00:00+00:00,0.0073671318653418805,0.0003352056187142516,0.0001506501822037265,-0.003323924913181675,0.0020735946159562424,0.0027149636206769134,0.003111889656595146
2026-02-13 00:00:00+00:00,0.008688729496374004,0.0003157104280315792,0.008938827387379167,0.008467057899810948,-0.0010475298963280588,0.01041007077755296,0.008179203722256112
2026-02-14 00:00:00+00:00,-0.005200972917545621,-0.006073572960658358,0.006712810831341898,0.007870927533179417,0.008153105303799979,0.0010888615451751793,0.003256189974162549
2026-02-15 00:00:00+00:00,0.0012305731807684683,0.005142359404076258,0.0040799333486534195,0.0013973346053159919,0.0033259323095664595,0.0063876749522033816,0.009234035545615527
2026-02-16 00:00:00+00:00,-0.007302886228959138,0.001788302407364828,-0.0005467076248099056,0.002816360562451603,0.0002553795951760751,-0.000975411958267669,-0.0011478670643787492
2026-02-17 00:00:00+00:00,0.001306037422952766,-0.0017765602781057988,0.002902405748121728,0.002829618843164461,-0.0008336727423948753,0.0010449287839306987,0.00032019833995455826
2026-02-18 00:00:00+00:00,-0.01066734417830173,0.004494575470692652,0.006230038577147212,0.008061079731418896,0.008491027300602916,0.0051806766006381455,0.00684669657635073
2026-02-19 00:00:00+00:00,0.0016459284998520118,0.0026132604942887827,-0.0007770878085323618,-0.0017522242962995094,0.003493689360578145,0.0026443036734944414,0.002212242685235788
2026-02-20 00:00:00+00:00,-0.0034258611954609552,0.0010541384487425809,0.0003991669120115837,-0.002379271904207836,0.0022714800736343133,-0.001052945125347926,-0.0013633023148911239
2026-02-21 00:00:00+00:00,-0.006287728505855239,0.0019469519343278119,0.0017738766233499348,0.003625511116102542,0.001898580087075663,0.0013549450224070725,0.001778004852561077
2026-02-22 00:00:00+00:00,5.1016497393252536e-05,0.0077887600271318025,-0.0008994978224741157,0.000673096389639305,-0.0046084559095241895,0.005366441577788761,0.003271340688716151
2026-02-23 00:00:00+00:00,-0.0033211806822187606,-0.0017668912000204928,0.0008872029675535131,0.0015470924366129957,0.0013023568831829202,-0.0022392033992119087,0.0010804797968129165
2026-02-24 00:00:00+00:00,-0.016765799966878325,0.007704080289193671,0.0012596217096039197,-0.00363783768831627,0.0004654500810687967,-0.00037163663327077767,0.0015516859142579165
2026-02-25 00:00:00+00:00,0.005939028643681121,-0.010893825596899331,0.019176277507665818,0.024310274247438146,0.011178279955212256,0.013224454922703632,0.014144758563936044
2026-02-26 00:00:00+00:00,-0.019035973017347607,0.008821260719045432,-0.006347644443351896,-0.0008172500724403786,0.0009068354561294623,-0.0021791862821439745,-0.002370241221057001
2026-02-27 00:00:00+00:00,-0.0012141539180643424,-0.001992024352761357,0.0075947033809538045,0.008776818623419391,0.006716966555276871,0.007277611732218192,0.006944048424542437
2026-02-28 00:00:00+00:00,0.00017839460445312483,-0.003081447133416848,0.00013521644382752385,-0.0020933322309555358,-0.00598529175570417,-0.001784569252244017,-0.0029816317299938833
2026-03-01 00:00:00+00:00,0.000461439453302237,0.0017119821991431472,-0.0024270560990291568,-0.0026948589187377747,0.0030821193036663086,-0.000919546408654992,0.0006923565314893576
2026-03-02 00:00:00+00:00,0.0031285816397470523,0.005548130500218962,-0.00024992354260211513,-0.0008925145263415368,-0.008861366120264003,0.005397084628312454,-0.0009773560651817892
2026-03-03 00:00:00+00:00,0.015381714095359822,-0.009271766445899776,-0.00823518828543035,-0.006942166377413739,-0.008324653300294083,-0.010200535415970324,-0.01239881081765526
2026-03-04 00:00:00+00:00,0.005768270571403944,-0.009014841216366198,0.0027800932852637406,0.005044138164123302,0.006386063218392968,0.0001859646275048643,0.0036298713589797416
2026-03-05 00:00:00+00:00,0.003946288658999597,0.004710144749718648,-0.000915193141849846,-0.0034513361493369032,-0.0054153988275862375,0.004237445176253907,0.0006472272250876987
2026-03-06 00:00:00+00:00,-0.001425926309061465,-0.0028259504885171927,-0.007376224770919926,-0.0040100362494162045,-0.0056145719458122745,-0.009209262443611643,-0.011096960752689289
2026-03-07 00:00:00+00:00,-1.3879012575990224e-05,-0.001523907039612582,0.004502902730818326,0.003945965199519286,-0.00042877185917178373,0.003943268481272355,0.001755438609509996
2026-03-08 00:00:00+00:00,-0.00213390428278315,0.004900404107139433,-0.0041737377187517355,-0.0066074465960253015,-0.011469090291118311,-0.0032012846101956427,-0.007334416598216764
2026-03-09 00:00:00+00:00,0.001695244065537782,-0.0017807113014606246,-0.006771941859623154,-0.004842113315206231,-0.006256114137726976,-0.00885627267510991,-0.008717809560642498
2026-03-10 00:00:00+00:00,0.0003418624805207049,0.0027825657486835187,0.0025267190915354565,0.0028525230498221976,0.002371453836185422,0.0046921167831341926,0.004484855850500402
2026-03-11 00:00:00+00:00,0.003951809366276482,0.007319718892445426,-0.00196651838969808,-0.0008867691271186029,-0.00027875612532191063,0.006661779790098299,0.004374285384684873
2026-03-12 00:00:00+00:00,-0.006539185216612009,-0.009841348411236295,0.006911221162157144,0.0047714463715351485,0.007815787704334332,-0.004566442668508475,-0.0037598865487455946
2026-03-13 00:00:00+00:00,0.007791649312051119,0.001651055050921002,-0.004031915378425399,-0.007479678870503714,0.00028280120146217946,-0.0003735734831797899,-0.0032352770289386656
2026-03-14 00:00:00+00:00,-0.004330077776747987,0.002113206655225852,-0.0006584163381780916,-0.00041986225670198607,-0.0009699110632728214,-0.001448841775450349,-0.0003522346334705606
2026-03-15 00:00:00+00:00,0.005675031116372242,-0.004664822057052764,0.01040011735837676,0.00902363307267251,0.011276024116566807,0.009888910604553436,0.013962292781025898
2026-03-16 00:00:00+00:00,0.0004497406421288819,0.005447418793228964,0.01716565128243963,0.017729851673974117,0.010033015078166674,0.022972394454444878,0.019525618547175494
2026-03-17 00:00:00+00:00,0.0034622704804949667,0.006453829390075327,0.004384301522699419,0.003239698776566158,-0.0007565710124749492,0.010234734395549783,0.0054411785306855975
2026-03-18 00:00:00+00:00,0.0022206725078990353,0.00027109756745469227,-0.005833854020498408,-0.002372287421552932,0.0010349264638682687,-0.0002789715558446648,0.001031648921442141
2026-03-19 00:00:00+00:00,-0.003345909000823988,-0.006301873853422069,-0.0049587476886800985,-0.00268106508962207,-0.0020944816978316627,-0.009167429028923979,-0.008083253228737486
2026-03-20 00:00:00+00:00,0.0032108594184316885,-0.005239048080494024,0.002486697094066459,0.0029132879481115204,-0.0024092661586183617,0.0007223878860014299,0.001266143958047472
2026-03-21 00:00:00+00:00,7.562069941791094e-05,-0.0009730792512413489,-0.002956155552043982,-0.0026608442342617167,-0.003582073051657142,-0.002927994405552914,-0.0034495783468038166
2026-03-22 00:00:00+00:00,-0.007663757423752804,0.02076904446293515,-0.007584302255279951,0.00932287049863767,-0.029196439864232038,0.010095750360832323,-0.004849004118115174
2026-03-23 00:00:00+00:00,0.006472035156208422,-0.0023807240440439914,0.0014677596267143045,0.010214255054568744,0.007053208668903466,0.0059782618986568,0.008435072725964332
2026-03-24 00:00:00+00:00,0.006594240927684902,-0.01194490167738338,-0.0019246530567865738,-0.0029114810590405993,-0.0026581729083142713,-0.007907652017224875,-0.006006716633371378
2026-03-25 00:00:00+00:00,0.0007966291940704195,0.008059460663160989,0.0019987229387055105,0.002578022456165785,0.006001474287335773,0.008547263316006415,0.008690199769489482
2026-03-26 00:00:00+00:00,-0.004306901210965441,-0.00022968880570095607,0.0011910328604189946,-0.00014755812441136218,0.00011151505454298771,0.0008493222558143554,-0.00040912037937446133
2026-03-27 00:00:00+00:00,0.002528924577866132,-0.001684420065899972,-0.0035729064891619755,-0.004871568821156358,-0.006424365225929041,-0.0035343034823905883,-0.007331950922140451
2026-03-28 00:00:00+00:00,-0.0031881119908605537,0.0015944118765534032,0.00409941097008204,0.007794022682331203,0.003800543867746864,0.004113967764052484,0.004994466605288128
2026-03-29 00:00:00+00:00,-0.001802170979107398,0.006067290678848591,-0.0020011005792817116,-0.001542694055650884,0.0009493043809263302,0.0014963485091552542,0.0027635591629371348
2026-03-30 00:00:00+00:00,0.002269279485077158,-0.0013625384169666521,-0.002164830268059359,-0.0008481332267324948,0.0003110295479500369,-0.0022222504238958996,-0.0022516727127899205
2026-03-31 00:00:00+00:00,-0.000839771788514021,-0.007623121816842771,-0.0005983068099474353,-0.006768555469125914,0.0014308789477712747,-0.008176695579955151,-0.007058014982343042
2026-04-01 00:00:00+00:00,0.0009112210231783102,0.01214614653021373,-0.003056613634880301,-0.013955172544374395,-0.008390609918006664,0.001683643098866483,-0.004057885251467219
2026-04-02 00:00:00+00:00,-0.003284183132210461,0.0018553177037892166,-0.003109385992853153,-0.012925022289533517,-0.011463694923253054,-0.004907552145009375,-0.010288366963015716
2026-04-03 00:00:00+00:00,-0.00875817078167207,0.0012726345439728615,0.006389788524827189,0.004752809117792189,0.004240882342213759,0.0038806454399193946,0.004485141836841011
2026-04-04 00:00:00+00:00,0.005048763733549677,0.003947087686469564,-0.007594333718640822,-0.031483787718868506,-0.005960829993019279,-0.010659130006555828,-0.011032876132187064
2026-04-05 00:00:00+00:00,0.0009438298697945768,-0.008627001538272783,0.0015348799802406,0.007210060997184353,0.003667973467591956,-0.0017006783890223254,0.0003267492733189936
2026-04-06 00:00:00+00:00,0.0016124031613033996,-0.0015339845358489645,0.0016486144552261273,-0.0014519987579052485,0.0006983572857295339,-0.0017411409572868353,-0.001533107963830771
2026-04-07 00:00:00+00:00,0.0028980871372101813,0.0018216873622589613,0.0058793861565316075,0.0016577873441983026,0.004952532367519691,0.005067606033848815,0.0058543743992076624
2026-04-08 00:00:00+00:00,0.0013984660165544671,0.004104080507757901,-0.006394383844004925,-0.004911558993877296,-0.000967080856773217,-0.0020591671559984093,-0.002088185763814643
2026-04-09 00:00:00+00:00,0.0021312193841733773,-0.0007875960668788373,-0.002897945251065681,0.0027661230631479405,0.003082050568189665,0.0019984309331908534,0.00284439329929298
2026-04-10 00:00:00+00:00,0.0015537993973648856,0.0016544633977839673,0.0007227261214624026,-0.0024439374226055133,0.002627065289173336,0.0011934318274244848,0.00355147983139692
2026-04-11 00:00:00+00:00,0.0002646497184890517,0.0030576075461679064,-0.002533268914729936,0.0011118576835573712,-0.006616859361504246,0.0016284811239357655,-0.001079521908309733
2026-04-12 00:00:00+00:00,-0.00573202199022349,0.017877586205447882,-0.002165887247624343,-0.009776045818264523,-0.0017335982052734122,0.005157736411485203,0.002641555592399314
2026-04-13 00:00:00+00:00,0.003103508349086459,0.005670812848599827,0.0033294861295039,-0.0021929961327429304,-0.0016916869470964269,0.0040980014945359855,0.004005485714861701
2026-04-14 00:00:00+00:00,-0.0028510687625077358,0.002135807429956227,-0.0067467852273837,-0.005168702680754311,0.003528458093213782,-0.00430503818142236,-0.0032154063384500775
2026-04-15 00:00:00+00:00,-0.007038428112482231,-0.001274191627368526,0.0011959776092522745,0.003519380505847103,-0.0014521909361433494,-0.0007599439803444019,-0.0016796039695150533
2026-04-16 00:00:00+00:00,-0.012661848571350887,0.0015364468427037092,-0.015850642784601465,-0.004338061520758663,-0.028742610356129572,-0.011029197936475943,-0.02596418929575517
2026-04-17 00:00:00+00:00,-0.00014054409371822008,-0.0026185780588888763,0.017535882286319637,0.010233729508904332,0.010267634086726929,0.009029901617903402,0.0191561481405933
2026-04-18 00:00:00+00:00,0.007242961458439057,-0.005057641320606154,0.015949997323788656,0.0041101072754494705,0.01732185140881093,0.005506541325008829,0.016387124067566594
2026-04-19 00:00:00+00:00,-0.0030976991937667897,-0.005564021935589802,0.008039304672843972,-0.0003277427317920356,0.005181590213288123,-0.0006997989867439935,0.0016476548863897378
2026-04-20 00:00:00+00:00,-0.005170113163284973,0.009176829481682525,-0.0028836652860778633,-0.002145431627280092,-0.0036042137951985964,0.003804717088088827,-0.002818167623362955
2026-04-21 00:00:00+00:00,-0.00800085055610178,0.00042903775891334206,0.0011763940742361978,-0.0005091992039277793,0.002946359938409193,-0.0008986505533908895,0.00036416554506457643
2026-04-22 00:00:00+00:00,0.005085035324793319,-0.007545477425944691,0.005224938847937066,0.002263076308488321,-0.0009204514062848279,-0.00036583916144761197,-0.000943120856121693
2026-04-23 00:00:00+00:00,-0.003722313589773929,0.006096802241651655,-0.005941550896208625,-0.0047527177146912125,-0.0011236404767962505,-0.0019486047474481794,-0.003268223232438139
2026-04-24 00:00:00+00:00,0.0006937874508632369,-0.005268372893471596,0.0077367840220625705,0.0031972288689936512,0.0014474233164745165,0.003037171611892431,0.0033966402020815245
2026-04-25 00:00:00+00:00,-0.0011252585943865023,-0.0006314304471831678,0.005707614796804039,0.003737856027807629,0.002875693068480345,0.004082884776347218,0.003886094715865207
2026-04-26 00:00:00+00:00,0.0032738255047164433,-0.00414865872804604,0.005632429301143604,0.005585904331000702,-0.00022950149641398632,0.0050920827421381265,0.0020834288722402228
2026-04-27 00:00:00+00:00,-0.0018256565316129292,-0.0025027294141505285,-0.0015074071597844796,-0.0017705960819380806,-0.002772722795308602,-0.004003493677251502,-0.006008274229002741
2026-04-28 00:00:00+00:00,-0.0020542369933435056,0.0023552525359538112,-0.0020472460319306274,-9.24800321999708e-06,-0.00204183703904548,0.00030134887985200365,0.0003952984137998161
2026-04-29 00:00:00+00:00,0.007619029836153368,0.0004096567176143928,-0.0019593402696213014,-0.00023997753247184672,0.00016612943922944545,0.00016328582447067141,0.0011302698889574803
2026-04-30 00:00:00+00:00,-0.001146017833975499,0.009333185361417584,0.0012371039123550975,0.0024982866511480406,0.0027592322096534616,0.0071723048434635395,0.005877319609141951
2026-05-01 00:00:00+00:00,0.0017415609726554315,0.0022957179155473906,-0.0004574924743266928,-0.00023980985108473796,-0.002387530325352105,0.003073958216400996,0.0004342746075138848
2026-05-02 00:00:00+00:00,-0.006501014067011868,0.011288837478043545,-0.004813347597220408,-0.0037575527942930176,-0.004706188909206599,0.0017572949823170259,-0.002480401369300833
2026-05-03 00:00:00+00:00,-0.0021868105779336844,0.001784039748337296,0.0008923624168086786,0.0003492416016528388,0.0018555973245679702,0.001271699760220013,0.002543192730337873
2026-05-04 00:00:00+00:00,0.0010162323728146738,0.0017519968799053487,-0.0035131607813718713,-0.0011437351110876737,-0.004563226863757319,0.0012065946891355317,-0.0024936264718283807
2026-05-05 00:00:00+00:00,0.002930658763825811,0.000818228371458618,-0.00020322516593884732,0.000983924313104012,0.001001239947470589,0.001263579778448598,0.0019960045987112984
2026-05-06 00:00:00+00:00,0.0017430050465341296,0.00025099979766474156,-0.0010789726476355677,0.002002788959023949,-0.0015155341840715764,0.002358863089451324,3.218379514891012e-05
2026-05-07 00:00:00+00:00,-0.0016517760469803022,-0.0017635123301987798,-0.004042294734253549,-0.0034344011924224427,-0.01005385953768978,-0.007958717644630187,-0.009187420864827822
2026-05-08 00:00:00+00:00,-0.012290516463830947,0.0009272875404839898,0.0029145863731949717,0.003350715237190327,0.0008781797597976482,-0.0002467925542591898,-0.0009424853472788097
2026-05-09 00:00:00+00:00,0.001232229080611713,-0.0004081099232827734,-0.0014518932552294306,-0.0014280177387827608,-0.0012441407837961993,-0.0006340711510302022,-0.0006306594658597175
2026-05-10 00:00:00+00:00,0.005820006774527542,-0.0032025141287193026,0.011293956903777547,0.010867719456875369,0.006417760159481034,0.01035117479259351,0.007497304033200258
2026-05-11 00:00:00+00:00,-0.0018344069131830398,-0.0026811850525101377,0.0021028745143774064,0.00211380307888942,-0.0001435750537971403,0.0004659077828625957,-7.792413324736458e-05
2026-05-12 00:00:00+00:00,-0.0010295952599308489,0.0034222605157989694,-0.005368467968939639,-0.0063482439161731685,-0.007713512823517066,-0.003678619024038876,-0.006282134447624821
2026-05-13 00:00:00+00:00,0.00608347986731439,0.0040658027307189926,-0.0001758957774949943,-0.0002061944511330127,0.003020283741644425,0.004533776036090398,0.0034042899937214433
2026-05-14 00:00:00+00:00,-0.0018088474304049917,-0.008195826423112229,0.007074305286414839,0.0036482573342540014,0.007405692106997375,0.0003050783088589526,0.0036348862264263815
2026-05-15 00:00:00+00:00,0.0038704322740406027,-0.0013412290043758324,0.0006822077140558047,0.0026134905824850563,-0.0061266381317880425,0.0018155642925063997,-0.002119237103564986
2026-05-16 00:00:00+00:00,-0.0017403496665676643,-0.0014431885703253267,0.0007672390567634579,0.0017415872371500107,-0.0007056515711696409,-0.00023659300669931493,0.0001364290233600851
2026-05-17 00:00:00+00:00,-0.006478257841364243,0.0025836777078422912,0.0015356161301600668,0.0016282027751206574,0.00472111778961759,0.0003774364571789146,0.003963199377299054
2026-05-18 00:00:00+00:00,-0.0031606277695500617,0.0032021071325298855,0.001673077968782577,-0.0017023389069658057,0.0013332597040744965,0.0032495939651555616,0.002684128194186952
2026-05-19 00:00:00+00:00,-0.00018310860753045777,0.008466653055998918,-0.0014140828963418173,-0.0069922713210689436,-0.003493406425381207,0.0040347485889309365,0.0012517601270405354
2026-05-20 00:00:00+00:00,0.0021731732136764936,0.0035044829831558655,-0.004620472350983618,-0.007954014501330264,-0.0027348253587965443,-0.001534401220394499,-0.0048664061320409235
2026-05-21 00:00:00+00:00,-1.1525695744030173e-05,0.004651777580187089,-0.0025505639477895192,0.0017303242324975265,0.0011307979753081288,0.0056272736729809925,0.003564522960086469
2026-05-22 00:00:00+00:00,-0.0024296230409401876,0.003746836973696821,0.002990094913525976,-0.005576846397534196,0.009866679727936534,0.0010650676370858037,0.006540838327274701
2026-05-23 00:00:00+00:00,-0.003211501818469298,-0.0008415924217990423,-0.003821081109117941,-0.003402201304065544,-0.006678067395688214,-0.006888574384647628,-0.007347151873942526
2026-05-24 00:00:00+00:00,-0.002919575944142938,0.0008847736652117799,-0.0023400770008016325,-0.003620387543154302,-0.0032624864673815868,-0.0029008971603700084,-0.00447351034997201
2026-05-25 00:00:00+00:00,0.011364037658407433,-0.008932801897342468,0.015609395849404795,0.00184043864192307,-0.0012687766980581383,0.009677046772278208,0.0032613783944956953
2026-05-26 00:00:00+00:00,-0.004854959844134088,-0.010324682404271313,0.004741982419183666,0.006029810977331573,0.00010810102929714738,-0.0037585043230859982,0.0002571919175620163
2026-05-27 00:00:00+00:00,0.00323102314200141,-0.007459894560205682,-0.0034911116775305784,0.004544715301042723,0.001538625482153222,-0.004520262976838718,0.0003312434345406068
2026-05-28 00:00:00+00:00,-0.004399978247405456,-0.001312640568675083,4.7112039633923075e-05,-0.0077826555792027685,-0.0022355060188433695,-0.004847662420426668,-0.004334168679564154
2026-05-29 00:00:00+00:00,0.01077693888453668,0.005948741658848178,-0.008323683986750763,-0.009007712148836111,-0.004239395238464727,0.0036540045061834725,-0.00032805297956839397
2026-05-30 00:00:00+00:00,0.007626739168085983,0.00423593951768142,-0.00232572340541759,-0.003841885049313154,-0.003575673910337529,0.004925656885264695,0.0005906465658362947
2026-05-31 00:00:00+00:00,-0.0044280167837925655,0.009583500188605987,0.005421758260719667,0.0007710786174692785,-0.008815037094860978,0.010342588268662523,0.00039963088099392863
2026-06-01 00:00:00+00:00,-0.0071551185019376184,0.005562198830213916,-0.00043100799632755926,-0.007562634187144424,0.00018161393328397502,0.0006446690456105575,0.0023746764131076237
2026-06-02 00:00:00+00:00,-0.03871040357422073,0.007474599706720486,-0.0042598988742104105,-0.004358462726268386,-0.002228612951944098,-0.010088993206849972,-0.009011273586750579
2026-06-03 00:00:00+00:00,0.0011206637692744437,0.006509627496052994,0.0009825417860598318,0.009159250765544913,-0.009427108558788588,0.009976122275416222,-0.0008158233287577366
2026-06-04 00:00:00+00:00,0.0006423131451973596,-0.005173232743487688,0.009601482371371928,0.003909078081836492,0.0055506728438969866,0.0032085077615739976,0.006497918381205059
2026-06-05 00:00:00+00:00,0.010316282703908719,0.012162856247111886,-0.010782567398816112,-0.007531834631263945,-0.009915679233396202,0.0030147423039388332,-0.002185246910767713
2026-06-06 00:00:00+00:00,-0.0032117237500770557,0.021607960642041624,-0.015036481559025261,-0.022991435715431163,-0.013302004942079448,-0.002504051570205168,-0.008530327605361099
2026-06-07 00:00:00+00:00,0.009973188141770395,-0.001820320398036146,-0.007393759858000837,-0.008100995515680776,-0.01634152354271845,-0.00643837495428512,-0.018958845108076994
2026-06-08 00:00:00+00:00,-0.004192256934143934,-0.008767363264877703,-0.0006173324544974657,0.0031157144937443704,-0.0010502190168389935,-0.006011972980203284,-0.0032430374053659117
2026-06-09 00:00:00+00:00,0.0009318428012090596,-0.0007630259472598544,0.0020130252094154866,0.0009110845340793983,-7.589575798838677e-05,0.0025457628516896147,-0.00023764407365456375
2026-06-10 00:00:00+00:00,0.01180809548052042,0.018409354920518428,-0.012660001735117943,-0.010697055061415606,0.003395233219254834,0.009513245353012678,0.007484347458002194
2026-06-11 00:00:00+00:00,-0.013139277308210184,0.021613544182152333,-0.026446689738774842,-0.019214853235012597,-0.009395511599538109,-0.011476098214427854,-0.0069302517759759485
2026-06-12 00:00:00+00:00,0.002630773973663292,-0.004729679334155024,0.011140153577816614,0.00831501045829186,0.0140920261233628,0.00807525304286738,0.012575541781706834
2026-06-13 00:00:00+00:00,0.0030240351504691176,-0.0106319027296774,0.015849067128572036,0.017786100626221213,0.012410088351246795,0.012384792718575843,0.014547082830369762
2026-06-14 00:00:00+00:00,-0.008165901584845758,-0.001806882926029485,0.0040140444213581095,0.0026109460712329113,0.0012364715442754193,-0.0018560416210428032,0.001724563520521416
2026-06-15 00:00:00+00:00,0.004427350018743725,-0.004848539260303375,0.005864846022200165,0.003832189364997296,0.001888715871904978,0.003285748297288338,0.0022249528469413526
2026-06-16 00:00:00+00:00,0.007961068379463754,0.002453798861463685,-0.007426478909866696,-0.005185852914563083,-0.002512700180237193,-0.007669676251496171,-0.007040555119492864
2026-06-17 00:00:00+00:00,-0.01118778847366586,0.004607578030475956,-0.003871487662837403,0.0011418741083799588,-0.0005109718814563236,-0.002455530695685715,-0.003933953953111469
2026-06-18 00:00:00+00:00,-0.015660141872613664,0.003025200575254239,-0.003181480425050509,-0.0038594558569189363,-0.0021679728364324413,-0.009395945053962018,-0.008480985815775388
2026-06-19 00:00:00+00:00,-0.011640118623159279,-0.00022393694542321985,0.0006890878189451666,-0.0009367618290869739,-0.0012297649829329238,-0.007293358727558652,-0.00482415305289452
2026-06-20 00:00:00+00:00,0.004142543471821414,0.0032986344771319676,0.004201485861650811,0.004920691506763442,-0.002474293441489306,0.01631360100825696,0.00886343689904101
2026-06-21 00:00:00+00:00,0.0012275899162199622,-0.0025520892547014062,-0.00059427323015393,-0.0031020694504537705,0.0011111518609316917,-0.006110206721730016,-0.002939384047671023
2026-06-22 00:00:00+00:00,-0.003055193552039981,0.0037277263825985507,0.00022448702673671939,0.001725842684304535,0.0009397534461719204,0.005129846426719098,0.005961587079126751
2026-06-23 00:00:00+00:00,0.011533221184603315,-0.007793500652237495,-0.003570951073693429,0.000816396546814202,-0.0008182018466555974,-0.01043900121428154,-0.006241968696686917
2026-06-24 00:00:00+00:00,-0.018235085177784494,0.005943750180089857,0.00575809273986283,0.004989835270991394,0.004530453926339328,0.012003999651342356,0.008441118817681392
2026-06-25 00:00:00+00:00,0.0042155692283667445,0.0036869972262505435,-0.006434632819626307,-0.007615664396371513,-0.00819672944809624,-0.004590077351824151,-0.005871744149594793
2026-06-26 00:00:00+00:00,0.01720689860336222,-0.004026147467492636,0.0010423283175207132,0.0030506336025208913,0.0017345012886544886,0.0041102306142790646,0.003072317073386621
2026-06-27 00:00:00+00:00,-0.008066181912676162,-0.0019405528209516243,-0.002193980129932771,-0.0004246962656172526,0.007169415544210578,-0.00738775381047696,-5.635014427440854e-05
2026-06-28 00:00:00+00:00,-0.001246318670881097,-0.0015735406647086059,-0.0003861239665828853,-0.0014286701685732872,0.0011072480034060028,-0.003704164674595889,-0.0015049022425686065
2026-06-29 00:00:00+00:00,0.0008881499566757434,-0.00023923225414701488,0.0008910919234756953,0.0003955920705165372,-0.0037678875037702175,0.001001553597917093,-0.0015244340940113732
2026-06-30 00:00:00+00:00,-0.015734629692241597,-0.003992483254902868,-0.0006343961328422187,-0.0013599278246785307,0.003891450774734073,-0.01136516957839484,-0.004337757969749445
2026-07-01 00:00:00+00:00,0.034254944578893554,-0.007521504693823067,-0.008203515601629352,0.002499163617056821,-0.025616227501979894,-0.005972497945172517,-0.01317187859609914
2026-07-02 00:00:00+00:00,0.02661263120872448,-0.009455790115279972,0.01446854437217615,0.0056195156954510495,0.005131960146001813,0.015291194498574301,0.008633359228689796
2026-07-03 00:00:00+00:00,0.004080923715230167,-0.0030620468819134716,0.006166910433469397,0.007100154095166067,0.0002141256566277061,0.004384093395755295,0.002953814465855853
2026-07-04 00:00:00+00:00,0.0021980628247431078,-0.006966420203348367,-0.003151740431711292,-0.0025834072685091414,0.004426866876881874,-0.010334004163526922,-0.0026292843385694598
2026-07-05 00:00:00+00:00,0.0022778510912182526,-0.0012352173384115872,0.0011470990491664335,0.0019322322067700792,0.0032698895652829574,0.0006702495130093133,0.0026350403873585115
2026-07-06 00:00:00+00:00,0.008602794860377294,0.002447513104612664,0.0018818953377792713,-0.0008528441157039657,-0.0015304213093674246,0.008729723018254587,0.005721715498338886
2026-07-07 00:00:00+00:00,0.008723114467648285,-0.0022548205748075256,0.008599156403580999,0.010477296909561007,0.014319845236221207,0.012930396515405507,0.01903792841725238
2026-07-08 00:00:00+00:00,-0.010023839762433928,-0.0027294894499400035,0.00023565399289826594,0.0024903667057325496,0.0046285376195622785,-0.005380169898053455,-0.0017274934389847063
2026-07-09 00:00:00+00:00,-0.00557058807084887,-0.002440181446605849,-0.002202631253774401,-0.0027903144259588952,0.00141161959713898,-0.008184327672435154,-0.005490646339971983
2026-07-10 00:00:00+00:00,0.005292448981929043,0.002000457938370559,0.004096527895159685,0.0028593690854537,0.00826163047195827,0.008440714262142324,0.011268018604369212
2026-07-11 00:00:00+00:00,-1.0113132927092039e-05,0.0016941260714662398,0.005887597569651515,0.005536086237992288,0.008276784321922692,0.007055118366472213,0.012378711462739833
2026-07-12 00:00:00+00:00,0.0036663155257206093,0.00977151339103477,-0.008036950449962665,-0.00785673380192553,0.0022900905298806062,0.0013031038604964795,0.0024318810320225204
2026-07-13 00:00:00+00:00,0.006575789072337912,0.0001779244777255773,0.0059053465808664996,0.004931984756238794,0.0031130395753149465,0.009542019695944148,0.006534103140128478
2026-07-14 00:00:00+00:00,0.0014916000460429846,-0.002907381102723372,0.003183749492869259,0.0035427179828981803,0.013385394048469168,0.002023530942124818,0.008622244372068488
2026-07-15 00:00:00+00:00,0.02690507570868772,0.00635439788947334,0.004948018420597,0.00326635837108058,-0.0011007904355140319,0.01982209493017617,0.012935637558891822
2026-07-16 00:00:00+00:00,0.008568921254315631,0.00820755571802989,0.0028234736857746245,-0.0006981622525049636,0.00040593761496476866,0.00985316938328018,0.008707348237389168
2026-07-17 00:00:00+00:00,0.0004197691796956615,0.00671637260076996,0.0014595202269385155,-0.0014945469489362484,0.003426070956832561,0.004563804707946373,0.003916950095640859
2026-07-18 00:00:00+00:00,0.0034883855380369866,0.004264579076688646,-0.0021283270768814866,-0.0017050272287332247,-0.0035936256930017008,0.002547957951676727,0.0010067008983729586
2026-07-19 00:00:00+00:00,-0.0012740041429518678,0.005978773076023014,-0.009014965614419501,-0.010176955317150793,-0.0009372406498213692,-0.0033867264485292203,-0.002947831693949632
2026-07-20 00:00:00+00:00,0.0027906364552561236,-0.000164841843239949,0.00527722273767095,0.006273927163687798,0.0051732785416696014,0.005533445050912578,0.0062874773254122385
2026-07-21 00:00:00+00:00,-0.013064975291097292,-0.013330484086077954,-0.004030584303856388,0.0021829031525046894,0.014124198370224272,-0.016470215894769158,-0.007044411634592462
2026-07-22 00:00:00+00:00,-0.00014057872403205884,0.004088492876537453,-0.0030074461020775933,-0.003953406569402573,-0.001573097744639651,-0.00014481641436259185,-0.001847674417074452
2026-07-23 00:00:00+00:00,-0.0032331615379033174,0.00553364978816262,-0.008299988044506823,-0.004944622624565964,-0.005514644648209721,-0.002535788931686267,-0.0015574355892085112
2026-07-24 00:00:00+00:00,0.012012017239205752,-0.007252699415167263,-0.009222066154693453,-0.01097703199832123,-0.013802020282215666,-0.0067125910328628136,-0.01152945507995673
2026-07-25 00:00:00+00:00,-0.0002023717113285306,0.00029081508088601993,-0.00023225898549261714,0.002321824882056678,0.0003169623921372988,0.001260249688461279,0.00044143991888145884
2026-07-26 00:00:00+00:00,0.0014199083478620977,-0.0005486759079738057,0.007415966821418651,0.0026433380437254073,0.0015632337409205999,0.004551478351217497,0.004455176816721806
2026-07-27 00:00:00+00:00,0.005625505941733389,0.005204360510630446,0.007591211777921769,0.012480133401900018,-0.0023450926968862085,0.013052084594608493,0.011814100018493034
2026-07-28 00:00:00+00:00,0.0064917921203921924,0.0023971814988474893,0.004893849432508812,0.0044246600566117955,0.004221026914173809,0.007917943193527233,0.00889507642626608
2026-07-29 00:00:00+00:00,0.01081083046088982,0.0028495010815630106,0.005647940061703549,0.004707216272295867,0.0010533160788683826,0.009345068573729742,0.009672330920255767
2026-07-30 00:00:00+00:00,-0.02656645827372217,-0.014382080618998705,-0.00930935960866286,-0.008917217585274084,0.006326654961609002,-0.025110933768416666,-0.02098512883202841
2026-07-31 00:00:00+00:00,-0.0013412881689752743,0.006281473040822938,-0.0021481754080953097,-0.0015989459229580616,-0.009163013286773825,0.001067710933843946,-0.0022083843978394357
2026-08-01 00:00:00+00:00,-0.0003528939701402667,0.0016651630310671184,0.0016475580424708536,0.0029126876533587254,0.008741111391844303,0.00199255019254152,0.004727210531458637
2026-08-02 00:00:00+00:00,-0.0007213418308699149,-0.0038053666156048216,0.0013601609408200321,0.0003485234369351442,-0.0020590452813176174,-0.0011807171092951263,-0.0020168730035743376
2026-08-03 00:00:00+00:00,-0.00377035543012616,-0.004269545577242795,0.0024065195963369757,0.005831006484579682,0.002441683868417366,-0.002052309359517168,-0.0009205145399694414
2026-08-04 00:00:00+00:00,-0.005940477781400277,-0.005266246995885848,-0.0004996794035504459,-0.0014864485029203456,-0.0030446226144252853,-0.005473207812269454,-0.0066484413500002
2026-08-05 00:00:00+00:00,0.004421425339610208,0.011550296441734664,-0.009386084092520841,-0.009105084904044825,-0.010647003394495091,0.0022576346030034333,-0.0003981283245103606
2026-08-06 00:00:00+00:00,-0.002165881160251959,0.010111447415358077,-0.009683739578374317,-0.009630273901438224,-0.01652555428527913,-0.0015813232832064816,-0.006419981259018215
2026-08-07 00:00:00+00:00,-0.003519297154358836,0.002755298808980955,-0.0023879988859815127,0.0004875179926997486,0.005267911742605991,-0.0015080605918005308,0.0017350120145132042
2026-08-08 00:00:00+00:00,0.0011617940426527085,0.002855596324337961,-0.008446114080019385,-0.006995688754707796,-0.0028795714774332293,-0.000584388571249983,-0.0016246188987371069
2026-08-09 00:00:00+00:00,-0.0008390347926452435,-0.0007995286881328223,-0.00257543728798848,-0.0013601936787958069,-0.0107609178678032,-0.0011217540332828513,-0.007771834155622992
2026-08-10 00:00:00+00:00,-0.0010481689968596664,-0.005771112116502164,0.008850599219358157,0.007845815241200649,0.012579163846665242,0.0017557517061090877,0.007735075899645727
2026-08-11 00:00:00+00:00,-0.0018870953437911675,-0.005706396870790331,0.0094488167385669,0.007769543951032798,0.011844608062742124,0.0009734502614238139,0.004894565385108907
2026-08-12 00:00:00+00:00,-0.007070728386159297,0.0025328247654281544,-0.005831787312614245,-0.0035628869794971374,0.0017146581966220875,-0.0049924839721269265,-0.004311586163423309
2026-08-13 00:00:00+00:00,-0.00467584929770104,-0.004536590547260078,0.005162977471671715,0.006517832630020148,0.004471032183022361,-0.0005975200413180781,0.001802690496017334
2026-08-14 00:00:00+00:00,-0.0015635102392610456,0.0016917080864002898,0.0011145113615309565,0.006587824809479947,0.00375073604260856,0.0014279362903226733,0.0017300447602224267
2026-08-15 00:00:00+00:00,-0.0001521512435028738,-0.0027505288524224403,0.010132693059034859,0.00804024712693785,0.008115412202251537,0.004441567746985786,0.007275834112093094
2026-08-16 00:00:00+00:00,-0.003109206659317132,0.0036962639892805793,-0.002073924186600018,-0.001920115946103973,-0.003157999299371772,-0.000596604290930558,-0.0018224910907187475
2026-08-17 00:00:00+00:00,-0.0016003579593926176,-0.003698786503303353,0.002653946535092544,0.006193325899773949,0.0043919926318998215,-0.0007743580933178285,0.0021615373456023157
2026-08-18 00:00:00+00:00,0.00856485722266509,-0.002921117198170009,0.003569829019850701,0.0057939272787768115,0.001412552643737408,0.004913497052191795,0.0047187496077298885
2026-08-19 00:00:00+00:00,0.009916096061314272,-0.005978771251989756,0.01057661287035283,0.009872655922761542,0.01695828898526819,0.005561432491330676,0.015060399832587557
2026-08-20 00:00:00+00:00,0.006902649492164015,-0.00023379120939814868,0.0030228655470325716,0.0011616210952902772,-0.0028090230302131314,0.0031324327916422146,0.001354118296652107
2026-08-21 00:00:00+00:00,0.009010187424494331,-0.0021391893491472525,0.0013281360485259963,0.0020110378936251116,-0.003419676896238344,0.004048424204386336,-0.0009569818330346092
2026-08-22 00:00:00+00:00,0.0004011287872396352,0.0011213482731931013,0.0028588772996192002,0.0040448847864344994,0.004796377037229904,0.0030378927961522972,0.004190713094170073
2026-08-23 00:00:00+00:00,0.000973365140804594,0.001156953786370707,0.001689063759148457,0.002307220711986968,0.0031370163343178437,0.0022680454139891726,0.001888901122490294
2026-08-24 00:00:00+00:00,0.004300974586291195,-0.0038478777277889398,0.00044976121039130845,0.003623784529790397,-0.0011488951049509755,0.0018000151469002024,-0.0012640838316964054
2026-08-25 00:00:00+00:00,-0.0031180817550607864,-0.002203243092422702,-0.0015027091371999646,0.00022873451025406943,0.0010327582479296993,-0.0030573736961976294,-0.000908067360815501
2026-08-26 00:00:00+00:00,-0.001448083951581025,-0.004428714258078781,-8.552743320411338e-05,0.0,-0.005931855165495659,-0.0027068206888686275,-0.004141396509082296
2026-08-27 00:00:00+00:00,0.005531183153013597,0.004237356049946461,0.0,0.0,0.00022193445917007004,0.0054422461817555945,0.004202258527636227
2026-08-28 00:00:00+00:00,-0.0013870418200431223,0.0001464107921291813,0.0,0.0,0.0019290193825978186,-0.0010567147664609644,0.0001406533700278878
2026-08-29 00:00:00+00:00,-0.0004660001296689087,0.0008602003306958927,0.0,0.0,-0.0014755202422377378,0.0006260799878265999,-0.00037290381644228265
2026-08-30 00:00:00+00:00,0.0009561679420813096,-0.0001510874167242049,0.0,0.0,-0.00028279523181884425,0.0008869016842414368,0.0002419416608867575
2026-08-31 00:00:00+00:00,-0.0009668849202402185,-0.001980432767041407,0.0,0.0,-0.0002616166411120169,-0.001339564966651885,-0.0007175141416502218
