,price,funding,cost,traded,hours_held,long_pnl,short_pnl,total,t24_med
STORJUSDT,-431.6804143026017,22.019788799232273,16.6261306281602,24815.120340537604,8424.0,-330.09368437037796,-101.58672993222442,-426.2867561315296,18926764.921875
SUSHIUSDT,-380.28877585616465,0.44675140974516964,21.00586931191118,31352.043749121196,9888.0,-189.43908022626027,-190.8496956299025,-400.84789375833066,34095989.53125
C98USDT,-369.95301404573036,-4.936825737876348,15.154033072997187,22617.959810443557,5076.0,-200.3986844600619,-169.55432958566962,-390.0438728566039,13712618.28125
MASKUSDT,-357.6575164202807,-3.765980888092016,14.704349814353963,21946.79076769251,8100.0,-145.6261798123269,-212.031336607955,-376.1278471227267,31488054.375
FHEUSDT,-347.1993028165772,1.123240258249493,1.8012052305215556,2688.3660157038153,624.0,-166.49804022176346,-180.7012625948139,-347.8772677888492,4442333.83203125
CHRUSDT,-320.4600715705668,-0.8545906926175153,17.433259721254238,26019.790628737668,7152.0,-73.5509917481206,-246.90907982244522,-338.74792198443856,12844246.4375
RSRUSDT,-320.8722048463196,3.893960143391206,19.26594736673517,28755.145323485307,10044.0,-119.60336003599868,-201.26884481032224,-336.2441920696636,18104531.625
GTCUSDT,-310.9613926533733,-2.957194884297455,15.548951674421568,23207.390558838164,5436.0,-168.2584320260661,-142.70296062730736,-329.46753921209233,10982205.1171875
ZILUSDT,-306.57443752243915,-0.7414788907126587,14.607827683572657,21802.72788592935,4104.0,-198.05234495012155,-108.52209257231709,-321.9237440967245,16624852.90625
DODOUSDT,-291.994883614192,-4.35940931905847,7.549763621413437,11268.303912557365,3948.0,-145.49407113003633,-146.50081248415484,-303.9040565546639,50376122.9375
OGNUSDT,-265.0276246001751,10.413691096144937,15.92169821400255,23763.728677615756,7404.0,-83.52951002160482,-181.49811457857047,-270.53563171803273,11768000.5625
HBARUSDT,-246.59351730678972,0.7795892768375235,24.10225579246317,35973.51610815394,11376.0,-152.55459583350049,-94.03892147328891,-269.91618382241535,34261424.9375
BELUSDT,-248.41013207255716,5.922872218736259,17.443993319708056,26035.810924937385,6276.0,-98.45271014528288,-149.95742192727454,-259.93125317352894,14503625.578125
LITUSDT,-227.529612881792,0.9601405186688546,20.9805675097206,31314.279865254633,8436.0,-123.70497774476793,-103.82463513702345,-247.55003987284374,22979727.3828125
AAVEUSDT,-220.4047304684478,-0.5634445477314466,26.058892574454678,38893.86951411148,15396.0,-180.46373933385811,-39.94099113458846,-247.02706759063395,108585052.625
ICXUSDT,-238.10552258207147,4.317114307834464,12.889239980715843,19237.6716130087,3816.0,-233.59612827051782,-4.509394311553275,-246.67764825495286,9199946.265625
ALICEUSDT,-232.4350116435363,2.544081172954933,12.238090389376328,18265.806551307956,4680.0,-50.011536727234244,-182.4234749163018,-242.1290208599577,13570064.4296875
UBUSDT,-235.78072226326154,-1.8503527911680304,2.6872336532179344,4010.7964973401986,600.0,-189.4219222185736,-46.358800044688074,-240.3183087076475,9085966.0
API3USDT,-242.50267874354162,15.518685306868415,8.814099220843165,13155.371971407696,3648.0,-218.6059529558057,-23.896725787736088,-235.79809265751638,11406692.9765625
UNFIUSDT,-215.42126930437618,0.7878650075264827,16.13738370549841,24085.647321639404,9168.0,-136.32885282512308,-79.09241647925384,-230.77078800234813,30676190.46875
STMXUSDT,-221.74689347519114,7.644144159128683,15.169960928240089,22641.732728716554,4860.0,-194.21595632844134,-27.530937146749686,-229.27271024430257,18807820.859375
KSMUSDT,-196.37929040663738,-0.8966162702193686,16.526743699349023,24666.78164081945,6864.0,-44.06217291381332,-152.31711749282448,-213.80265037620578,13174615.421875
BANDUSDT,-198.00184444945674,1.0291413204014224,16.553899871050337,24707.31324037363,4068.0,-101.47805992813895,-96.52378452131795,-213.52660300010564,12091342.09375
SFPUSDT,-191.86212571361807,-1.5673031606913805,18.088805324490227,26998.21690222423,7560.0,-241.35468909891836,49.49256338530001,-211.5182341987997,8936764.765625
IOTAUSDT,-201.23341014258426,6.7470856128639864,14.728213973478613,21982.40891563973,4848.0,-126.28892630755615,-74.94448383502757,-209.21453850319887,14389733.78125
BAKEUSDT,-196.83698413118785,5.262234342829332,16.86082394698607,25165.4088760986,9972.0,-106.15186943006947,-90.6851147011191,-208.43557373534458,25163548.78125
ALGOUSDT,-182.21858614828972,2.4624073809693017,23.106063595496476,34486.66208283055,11184.0,-129.56474130487445,-52.65384484341543,-202.8622423628169,39476702.375
AXSUSDT,-182.24453796512503,8.733919971106415,17.998773363158552,26863.84084053517,7752.0,229.77164641623926,-412.01618438136535,-191.50939135717718,54336741.4375
GWEIUSDT,-193.13417134591433,4.061470344014627,1.1312896421144942,1688.4920031559611,180.0,-186.51824597850455,-6.6159253674097505,-190.2039906440142,10745911.654296875
EGLDUSDT,-183.90960077890048,12.946262444427488,17.00606843271207,25382.19169061502,8352.0,-158.0586563281527,-25.850944450746297,-187.9694067671851,20287964.1875
AKROUSDT,-170.79547950399964,-6.941387458019371,9.465415038495815,14127.485132083308,2495.0,-59.33142789423256,-111.46405160976687,-187.20228200051483,25423724.8125
RENUSDT,-167.95990854254762,-2.261945603074962,14.405697815587699,21501.04151580253,6456.0,-7.009106536428553,-160.95080200611864,-184.6275519612103,19988209.3203125
MINAUSDT,-174.2882791507225,0.27889115739819376,4.855436089823356,7246.919537049782,2268.0,-76.022750120793,-98.2655290299295,-178.86482408314765,11903030.78125
CELOUSDT,-167.33870862023613,2.806938982765037,12.420019796060108,18537.34297919419,5028.0,-70.38537010045799,-96.9533385197782,-176.9517894335312,21762585.390625
TAOUSDT,-167.22716221316608,0.7740861848191641,7.617795977541056,11369.844742598589,4452.0,-57.22090664236802,-110.00625557079748,-174.07087200588796,112740872.75
AUDIOUSDT,-162.34410941663356,1.1858743017812419,11.17426965165032,16678.014405448244,5808.0,-77.88322575568449,-84.46088366094958,-172.33250476650264,20634027.6875
UNIUSDT,-142.86144715641638,-2.3046681434828793,25.955925093424213,38740.18670660325,13008.0,-94.88617325817705,-47.975273898239585,-171.12204039332346,88892736.125
CHZUSDT,-158.00530434285733,4.763772228087275,17.701797891608216,26420.59386807195,10272.0,-93.05096663372946,-64.95433770912844,-170.94333000637826,41854687.6875
BSBUSDT,-167.3491021154664,-1.7798792379130879,1.3812303483629007,2061.537833377464,600.0,-167.547118038831,0.19801592336462215,-170.51021170174238,21357539.4609375
KNCUSDT,-157.61137184697483,6.989766507796547,14.231767358923667,21241.443819289056,8316.0,-24.574597832665173,-133.03677401430997,-164.85337269810194,14118666.65625
WIFUSDT,-151.10941032037906,-0.770116138728681,9.1470244825202,13652.275347045073,5700.0,-81.1822076771968,-69.92720264318213,-161.02655094162793,284769169.5
TONUSDT,-155.12201692979806,1.569523688677018,6.188487965513586,9236.549202259079,5088.0,-117.84672355776306,-37.275293372035556,-159.74098120663464,68298981.0
FLOWUSDT,-140.83894889297395,-8.897031789260417,9.679374021733997,14446.826898110448,5304.0,-57.580624287019674,-83.25832460595439,-159.41535470396835,18545060.78125
1000BONKUSDT,-147.64151563519263,-0.19188093993951494,7.379329838093426,11013.925131482723,6432.0,-84.49047405280731,-63.151041582385986,-155.2127264132256,99790339.75
LINAUSDT,-158.7646516127764,29.25180584110762,20.226108563582844,30188.22173669081,9132.0,-58.430546723297276,-100.33410488947894,-149.7389543352516,29079683.53125
AMBUSDT,-147.0732119878636,0.7146025773145636,3.1379816108545313,4683.554643066463,2268.0,-67.99468498311609,-79.07852700474764,-149.49659102140356,10183221.2734375
SNXUSDT,-133.54232484568922,7.030242984231361,20.97661413125699,31308.37930038355,11496.0,5.143831320720133,-138.68615616640832,-147.48869599271484,27067651.0
ALPINEUSDT,-142.79044991680766,-3.254534423629688,0.7702155905694095,1149.5755083125514,360.0,-142.80662627314996,0.01617635634236484,-146.81519993100676,1789555.00390625
FLMUSDT,-130.54626896205073,-3.0424340956373257,12.099146409871013,18058.427477419413,4128.0,-82.01335348016181,-48.53291548188873,-145.6878494675591,14089354.71875
ZROUSDT,-137.54728225529547,-1.3923206466378475,6.27241706475714,9361.816514562905,2472.0,-118.27916622913877,-19.26811602615687,-145.21201996669046,29969151.515625
UAIUSDT,-135.09685273358457,-0.8485533156242158,0.7131743187084832,1064.4392816544525,240.0,-135.02930809518853,-0.06754463839597495,-136.6585803679173,6500915.400390625
VELVETUSDT,-132.93890840945178,-2.1349442778628216,0.8840226751909498,1319.4368286432082,324.0,-138.6785047636926,5.739596354240765,-135.95787536250555,3852674.5842285156
1000SATSUSDT,-130.5657040577898,3.471369568710393,5.3629761864587895,8004.442069341473,6300.0,-68.97208194007494,-61.59362211771521,-132.4573106755382,44999067.6875
BLZUSDT,-182.11218740146194,62.079056684792306,10.935340112014044,16321.403152259767,7116.0,-71.23840485590638,-110.87378254555513,-130.96847082868368,20564918.56640625
1000RATSUSDT,-124.56560816549154,0.06373807274959835,5.05282355506263,7541.527694123324,3288.0,-60.979656714961386,-63.58595145053007,-129.55469364780456,16575293.3125
KEEPUSDT,-119.65611368218212,-3.4771145689520964,5.710116566754995,8522.562039932822,2331.0,-66.44285566028313,-53.21325802189898,-128.84334481788923,35116839.625
COMPUSDT,-114.50251416939908,11.016298419487963,23.137887337251687,34534.16020485329,10476.0,-138.83654810304185,24.334033933642793,-126.6241030871628,24761234.1875
DYDXUSDT,-113.92561421428202,6.622494575057254,17.870752651061593,26672.76515083821,12228.0,-84.20443621264678,-29.72117800163532,-125.17387229028635,71319327.8125
PHBUSDT,-118.36894273483074,-1.011890189450157,4.841702474527015,7226.421603771664,1080.0,-86.3117882757781,-32.057154459052825,-124.2225353988079,9480999.421875
DUSKUSDT,-109.86245238831405,-1.9655432694096866,10.380264927931108,15492.932728255382,4128.0,-68.09146030321884,-41.77099208509542,-122.20826058565486,8781980.4609375
MAGMAUSDT,-118.33183940150401,0.5270094247080801,1.089270762190688,1625.7772570010266,168.0,-26.308531842262703,-92.02330755924137,-118.89410073898662,5241453.500488281
MEWUSDT,-115.90048523113215,-0.9384564845842566,1.915634941336111,2859.1566288598674,2148.0,-112.11586713172962,-3.784618099402659,-118.75457665705251,8354950.0390625
THETAUSDT,-101.53221955008853,1.364727755360543,16.02632741617301,23919.89166592983,5868.0,2.7973009570729714,-104.3295205071619,-116.19381921090098,30947965.5625
XRPUSDT,-93.28260711274551,1.4811305689735252,24.361942125063734,36361.10764934886,14976.0,18.88973673205156,-112.17234384479784,-116.16341866883572,736183840.0
BERAUSDT,-137.04775972905082,25.53526037678815,3.725322276816405,5560.182502711052,1932.0,-133.93314427195497,-3.11461545709596,-115.23782162907908,22822690.828125
NILUSDT,-107.11349715644303,-1.7742512045906187,1.9941610336967923,2976.3597517862568,252.0,-78.67048996070554,-28.443007195737547,-110.88190939473044,5362084.52734375
ACEUSDT,-108.67319314319923,0.2624561194985739,2.375371405681671,3545.3304562413005,720.0,-68.6344742970321,-40.038718846167136,-110.78610842938232,7760177.78125
HOOKUSDT,-107.97249170129884,0.03582068868079359,2.831215684524147,4225.695051528578,972.0,-36.322545361541614,-71.64994633975726,-110.76788669714219,10670969.859375
SKLUSDT,-101.48823534451742,6.888182189470289,14.784332064922829,22066.167261078852,5772.0,-120.3423754058507,18.854140061333567,-109.38438521996997,10566943.9375
FRONTUSDT,-106.83763541975614,0.021378711981322684,2.3529059372878143,3511.79990639972,840.0,-84.31864817701235,-22.518987242743844,-109.16916264506263,23673870.109375
SOLUSDT,-76.314366976667,-9.527923126500006,23.004559050550245,34335.16276201527,14724.0,2.3245821059250753,-78.63894908259175,-108.84684915371726,1655827862.0
SCRUSDT,-107.2525936382643,0.1635852491520455,1.6575026161946074,2473.8845017829963,312.0,-65.56522260146048,-41.68737103680393,-108.74651100530686,3196522.6015625
XLMUSDT,-87.10427471518662,3.7259007190184037,21.86413553346004,32633.03810964185,11268.0,136.7579319358595,-223.8622066510469,-105.24250952962826,52659913.0
AUCTIONUSDT,-97.9886908163328,-3.400926026321555,3.7640715229112676,5618.017198375028,1152.0,-91.48144385847989,-6.50724695785294,-105.15368836556563,11397796.09375
AWEUSDT,-110.44816341756835,6.384116313814041,0.820212516797975,1224.1977862656342,324.0,-114.6878110874333,4.239647669864926,-104.88425962055229,2463515.96484375
GALUSDT,-95.41585911754501,-0.3106418840828151,8.579095513321723,12804.620169136904,3192.0,-12.796709836964359,-82.61914928058061,-104.30559651494954,20137819.2265625
JTOUSDT,-96.61860980697871,2.4278300008985365,6.461841626276248,9644.539740710821,5244.0,-49.62699663994568,-46.99161316703301,-100.65262143235643,36918561.125
EDENUSDT,-100.38653565818306,1.6574855474550583,0.5842596567505008,872.0293384335831,204.0,-105.17387839577249,4.787342737589427,-99.31330976747851,4622595.30078125
APEUSDT,-92.52534763155005,7.326106383224702,13.505526375135627,20157.50205244124,8724.0,79.09909422875933,-171.62444186030967,-98.70476762346098,73799681.25
WOOUSDT,-88.94325760560896,1.8944439836772435,8.533018503531181,12735.848512733117,5076.0,-61.83954753098264,-27.103710074626186,-95.5818321254629,10593708.4140625
MAGICUSDT,-87.4980835052633,-1.2284217312597807,6.627197706378718,9891.339860266738,2664.0,-50.511432930507546,-36.98665057475565,-95.3537029429018,14577891.0
SRMUSDT,-86.1994679565305,2.352688003815195,9.631933686501796,14376.020427614614,5700.0,-77.66789853243857,-8.53156942409183,-93.4787136392171,41433667.625
GUAUSDT,-98.34545586949362,6.950415981644784,1.113484458060022,1661.917101582122,276.0,-111.81779870020573,13.472342830712163,-92.50852434590887,4960021.046875
ZAMAUSDT,-91.00039751583411,-0.09665385250408365,1.3894833646144251,2073.855768081232,756.0,-15.96409113945248,-75.03630637638165,-92.48653473295262,9010686.2734375
ESPORTSUSDT,-106.5306660228741,16.49152913500153,0.9866845108511262,1472.6634490315316,348.0,-45.64861513668276,-60.882050886191294,-91.02582139872369,5716881.6953125
CVCUSDT,-92.99491033058183,14.280151118969087,11.923777910421986,17796.683448391006,3756.0,-70.61814285358243,-22.376767476999625,-90.63853712203473,9564049.40625
EVAAUSDT,-88.8893645869554,-0.3180683018488617,1.0181545721185175,1519.6336897291303,180.0,-100.77345546328617,11.884090876330806,-90.22558746092278,4608989.94140625
JUPUSDT,-84.54822127630895,0.2387099642432971,5.910893712348837,8822.22942141617,4680.0,-70.40230035199579,-14.145920924313568,-90.22040502441449,42575860.375
EOSUSDT,-74.8823014087282,2.97745182049976,18.066342257457816,26964.689936504186,6588.0,-27.347227106406642,-47.53507430232176,-89.97119184568625,131747579.25
DASHUSDT,-76.9202701492578,3.257052424921795,15.836880145171728,23637.134545032426,7500.0,173.976012038189,-250.8962821874466,-89.50009786950774,20219347.90625
ACTUSDT,-85.43596487126788,0.7544052072155443,2.7862411066403463,4158.568815881114,1680.0,-57.18852285351226,-28.247442017755663,-87.46780077069269,9991735.6875
WAVESUSDT,-67.15556075526524,-2.0030623628071367,18.211918983985004,27181.96863281343,9156.0,49.6746396288596,-116.83020038412505,-87.37054210205739,58762258.375
XPLUSDT,-83.14185306668391,-0.016830803359653677,4.08690484763951,6099.857981551508,3192.0,-113.09472494461149,29.952871877927652,-87.24558871768308,60422705.125
ARPAUSDT,-91.08434508458366,12.961157562035263,8.699625103359569,12984.515079641156,3312.0,-102.04984171786978,10.965496633286103,-86.82281262590796,8835990.2265625
SOMIUSDT,-82.78211338389782,-1.5616444605335909,1.1700165088439687,1746.293296782043,456.0,-9.017393874320316,-73.76471950957746,-85.51377435327538,5287255.974609375
CELRUSDT,-72.12217415828187,0.13997073619737438,13.514468990279488,20170.849239223116,6900.0,-2.409554660724904,-69.71261949755724,-85.49667241236398,9168855.34375
DARUSDT,-80.70823142077866,0.24354647890787484,4.386405661855423,6546.874122172275,1044.0,-86.1922385637758,5.4840071429970765,-84.8510906037262,10029372.0078125
GRASSUSDT,-81.22849467920437,-0.04877198656626453,2.808798961051687,4192.2372553010255,888.0,-83.69869614188823,2.4702014626838547,-84.08606562682233,13027916.671875
GENIUSUSDT,-82.42727450641547,-0.02143700635723221,0.7609946417837761,1135.8128981847403,96.0,-82.42727450641547,0.0,-83.20970615455649,6426125.455078125
LYNUSDT,-80.23058129970288,-0.2999885001309301,1.97820519893408,2952.54507303594,648.0,-7.1542775478590315,-73.07630375184387,-82.50877499876789,6837965.80859375
BCHUSDT,-55.86373059224962,1.7369095051497996,26.769495298053652,39954.4705941099,12252.0,-121.2859417264272,65.42221113417831,-80.89631638515347,139112328.75
DRIFTUSDT,-85.22591233870575,6.2547203057271465,1.6402370468349994,2448.114995276119,300.0,-56.16852108150124,-29.0573912572045,-80.6114290798136,4793220.8359375
TRUTHUSDT,-77.96959146023991,0.4555331655323062,1.4161283149469723,2113.6243506671235,276.0,-59.31214224833857,-18.657449211901337,-78.93018660965458,4221788.1484375
INUSDT,-100.72556548964202,23.272083681374255,1.3896216787979978,2074.0622071611906,240.0,-100.72556548964202,0.0,-78.84310348706576,4059143.640625
USELESSUSDT,-75.31831566199341,0.03930720310328931,3.006364257021949,4487.110831376041,696.0,-107.22096774915624,31.90265208716279,-78.28537271591206,12639866.046875
KOMAUSDT,-75.20137218372376,-1.7567255627272038,0.7294240101443344,1088.6925524542305,204.0,-79.33634523830143,4.1349730545776575,-77.68752175659529,2362999.49609375
JELLYJELLYUSDT,-69.04593554386997,-5.102504327845901,2.5810122878897737,3852.2571461041384,864.0,34.544910200965084,-103.59084574483504,-76.72945215960566,8499152.2421875
ROSEUSDT,-56.27874738809576,-3.4263463890489003,14.824483362006108,22126.09457015837,5340.0,-23.852026714409785,-32.42672067368579,-74.52957713915077,16237865.765625
FIDAUSDT,-76.17136178860511,3.7524713245181367,1.5677560067934113,2339.9343384976296,276.0,-82.1212724960283,5.949910707423191,-73.98664647088039,6618796.8359375
SCUSDT,-71.53171041382882,3.3915843227113496,5.417794592866352,8086.260586367689,1512.0,-54.708950483922145,-16.822759929906802,-73.55792068398382,19506314.984375
HIGHUSDT,-61.10386989525835,-6.118685253348995,5.9319085024693,8853.594779804927,3732.0,-77.85870852747385,16.754838632215534,-73.15446365107664,11004679.87109375
BBUSDT,-70.02663112571909,0.5920444309298253,3.6672448864369156,5473.499830502859,1020.0,-69.58948478487521,-0.4371463408438263,-73.10183158122618,12191295.5
RAVEUSDT,-66.74714671572083,-2.552361808431176,2.266642815831814,3383.048978853453,1056.0,-73.78383969612307,7.036692980402243,-71.56615133998382,12416714.4140625
ANKRUSDT,-56.979434498413575,-0.6325925392691332,13.648835570750753,20371.39637425484,4224.0,-83.03305381778495,26.05361931937135,-71.26086260843346,13068188.8125
MTLUSDT,-128.97406580811986,72.69923040696654,14.340803156965471,21404.183816366363,5868.0,-66.82020950650174,-62.153856301618156,-70.6156385581188,14103232.125
LRCUSDT,-45.769607571954005,-8.5335938456181,14.680550352283325,21911.26918251245,6504.0,68.34615632632065,-114.11576389827458,-68.98375176985543,13214214.578125
AIOTUSDT,-112.28628554007682,45.38368239567562,1.8335471732817554,2736.637572062322,384.0,-27.46658795419067,-84.81969758588622,-68.73615031768296,4459687.4140625
NKNUSDT,-53.54448054109,-2.956532201047147,11.26488869641404,16813.266711065728,3780.0,-114.78275935670801,61.23827881561804,-67.7659014385512,9855569.546875
1000WHYUSDT,-63.25938842834846,-4.155272839027194,0.3121286024629937,465.86358576566226,60.0,-63.25938842834846,0.0,-67.72678986983864,1993788.8330078125
TRUMPUSDT,-55.38611403397846,-3.5615876151086767,5.486065945892393,8188.158128197608,3672.0,-25.800178958509008,-29.585935075469713,-64.43376759497953,135918503.875
GUSDT,-62.51999731223091,-0.4622956309203088,0.723946136459207,1080.5166215809058,72.0,-64.62756903311008,2.107571720879167,-63.70623907961043,2458761.40625
CTKUSDT,-49.05250446400896,0.922786585261982,13.792759052206291,20586.207540606403,5676.0,19.350706690516397,-68.40321115452576,-61.92247693095327,7181730.1328125
PARTIUSDT,-59.186467077312976,-0.4549933561954089,1.6726532287367402,2496.4973563234926,432.0,-23.54222726257775,-35.6442398147352,-61.31411366224513,7737487.23828125
RNDRUSDT,-53.934208876432244,-0.9755331486945196,6.298813734279235,9401.214528774975,3612.0,5.23569223302197,-59.16990110945422,-61.208555759405996,89480734.25
RAYUSDT,-46.5822151909166,-5.227651857010884,8.74533237525765,13052.734888444247,3156.0,-78.43271028022004,31.850495089303568,-60.55519942318513,17759088.4609375
IOSTUSDT,-51.82482831497184,2.756799724713977,11.261780490961142,16808.627598449482,4452.0,-23.167327632520035,-28.657500682451904,-60.329809081219004,8334409.875
AKEUSDT,-58.940003217669016,-0.6401270539400181,0.46871188468695296,699.5699771447058,540.0,-65.45025796636914,6.510254748700174,-60.04884215629599,2686679.029296875
FXSUSDT,-53.825778071333886,-0.4675113064453194,4.692510192520606,7003.746556000908,1872.0,-52.18129570991742,-1.644482361416513,-58.98579957029981,10093367.3125
AIXBTUSDT,-56.69314764500267,0.6292686074724029,2.68600720290568,4008.965974486089,1800.0,-72.79975073557183,16.106603090569177,-58.74988624043594,19089880.46875
DEGENUSDT,-56.799178444315636,-0.20181292736740566,0.9029683854792041,1347.7140081779166,288.0,-42.21074621295971,-14.588432231355924,-57.90395975716225,3300980.59765625
JOEUSDT,-55.4143922333509,-0.37540893625451005,1.730812806716375,2583.3026965916047,1680.0,-26.103800512212768,-29.31059172113804,-57.52061397632178,4475998.3828125
HOMEUSDT,-58.59227440484697,1.6892965035731513,0.5190579805923025,774.7134038691082,348.0,-19.81797293466416,-38.77430147018288,-57.422035881866115,5938210.34375
HIPPOUSDT,-53.94123536029153,-1.19066644226695,1.6261464379545787,2427.0842357531023,276.0,-56.53693862136535,2.5957032610737976,-56.75804824051306,7234261.33984375
MOVEUSDT,-46.31507693200358,-8.451879120616713,1.7547653502407083,2619.052761553296,1260.0,-1.5152579026609763,-44.7998190293426,-56.521721402861,14221110.65625
SAFEUSDT,-56.215269668699676,0.435623227912488,0.5904154599019126,881.2171043312128,108.0,-56.215269668699676,0.0,-56.3700619006891,2329606.498046875
STOUSDT,-53.13286269154323,-2.1648849674179838,0.7376728044521422,1101.0041857494662,252.0,-19.892893729279407,-33.23996896226383,-56.03542046341336,5192714.7421875
1000XECUSDT,-56.94931509231671,9.068684187170424,7.3210096911845906,10926.880136096395,2868.0,-41.44944987911798,-15.499865213198749,-55.201640596330876,6666091.78125
HAEDALUSDT,-50.7203664447026,-2.6924250391365514,1.7307197736284798,2583.1638412365373,264.0,-16.679205949050644,-34.041160495651944,-55.14351125746763,2337748.9921875
DOLOUSDT,-54.25084689365801,0.5184642057509694,1.178156507924241,1758.4425491406575,492.0,-45.5409380122735,-8.709908881384493,-54.910539195831284,3389313.1669921875
METUSDT,-53.53364737527736,0.46922146330824127,1.1920917592655438,1779.2414317396174,72.0,-47.74208517045755,-5.791562204819806,-54.25651767123466,6187652.1640625
DEXEUSDT,-32.338445554063924,-18.006909803823252,3.371913339285834,5032.706476546022,960.0,-33.32315099787899,0.9847054438150652,-53.717268697173004,8948762.6875
IDOLUSDT,-52.73667167190883,-0.09125189874379919,0.6156851831161533,918.9331091285869,120.0,-52.73667167190883,0.0,-53.443608753768785,2108883.3408203125
PIEVERSEUSDT,-54.82375518853355,2.71688445480465,0.9415345336367359,1405.2754233384117,312.0,-55.00603475360041,0.18227956506684245,-53.04840526736564,7762036.3984375
ATHUSDT,-52.91875535872792,1.2930329055675727,1.0472584017668072,1563.0722414429952,336.0,-55.1072052582378,2.188449899509873,-52.672980854927154,5018738.28125
FOOTBALLUSDT,-45.30315287129707,-2.4651050353802257,3.219356547405436,4805.009772246921,1416.0,-99.27355010892416,53.970397237627154,-50.98761445408273,5868469.5703125
RAYSOLUSDT,-48.60616350483089,0.34834485758436096,2.362230524386842,3525.7172005773746,888.0,-48.09171049405411,-0.514453010776655,-50.62004917163337,11732890.046875
VICUSDT,-48.575051062642906,-0.10443737650779936,0.9506685134683683,1418.9082290572662,84.0,-54.54444160271398,5.969390540071075,-49.63015695261907,1503810.990234375
0GUSDT,0.07167329800128391,-47.32285325128045,1.8322481976279201,2734.698802429733,864.0,-2.3919429780249497,2.463616276026189,-49.08342815090708,12797438.75390625
CTSIUSDT,-41.13019287138709,-2.1277079107889807,5.79709643045306,8652.382732019492,2184.0,-44.11193135500119,2.9817384836140666,-49.054997212629125,7864958.578125
BOMEUSDT,-41.80592714322137,0.09133771069304777,7.001102692172484,10449.407003242517,3960.0,-88.95920000417176,47.15327286095007,-48.71569212470081,36361970.28125
MUBARAKUSDT,-45.93973796126995,0.18063990417264056,2.2348801344777156,3335.641991757784,432.0,-37.56137548861639,-8.378362472653567,-47.99397819157502,7683412.9453125
RESOLVUSDT,-41.758818013690735,-3.727377860664401,2.277785805464121,3399.680306662868,408.0,-6.897502942268315,-34.86131507142243,-47.76398167981925,9937088.22265625
PORT3USDT,-46.10953043190345,-0.4290954358286072,1.1173773139218532,1667.7273342117214,132.0,-31.640283889857038,-14.469246542046406,-47.656003181653915,4850024.6015625
1000CHEEMSUSDT,-45.406618380828014,-0.40430001488164735,1.0128345205304166,1511.6933142245025,264.0,-45.406618380828014,0.0,-46.82375291624008,3347073.98046875
XANUSDT,-46.06559503622863,0.4836769555411459,0.8219122003885034,1226.7346274455274,144.0,-44.54446100219778,-1.5211340340308497,-46.40383028107598,3120877.47265625
HYPEUSDT,-41.77769312276822,0.5685150107512554,4.661860415352935,6958.000619929749,2112.0,-7.648748711399876,-34.12894441136837,-45.8710385273699,382938052.5
1000FLOKIUSDT,-37.86773427902786,-1.102180591884229,6.871505764901178,10255.978753583851,3900.0,-53.20854580453306,15.340811525505297,-45.841420635813265,33078422.40625
MERLUSDT,-44.03611029065268,0.8795272754242545,2.6760128089739914,3994.048968617898,540.0,-39.457030596745156,-4.5790796939075715,-45.83259582420242,5742648.953125
1INCHUSDT,-31.15998374356323,0.7371812784564978,15.28645138004054,22815.59907468735,5808.0,-34.51832737389591,3.358343630332619,-45.70925384514727,20283308.828125
THEUSDT,-42.7949045350352,-0.21788366365672562,2.5764700361180854,3845.477665847889,540.0,-65.69651231930523,22.901607784270013,-45.58925823481002,5921072.359375
IDUSDT,-43.94594212619775,2.747840375981435,4.310438547110356,6433.490368821425,3240.0,-90.08618188728461,46.14023976108683,-45.508540297326675,10723448.671875
BANKUSDT,-41.454592490317005,-2.554441433206695,1.2130469144008083,1810.5177826877732,144.0,5.2809006234681,-46.73549311378511,-45.22208083792451,5183381.08984375
STGUSDT,-40.48135943698664,4.793224052389014,9.458648228164629,14117.385415171086,3720.0,-34.05052209563847,-6.430837341348113,-45.14678361276225,9545751.0625
EULUSDT,-51.27995111888867,7.567840446388154,1.343078024806962,2004.5940668760627,264.0,-19.984572692393787,-31.295378426494874,-45.05518869730748,3400959.421875
XNYUSDT,-43.50200677616161,-0.3436581676917815,0.5109455611629466,762.6053151685771,180.0,-43.50200677616161,0.0,-44.356610505016334,3315855.7456054688
SPXUSDT,-40.999193250022486,1.1250032391556115,4.2780410327498775,6385.135869775934,2292.0,-71.06594052981606,30.06674727979355,-44.15223104361675,26885787.1875
UMAUSDT,-40.605242174280846,1.318716808078523,3.904420897678146,5827.493877131559,1008.0,-45.95470406204868,5.349461887767806,-43.19094626388047,7024095.28125
AVNTUSDT,-26.96729337036228,-14.487058321733317,1.275618861958163,1903.9087491912878,456.0,-38.714744409019985,11.747451038657715,-42.729970554053764,10530250.77734375
MANTAUSDT,-42.991328058745374,2.2433550733487806,1.9636245443092055,2930.7829019540377,996.0,-30.195715164102307,-12.795612894643074,-42.7115975297058,12210889.9375
ZETAUSDT,-41.810046362113155,0.9602084277637998,1.6992456210596465,2536.187494118875,408.0,-11.763417931480921,-30.04662843063225,-42.549083555409,6687874.7314453125
LINKUSDT,-19.74054675232324,-2.8430987364563007,19.369362608370903,28909.49643040435,8964.0,-3.2246047026139735,-16.515942049709107,-41.953008097150445,258183493.5
TRADOORUSDT,-39.6818854863957,-1.0511330132128476,1.102898679047994,1646.1174314149166,540.0,-59.78167930697922,20.099793820583564,-41.835917178656544,6782789.4140625
CYBERUSDT,-52.27522209660301,13.026286594018005,2.476627113866683,3696.458378905496,912.0,-48.58536796722255,-3.6898541293804774,-41.72556261645169,8341741.34375
DOTUSDT,-10.724901209964958,-5.2862384050134095,24.42929222473797,36461.63018617609,8412.0,-4.372770646073039,-6.352130563891856,-40.44043183971634,166156979.25
TURBOUSDT,-37.73847599776051,2.7243375447177596,5.35349397702056,7990.289517941132,4176.0,-66.05690824995355,28.318432252193315,-40.36763243006331,27494055.015625
1000PEPEUSDT,-28.221063263389933,-1.3956950524640446,9.825693398262109,14665.214027256887,7224.0,-3.902829520349516,-24.3182337430403,-39.44245171411609,556870850.0
SENTUSDT,-11.992812425762475,-26.059248875394143,1.0456480858698582,1560.6687848803851,348.0,-20.862758058128104,8.869945632365635,-39.09770938702648,4655282.484375
WLFIUSDT,-36.77482050504219,0.6243045435418202,2.780487728443393,4149.9816842438695,1692.0,-11.925050811591722,-24.84976969345052,-38.931003689943765,59311238.5625
MKRUSDT,-20.09401019712667,2.093489545299765,20.82059097333897,31075.5089154313,16380.0,-120.11528262789902,100.0212724307724,-38.82111162516588,41124456.4375
BANANAUSDT,-36.60248607282564,-0.06818644587802822,1.977284355564753,2951.170679947393,420.0,-38.62340210951176,2.020916036686113,-38.647956874268424,7072493.421875
EPTUSDT,-37.551243406465225,-0.005358141826216889,0.6544353933170296,976.7692437567606,72.0,-49.88392704392865,12.332683637463418,-38.21103694160847,4254031.689453125
DAMUSDT,-36.35559933097486,-0.9792241994160473,0.2917428126328805,435.4370337804185,96.0,-36.35559933097486,0.0,-37.62656634302379,2457095.4072265625
SXPUSDT,-26.201916421475275,2.8488014524228995,13.969472449941323,20849.95888050945,6804.0,-17.190547503309155,-9.011368918166543,-37.3225874189937,21815777.515625
SOXLUSDT,-36.88225704239641,0.1892179834420554,0.5501938643408655,821.1848721505455,528.0,-25.356644728812995,-11.52561231358345,-37.24323292329522,630719765.25
PERPUSDT,-34.72699594085591,0.15236416957768914,2.301941825968366,3435.734068609502,1236.0,-38.310037077798675,3.583041136942767,-36.87657359724658,5545100.0625
AI16ZUSDT,-33.23093590424917,1.0345896227125229,3.6554972639890777,5455.966065655338,1776.0,-56.25040375240288,23.019467848153752,-35.851843545525725,58857368.25
FLOCKUSDT,-35.63615705256795,0.2444649247057257,0.30876799262386084,460.8477501848669,36.0,-35.63615705256795,0.0,-35.70046012048609,1901039.41015625
NEIROETHUSDT,-32.58520646836845,0.7584858654240655,3.382319594451533,5048.23820067393,996.0,-77.96614589116379,45.380939422795414,-35.209040197395915,28690162.71875
VANRYUSDT,-27.88705744521817,-5.066038498818916,0.9184946228305513,1370.8874967620168,144.0,-11.577128045258753,-16.309929399959415,-33.87159056686764,8354521.6875
POWRUSDT,-40.944818079065186,8.943636158430717,1.3118053702259325,1957.9184630237799,372.0,-38.21210633182549,-2.7327117472397053,-33.3129872908604,3583765.6328125
VIRTUALUSDT,-27.699978141258164,-0.14690503660419177,5.059876362084858,7552.0542717684475,3468.0,-33.06433387845389,5.364355737195756,-32.90675953994722,64519225.125
YGGUSDT,-27.869051624440033,-0.11312615736184567,4.756222037493723,7098.838861930929,1068.0,-36.75141505785967,8.882363433419627,-32.7383998192956,12908911.7265625
MSTRUSDT,-30.329191630784557,-0.12914103965879709,1.986888363809461,2965.505020611136,312.0,-0.3774837455602113,-29.951707885224344,-32.44522103425282,44294652.640625
BNXUSDT,-21.777825065426637,0.9344709021734884,10.934343695241378,16319.91596304684,8592.0,-22.264543776084654,0.4867187106583393,-31.777697858494527,23509237.21875
EIGENUSDT,-28.162598240257324,0.5515753525035042,3.8733620364472587,5781.137367831732,1908.0,-65.4772798651184,37.314681624861166,-31.484384924201077,42039914.5
BEUSDT,-30.988036991754417,0.016388008868026337,0.4738663906517086,707.2632696294158,132.0,-27.165707290333174,-3.822329701421223,-31.445515373538097,6927565.7001953125
ALPHAUSDT,-9.173735453882944,-6.674943128595398,15.323460554299302,22870.83664820791,7176.0,72.94079360523642,-82.1145290591196,-31.172139136777645,16713674.1171875
ONUSDT,-28.26800071561005,-1.531663399667175,1.2996192365076247,1939.7302037427237,216.0,-28.26800071561005,0.0,-31.099283351784848,2468581.9375
RIFUSDT,-28.45255075399768,-0.5487446274799249,1.9582404000435276,2922.746865736608,696.0,-28.71559837001077,0.2630476160130878,-30.959535781521133,3835765.75390625
KAVAUSDT,-19.322454777606197,5.648847163793997,17.09259485608856,25511.33560610233,8868.0,17.26014220913551,-36.582596986741585,-30.76620246990076,22089147.3125
COOKIEUSDT,-28.167684458416318,0.02473001132953119,1.988014451396585,2967.1857483531116,324.0,-7.55432262446421,-20.613361833952094,-30.13096889848337,6963738.693359375
ORBSUSDT,-28.965454440722965,0.20577364438652654,1.1532009493622586,1721.1954468093413,432.0,-44.189013590490895,15.223559149767926,-29.912881745698698,9077568.2421875
MUSDT,-39.20062246034145,11.379225609050843,1.7243063978989337,2573.5916386551244,624.0,-3.4077363233691917,-35.79288613697225,-29.545703249189543,10744938.751953125
EDUUSDT,-29.34303359547622,3.0261542481795236,3.160760977838573,4717.553698266528,1476.0,-35.70674099340411,6.3637073979279615,-29.477640325135273,8236338.46875
TAUSDT,-27.564652169160034,-1.2973253951409522,0.49759279375878046,742.6758115802696,252.0,-34.194030411905146,6.629378242745121,-29.359570358059766,3873649.7626953125
MAVIAUSDT,-28.429344072800646,-0.09533209519243517,0.617698128392159,921.9375050629237,192.0,-17.41232851259894,-11.017015560201703,-29.142374296385242,3968367.267578125
AERGOUSDT,-30.15226145967535,2.111623543701443,0.41197441280968883,614.887183298043,288.0,0.004503919370409587,-30.15676537904576,-28.452612328783598,4437232.25
SAPIENUSDT,-30.464680246883262,2.710584915071615,0.5551457145663132,828.5756933825571,108.0,-30.20017028892204,-0.2645099579612252,-28.309241046377963,4160673.22265625
BONDUSDT,-25.844293986367983,-0.567104640926819,1.8171187786998,2712.117580148955,528.0,-33.89551164562502,8.051217659257054,-28.2285174059946,13690188.578125
COTIUSDT,-30.749370004482124,15.6565542826411,12.815368734475653,19127.41602160544,7596.0,-69.57586211099739,38.82649210651548,-27.908184456316675,13433986.40625
FILUSDT,-7.902478610577988,2.261832053331224,21.619777083613762,32268.324005393697,8568.0,7.389367550878824,-15.291846161456768,-27.260423640860527,143369033.0
SAGAUSDT,-25.006654710791302,1.0961625984657004,3.251267523304466,4852.638094484276,2520.0,34.89749243567537,-59.904147146466705,-27.16175963563007,15071721.4375
BARDUSDT,-4.10583303160022,-22.27284231007739,0.6662754685812434,994.4409978824528,768.0,-15.43553814392684,11.329705112326584,-27.044950810258854,6526402.953125
XPINUSDT,-25.446551018396562,-0.5225068882626792,0.2998978542869859,447.60873774176997,48.0,-25.446551018396562,0.0,-26.268955760946227,3012390.7421875
FORMUSDT,-24.385012088998135,0.45041754120115285,1.5408339669532598,2299.752189482477,768.0,-6.383317314745902,-18.00169477425223,-25.47542851475024,6830881.234375
APTUSDT,-8.734757506095022,-3.2512538328981346,12.612059668220597,18823.96965406059,6876.0,-20.876617007434813,12.141859501339948,-24.598071007213754,110772094.75
SONICUSDT,-24.851834173134183,0.6994878318493382,0.3217485538613206,480.2217221810755,24.0,-24.851834173134183,0.0,-24.474094895146163,2269179.2353515625
FOLKSUSDT,-30.46064319628206,7.3464051053950215,0.876280897949752,1307.881937238436,456.0,-16.7882978411013,-13.672345355180763,-23.99051898883679,5133303.2734375
QNTUSDT,-19.402696127812682,-0.5268478046261492,3.407673428930947,5086.079744673056,792.0,-17.283878756226322,-2.1188173715863066,-23.33721736136978,7979163.03125
FORTHUSDT,-22.488031556082703,-0.03426604320443804,0.321848858052271,480.3714299287626,12.0,-22.488031556082703,0.0,-22.844146457339413,1096212.439453125
USUSDT,-20.607147389439557,-0.7092405857744347,1.2254008661998705,1828.956516716225,180.0,-36.89024370917282,16.283096319733254,-22.54178884141386,4251295.39453125
TRBUSDT,-43.4267501798788,39.56246532713239,18.042187146632216,26928.637532286888,11532.0,-26.93451917171448,-16.49223100816466,-21.90647199937863,31019786.59375
IRUSDT,-21.787386044903826,0.26580173685635883,0.36116143741261725,539.046921511369,36.0,-21.787386044903826,0.0,-21.88274574546008,2711524.8232421875
RKLBUSDT,-21.319750434649045,0.1579160075655629,0.5566907420853624,830.8817046050184,132.0,0.0,-21.319750434649045,-21.718525169168842,18203959.453125
CUSDT,-20.144348585026204,-0.5053468734091202,0.9763103126123448,1457.1795710632011,84.0,-0.4182429863975399,-19.726105598628667,-21.62600577104767,3821486.802734375
B2USDT,-20.191677682093186,-0.2003087681766237,0.846871341851337,1263.9870773900554,132.0,-15.584334764665883,-4.607342917427305,-21.238857792121145,2333878.4848632812
MDTUSDT,-19.07497446048415,-0.18980700245897889,1.2953374435932825,1933.3394680496754,168.0,-6.510028497152087,-12.564945963332052,-20.560118906536413,11202285.796875
LINEAUSDT,-16.61971704988496,-1.886487097998238,1.2581019712578847,1877.7641362057975,396.0,0.0,-16.61971704988496,-19.764306119141082,7635867.3125
MELANIAUSDT,-16.703601789307644,-1.0801496798608594,1.849742155384046,2760.8091871403667,600.0,-22.102062953388444,5.398461164080803,-19.63349362455255,7228655.5859375
TLMUSDT,-13.06290948045974,0.7803095227160444,7.078861269534509,10565.464581394788,4368.0,18.242104543266056,-31.30501402372577,-19.361461227278205,5412805.1796875
TWTUSDT,-17.858227783265576,-0.07840303569291027,1.2366431071360353,1845.7359808000526,192.0,-5.63966985334587,-12.218557929919696,-19.173273926094524,4268308.1640625
ANTUSDT,-11.346754520951636,-0.2768189407043057,7.434933747247088,11096.9160406673,2940.0,-0.6354979060381197,-10.711256614913493,-19.05850720890303,13064408.109375
OBOLUSDT,-18.51987625188469,0.07877418573032277,0.5258964329773524,784.920049219929,36.0,-20.653336187399972,2.1334599355152837,-18.96699849913172,4562652.7734375
NULSUSDT,1.1338356778156216,-19.668556376794513,0.4249613360705603,634.2706508515824,96.0,0.0,1.1338356778156216,-18.95968203504945,4323222.779296875
1000XUSDT,-18.406799992853646,-0.05436626911406301,0.32163468479756363,480.05176835457263,72.0,-16.49225751523386,-1.914542477619783,-18.78280094676527,4137874.4375
BANUSDT,-16.810917237233237,1.2140313518540993,2.7202097163833128,4060.014502064647,900.0,-33.63252398287643,16.821606745643194,-18.31709560176245,3895504.275390625
RDNTUSDT,-11.014109022552624,-3.5892038669725257,3.711305846048456,5539.262456788741,1236.0,-28.991702463347455,17.977593440794887,-18.314618735573607,11098105.296875
GIGGLEUSDT,-16.730999797907497,0.42458872357178723,1.8453339207496633,2754.229732462184,1068.0,-56.519010618330185,39.7880108204227,-18.151744995085373,23384924.515625
ORDIUSDT,-11.427047740688195,1.4009685243137016,7.94559736744799,11859.100548429831,4308.0,-33.11913463838249,21.69208689769429,-17.971676583822486,98651767.5
SPKUSDT,-20.68457023296559,5.646017180431894,2.69259376205936,4018.79665979009,1716.0,130.1332431080793,-150.8178133410452,-17.731146814593057,5484488.125
ROBOUSDT,-16.78881418715378,-0.012730415840571375,0.4960772301744858,740.4137763798294,72.0,-9.783213445566156,-7.005600741587624,-17.297621833168837,8593807.796875
RENDERUSDT,-11.523248206816932,0.1652728754049312,5.838101166638407,8713.583830803593,2712.0,-38.25159678837527,26.728348581558393,-17.19607649805041,34689924.71875
HIFIUSDT,-15.386741169944143,0.5581380839365092,2.2975290696632595,3429.1478651690427,696.0,-55.871389438019705,40.48464826807554,-17.126132155670895,14041483.6875
AEVOUSDT,-8.213619740289213,-6.172892711455434,2.6199863599359867,3910.4274028895334,2112.0,-12.176666164658574,3.963046424369361,-17.006498811680633,8983765.6015625
AMDUSDT,-16.53333088312078,-0.03894658360101305,0.3826387230321486,571.102571689774,60.0,-16.53333088312078,0.0,-16.95491618975394,32748584.84765625
SANTOSUSDT,-16.36984916851421,-0.08283768170495373,0.45542060161602615,679.7322412179494,36.0,-16.36984916851421,0.0,-16.908107451835193,2441356.712890625
METISUSDT,-14.938756434666104,-0.34738862740349935,0.8878288955515065,1325.1177545544872,252.0,-9.148651530633945,-5.790104904032158,-16.173973957621108,4078694.5859375
GMXUSDT,-12.406662505598103,0.524758572759089,3.746441331930049,5591.70348049261,804.0,-31.0711160368779,18.664453531279776,-15.628345264769063,7211819.078125
GPSUSDT,-16.66195716399637,2.8066692828965087,1.677379615535681,2503.5516649786287,384.0,-16.66195716399637,0.0,-15.532667496635542,5088112.85546875
SHELLUSDT,-14.970525736565488,0.619799662705192,1.1698722170015647,1746.077935823231,84.0,-18.361173290966004,3.3906475544005157,-15.52059829086186,3713779.298828125
LOOMUSDT,-14.938356369411691,0.7026314289024749,1.2598794379617655,1880.417071584724,324.0,-12.626716095526374,-2.3116402738853115,-15.495604378470983,16458599.1640625
ASTRUSDT,-11.886290595024688,-0.6294703721119848,2.722908754836976,4064.0429176671296,1752.0,-32.49270253124268,20.60641193621795,-15.238669721973649,6489470.703125
LTCUSDT,1.9295695442289071,0.6042090219026446,17.729118219068525,26461.370476221684,10140.0,18.675943218576272,-16.746373674347332,-15.195339652936973,227364672.5
DEGOUSDT,-15.342318764649885,0.3775493325042531,0.038770920005588724,57.867044784460774,60.0,-15.342318764649885,0.0,-15.003540352151221,3701057.58984375
FIGHTUSDT,-13.722100942537754,-0.1413517949031132,0.3643394524271071,543.7902275031449,24.0,-13.722100942537754,0.0,-14.227792189867973,2446962.9921875
VELODROMEUSDT,-14.655104216131448,0.6421823968302898,0.17680645563731567,263.89023229450095,12.0,-14.655104216131448,0.0,-14.189728274938474,1701858.169921875
AAOIUSDT,-13.861800918545141,0.05561647406123516,0.27632180015193664,412.42059724169644,24.0,3.2638118508593115,-17.125612769404455,-14.082506244635843,26195998.356933594
CGPTUSDT,-13.314105347297557,0.1264239231793975,0.7095561875606277,1059.0390859113845,144.0,-16.19008185318659,2.8759765058890343,-13.897237611678788,2538640.869140625
TACUSDT,-10.493811296553456,-2.6056092717115034,0.7922892427133374,1182.5212577811005,204.0,-10.493811296553456,0.0,-13.891709810978298,1925542.55859375
METAUSDT,-13.003840918949901,-0.041717833803105245,0.807523467537524,1205.2589067724239,120.0,-5.529178151246855,-7.474662767703051,-13.853082220290531,5902767.580078125
TNSRUSDT,-15.717933982303629,4.172063725457413,2.2800738816306096,3403.0953457173264,1272.0,4.671494987053697,-20.389428969357308,-13.825944138476826,7755939.48046875
POPCATUSDT,-11.707866251722335,2.1307265461613496,4.194273509878847,6260.109716237084,3996.0,34.200350735834014,-45.908216987556315,-13.771413215439832,43313936.53125
TSLAUSDT,-12.589837273387637,-0.17171920889639414,0.948131557155753,1415.1217270981385,552.0,2.602677549005607,-15.19251482239325,-13.709688039439785,47985379.59375
FUSDT,-13.715389096302557,0.21095956230843582,0.1388950924112216,207.30610807645016,48.0,-13.715389096302557,0.0,-13.643324626405343,2550026.298828125
AXTIUSDT,-12.681611046555062,0.0,0.3123047578932974,466.1265043183543,24.0,-12.681611046555062,0.0,-12.99391580444836,7749243.678222656
PHAUSDT,-13.974399419173258,1.8399792231811953,0.8559017784481115,1277.4653409673308,180.0,-13.974399419173258,0.0,-12.990321974440175,3604193.7109375
COLLECTUSDT,-12.573999612487206,0.0337254618127794,0.2493754559601404,372.2021730748364,120.0,-12.573999612487206,0.0,-12.789649606634567,5340230.072265625
APRUSDT,-11.994128133920537,-0.06584652261916468,0.616439639475073,920.0591633956313,48.0,-11.994128133920537,0.0,-12.676414296014775,4927725.51953125
OGUSDT,-13.610217078016186,3.775078603157944,2.7271812185610003,4070.419729195523,420.0,-25.46758470114775,11.857367623131543,-12.562319693419242,3510489.0126953125
MVLLUSDT,-12.242720890803234,0.00788547846077655,0.09935979241021535,148.29819762718708,120.0,0.0,-12.242720890803234,-12.334195204752673,16144166.4453125
SOLVUSDT,-10.490495626413356,-0.384196520799089,1.4312133139378385,2136.1392745340872,528.0,-10.490495626413356,0.0,-12.305905461150283,4699338.1796875
DEFIUSDT,-4.985214237727699,-3.7253696943311954,2.644392989812509,3946.855208675387,564.0,-4.985214237727699,0.0,-11.354976921871403,3446852.4296875
SOPHUSDT,-10.133515469519864,-0.7674320076162362,0.2854873650622428,426.10054486901913,60.0,0.0,-10.133515469519864,-11.186434842198343,3635485.9990234375
CHILLGUYUSDT,-9.098174781999878,-0.029184099778493584,1.986587725294323,2965.056306409437,1776.0,-11.4335773102985,2.3354025282985784,-11.113946607072695,7617882.609375
4USDT,-10.4683235755018,0.5009954424306852,1.0253310366638473,1530.344830841563,168.0,-8.160531930621342,-2.307791644880446,-10.992659169734962,6904433.40625
ARIAUSDT,-14.238397771181349,4.461259183384437,1.153737626521758,1721.9964574951612,864.0,-33.42386489028905,19.185467119107706,-10.93087621431867,2665336.9741210938
REDUSDT,-3.032856202728829,-6.489051981798455,1.1298164635477876,1686.2932291758027,216.0,0.0,-3.032856202728829,-10.65172464807507,4430944.78125
1000000BOBUSDT,-10.261013295358724,0.07626969577605389,0.3398286556128933,507.20694867596023,24.0,0.0,-10.261013295358724,-10.524572255195563,952454.138671875
PLUMEUSDT,-9.974984329807342,0.0693964459689614,0.44949548119604826,670.8887779045496,156.0,0.0,-9.974984329807342,-10.35508336503443,7594839.529296875
FOGOUSDT,-9.329344486383128,-0.012531314924295114,0.8598542460610239,1283.364546359737,84.0,0.0,-9.329344486383128,-10.201730047368448,3167190.98046875
ARMUSDT,-9.564439675094757,0.023550868655234515,0.426563996441616,636.6626812561433,108.0,0.0,-9.564439675094757,-9.967452802881137,17880447.080078125
DODOXUSDT,-8.816625622079076,0.0452531082579974,1.0713006898497415,1598.9562535070768,60.0,-1.1334419255327512,-7.683183696546324,-9.84267320367082,2927052.734375
IOUSDT,-8.592092862445567,1.444261655189711,2.6938936343109745,4020.7367676283216,948.0,-51.664575575122896,43.072482712677356,-9.84172484156683,15161650.53125
CAPUSDT,-9.21627774580432,-0.15851602377903515,0.38552534488837265,575.4109625199591,72.0,-9.21627774580432,0.0,-9.760319114471727,17773119.671875
EDGEUSDT,-8.444481367334788,-0.6620011826611045,0.3890512955671565,580.6735754733679,180.0,-8.444481367334788,0.0,-9.495533845563049,13143276.09375
HIVEUSDT,-8.980375924826037,0.017756486535740024,0.5031739270268,751.0058612340298,108.0,-2.101106385542241,-6.879269539283802,-9.465793365317097,1936543.634765625
AGTUSDT,-8.293548314900939,-0.13236448230621511,0.9272615839729241,1383.972513392424,108.0,-20.61231517841262,12.318766863511689,-9.353174381180079,3851898.8125
FETUSDT,2.8323372604559536,2.5316211232693715,14.363393081640146,21437.900121850973,8988.0,-10.072650460701851,12.904987721157763,-8.99943469791482,74236554.25
BADGERUSDT,-6.425528626164449,-2.108059891758168,0.4632935757113571,691.4829488229211,96.0,3.573574461039853,-9.9991030872043,-8.996882093633975,6951061.66796875
KERNELUSDT,-8.58038150272049,0.07235638006204954,0.37804717753121353,564.2495187033037,84.0,-8.58038150272049,0.0,-8.886072300189653,5738206.1015625
DYMUSDT,-6.524787614242922,0.29465112991595815,2.592267306128441,3869.0556807887183,684.0,4.6824695137594725,-11.2072571280024,-8.822403790455406,8690661.30859375
CHESSUSDT,-7.9271338762663275,0.04442431151751571,0.6310693721695806,941.8945853277321,84.0,-7.014181793443704,-0.9129520828226196,-8.513778936918392,4515693.125
SPACEUSDT,-8.379527952850182,0.2895637145999356,0.040851268203495564,60.97204209476949,144.0,-8.379527952850182,0.0,-8.130815506453741,4911823.83203125
BZUSDT,-6.52533957859452,0.3393597552656195,1.8700452446577176,2791.112305459281,864.0,-4.5787952352873065,-1.9465443433072118,-8.056025067986617,234644722.8125
KLAYUSDT,5.445435273548691,-1.9066156207416796,11.532019271046849,17211.969061263953,4596.0,-33.61768850540058,39.06312377894914,-7.993199618239838,13344467.90625
XAGUSDT,-6.44734978809457,0.7745204826499826,2.282650862608699,3406.941585983132,600.0,-1.283021292691956,-5.164328495402622,-7.9554801680532865,827817133.0
PORTALUSDT,-6.963586314904563,0.7257609826694944,1.5097316275311907,2253.330787359987,828.0,15.314932275550682,-22.278518590455246,-7.74755695976626,9011311.0390625
VINEUSDT,-5.438760204236705,-0.31425388445014574,1.6782900608745281,2504.910538618699,1164.0,-5.639434585042428,0.20067438080576583,-7.431304149561379,11914960.984375
CVXUSDT,-3.257164078502067,-2.18233037649979,1.9319008913253193,2883.4341661571925,492.0,-4.185657465023976,0.928493386521908,-7.3713953463271755,4797404.4140625
BALUSDT,10.990590478937053,-1.9142433756450319,16.309823456628138,24343.02008451961,6264.0,-52.59519058677116,63.58578106570859,-7.233476353336117,11391316.1640625
KORUUSDT,-7.075896371769723,0.006433985508488827,0.06158595555782853,91.91933665347541,312.0,0.0,-7.075896371769723,-7.131048341819063,600660152.25
RPLUSDT,-22.84784812006283,17.036194714177828,1.1034752160002188,1646.9779343286843,276.0,-22.84784812006283,0.0,-6.915128621885223,3137123.390625
LDOUSDT,-0.1090647759554542,7.630048054749403,14.279462618249529,21312.630773506746,8688.0,64.01110915094198,-64.12017392689724,-6.75847933945558,61236435.9375
ATAUSDT,4.173640046159639,-2.3580996929083597,8.514223697967118,12707.796564130032,3000.0,-20.812190888668102,24.985830934827607,-6.698683344715839,8609927.765625
CLUSDT,-5.438498103225995,0.3027345323443344,1.391284509506925,2076.544044040187,804.0,-5.2274914848339,-0.21100661839209403,-6.527048080388586,598430690.125
ZKPUSDT,-6.686203195745975,0.9890414826350638,0.7952536259982083,1186.945710445087,108.0,-7.208345907674746,0.5221427119287707,-6.49241533910912,3419899.25
PAXGUSDT,-0.8732431853437469,0.7261758543804478,6.198893934783323,9252.080499676604,5220.0,0.6137001919573116,-1.4869433773010483,-6.345961265746622,70885200.3125
TAKEUSDT,-1.1465237536384774,-3.8094431764581893,1.268520383571204,1893.3140053301552,372.0,-4.028533343653027,2.8820095900145617,-6.22448731366787,3895706.80859375
NEWTUSDT,-6.081206518851525,0.018158746908155443,0.10203328767732477,152.28848907063397,36.0,-1.7381165380102477,-4.343089980841278,-6.165081059620695,2853620.890625
PHAROSUSDT,-5.836708668951502,-0.06308900078234045,0.08203784606287864,122.44454636250543,12.0,0.0,-5.836708668951502,-5.981835515796721,2287102.5991210938
VETUSDT,17.980999047348543,-4.611034582898508,19.22280637093218,28690.75577751074,5928.0,-24.12751971827858,42.108518765626975,-5.852841906482144,25401160.96875
BLUAIUSDT,-5.4138535173608275,-0.010959429528663868,0.06801376472890687,101.51308168493563,36.0,-5.4138535173608275,0.0,-5.492826711618398,4488350.890136719
BUSDT,-4.243507116511118,0.42728524177520827,1.6641995430996628,2483.8799150741243,216.0,-5.043763446033693,0.8002563295225782,-5.480421417835573,5582950.75
PROMUSDT,-2.7822996212671027,-1.5457736100388675,1.1474461316799665,1712.6061666865173,276.0,-7.615865928891366,4.833566307624259,-5.475519362985937,3464665.68359375
KGENUSDT,-4.842025679250842,-0.06059618529509946,0.39637798446658645,591.6089320396812,48.0,-4.842025679250842,0.0,-5.298999849012528,3102500.580078125
HYPERUSDT,-0.00930255850653472,-4.009201421246503,1.1349609315848137,1693.9715396788265,804.0,-4.787640053580766,4.77833749507422,-5.153464911337851,5500459.8046875
REZUSDT,-9.858861460904045,7.992373177382431,3.2274782272510136,4817.131682464196,2052.0,-32.32243139146486,22.463569930560833,-5.093966510772628,10997632.09375
SKATEUSDT,-4.56670587167379,-0.06970305412591206,0.4157762971973156,620.5616376079338,24.0,-4.56670587167379,0.0,-5.052185222997018,5284853.04296875
QUICKUSDT,-4.731474525625795,-0.02529311032517331,0.2288803487026222,341.61246075018244,12.0,-4.731474525625795,0.0,-4.985647984653591,2497654.89453125
ZORAUSDT,-3.4400304648363216,0.03561948030435841,1.4321223679957973,2137.4960716355185,384.0,-16.005009886908052,12.564979422071719,-4.83653335252776,5392313.732421875
LOKAUSDT,-4.0252103565584125,-0.16283172501819215,0.0747824504153025,111.61559763477985,36.0,-4.0252103565584125,0.0,-4.262824531991907,3630669.44921875
BROCCOLI714USDT,-3.9637665964022033,0.09544203213573507,0.36122826313370254,539.1466613935859,360.0,-12.973821201041702,9.010054604639496,-4.229552827400171,4737755.865234375
COINUSDT,-3.974200296877052,0.01144712745369384,0.20279498240675214,302.6790782190331,96.0,-1.1394583415077406,-2.8347419553693114,-4.1655481518301105,17292298.0
DOGEUSDT,17.414443922898986,0.6685290323515916,22.168955824381865,33087.99376773405,10932.0,-4.014520905920956,21.428964828819698,-4.085982869131286,581920866.0
SAHARAUSDT,-3.194283287126803,1.1305197441436579,1.9270485453533979,2876.1918587364144,504.0,-24.34575484834765,21.15147156122084,-3.9908120883365434,11609606.8828125
SKHYNIXUSDT,-3.9919774708773215,0.5127561037700582,0.21095649356954846,314.86043816350514,312.0,0.0,-3.9919774708773215,-3.6901778606768114,901070504.6875
BSVUSDT,-2.515069098297179,1.3434504801753095,2.166209889177833,3233.1490883251245,1140.0,0.9346816140021934,-3.449750712299381,-3.3378285072997023,5257902.8203125
BIRBUSDT,-3.816371548418809,0.6064652655977302,0.040734171852065876,60.797271420993845,24.0,-3.816371548418809,0.0,-3.250640454673145,2182136.2421875
XVSUSDT,-1.7150304092114528,-0.12095873439560692,1.3779815623679426,2056.6888990566304,444.0,0.09681283912796479,-1.811843248339414,-3.2139707059750022,4010775.359375
STRAXUSDT,-2.822260611247398,0.08151425631941672,0.22851055185890962,341.06052516255164,72.0,-0.6069311089036505,-2.2153295023437463,-2.969256906786891,31744858.0625
KASUSDT,2.884853106630008,-1.73799486198987,3.8383133859702228,5728.825949209289,1464.0,-4.971204672355826,7.856057778985864,-2.691455141330085,14842753.296875
PONKEUSDT,-2.5272133495419333,-0.012919171197120577,0.08362678080623114,124.81609075556887,24.0,-2.5272133495419333,0.0,-2.623759301545285,4712700.5859375
AUSDT,-2.3240401459508986,0.01693483318493715,0.14845217608594996,221.57041206858202,12.0,0.0,-2.3240401459508986,-2.4555574888519116,3942602.05859375
AINUSDT,-2.1944081398993673,-0.04428770562414304,0.04095454955648219,61.12619336788386,48.0,-2.1944081398993673,0.0,-2.2796503950799925,2042276.455078125
PUMPBTCUSDT,-2.0172263061124758,0.9126377155952703,1.093926908226053,1632.7267286956012,192.0,-13.918702981696745,11.90147667558428,-2.1985154987432587,1257210.7939453125
A2ZUSDT,-1.9178663585731448,0.009914296494372615,0.08950005528304808,133.58217206425087,24.0,0.0,-1.9178663585731448,-1.9974521173618203,2515788.462890625
DRAMUSDT,-1.1173569132132695,-0.37392404798398327,0.48701426191664976,726.8869580845518,564.0,-0.4756292018455781,-0.6417277113676908,-1.9782952231139024,125466666.1875
SWELLUSDT,-1.361213779195142,-0.24068437633231007,0.3116506255897447,465.1501874473801,60.0,-8.512339129418903,7.151125350223763,-1.9135487811171967,4426178.015625
IDEXUSDT,-1.6117146986599113,0.06302370035426502,0.1473819194937394,219.97301416976032,48.0,0.0,-1.6117146986599113,-1.6960729177993856,5998040.76171875
YBUSDT,-1.3627865840219013,0.05225011482466932,0.3230509709074358,482.16562822005335,60.0,-1.3627865840219013,0.0,-1.633587440104668,3130771.09375
AKTUSDT,-10.798736126260481,10.293771670296659,1.1061005124142786,1650.8962871854908,192.0,-10.798736126260481,0.0,-1.611064968378101,3117071.689453125
2ZUSDT,-1.4083884346180477,-0.07207083538673478,0.10040642951831245,149.86034256464546,24.0,0.0,-1.4083884346180477,-1.580865699523095,4111939.7265625
GHSTUSDT,-1.507144377621362,0.00026524165529136657,0.019491429627861365,29.09168601173338,12.0,-1.507144377621362,0.0,-1.5263705655939321,1967446.7939453125
ZKCUSDT,-1.4332969018531811,0.13296463965422742,0.12887345763322736,192.34844422869756,12.0,-1.4332969018531811,0.0,-1.429205719832181,2640175.421875
NVDAUSDT,-1.210256636658406,0.0463445405832069,0.2563186464133222,382.5651439004808,36.0,0.0,-1.210256636658406,-1.4202307424885214,43157190.09375
EWYUSDT,0.36804288804832647,-0.46075031024050095,1.2262914525195285,1830.2857500291466,144.0,-0.010163271036888459,0.3782061590852149,-1.318998874711703,43976165.78515625
WDCUSDT,-0.6033225668529916,-0.18506604442240998,0.4523613892604444,675.166252627529,120.0,-3.8094330707864947,3.2061105039335027,-1.2407500005358458,14858904.849609375
MRVLUSDT,-0.3195892509891922,-0.21836742728986325,0.6930736237816734,1034.4382444502587,228.0,12.146206962849657,-12.465796213838843,-1.231030302060729,103313998.125
TAGUSDT,-0.5463470554923511,-0.1243975237913342,0.4854293044719443,724.5213499581258,48.0,-0.5463470554923511,0.0,-1.1561738837556295,2639553.2456054688
SAMSUNGUSDT,-1.1264113605499664,0.05872379374841226,0.05357462684237179,79.9621296154803,48.0,0.0,-1.1264113605499664,-1.121262193643926,70091388.484375
TOSHIUSDT,-1.0631166892410375,-0.030464810306469192,0.024916322339865626,37.18854080576959,12.0,0.0,-1.0631166892410375,-1.1184978218873725,1923841.123046875
COMBOUSDT,-0.01758522709733601,-0.18490215806386134,0.9093393848195332,1357.2229624172137,180.0,-0.29316412614327003,0.2755788990459339,-1.1118267699807305,5876938.82421875
SPORTFUNUSDT,-0.5976649485566674,-0.06497925810396987,0.4386487978439817,654.6996982745995,84.0,0.22246554533842522,-0.8201304938950911,-1.101293004504619,2237377.0776367188
STABLEUSDT,-2.8318439270421103,3.1834891432095613,1.2100802951349023,1806.0899927386604,540.0,-7.33665840445806,4.504814477415977,-0.8584350789674513,7905221.984375
FLUXUSDT,-0.7049266563490143,0.016445654829729664,0.019701693006874455,29.40551195055889,12.0,-0.7049266563490143,0.0,-0.708182694526159,1866084.8505859375
RADUSDT,-0.41458616688079863,0.2619737744039566,0.51564978636605,769.626546815,72.0,-6.305705878870757,5.891119711989958,-0.668262178842892,8591887.412109375
CROSSUSDT,-0.5772797252628863,-0.006810094078442473,0.03592716465333179,53.62263381094297,12.0,-0.5772797252628863,0.0,-0.6200169839946605,1645321.005859375
1000BTTCUSDT,-0.5415784452059803,0.007649828845404678,0.06994366398350511,104.39352833358973,48.0,0.0,-0.5415784452059803,-0.6038722803440808,7241955.171875
AAPLUSDT,-0.18589718419633566,0.006676819664081271,0.41985394710944884,626.6476822529086,228.0,-1.091380174679241,0.9054829904829057,-0.5990743116417032,6442888.0302734375
USDCUSDT,-0.04825089253137768,-0.026409558340889906,0.43920665067587655,655.5323144416068,180.0,-0.04705768675573089,-0.0011932057756468013,-0.5138671015481442,3586883.017578125
GOOGLUSDT,-0.37348604884360753,-0.015045431266552521,0.07186180948758408,107.25643207102102,108.0,-0.37348604884360753,0.0,-0.4603932895977441,13200887.859375
ALPACAUSDT,-0.12394974791781599,0.05078789146902045,0.22682721235789874,338.5480781461175,24.0,0.0,-0.12394974791781599,-0.2999890688066943,10269968.765625
BATUSDT,11.602166290961438,2.4508603935398736,14.34644091011672,21412.598373308523,4896.0,-21.891007337047675,33.49317362800881,-0.29341422561540753,11393782.7890625
KMNOUSDT,-0.7680377108675156,1.1624968395269515,0.6714668449148344,1002.1893207684094,132.0,-0.7680377108675156,0.0,-0.27700771625539855,4100030.07421875
GRAMUSDT,-0.1267347738091351,0.003771264673935998,0.03371018248549219,50.31370520222716,12.0,0.0,-0.1267347738091351,-0.15667369162069128,11315646.3359375
NATGASUSDT,0.7947070008167031,-0.01990930352630299,0.8921455762479804,1331.5605615641498,156.0,0.6219476288047182,0.17275937201198502,-0.11734787895758036,19336055.90625
PUFFERUSDT,-2.660063912876552,2.887168956185097,0.34275674594282934,511.57723275049153,12.0,-2.660063912876552,0.0,-0.1156517026342847,1704271.6577148438
GLWUSDT,-0.03786528432287731,-0.016512083689346504,0.05762553933810884,86.00826766881917,36.0,0.0,-0.03786528432287731,-0.11200290735033266,10724413.2890625
SPYUSDT,0.03116093251703609,0.0162909925927149,0.10637498892001651,158.7686401791291,203.0,0.0873037450913536,-0.05614281257431749,-0.05892306381026552,15766267.734375
ARXUSDT,0.0,0.0,0.0,0.0,0.0,0.0,0.0,0.0,5866143.890625
ASMLUSDT,0.0,0.0,0.0,0.0,0.0,0.0,0.0,0.0,2072143.2919921875
VFYUSDT,0.0,0.0,0.0,0.0,0.0,0.0,0.0,0.0,1246038.0827636719
ZESTUSDT,0.0,0.0,0.0,0.0,0.0,0.0,0.0,0.0,2277324.8828125
WMTUSDT,0.0,0.0,0.0,0.0,0.0,0.0,0.0,0.0,448736.2816772461
VRTUSDT,0.0,0.0,0.0,0.0,0.0,0.0,0.0,0.0,381740.0923461914
VSTUSDT,0.0,0.0,0.0,0.0,0.0,0.0,0.0,0.0,253861.14511108398
VTHOUSDT,0.0,0.0,0.0,0.0,0.0,0.0,0.0,0.0,1513263.037109375
XBIUSDT,0.0,0.0,0.0,0.0,0.0,0.0,0.0,0.0,261689.01628112793
VUSDT,0.0,0.0,0.0,0.0,0.0,0.0,0.0,0.0,333517.6846008301
OUSDT,0.0,0.0,0.0,0.0,0.0,0.0,0.0,0.0,7019703.6875
PANWUSDT,0.0,0.0,0.0,0.0,0.0,0.0,0.0,0.0,439705.9570007324
WENUSDT,0.0,0.0,0.0,0.0,0.0,0.0,0.0,0.0,421097.7614746094
ASTSUSDT,0.0,0.0,0.0,0.0,0.0,0.0,0.0,0.0,3325879.5002441406
PDDUSDT,0.0,0.0,0.0,0.0,0.0,0.0,0.0,0.0,287862.8866882324
PAYPUSDT,0.0,0.0,0.0,0.0,0.0,0.0,0.0,0.0,543705.2205810547
ZMUSDT,0.0,0.0,0.0,0.0,0.0,0.0,0.0,0.0,479922.8927268982
ALLUSDT,0.0,0.0,0.0,0.0,0.0,0.0,0.0,0.0,1151035.4494628906
PENGUSDT,0.0,0.0,0.0,0.0,0.0,0.0,0.0,0.0,765957.9531555176
OPENAIUSDT,0.0,0.0,0.0,0.0,0.0,0.0,0.0,0.0,3392319.49609375
ETHWUSDT,0.0,0.0,0.0,0.0,0.0,0.0,0.0,0.0,2660528.802734375
ORDERUSDT,0.0,0.0,0.0,0.0,0.0,0.0,0.0,0.0,1520037.990234375
EWTUSDT,0.0,0.0,0.0,0.0,0.0,0.0,0.0,0.0,623491.2635383606
EWJUSDT,0.0,0.0,0.0,0.0,0.0,0.0,0.0,0.0,733218.8569946289
ZRCUSDT,0.0,0.0,0.0,0.0,0.0,0.0,0.0,0.0,1288441.7861328125
FIOUSDT,0.0,0.0,0.0,0.0,0.0,0.0,0.0,0.0,2328223.03125
EWZUSDT,0.0,0.0,0.0,0.0,0.0,0.0,0.0,0.0,226790.66950702667
ELSAUSDT,0.0,0.0,0.0,0.0,0.0,0.0,0.0,0.0,1817491.671875
ANTHROPICUSDT,0.0,0.0,0.0,0.0,0.0,0.0,0.0,0.0,3011360.396484375
ACXUSDT,0.0,0.0,0.0,0.0,0.0,0.0,0.0,0.0,1936043.8994140625
FLEXUSDT,0.0,0.0,0.0,0.0,0.0,0.0,0.0,0.0,379670.2927188873
FISUSDT,0.0,0.0,0.0,0.0,0.0,0.0,0.0,0.0,3632426.0234375
INTWUSDT,0.0,0.0,0.0,0.0,0.0,0.0,0.0,0.0,3559583.345703125
HYUNDAIUSDT,0.0,0.0,0.0,0.0,0.0,0.0,0.0,0.0,1642507.7272338867
IBMUSDT,0.0,0.0,0.0,0.0,0.0,0.0,0.0,0.0,3724558.1635742188
LRCXUSDT,0.0,0.0,0.0,0.0,0.0,0.0,0.0,0.0,1082162.9818115234
APPUSDT,0.0,0.0,0.0,0.0,0.0,0.0,0.0,0.0,770661.0622558594
AMATUSDT,0.0,0.0,0.0,0.0,0.0,0.0,0.0,0.0,3453768.189453125
ZHIPUUSDT,0.0,0.0,0.0,0.0,0.0,0.0,0.0,0.0,29703584.840576172
XPDUSDT,0.0,0.0,0.0,0.0,0.0,0.0,0.0,0.0,3983817.564453125
LLYUSDT,0.0,0.0,0.0,0.0,0.0,0.0,0.0,0.0,1253454.619506836
ADBEUSDT,0.0,0.0,0.0,0.0,0.0,0.0,0.0,0.0,750912.3333587646
ACUUSDT,0.0,0.0,0.0,0.0,0.0,0.0,0.0,0.0,1606331.453125
LITEUSDT,0.0,0.0,0.0,0.0,0.0,0.0,0.0,0.0,31259126.896484375
KSTRUSDT,0.0,0.0,0.0,0.0,0.0,0.0,0.0,0.0,1373147.0373067856
KOUSDT,0.0,0.0,0.0,0.0,0.0,0.0,0.0,0.0,407879.6569213867
KUAISHOUUSDT,0.0,0.0,0.0,0.0,0.0,0.0,0.0,0.0,394106.97803497314
LGELECTRONICSUSDT,0.0,0.0,0.0,0.0,0.0,0.0,0.0,0.0,313042.1778907776
IONQUSDT,0.0,0.0,0.0,0.0,0.0,0.0,0.0,0.0,319691.10021972656
JPMUSDT,0.0,0.0,0.0,0.0,0.0,0.0,0.0,0.0,491371.2596588135
IRENUSDT,0.0,0.0,0.0,0.0,0.0,0.0,0.0,0.0,2768672.546875
IWMUSDT,0.0,0.0,0.0,0.0,0.0,0.0,0.0,0.0,296612.1948547363
LYTEUSDT,0.0,0.0,0.0,0.0,0.0,0.0,0.0,0.0,521745.92321777344
LUMIAUSDT,0.0,0.0,0.0,0.0,0.0,0.0,0.0,0.0,2851135.1953125
HIMSUSDT,0.0,0.0,0.0,0.0,0.0,0.0,0.0,0.0,1072693.7265014648
HK0700USDT,0.0,0.0,0.0,0.0,0.0,0.0,0.0,0.0,1408015.298034668
CRWDUSDT,0.0,0.0,0.0,0.0,0.0,0.0,0.0,0.0,984064.1697998047
CRWVUSDT,0.0,0.0,0.0,0.0,0.0,0.0,0.0,0.0,5313726.384765625
COHRUSDT,0.0,0.0,0.0,0.0,0.0,0.0,0.0,0.0,4141295.126953125
CRMUSDT,0.0,0.0,0.0,0.0,0.0,0.0,0.0,0.0,551620.6943664551
COSTUSDT,0.0,0.0,0.0,0.0,0.0,0.0,0.0,0.0,318017.6891555786
CRDOUSDT,0.0,0.0,0.0,0.0,0.0,0.0,0.0,0.0,2090394.1791381836
COMMONUSDT,0.0,0.0,0.0,0.0,0.0,0.0,0.0,0.0,3253453.8388671875
CIENUSDT,0.0,0.0,0.0,0.0,0.0,0.0,0.0,0.0,535992.7833862305
RLSUSDT,0.0,0.0,0.0,0.0,0.0,0.0,0.0,0.0,2258863.2978515625
TZAUSDT,0.0,0.0,0.0,0.0,0.0,0.0,0.0,0.0,326590.2049713135
SAMSUNGEMUSDT,0.0,0.0,0.0,0.0,0.0,0.0,0.0,0.0,587024.161728859
NETUSDT,0.0,0.0,0.0,0.0,0.0,0.0,0.0,0.0,362291.7949523926
BRKBUSDT,0.0,0.0,0.0,0.0,0.0,0.0,0.0,0.0,606503.8121337891
URNMUSDT,0.0,0.0,0.0,0.0,0.0,0.0,0.0,0.0,408785.2108001709
USARUSDT,0.0,0.0,0.0,0.0,0.0,0.0,0.0,0.0,2962718.2170410156
TERUSDT,0.0,0.0,0.0,0.0,0.0,0.0,0.0,0.0,662959.0895385742
UNITREEUSDT,0.0,0.0,0.0,0.0,0.0,0.0,0.0,0.0,32779821.78125
KLACUSDT,0.0,0.0,0.0,0.0,0.0,0.0,0.0,0.0,688140.5085449219
SLERFUSDT,0.0,0.0,0.0,0.0,0.0,0.0,0.0,0.0,2603792.24609375
SNTUSDT,0.0,0.0,0.0,0.0,0.0,0.0,0.0,0.0,7593124.34375
SNOWUSDT,0.0,0.0,0.0,0.0,0.0,0.0,0.0,0.0,585649.234375
COPPERUSDT,0.0,0.0,0.0,0.0,0.0,0.0,0.0,0.0,5961929.3056640625
HOLOUSDT,0.0,0.0,0.0,0.0,0.0,0.0,0.0,0.0,4562897.0390625
HK1810USDT,0.0,0.0,0.0,0.0,0.0,0.0,0.0,0.0,3757628.796875
SKHYUSDT,0.0,0.0,0.0,0.0,0.0,0.0,0.0,0.0,591739836.5
SKUUUSDT,0.0,0.0,0.0,0.0,0.0,0.0,0.0,0.0,1003730.7646484375
BSPUSDT,0.0,0.0,0.0,0.0,0.0,0.0,0.0,0.0,603060.9080810547
BXUSDT,0.0,0.0,0.0,0.0,0.0,0.0,0.0,0.0,601348.1447753906
CARVUSDT,0.0,0.0,0.0,0.0,0.0,0.0,0.0,0.0,1128608.283203125
SNXXUSDT,0.0,0.0,0.0,0.0,0.0,0.0,0.0,0.0,166377302.6875
SOFIUSDT,0.0,0.0,0.0,0.0,0.0,0.0,0.0,0.0,358601.91497039795
HPEUSDT,0.0,0.0,0.0,0.0,0.0,0.0,0.0,0.0,776185.8963012695
SHOPUSDT,0.0,0.0,0.0,0.0,0.0,0.0,0.0,0.0,161163.78050231934
TENCENTUSDT,0.0,0.0,0.0,0.0,0.0,0.0,0.0,0.0,779497.8685302734
TBTUSDT,0.0,0.0,0.0,0.0,0.0,0.0,0.0,0.0,99612.51266670227
TEMUSDT,0.0,0.0,0.0,0.0,0.0,0.0,0.0,0.0,180369.3448486328
TQQQUSDT,0.0,0.0,0.0,0.0,0.0,0.0,0.0,0.0,15162767.515625
TOWNSUSDT,0.0,0.0,0.0,0.0,0.0,0.0,0.0,0.0,2764227.265625
TANSSIUSDT,0.0,0.0,0.0,0.0,0.0,0.0,0.0,0.0,2848399.5
CATUSDT,0.0,0.0,0.0,0.0,0.0,0.0,0.0,0.0,362867.0206298828
BOTUSDT,0.0,0.0,0.0,0.0,0.0,0.0,0.0,0.0,1314631.97265625
BOBUSDT,0.0,0.0,0.0,0.0,0.0,0.0,0.0,0.0,2301967.9409179688
SKDDUSDT,0.0,0.0,0.0,0.0,0.0,0.0,0.0,0.0,661408.7268066406
MARAUSDT,0.0,0.0,0.0,0.0,0.0,0.0,0.0,0.0,243563.79711914062
UVXYUSDT,0.0,0.0,0.0,0.0,0.0,0.0,0.0,0.0,1092959.4607772827
TXNUSDT,0.0,0.0,0.0,0.0,0.0,0.0,0.0,0.0,336514.50233078003
TURTLEUSDT,0.0,0.0,0.0,0.0,0.0,0.0,0.0,0.0,1388023.3696289062
TTWOUSDT,0.0,0.0,0.0,0.0,0.0,0.0,0.0,0.0,320254.3211860657
UBERUSDT,0.0,0.0,0.0,0.0,0.0,0.0,0.0,0.0,402886.3542022705
TMFUSDT,0.0,0.0,0.0,0.0,0.0,0.0,0.0,0.0,381832.7891192436
KODEX200USDT,0.0,0.0,0.0,0.0,0.0,0.0,0.0,0.0,412614.8786621094
CXMTUSDT,0.0,0.0,0.0,0.0,0.0,0.0,0.0,0.0,10692730.541015625
GIGADEVUSDT,0.0,0.0,0.0,0.0,0.0,0.0,0.0,0.0,3181324.935546875
GSUSDT,0.0,0.0,0.0,0.0,0.0,0.0,0.0,0.0,133290.92945671082
CSOPSAMSUNG2LUSDT,0.0,0.0,0.0,0.0,0.0,0.0,0.0,0.0,2024097.513671875
BBXUSDT,0.0,0.0,0.0,0.0,0.0,0.0,0.0,0.0,2051819.3301391602
HDUSDT,0.0,0.0,0.0,0.0,0.0,0.0,0.0,0.0,367040.6617126465
GRVTUSDT,0.0,0.0,0.0,0.0,0.0,0.0,0.0,0.0,37323916.1875
GDXUSDT,0.0,0.0,0.0,0.0,0.0,0.0,0.0,0.0,703073.928894043
HANMIUSDT,0.0,0.0,0.0,0.0,0.0,0.0,0.0,0.0,242005.9418334961
FWDIUSDT,0.0,0.0,0.0,0.0,0.0,0.0,0.0,0.0,880942.2142333984
GMEUSDT,0.0,0.0,0.0,0.0,0.0,0.0,0.0,0.0,274626.24591064453
SMHUSDT,0.0,0.0,0.0,0.0,0.0,0.0,0.0,0.0,414628.10122680664
GEVUSDT,0.0,0.0,0.0,0.0,0.0,0.0,0.0,0.0,548303.2481775284
SMCIUSDT,0.0,0.0,0.0,0.0,0.0,0.0,0.0,0.0,1468105.7852783203
SOXSUSDT,0.0,0.0,0.0,0.0,0.0,0.0,0.0,0.0,120032805.3125
RVVUSDT,0.0,0.0,0.0,0.0,0.0,0.0,0.0,0.0,8112439.9140625
SONYUSDT,0.0,0.0,0.0,0.0,0.0,0.0,0.0,0.0,282069.2770996094
SHAZUSDT,0.0,0.0,0.0,0.0,0.0,0.0,0.0,0.0,2212829.7045898438
MEITUANUSDT,0.0,0.0,0.0,0.0,0.0,0.0,0.0,0.0,430349.06787109375
MEGAUSDT,0.0,0.0,0.0,0.0,0.0,0.0,0.0,0.0,3837867.3984375
MBOXUSDT,0.0,0.0,0.0,0.0,0.0,0.0,0.0,0.0,3772601.24609375
ZHONGJIUSDT,0.0,0.0,0.0,0.0,0.0,0.0,0.0,0.0,4363813.3232421875
XLEUSDT,0.0,0.0,0.0,0.0,0.0,0.0,0.0,0.0,248699.99954223633
ALABUSDT,0.0,0.0,0.0,0.0,0.0,0.0,0.0,0.0,1726714.5305175781
DMCUSDT,0.0,0.0,0.0,0.0,0.0,0.0,0.0,0.0,2382639.4140625
FRAXUSDT,0.0,0.0,0.0,0.0,0.0,0.0,0.0,0.0,1050560.955078125
SYSUSDT,0.0,0.0,0.0,0.0,0.0,0.0,0.0,0.0,2336901.94140625
SXTUSDT,0.0,0.0,0.0,0.0,0.0,0.0,0.0,0.0,3575785.0625
EBAYUSDT,0.0,0.0,0.0,0.0,0.0,0.0,0.0,0.0,389837.23345947266
NOKUSDT,0.0,0.0,0.0,0.0,0.0,0.0,0.0,0.0,7198795.509765625
MLNUSDT,0.0,0.0,0.0,0.0,0.0,0.0,0.0,0.0,1748093.841796875
MRNAUSDT,0.0,0.0,0.0,0.0,0.0,0.0,0.0,0.0,8761607.591796875
MILKUSDT,0.0,0.0,0.0,0.0,0.0,0.0,0.0,0.0,2300867.072265625
NOWUSDT,0.0,0.0,0.0,0.0,0.0,0.0,0.0,0.0,1290365.6308288574
NFLXUSDT,0.0,0.0,0.0,0.0,0.0,0.0,0.0,0.0,1209541.8720703125
NAVERUSDT,0.0,0.0,0.0,0.0,0.0,0.0,0.0,0.0,209183.14666748047
MUUUSDT,0.0,0.0,0.0,0.0,0.0,0.0,0.0,0.0,73740515.77539062
PYPLUSDT,0.0,0.0,0.0,0.0,0.0,0.0,0.0,0.0,253841.2286605835
RDDTUSDT,0.0,0.0,0.0,0.0,0.0,0.0,0.0,0.0,619155.6240768433
RAMUSDT,0.0,0.0,0.0,0.0,0.0,0.0,0.0,0.0,627270.3463134766
RIVNUSDT,0.0,0.0,0.0,0.0,0.0,0.0,0.0,0.0,358072.3853111267
QNTXUSDT,0.0,0.0,0.0,0.0,0.0,0.0,0.0,0.0,2542313.7280273438
GLMRUSDT,0.0,0.0,0.0,0.0,0.0,0.0,0.0,0.0,9582242.171875
DATAIPUSDT,0.0,0.0,0.0,0.0,0.0,0.0,0.0,0.0,1240496.013671875
CSCOUSDT,0.0,0.0,0.0,0.0,0.0,0.0,0.0,0.0,584490.6742248535
B3USDT,0.0,0.0,0.0,0.0,0.0,0.0,0.0,0.0,2158658.7421875
HANAUSDT,0.0,0.0,0.0,0.0,0.0,0.0,0.0,0.0,3111694.6259765625
CSOPSKHYNIX2LUSDT,0.0,0.0,0.0,0.0,0.0,0.0,0.0,0.0,8548065.6953125
CTRUSDT,0.0,0.0,0.0,0.0,0.0,0.0,0.0,0.0,1297929.7685546875
BLUEBIRDUSDT,0.0,0.0,0.0,0.0,0.0,0.0,0.0,0.0,2017564.216796875
BITOUSDT,0.0,0.0,0.0,0.0,0.0,0.0,0.0,0.0,99075.60111045837
AZTECUSDT,0.0,0.0,0.0,0.0,0.0,0.0,0.0,0.0,2296892.3046875
AVGOUSDT,0.0,0.0,0.0,0.0,0.0,0.0,0.0,0.0,4863142.8525390625
OLUSDT,0.0,0.0,0.0,0.0,0.0,0.0,0.0,0.0,1446902.2890625
NVOUSDT,0.0,0.0,0.0,0.0,0.0,0.0,0.0,0.0,444805.6552429199
42USDT,0.0,0.0,0.0,0.0,0.0,0.0,0.0,0.0,1923330.4228515625
POPMARTUSDT,0.0,0.0,0.0,0.0,0.0,0.0,0.0,0.0,625855.1556396484
BNCUSDT,0.0,0.0,0.0,0.0,0.0,0.0,0.0,0.0,633179.34765625
BMNRUSDT,0.0,0.0,0.0,0.0,0.0,0.0,0.0,0.0,5367612.828613281
MINIMAXUSDT,0.0,0.0,0.0,0.0,0.0,0.0,0.0,0.0,11638000.248291016
MIRAUSDT,0.0,0.0,0.0,0.0,0.0,0.0,0.0,0.0,3229842.240234375
DJTUSDT,0.0,0.0,0.0,0.0,0.0,0.0,0.0,0.0,607380.2946777344
FLNCUSDT,0.0,0.0,0.0,0.0,0.0,0.0,0.0,0.0,2599557.7890625
DKNGUSDT,0.0,0.0,0.0,0.0,0.0,0.0,0.0,0.0,353938.8650588989
DISUSDT,0.0,0.0,0.0,0.0,0.0,0.0,0.0,0.0,320297.839263916
DOSUSDT,0.0,0.0,0.0,0.0,0.0,0.0,0.0,0.0,16006874.671875
DELLUSDT,0.0,0.0,0.0,0.0,0.0,0.0,0.0,0.0,6814305.0205078125
REIUSDT,0.0,0.0,0.0,0.0,0.0,0.0,0.0,0.0,2661412.8125
ONDSUSDT,0.0,0.0,0.0,0.0,0.0,0.0,0.0,0.0,913684.0334472656
STXXUSDT,0.0,0.0,0.0,0.0,0.0,0.0,0.0,0.0,2539487.99609375
SQQQUSDT,0.0,0.0,0.0,0.0,0.0,0.0,0.0,0.0,5044724.474609375
STRCUSDT,0.0,0.0,0.0,0.0,0.0,0.0,0.0,0.0,1577210.3737182617
SPCXUSDT,0.8126169726131278,0.15783844686698148,0.9558389004873168,1426.6252246079353,252.0,0.0,0.8126169726131278,0.014616518992792482,691030633.25
JSTUSDT,0.10441357560656325,-0.004656644559078426,0.02058622072565821,30.725702575609265,24.0,0.10441357560656325,0.0,0.07917071032182663,3032264.1015625
YALAUSDT,0.14772563831738061,0.02144484548687299,0.07868606124975278,117.44188246231758,12.0,0.0,0.14772563831738061,0.09048442255450082,5432615.427734375
CBRSUSDT,0.3289539508096252,-0.02967095355476372,0.17187653482779064,256.53214153401586,12.0,0.3289539508096252,0.0,0.12740646242707082,33970568.4765625
STPTUSDT,0.2704097349912706,-0.0844945097945999,0.043851202682349544,65.44955624231275,12.0,0.0,0.2704097349912706,0.14206402251432115,5540211.6484375
ZRXUSDT,9.707299476305918,1.2715456628657529,10.82576850797926,16157.863444745168,3972.0,90.64047198033785,-80.93317250403149,0.15307663119241077,13418513.078125
AMZNUSDT,0.5844314186995989,0.0,0.33662837699029474,502.4304134183503,84.0,0.5844314186995989,0.0,0.24780304170930417,6002624.1796875
SKYUSDT,0.3076112718704796,-0.0040812968658961255,0.03708707204272915,55.35383886974501,12.0,0.3076112718704796,0.0,0.2664429029618543,5310803.708984375
MMTUSDT,1.6316805719141128,-0.4825408023081518,0.7923719410427791,1182.6446881235506,384.0,-11.57879826641601,13.210478838330133,0.356767828563182,6078046.609375
PRLUSDT,1.0918219770885729,-0.4447480150470792,0.10588709075655987,158.04043396501476,48.0,0.0,1.0918219770885729,0.5411868712849337,5285738.654296875
PLAYUSDT,8.778244597742322,-5.835301096743934,2.391183169475537,3568.930103694832,336.0,-91.63743899545453,100.41568359319686,0.5517603315228512,5316418.017578125
FTTUSDT,1.8400842146400973,0.16135677185202035,1.389596589667911,2074.024760698375,156.0,-3.2311391908479137,5.07122340548801,0.6118443968242069,15548418.421875
CLANKERUSDT,0.8053615150026356,0.051904837198177275,0.2263419169734152,337.8237566767391,48.0,-1.064520744377011,1.8698822593796456,0.6309244352273977,1496525.982421875
CFGUSDT,0.8204659962748493,-0.001770175734772007,0.14908902920867195,222.52093911742077,36.0,0.8204659962748493,0.0,0.6696067913314053,6406059.8671875
DEEPUSDT,0.8589338336262851,0.4988287303482047,0.6321038779065832,943.438623741169,168.0,5.9151491087238375,-5.056215275097555,0.7256586860679065,4101525.3828125
KAITOUSDT,-1.4245994963528512,6.332809036676116,4.139162270521231,6177.854135106316,2808.0,-22.839424066213326,21.414824569860503,0.7690472698020336,24903291.546875
TSMUSDT,1.6064005946405508,-0.055322071041013034,0.7442595579358083,1110.8351610982215,72.0,1.6064005946405508,0.0,0.8068189656637296,6169589.4169921875
XAUTUSDT,1.5799200413921801,0.24766545256496475,0.9193522214982384,1372.16749477349,444.0,0.0,1.5799200413921801,0.9082332724589066,28278722.65625
QCOMUSDT,0.9843132228313903,0.006713243843617289,0.05216044137150629,77.85140503209894,12.0,0.0,0.9843132228313903,0.9388660253035013,6306246.698730469
BREVUSDT,0.8599133699248535,0.37978902441571455,0.22876011567912133,341.4330084763005,60.0,-2.686129732805713,3.546043102730567,1.0109422786614468,2580876.251953125
VOXELUSDT,3.304190100218077,-1.9705505464643929,0.2555032326961467,381.34810850171147,60.0,0.0,3.304190100218077,1.0781363210575376,5607994.3203125
HEMIUSDT,2.4113348675702038,-0.5308722798233918,0.7132398143117722,1064.5370362862266,348.0,-25.6517980133316,28.063132880901797,1.1672227734350398,5544075.2421875
QQQUSDT,2.5249837925962813,-0.12058777992282416,1.1245971918918856,1678.5032714804265,120.0,2.5249837925962813,0.0,1.2797988207815716,42761911.6875
TRUSTUSDT,1.4546810220360706,-0.057641646488019976,0.07889139260563278,117.74834717258625,12.0,0.0,1.4546810220360706,1.3181479829424179,1817816.3315429688
OMNIUSDT,3.195225433681804,-0.24757837123434628,1.5944072038073696,2379.712244488611,300.0,8.759488888169614,-5.564263454487811,1.3532398586400882,16655557.46875
PUNDIXUSDT,1.514921753454764,-0.06915516119049522,0.04955576394683524,73.96382678632125,12.0,0.0,1.514921753454764,1.3962108283174337,1396284.333984375
XPTUSDT,1.7354392028780825,0.17570976699332475,0.5120235573638849,764.2142647222163,240.0,0.0,1.7354392028780825,1.3991254125075223,7999353.65234375
COCOSUSDT,1.9264328181948345,-0.07428124801180645,0.3330385570755457,497.07247324708305,468.0,1.7391567544339734,0.18727606376086225,1.5191130131074824,55804526.21875
LIGHTUSDT,2.5922717731237928,0.5401513843165745,1.4570700403819585,2174.7314035551617,492.0,-23.64481685804854,26.23708863117235,1.6753531170584086,6628096.25390625
DOGSUSDT,2.808744114882225,0.6897771187779637,1.6402767574408896,2448.1742648371487,1428.0,-14.449293664450003,17.258037779332238,1.8582444762192991,12218633.625
GOATUSDT,3.70792429064782,0.12311482052694589,1.905367677128513,2843.832353923153,2424.0,-25.604095598243468,29.31201988889127,1.9256714340462529,13366359.828125
SUNUSDT,2.609791225882314,0.16193455413687108,0.7378034478215301,1101.1991758530296,108.0,6.258057451748866,-3.648266225866543,2.033922332197655,3134796.515625
SCRTUSDT,2.1138135271634795,0.19583540643239641,0.06361989950665513,94.95507389053006,24.0,2.1138135271634795,0.0,2.246029034089221,1643375.6015625
BULLAUSDT,1.7244586743190107,1.6152900275438782,0.9888869657344808,1475.95069512609,372.0,-7.966538610131449,9.690997284450466,2.350861736128408,3019742.125
DFUSDT,3.1298930625281587,0.08896461197523374,0.45854563561939954,684.3964710737307,60.0,0.0,3.1298930625281587,2.760312038883993,2408860.478515625
CETUSUSDT,3.00484434600824,0.013762432044507814,0.11412671687028918,170.3383833884913,36.0,0.0,3.00484434600824,2.904480061182459,5136749.4296875
BILLUSDT,3.4043008666465067,0.03657552545955845,0.28530294813774654,425.8252957279799,12.0,0.0,3.4043008666465067,3.1555734439683185,10274562.21875
SIGNUSDT,3.2030485142115173,0.006363930637019775,0.04874534570825327,72.75424732575115,252.0,3.2030485142115173,0.0,3.1606670991402837,4890441.1328125
STEEMUSDT,-3.1225354419808276,7.1194854576660305,0.8037209753424895,1199.5835452872977,276.0,-12.392347537427508,9.269812095446678,3.1932290403427133,2590524.255859375
ICNTUSDT,8.710839083444274,-3.633815430815828,1.6586192676055436,2475.551145679915,348.0,7.2155604871336685,1.4952785963106026,3.4184043850229022,3546371.5556640625
OPENUSDT,3.6669436279398435,0.009312107550623885,0.19625277897334423,292.9145954826033,72.0,3.6669436279398435,0.0,3.480002956517123,5383630.775390625
WETUSDT,4.533195087757313,-0.08087988998733427,0.903785256851015,1348.933219180619,48.0,0.0,4.533195087757313,3.5485299409189635,2526084.609375
BABAUSDT,4.0598717965135185,0.0,0.3389569220434301,505.90585379616425,36.0,4.0598717965135185,0.0,3.7209148744700884,5319093.125732422
BNTUSDT,4.036541313350413,0.16312461565902045,0.359089157614345,535.9539665885746,84.0,0.0,4.036541313350413,3.8405767713950882,2467885.666015625
XAUUSDT,4.964032993691262,1.72262696377107,2.7838972861284623,4155.070576311134,2028.0,-1.4128003945096363,6.376833388200904,3.90276267133387,924776485.0
SLPUSDT,4.883177586328957,0.03455410542770357,0.2050484412778576,306.0424496684442,48.0,0.0,4.883177586328957,4.712683250478803,1922391.935546875
AXLUSDT,-4.9796341999909695,11.018351238182722,1.1436749359043514,1706.977516275152,648.0,2.3035679930193975,-7.283202193010339,4.895042102287402,8148011.0859375
COSUSDT,3.3779257697746368,1.832226320400934,0.28054440178245466,418.722987735007,84.0,3.3779257697746368,0.0,4.929607688393117,1982471.099609375
TREEUSDT,5.341352467994951,0.03424697070880968,0.30550221530861643,455.97345568450214,12.0,0.0,5.341352467994951,5.070097223395145,3150701.5712890625
CCUSDT,6.272998502471029,-0.1489728697376608,1.047276961321793,1563.0999422713328,216.0,0.37046198772021,5.902536514750818,5.076748671411575,7208576.80078125
TROYUSDT,20.611189492891175,-14.758045355148642,0.7254530557274322,1082.765754817063,288.0,0.7209975835207196,19.890191909370447,5.1276910820151,33093208.0
OPNUSDT,5.295014389531586,0.037602393597300665,0.1438462343183538,214.69587211694596,264.0,0.0,5.295014389531586,5.188770548810532,7671650.203125
NIGHTUSDT,8.02956101318217,-2.0210864016311603,0.7471211415268536,1115.1061813833635,444.0,-0.5489359607786554,8.578496973960828,5.261353470024155,6816874.60546875
LAUSDT,6.247623930188888,-0.10775252403176273,0.8205077007415005,1224.6383593156725,180.0,0.0,6.247623930188888,5.319363705415625,9004059.671875
OXTUSDT,5.960123087182211,0.38296823605763436,0.5635445045654845,841.1112008440067,108.0,-3.21226049039441,9.172383577576621,5.779546818674361,2863991.392578125
PYTHUSDT,6.823928903656706,1.9854915683410965,2.851692704656837,4256.2577681445355,2328.0,2.4285894412391675,4.39533946241749,5.957727767340966,22308534.6875
ANIMEUSDT,12.08353575805798,-4.432792956722695,1.4832061277994564,2213.7404892529203,468.0,-5.762749399227719,17.8462851572857,6.167536673535829,6816952.34765625
WAXPUSDT,5.1014445235415256,1.5302433878843893,0.2944302005013858,439.44806044982954,36.0,-2.4461881227494007,7.547632646290926,6.337257710924529,2723469.50390625
SKRUSDT,7.172498185814906,-0.6579253595163985,0.11764628329988659,175.59146761177107,36.0,0.0,7.172498185814906,6.396926542998621,2183966.7734375
AVAUSDT,6.555825616294783,0.017941059986162203,0.16163255764529647,241.24262335118874,12.0,0.0,6.555825616294783,6.412134118635649,1597884.5712890625
AVAAIUSDT,7.057997823060539,-0.12831303196114827,0.47994386059654415,716.3341202933494,276.0,7.057997823060539,0.0,6.4497409305028475,5947401.25390625
LABUSDT,-60.04557780391748,68.16222150486536,1.5142678195782033,2260.1012232510498,1152.0,-58.58568660880535,-1.4598911951121305,6.602375881369673,21781555.4375
XEMUSDT,-8.312772651184808,29.8855333078669,14.869696956995954,22193.57754775516,3852.0,10.102101684029344,-18.414874335213934,6.703063699686139,19410450.1953125
ZENUSDT,21.84714741144918,-0.062274554648217545,14.967019103866498,22338.834483382845,7776.0,-75.3863993106079,97.233546722058,6.817853752934461,16060298.375
WALUSDT,10.12388551652221,-2.5324483977984698,0.4445183617235904,663.4602413784933,36.0,0.0,10.12388551652221,7.146918757000149,5662833.982421875
REUSDT,7.390289756038266,-0.027688138886040554,0.15644849728852736,233.5052198336229,48.0,0.0,7.390289756038266,7.206153119863698,35844823.75
KEYUSDT,9.779691516683593,-0.6255029265024462,1.9478055002923964,2907.1723884961143,336.0,0.7295996837828786,9.050091832900716,7.206383089888751,9165613.46875
ASTERUSDT,9.535890883226752,0.5043342224972164,2.676693058996497,3995.0642671589494,1536.0,9.062943318784404,0.47294756444232133,7.363532046727473,101646076.0625
1MBABYDOGEUSDT,8.676365317675407,0.31717760289179525,1.5467412429835803,2308.5690193784776,1188.0,12.262572695420436,-3.586207377745036,7.446801677583622,7946438.466796875
ENSOUSDT,1.4961040882138263,7.33840766454071,1.2968788479022642,1935.6400714959166,744.0,7.471688075351205,-5.975583987137384,7.5376329048522726,7915519.037109375
INXUSDT,8.321385164684521,0.023503821634692144,0.17400862039337764,259.714358796086,24.0,0.0,8.321385164684521,8.170880365925836,2798686.3623046875
ONTUSDT,15.3769219259669,10.903740256597924,18.104425673080613,27021.530855344223,3660.0,-86.88016989811635,102.25709182408315,8.176236509484212,13262244.84375
PIXELUSDT,7.153860826435589,3.4328338448155686,2.303431567378975,3437.957563252201,2388.0,-8.562122044887177,15.71598287132277,8.283263103872182,10840119.6953125
MAVUSDT,10.920826462406364,1.1960699804209478,3.5976460183450856,5369.620922903111,1872.0,-5.752517497593958,16.67334396000024,8.519250424482227,6770244.65625
LSKUSDT,6.370264674513597,3.2103979704946357,1.0127446104956566,1511.5591201427706,252.0,2.3910139455202413,3.9792507289933567,8.567918034512575,2833304.263671875
ANCUSDT,10.08302184018645,0.5684755549967693,1.8487687703692124,2759.356373685392,559.0,-31.65831207194067,41.741333912127175,8.802728624814009,38191992.34375
MBLUSDT,13.25377791595248,-3.6180402799894344,0.22622936637967428,337.6557707159318,24.0,0.0,13.25377791595248,9.40950826958337,6580976.73828125
OPGUSDT,11.122889126625836,-0.7869229645379202,0.4403822995765746,657.2870142933949,300.0,0.0,11.122889126625836,9.89558386251134,11826535.4296875
XCNUSDT,10.279885821983207,-0.15738192035849904,0.14144377971786457,211.1101189818874,24.0,0.0,10.279885821983207,9.981060121906843,4928843.302734375
PLTRUSDT,10.553513263966478,-0.025851913316539438,0.2612669477809974,389.9506683298468,144.0,10.553513263966478,0.0,10.26639440286894,7497110.2548828125
HOODUSDT,12.137782426850096,-0.1692913901883087,1.6610524015468113,2479.182688875837,552.0,13.599427756741687,-1.4616453298915937,10.307438635114975,13792845.6796875
IMXUSDT,18.564765402147867,4.365061226987597,12.231719998318939,18256.29850495364,6888.0,75.4592520807989,-56.89448667865089,10.698106630816524,20523948.078125
ORCLUSDT,10.95385978274102,0.4822558126368589,0.6804979124403016,1015.6685260303008,144.0,1.5124482532287284,9.441411529512303,10.755617682937578,13899689.11328125
ONGUSDT,5.477169067033539,7.208377062063479,1.5402539555485375,2298.8865008187126,780.0,-21.562759155475547,27.039928222509086,11.14529217354848,3151257.275390625
MOCAUSDT,11.283017007668684,0.7217122305978796,0.7667691342602909,1144.4315436720758,156.0,-5.423991035149958,16.707008042818657,11.237960104006273,2541789.361328125
NUUSDT,11.673034616145301,0.014854960824227957,0.20664241484476087,308.4215146936729,60.0,11.673034616145301,0.0,11.481247162124768,22186594.90625
ESPUSDT,11.846766316241188,0.021479604175910577,0.36832678569352134,549.7414711843602,48.0,0.58874889963252,11.258017416608665,11.499919134723578,4791163.5
NFPUSDT,-45.8424983373337,58.83909206913717,1.1473810600509204,1712.5090448521203,348.0,-12.791743768981037,-33.05075456835253,11.849212671752552,6564268.1875
TUTUSDT,14.4463536688087,-0.3011693706243479,2.07802261578245,3101.5262922126117,827.0,10.384492049414481,4.061861619394209,12.0671616824019,5082128.37109375
ATUSDT,17.654653106934866,-5.100689427315836,0.38717810319949003,577.8777659693881,300.0,0.22808513321920135,17.426567973715667,12.16678557641954,3877644.85546875
XTZUSDT,9.992004236524574,15.157840769676868,12.953926962646575,19334.219347233713,6528.0,72.35522192428817,-62.36321768776255,12.195918043554867,21148055.53125
ARBUSDT,20.370039093708087,0.6810001232901041,8.850523616504969,13209.73674105219,4428.0,-20.392233990600673,40.762273084308816,12.200515600493222,122807309.75
SNDKUSDT,15.07680520832968,-1.0489219779648662,1.0974841460509557,1638.036038882024,1452.0,27.836439532464585,-12.759634324134861,12.930399084313859,354504908.625
MITOUSDT,13.990501490091368,0.2252263647477458,1.2593907625906262,1879.6877053591436,144.0,0.0,13.990501490091368,12.956337092248488,2474869.421875
MANTRAUSDT,14.26513391464039,-0.73109314910257,0.30367450628463855,453.2455317681172,24.0,0.0,14.26513391464039,13.230366259253183,3682865.03125
ERAUSDT,17.379275518138506,-3.309305282424684,0.3182303885782097,474.9707292212085,48.0,0.0,17.379275518138506,13.751739847135612,3375654.2509765625
AGIXUSDT,18.223390502384373,-0.5097284745689278,3.8476550777164875,5742.768772711173,3780.0,-3.793439344507607,22.016829846891994,13.866006950098958,45298690.34375
ZBTUSDT,16.176558929248134,-0.8270584287162395,1.232508703673183,1839.5652293629594,492.0,18.47384596262498,-2.297287033376861,14.116991796858713,8125476.046875
NXPCUSDT,16.191812390767268,-1.60049762986774,0.3834867771474545,572.3683241006783,552.0,0.0,16.191812390767268,14.207827983752074,4621216.4765625
1000SHIBUSDT,31.168300622323386,5.7909706053409336,21.383375055518805,31915.485157490828,10824.0,193.402592873964,-162.2342922516402,15.575896172145512,157015217.0
QUSDT,15.942671480159325,0.04738168389971566,0.3198704497193614,477.41858167068864,84.0,-1.5429993329509004,17.485670813110236,15.670182714339678,3923820.97265625
CRCLUSDT,16.07046847974171,2.215030746408452,1.792591516144182,2675.5097255883306,612.0,-7.190266401927721,23.260734881669432,16.49290771000598,88705452.75
RONINUSDT,17.903061886235367,-0.1272967971441824,0.7212891608110549,1076.5509862851566,108.0,3.3579266068169087,14.545135279418453,17.05447592828013,4061825.03125
SLXUSDT,11.561201882643875,5.836576957827628,0.3218714692374314,480.4051779663156,132.0,11.561201882643875,0.0,17.07590737123407,16680857.46875
CATIUSDT,20.170338835034382,-0.4959756541381386,2.11451842289068,3155.997646105493,804.0,-3.7282270565880378,23.898565891622404,17.559844758005564,4749693.43359375
TUSDT,15.470340448966429,6.777083455871175,4.054066987606658,6050.846250159194,1140.0,2.2916551679221957,13.1786852810442,18.193356917230943,5627449.80859375
MOODENGUSDT,20.771998016727697,2.335685920022865,4.899291796293246,7312.375815363053,2496.0,-10.04374556635653,30.815743583084334,18.208392140457313,22814709.25
AIUSDT,20.669323865798738,0.23787112099706767,2.670166062669341,3985.322481596029,792.0,17.402611031919648,3.2667128338790548,18.237028924126463,13025081.96875
SUSDT,20.949241218228636,0.46049301615036714,3.12649797728548,4666.414891470867,1908.0,8.41255751145428,12.53668370677433,18.28323625709352,18643679.515625
FFUSDT,19.553299792221242,-0.14528151556215935,1.0973394378345345,1637.8200564694544,84.0,18.661529150281584,0.8917706419396579,18.310678838824547,7787240.02734375
HMSTRUSDT,20.97742994027817,-0.038591406011316075,2.281717598355071,3405.5486542613,408.0,12.119767365240424,8.857662575037743,18.657120935911784,6165872.4765625
STARUSDT,19.11528989351848,0.5387592817801478,0.3107375342358466,463.78736453111424,36.0,0.0,19.11528989351848,19.34331164106278,2609224.9345703125
FLUIDUSDT,20.431283220456518,-0.0869745364429346,0.44689359719871063,667.0053689532995,24.0,0.0,20.431283220456518,19.897415086814874,1278614.3271484375
BSWUSDT,23.158728004324118,-2.016150196775623,0.8693894714324089,1297.5962260185206,120.0,0.0,23.158728004324118,20.273188336116085,6013723.87890625
NBISUSDT,21.198544322081588,-0.3584154321186316,0.46458040748422685,693.4035932600401,60.0,18.551604307690223,2.6469400143913693,20.375548482478727,35366344.6015625
PROVEUSDT,22.75617020408127,-1.9107684728938734,0.45463835096109223,678.5647029270033,84.0,0.0,22.75617020408127,20.390763380226304,3100681.3369140625
MSFTUSDT,21.726264704355867,-0.032556305660968524,1.1404649062300976,1702.1864272091002,228.0,20.616519460113633,1.109745244242227,20.5532434924648,9039246.0
DOODUSDT,20.246641697339747,0.9070775826413245,0.5464922724585872,815.660108147145,216.0,20.246641697339747,0.0,20.607227007522486,2442531.1396484375
BABYUSDT,22.093367260515635,0.03410375618498002,0.6666102361993796,994.9406510438503,132.0,0.0,22.093367260515635,21.460860780501235,5977263.578125
VANAUSDT,24.470880125879965,-2.069471874122436,0.9313906276353132,1390.1352651273332,468.0,-11.55304262753436,36.0239227534143,21.470017624122217,5500166.17578125
NOMUSDT,23.590024712794026,-1.539144159845823,0.5102465883473701,761.5620721602537,96.0,0.0,23.590024712794026,21.540633964600833,4423553.1953125
LPTUSDT,0.7735307452882403,36.00451383445181,13.751157077144521,20524.1150405142,5184.0,-65.75010039299596,66.52363113828434,23.026887502595528,13729811.625
SQDUSDT,23.640349277503677,0.630824860941148,1.0413439585304827,1554.2447142246012,240.0,26.53714048593565,-2.896791208431974,23.22983017991434,3007677.7421875
CUDISUSDT,23.61210687180571,0.06336219282188935,0.2883041130789491,430.3046463864912,36.0,0.0,23.61210687180571,23.387164951548648,3823069.6657714844
STBLUSDT,23.984137926274084,0.060831411261847775,0.2560473610184576,382.16024032605617,72.0,0.0,23.984137926274084,23.788921976517475,2632093.71484375
IRYSUSDT,23.824791347801174,1.027611968430729,1.0240517462374235,1528.4354421454084,192.0,14.796992296214517,9.027799051586655,23.82835156999448,3416455.01953125
SSVUSDT,28.606316481961194,-0.759103972897806,3.8247030396974235,5708.511999548396,2364.0,5.026691248038431,23.57962523392274,24.022509469365964,13316328.28125
BTCDOMUSDT,30.50094912113203,2.9959139298123794,9.442404275776461,14093.140710114107,3672.0,-14.516614626773197,45.0175637479053,24.05445877516795,6208469.083984375
MEMEFIUSDT,25.354097215650214,-0.26746994463065,0.346130806695339,516.6131443214015,36.0,0.0,25.354097215650214,24.740496464324224,5410416.28515625
ZEREBROUSDT,29.97789013314318,-0.7888587429247266,4.199500997441451,6267.911936479776,840.0,1.7256438739693518,28.252246259173827,24.989530392777002,8667722.15625
RAREUSDT,0.780581616214909,25.158193740155316,0.9013821161522494,1345.3464420182827,960.0,-16.591570402160723,17.37215201837563,25.037393240217977,5845638.67578125
NOTUSDT,26.710099146913738,1.2045891959041306,2.648480859501336,3952.956506718411,1680.0,-13.445579449417993,40.15567859633174,25.26620748331653,18115871.9375
NTRNUSDT,28.078543148152853,-0.024348407601537544,2.5551391441152043,3813.6405136047815,744.0,76.84848622939131,-48.76994308123851,25.49905559643611,4043639.9296875
GMTUSDT,25.928845678923835,11.80053432426998,12.096391791336623,18054.316106472575,9216.0,17.588109351049074,8.340736327874808,25.632988211857196,46325856.0
BNBUSDT,40.694118714816135,11.637271685648585,26.31345551449563,39273.81420073974,13116.0,20.588826490523328,20.10529222429285,26.01793488596909,454314245.5
BTCUSDT,56.25863100377,-4.001962301714172,25.495532142088784,38053.033047893696,14412.0,93.10672206429605,-36.84809106052611,26.761136559967042,13485836672.0
HEIUSDT,29.349461203328982,-0.5453393268038301,1.5506543086440259,2314.409415886606,408.0,18.351522323056027,10.997938880272983,27.253467567881124,3567348.4658203125
ZKJUSDT,35.82061063275801,-7.7268256589566775,0.8085143548644446,1206.7378430812605,396.0,0.0,35.82061063275801,27.285270618936888,2348011.5859375
ILVUSDT,28.50138368275485,-0.6542386582922113,0.4648965516414836,693.8754502111696,168.0,22.60622142839793,5.895162254356912,27.382248472821153,4636653.390625
SYRUPUSDT,29.079800765220398,0.44043505289651486,2.031633008822603,3032.288072869556,1572.0,12.012987146520851,17.06681361869957,27.48860280929431,10633332.875
KAIAUSDT,28.354414768607278,0.06797349001152202,0.6708798587576458,1001.3132220263369,576.0,27.808805475864546,0.5456092927427292,27.75150839986115,4211620.1015625
MEUSDT,28.993496071173197,-0.011086010211336468,0.8562024180978053,1277.914056862396,216.0,0.0,28.993496071173197,28.126207642864056,6420450.9296875
BANANAS31USDT,30.895620848468813,-1.6204883356320487,1.0818586908010428,1614.7144638821528,468.0,11.120559880856224,19.77506096761259,28.19327382203572,8372567.2734375
BRETTUSDT,30.059855658553367,-0.6126104065370865,1.0961131521798007,1635.9897793728362,276.0,25.192703285175597,4.86715237337775,28.35113209983648,10540050.79296875
ONDOUSDT,37.074154722271295,-1.3377915236094986,6.673647122100951,9960.667346419325,4632.0,20.64712065394727,16.4270340683237,29.062716076560847,102395091.4375
HFTUSDT,31.802765182324304,-1.0515349191896959,1.0131834625060716,1512.2141231433898,276.0,19.22756064865605,12.57520453366828,29.73804680062854,4657711.80078125
TRIAUSDT,30.128312636358924,0.15021796910506344,0.4934760623807724,736.5314363892124,252.0,34.392552202189655,-4.264239565830738,29.785054543083216,10218212.59375
RECALLUSDT,30.407922735350596,0.020940793953631787,0.524233712332689,782.4383766159536,132.0,-3.8477075271569867,34.25563026250757,29.90462981697154,1814407.23828125
YFIIUSDT,32.85670050860291,3.2821655062013884,6.033576804928074,9005.33851481802,2772.0,48.74993506774538,-15.893234559142426,30.105289209876226,24269604.25
LISTAUSDT,31.534300992264964,0.39052776233927783,1.519543969928173,2267.976074519661,732.0,2.3208983783962505,29.213402613868702,30.40528478467607,8301364.09375
HUSDT,46.76059027270027,-11.84862316553548,4.286952820189155,6398.437045058443,2652.0,45.47677779744397,1.2838124752562203,30.625014286975635,24986689.3203125
POLUSDT,32.73562050173179,0.292912409973519,2.167497989930182,3235.071626761465,1392.0,45.10426711880702,-12.368646617075276,30.861034921775122,23972929.125
MONUSDT,32.88106055740461,-0.31793677018458355,1.35935781854145,2028.892266479776,1872.0,12.56828219964324,20.312778357761296,31.203765968678578,16667041.328125
SWARMSUSDT,32.31357644885276,0.19526663460735474,1.2537890105045306,1871.3268813500456,504.0,-5.8598619264314245,38.17343837528419,31.255054072955584,7468674.4453125
WCTUSDT,32.60239730492437,-0.4271556441079789,0.7977852352290136,1190.7242316850948,492.0,0.0,32.60239730492437,31.377456425587376,6480969.83984375
MOVRUSDT,30.289902091099847,2.034643049163284,0.26447598234783287,394.74027216094464,168.0,29.404950845858956,0.8849512452408999,32.0600691579153,4404175.23046875
DUSDT,33.840342031477654,-0.4587858605803535,0.4430796931621022,661.3129748688093,48.0,0.0,33.840342031477654,32.93847647773519,2802182.732421875
MORPHOUSDT,35.87817319017512,-0.5888282261849065,2.2829346387834866,3407.3651325126657,924.0,38.018493712623155,-2.1403205224480457,33.00641032520672,8176625.78125
AIGENSYNUSDT,23.306493774684167,10.335922860121467,0.4079978177719272,608.9519668237718,96.0,23.306493774684167,0.0,33.234418817033706,7825631.3671875
1000000MOGUSDT,34.37754268594674,0.2083694667812016,0.9202734512616506,1373.5424645696276,192.0,-0.6809481545926189,35.058490840539356,33.66563870146629,7279786.9609375
BROCCOLIF3BUSDT,47.91070541211209,-13.745600338835148,0.31457913956651495,469.5211038306194,180.0,0.0,47.91070541211209,33.85052593371043,1698848.3876953125
LEVERUSDT,33.46064179406035,4.617759853039148,4.0590455487583545,6058.276938445307,2424.0,13.17291237353257,20.28772942052774,34.01935609834114,10418806.4765625
COWUSDT,33.83708638957798,2.2193420995539532,1.8478132854847649,2757.9302768429325,816.0,38.08016928751732,-4.24308289793923,34.20861520364718,4915950.7265625
SOONUSDT,40.00830522520829,-1.7158523793473142,2.9152323720529822,4351.093092616392,648.0,50.543793725422084,-10.535488500213775,35.377220473807995,7756844.0
MYROUSDT,38.90348214699207,-1.2197795162582246,1.792200645712271,2674.9263368839856,1320.0,48.946739935387455,-10.043257788395357,35.89150198502158,13324884.484375
CAKEUSDT,40.90115517049949,-0.28304255281365165,4.579493228452749,6835.064520078729,1488.0,5.922765708428823,34.978389462070666,36.03861938923309,17481750.90625
AEROUSDT,36.36043990917002,1.1513710352000481,1.397226962803145,2085.413377318127,732.0,29.637087647588295,6.72335226158171,36.11458398156692,11163507.890625
SUPERUSDT,35.91599562110809,3.472839314835425,2.472985617169917,3691.023309208831,1188.0,35.164421616331,0.7515740047770918,36.915849318773596,9572517.4765625
INITUSDT,24.9806341177152,14.88852479979427,1.9784851218176678,2952.962868384579,684.0,-26.374896387137372,51.35553050485251,37.890673795691804,5105778.8984375
XVGUSDT,36.32509624788347,3.4162485120328188,1.6073272154590863,2398.995843968786,888.0,29.870633282344244,6.454462965539251,38.1340175444572,5653438.203125
PUMPUSDT,40.87682895272869,2.3208887888013328,3.9145809351158993,5842.658112113281,2375.0,19.862163013754916,21.0146659389738,39.28313680641412,103265804.8125
NEARUSDT,65.81822772745535,-6.3329816015005544,19.75493161827305,29484.972564586682,13584.0,61.73032847437806,4.087899253077439,39.73031450768174,142951063.25
BMTUSDT,40.62790048966694,-0.14582148171145662,0.33376985920181734,498.1639689579363,312.0,40.62790048966694,0.0,40.14830914875367,2372521.294921875
TIAUSDT,49.13420059252898,-0.6843698807204113,6.774725322238799,10111.5303316997,6552.0,72.83833629296694,-23.70413570043772,41.675105389569765,112199050.375
HUMAUSDT,45.968388739993486,-1.5455426136046602,2.200214498037523,3283.9022358769,396.0,39.819452080975324,6.148936659018164,42.2226316283513,8801086.2109375
ASRUSDT,52.98287150863831,-10.010715317538333,0.742275626156949,1107.8740688909686,144.0,0.0,52.98287150863831,42.22988056494303,1880581.869140625
BTTUSDT,48.64135197126866,-0.6545602634324307,5.023493708976245,7497.751804442154,2052.0,67.41072783785464,-18.76937586658587,42.963297998859986,67401745.4375
CYSUSDT,43.729153138009146,0.1308874918993074,0.64159845892041,957.6096401797168,552.0,43.729153138009146,0.0,43.21844217098804,8553501.9921875
TSTUSDT,45.51615180771797,-0.9362169516474876,1.094068044309483,1632.937379566392,396.0,22.521329430881664,22.994822376836296,43.485866811761,6149728.7265625
GLMUSDT,40.840104627500686,4.267815477461028,1.435232383863665,2142.137886363679,264.0,28.705596157290984,12.13450847020972,43.67268772109805,5921537.65625
MATICUSDT,65.58748300063434,-3.640949948244136,17.857961696278974,26653.674173550684,9108.0,81.25057300130031,-15.663090000666259,44.08857135611123,326691895.0
GUNUSDT,45.277640928246136,2.0568189229235125,1.8488785392410048,2759.5202078223947,564.0,8.183142455054236,37.09449847319189,45.48558131192864,6079576.33984375
BICOUSDT,46.081060605196136,0.7889010133964606,1.03407776804352,1543.3996537962985,408.0,46.081060605196136,0.0,45.83588385054908,3873597.046875
MUUSDT,48.52020460329292,-1.5405919409852826,0.8903821621359931,1328.928600202975,1320.0,49.58900100995654,-1.068796406663618,46.089230500171645,308171195.4375
ARCUSDT,55.644444439978614,-5.873208627446468,3.473037129726304,5183.637507054185,1776.0,76.26093127687906,-20.616486836900453,46.29819868280585,13952089.94921875
BLURUSDT,50.07137823164502,1.9272113992000994,5.576776042489699,8323.546332074171,4992.0,3.480550105743338,46.590828125901666,46.42181358835542,15464596.125
NMRUSDT,34.05045772275856,14.326929221045527,1.276501474061839,1905.2260806893114,876.0,24.054340846503305,9.996116876255268,47.100885469742245,5524531.1015625
HNTUSDT,68.75580694284497,-6.117671207412147,15.245138781726261,22753.938480188455,8016.0,-107.25654463857879,176.01235158142302,47.392996953706565,32359667.59375
AIOUSDT,47.45405787913095,0.44010811894394125,0.36648455158845344,546.9918680424677,120.0,0.0,47.45405787913095,47.52768144648643,2680121.9384765625
ALTUSDT,43.03942284564802,8.057939255331311,3.1037842576967196,4632.513817457789,2292.0,-14.732673207266943,57.772096052914975,47.993577843282615,13225378.5625
SEIUSDT,57.09465629163084,-2.034654137805995,6.959772319031758,10387.719879151871,5484.0,7.81909315066602,49.27556314096469,48.10022983479309,61575502.4375
AGLDUSDT,42.46344883811578,8.44034181071177,2.142281802589249,3197.435526252609,1608.0,50.78247409957723,-8.319025261461451,48.7615088462383,6253787.203125
GASUSDT,12.932394652545188,38.888001770495336,2.916976374794946,4353.696081783502,1536.0,2.989098649609341,9.943296002935796,48.90342004824557,6997228.671875
PIPPINUSDT,72.88850765663149,-20.284367827222514,3.6061735971057516,5382.348652396643,3756.0,71.85637554747471,1.0321321091567084,48.99796623230323,15265705.25
TRXUSDT,81.68213610101917,-0.5600645998979891,32.04443133939445,47827.509461782705,17244.0,116.36517489160103,-34.683038790581875,49.077640161726734,73357955.625
PNUTUSDT,53.54368029901782,0.4884626505325949,4.935348502486133,7366.191794755424,3552.0,0.12446525513492634,53.41921504388293,49.09679444706428,44998644.375
BEAMXUSDT,51.46808377988512,-0.18305194986836465,1.9528252348101953,2914.6645295674552,744.0,23.683354279385355,27.784729500499857,49.33220659520656,10895542.40625
1000CATUSDT,51.87660599163782,-0.055793901876678854,1.8947943818926594,2828.051316257701,480.0,4.321975709625095,47.55463028201275,49.92601770786848,5087336.75
ARUSDT,65.61074126137797,-0.41443635065505235,14.500236045718342,21642.14335181841,8400.0,87.7242116751961,-22.113470413818987,50.69606886500458,23480688.546875
ENJUSDT,62.38405130136037,3.622626131728077,13.978408419810528,20863.296148970934,5052.0,12.183271339787616,50.20077996157278,52.02826901327793,17279056.1875
CHIPUSDT,55.8877031357192,-3.3626897482328166,0.43938941100451745,655.8050910515185,132.0,0.0,55.8877031357192,52.08562397648186,15967078.171875
POLYXUSDT,55.117087275378196,-0.740425180592623,1.706191236223288,2546.554083915355,1176.0,38.21315797905033,16.903929296327878,52.67047085856228,6464298.6484375
BZRXUSDT,60.624003520319754,-2.900159371060571,4.826440551273513,7203.642613841062,2643.0,29.19386110497278,31.430142415347024,52.897403597985665,48371716.5
FTMUSDT,76.93264254032424,-4.9914702762533425,18.656352403469157,27845.302094730087,13560.0,204.65350085731384,-127.72085831699,53.28481986060174,180386917.625
ZKUSDT,56.814418778815906,0.5631283869107031,3.309357643580287,4939.339766537743,1296.0,50.77747213760842,6.036946641207435,54.06818952214633,15508686.15625
PENGUUSDT,60.60653757512146,0.06942235193570157,6.124603289555449,9141.198939635002,4008.0,15.390737970788106,45.21579960433335,54.551356637501705,82700487.8125
STRKUSDT,60.35351932871586,-0.057878446757761645,4.811398987436006,7181.192518561204,3660.0,-33.56220672874443,93.91572605746032,55.48424189452209,25739069.703125
CFXUSDT,60.67938729244,1.0810867131050066,6.036964187246458,9010.394309323072,6324.0,65.98397854342637,-5.3045912509863955,55.72350981829855,35576442.8125
DIAUSDT,53.230342430602406,3.527716145306831,0.5677561396253386,847.3972233214009,204.0,49.53007075779644,3.700271672805969,56.1903024362839,2254144.640625
VIDTUSDT,13.247892229417062,44.14465898751141,0.9749328272728054,1455.1236227952318,360.0,6.245015110272495,7.002877119144563,56.41761838965567,16658650.296875
BASEDUSDT,57.93666458430208,-0.36293266977169814,0.6674238724829776,996.155033556683,192.0,57.93666458430208,0.0,56.90630804204741,16197145.1875
TRUUSDT,60.41394228365079,1.2778535200063657,2.866270182457786,4278.01519769819,1968.0,50.63670002249675,9.777242261153944,58.825525621199375,8295533.87109375
PENDLEUSDT,70.321573942593,-1.5536960056177673,9.938309376328471,14833.297576609664,5220.0,-6.303138791283129,76.6247127338759,58.82956856064677,36637732.8125
POWERUSDT,58.059473518422266,2.687451490032223,1.8135324845172751,2706.76490226459,888.0,-47.5396791066267,105.5991526250492,58.933392523937215,7142512.369140625
COAIUSDT,60.050369887530785,0.3183358350531057,0.8840323199702165,1319.4512238361435,756.0,-14.94331959311953,74.99368948065033,59.48467340261367,4429466.302734375
RUNEUSDT,67.81034535884375,12.404457470797125,20.526280288843715,30636.239237080194,13236.0,302.0163967249249,-234.20605136608313,59.68852254079716,51369101.0
OMGUSDT,65.52912461423567,7.346002610422523,11.984116672268668,17886.74130189355,5568.0,39.86561452664521,25.663510087590517,60.89101055238952,20008162.453125
SPELLUSDT,47.78286117946024,16.217162978839085,2.866117442164173,4277.787227110704,948.0,38.49063042115167,9.292230758308595,61.13390671613515,5674947.625
GRIFFAINUSDT,63.857407242845845,-0.10730695271915985,2.426044702242283,3620.9622421526597,1308.0,26.566227844992355,37.291179397853426,61.3240555878844,7344164.94140625
ACHUSDT,52.86028965496168,13.873865148728926,4.41944856607531,6596.1918896646375,1920.0,37.182758414243146,15.677531240718428,62.314706237615304,11449701.3125
ONEUSDT,83.90111678770636,-5.006847979350504,16.435698025823246,24530.89257585559,9000.0,140.456517839198,-56.55540105149147,62.458570782532604,11877135.75
PROMPTUSDT,54.70044390183723,8.656117010301212,0.46825144839192795,698.8827587939223,252.0,54.70044390183723,0.0,62.88830946374652,2683154.5625
INTCUSDT,66.50691317361098,-0.9902177365494117,2.132511231444888,3182.8525842461004,1056.0,72.67521915387528,-6.16830598026436,63.384184205616684,33250882.84375
BLESSUSDT,67.58542217669321,-2.0824173069461107,1.1908770596083096,1777.4284471765814,456.0,61.06657400681404,6.51884816987904,64.31212781013879,5934525.509765625
TOKENUSDT,67.46782134941547,-1.8146262320594846,0.8504193631520243,1269.282631570185,1020.0,73.89200874305037,-6.424187393634822,64.80277575420396,9379503.609375
ARKMUSDT,70.34444191215499,-0.1172363018444876,4.918000168208793,7340.298758520588,3360.0,3.9388351002474327,66.40560681190745,65.30920544210171,24421129.96875
ETCUSDT,87.46094522554837,0.5623873145946785,20.97702102930794,31308.986610907385,9036.0,-33.90029623711998,121.36124146266869,67.0463115108351,126855078.75
WUSDT,71.37531607934883,1.2255184558175987,3.5640574929201208,5319.488795403165,2364.0,18.52526120775453,52.85005487159423,69.03677704224631,19482703.578125
USTCUSDT,73.10511253067108,1.3045571336636157,3.188220655869515,4758.538292342559,852.0,66.6376851332909,6.467427397380187,71.22144900846519,6292392.1875
KDAUSDT,71.82699158888005,1.2870187461929734,0.5373105089655418,801.9559835306593,84.0,0.0,71.82699158888005,72.57669982610747,5697845.171875
NAORISUSDT,76.71701895188436,-1.4005652160919444,1.229878419546689,1835.6394321592372,288.0,76.71701895188436,0.0,74.08657531624571,4050675.1328125
TAIKOUSDT,42.917354781674426,32.002303255175114,0.8245315323619492,1230.6440781521628,132.0,213.69771962012223,-170.78036483844767,74.0951265044876,950090.4770507812
RLCUSDT,64.39213589828626,25.674888426502385,14.64341846455272,21855.848454556293,6300.0,6.546462164924604,57.84567373336134,75.42360586023591,12540149.96875
HOTUSDT,94.0082995799049,-1.992481196070032,14.412140625779388,21510.657650417,4428.0,26.732754857552553,67.27554472235191,77.60367775805548,10861393.203125
FARTCOINUSDT,83.36680443171714,2.0715504509790197,7.467743460957526,11145.88576262317,4812.0,74.61683624771177,8.749968184005551,77.97061142173864,203648443.0
BTSUSDT,82.9317622564039,0.9328101937148758,5.136789385548189,7666.849829176403,1080.0,2.235151006171969,80.69661125023187,78.72778306457059,15633138.75
RIVERUSDT,57.500708678666754,24.729059123772238,2.1019022532499148,3137.1675421640502,1944.0,48.18539179589311,9.315316882773413,80.12786554918908,51526748.1875
ALCHUSDT,85.11481630071779,-1.1337991786844779,3.1576721429517196,4712.943496942866,1788.0,92.87456524485303,-7.75974894413533,80.82334497908158,6800584.4296875
BTWUSDT,84.30120538286636,-2.5587467843500726,0.5191100799016302,774.7911640322837,636.0,84.30120538286636,0.0,81.22334851861464,56621765.59375
LAYERUSDT,78.62050353263945,4.084360909036439,1.332969293612988,1989.506408377594,1704.0,59.137775709525194,19.482727823114388,81.37189514806289,7852656.60546875
JCTUSDT,84.09933010565526,-0.680143895938372,0.9399087093464656,1402.8488199200979,216.0,86.15273548221641,-2.0534053765611575,82.47927750037042,4226621.4375
USUALUSDT,88.97734611110046,-2.098383470888355,3.150379581058671,4702.059076206971,1224.0,57.57333275571365,31.404013355386876,83.72858305915344,10847705.75
FUNUSDT,64.71535431594545,20.91283292815106,1.1960274223122067,1785.11555568986,900.0,25.186732194814166,39.52862212113129,84.4321598217843,6595562.69921875
NEIROUSDT,86.72393176091019,2.0493034982072307,4.310071533228314,6432.9425869079305,5724.0,31.00391449038264,55.72001727052744,84.46316372588912,45464311.21875
INJUSDT,90.49692887837733,5.042501289186952,10.758431730705057,16057.360792097097,7716.0,120.90660465267945,-30.40967577430245,84.78099843685924,81755886.125
DGBUSDT,94.79276651736552,-0.15535893663866682,7.6272943922761165,11384.021481009135,1836.0,27.414210315882872,67.37855620148277,87.01011318845075,8369426.6484375
PTBUSDT,89.67955306892219,-0.13537201179188524,0.9130711076269764,1362.7926979507108,180.0,34.173028271905004,55.506524797017235,88.63110994950333,5740480.3359375
ETHFIUSDT,97.51953791282946,-0.2717788291059501,4.844140326574956,7230.060188917837,4260.0,33.880487888486414,63.639050024343135,92.40361875714855,59293138.625
ENSUSDT,105.99713135183632,1.1927949617692515,14.775145339688383,22052.455730878202,10044.0,184.6971874720304,-78.7000561201933,92.41478097391719,31197364.046875
KITEUSDT,93.6193475287619,0.6846496269047863,1.1158986633913226,1665.520393121377,1104.0,92.46388841275571,1.1554591160062198,93.18809849227537,15079360.625
WLDUSDT,100.54367539958056,1.3557655845525485,8.065878865562091,12038.625172480739,8628.0,74.16886109849014,26.374814301090456,93.83356211857102,192908055.5
CLOUSDT,53.95273318007761,43.073205759618205,2.3641564891780655,3528.591774892636,768.0,64.98164594108249,-11.028912761004953,94.66178245051773,11088417.939453125
ARKUSDT,81.87336744004759,16.754175390256425,2.200717232967238,3284.6525865182653,1596.0,85.47036985426197,-3.5970024142143973,96.42682559733677,6974787.94921875
SYNUSDT,104.4219897871172,-6.3147407658598596,1.0359980085409402,1546.2656843894626,852.0,94.75192061906549,9.67006916805155,97.07125101271639,4578374.3203125
IPUSDT,108.45136131170507,-4.286258693662193,5.683747284296142,8483.204901934529,1668.0,95.14118888590689,13.31017242579835,98.48135533374673,27269093.3125
BIOUSDT,89.72255061770869,14.22540513825485,3.366833477627714,5025.124593474202,2268.0,61.7945795872198,27.927971030488276,100.58112227833583,18131749.9375
AIAUSDT,103.11172939127712,-0.10577037668124482,0.8943035236987267,1334.7813786548159,480.0,105.72107922112583,-2.6093498298487092,102.11165549089715,8221365.921875
LQTYUSDT,105.62424567792662,1.5511854353719747,3.429505644690242,5118.665141328718,2508.0,62.84421084528025,42.780034832646564,103.74592546860836,8797256.25
NEOUSDT,117.59685928362312,5.056564229123759,16.802525194604456,25078.39581284244,7344.0,79.60477666308256,37.992082620540394,105.85089831814243,23749542.21875
OMUSDT,51.47150215173871,63.207739409724624,7.9507316408835855,11866.763643109836,7236.0,85.02621898073157,-33.55471682899284,106.72850992057974,45476523.125
BRUSDT,109.6762875165266,-0.8773393799843812,1.156257673186928,1725.7577211745192,552.0,109.6762875165266,0.0,107.6426904633553,2287099.984375
BDXNUSDT,110.55881262034883,-1.334516647319845,0.5913556215519767,882.6203306745923,204.0,103.01043013823235,7.548382482116519,108.632940351477,4001680.06640625
CRVUSDT,139.15404552748683,-6.815395716391828,23.70011112562637,35373.30018750201,15792.0,206.60050215792916,-67.44645663044206,108.63853868546863,100007802.5
BTRUSDT,113.80337169075156,2.115831781191614,1.3993080877898,2088.5195340146265,480.0,119.53035942214011,-5.7269877313884985,114.51989538415337,2762918.046875
UXLINKUSDT,91.4456552108321,26.352958834657176,2.038047249298374,3041.861566116977,1488.0,63.55584011834679,27.889815092485346,115.7605667961909,25318578.6875
ICPUSDT,137.1837236667941,0.9430663257959063,21.20197270395105,31644.73537903145,11064.0,84.97760665483064,52.20611701196351,116.92481728863896,41608920.890625
XAIUSDT,127.74494409878857,-1.1080648426717885,2.7596207895271987,4118.836999294324,2580.0,13.592420505512218,114.15252359327633,123.87725846658957,13606410.34375
YFIUSDT,138.75724190087388,2.0912176485060314,14.427116985346462,21533.010425890247,7656.0,148.69988834304888,-9.942646442174867,126.42134256403347,17855453.96875
BEATUSDT,132.66322767050855,-0.5610997054687811,3.0241044051431003,4513.588664392691,2436.0,36.04165962286244,96.62156804764592,129.07802355989665,48642304.6875
BASUSDT,137.5916293142034,-4.3703460913410765,2.696714890368709,4024.947597565238,540.0,117.09412274181065,20.49750657239265,130.52456833249363,7710084.1875
STXUSDT,138.03102402574592,-0.5504121283330015,6.928453846991251,10340.975891031712,5904.0,173.27304859454745,-35.24202456880162,130.55215805042167,39944063.4375
ORCAUSDT,23.736572545251416,110.3676829907918,1.3608067011305642,2031.054777806812,648.0,25.206749857938444,-1.470177312687023,132.74344883491264,6114501.21875
XMRUSDT,154.39886843930256,0.8793879878764376,21.10480544987131,31499.7096266736,12444.0,158.66601736875006,-4.267148929447893,134.17345097730768,32087321.1875
ETHUSDT,164.12153642554304,-7.382426370907006,21.418291504508073,31967.599260459814,13644.0,172.33538839898748,-8.213851973444049,135.32081855012797,7553564160.0
QTUMUSDT,152.47296732527383,0.9254485288232663,14.168180775996317,21146.53847163631,6168.0,97.37170249221803,55.10126483305503,139.23023507810078,12811215.015625
MEMEUSDT,145.52306797466915,-0.10201513343269072,3.7934172666306756,5661.816815866682,2520.0,101.82647805908815,43.69658991558091,141.62763557460576,23519975.0
1000LUNCUSDT,151.93890364666208,3.8393209230458045,10.464239708414116,15618.2682215136,7248.0,142.23460390999333,9.70429973666893,145.3139848612938,25100261.796875
IOTXUSDT,152.5556110386731,3.438952281484953,9.073397450645329,13542.384254694514,2652.0,80.34592468313878,72.20968635553439,146.92116586951272,8525365.640625
EPICUSDT,149.08072804124072,0.6511639003037174,1.29341016115281,1930.4629270937462,516.0,147.94030597077398,1.1404220704667423,148.4384817803916,5045017.890625
BIDUSDT,139.15157234841374,20.914013169222198,1.2179371539894037,1817.8166477453788,648.0,148.37079568156085,-9.219223333147092,158.84764836364653,3742709.7041015625
VVVUSDT,137.83586596151534,27.867451250234303,2.7185322176092126,4057.5107725510643,1764.0,135.78510960389048,2.050756357625256,162.98478499414043,10747945.359375
ADAUSDT,194.93946735495788,-0.03748277275206479,26.20116541180052,39106.21703253807,12300.0,146.84671585002144,48.092751504936714,168.70081917040528,335443722.5
OCEANUSDT,181.5726361699237,4.006157126756305,13.73849954450448,20505.22320075297,6240.0,238.63384297890715,-57.06120680898288,171.8402937521755,29868682.0625
BIGTIMEUSDT,169.8874394221499,6.994170092650486,4.783012730189324,7138.824970431829,5952.0,293.34514149351503,-123.45770207136592,172.09859678461106,16652251.6875
MANAUSDT,183.22828557486332,5.10583774124173,15.306503069370521,22845.526969209717,8148.0,212.3210947004782,-29.092809125614956,173.02762024673456,34370719.4375
GALAUSDT,191.6180808398469,4.135913269308129,18.613064168060987,27780.692788150747,10752.0,114.74696291855555,76.87111792129139,177.14092994109404,89570422.03125
ENAUSDT,206.18665964821247,-3.6979820410249387,7.207627174951776,10757.652499928034,6372.0,114.95680589547335,91.22985375273996,195.28105043223576,228660991.0
DENTUSDT,209.38491788708455,1.6758042372480324,11.376420547033856,16979.732159752013,4824.0,337.8820950551761,-128.4971771680902,199.68430157729873,9717756.9140625
OPUSDT,216.31343811214674,-3.0667651537357496,13.257596119606522,19787.456894935083,8424.0,75.11559593145309,141.1978421806934,199.98907683880446,125576812.25
LUNAUSDT,213.75074016814028,-1.2668882516499336,10.029431476892734,14969.300711780208,6259.0,229.97909433832996,-16.22835417018935,202.4544204395976,631553346.5
JASMYUSDT,204.6379196728621,8.576697290428678,10.383067420367764,15497.11555278771,6204.0,187.01575024361557,17.622169429246682,202.83154954292303,24065044.3125
SUIUSDT,222.13625497008724,0.04716103588323697,9.835567945353235,14679.952157243639,6888.0,80.54152328763479,141.59473168245233,212.34784806061725,325132062.5
ATOMUSDT,236.9711800641437,1.89763903374253,23.41414728130919,34946.48847956598,12300.0,252.6749500544195,-15.703769990275294,215.45467181657705,78583462.625
KATUSDT,197.35666848268804,19.089144438537385,0.5452748310201825,813.8430313734066,84.0,197.35666848268804,0.0,215.90053809020523,5192498.064453125
SANDUSDT,236.5464553176766,4.751026036156314,20.545742461700964,30665.28725627008,9924.0,415.05442656244503,-178.5079712447685,220.75173889213193,60958340.5
LUNA2USDT,206.2390714380404,28.604232714174703,9.8855879716956,14754.608912978514,4320.0,143.48014028907215,62.75893114896829,224.95771618051953,13411222.3671875
TOMOUSDT,255.96749180548548,-1.2837269813915164,11.040450849502346,16478.28485000351,8664.0,231.20927643757324,24.758215367912417,243.64331397459162,26642349.9375
GRTUSDT,265.7246617167873,-2.6268990012170517,15.346063273682015,22904.572050271683,6612.0,138.70374858922702,127.02091312756104,247.75169944188823,30965221.625
MYXUSDT,272.3656037457904,-1.7405232117418246,3.6932448640543476,5512.305767245296,1824.0,13.240866306448769,259.12473743934186,266.9318356699942,18683863.78125
ZECUSDT,284.26590966272846,20.02016936311506,23.194611579030884,34618.82325228488,11796.0,230.77247100131157,53.4934386614176,281.0914674468126,40329229.625
ALLOUSDT,304.7840169066269,0.3653563124069024,2.2573723881072674,3369.212519563086,1296.0,326.4063516530917,-21.622334746464936,302.8920008309265,13265451.625
SKYAIUSDT,310.3046538713345,-2.4619760850631787,2.3700110834275754,3537.3299752650382,1068.0,157.4026903442124,152.90196352712218,305.47266670284375,6153971.28515625
CKBUSDT,289.42885163147815,19.278804500150656,2.6216877342370757,3912.9667675180244,2244.0,270.7324785338289,18.696373097649076,306.08596839739175,5696385.875
AVAXUSDT,404.53565661334613,-6.456945092442859,22.71359483235284,33900.887809481865,10740.0,219.91403784953013,184.62161876381438,375.3651166885504,248996829.0
PEOPLEUSDT,423.3015229480067,6.939823618901802,17.492573780954416,26108.319076051353,10704.0,361.4340968526205,61.86742609538545,412.7487727859541,38492417.125
RVNUSDT,433.6540671794239,2.5682561742064878,10.124934681013196,15111.842807482375,5340.0,362.77494684321255,70.87912033621075,426.0973886726172,9415659.328125
REEFUSDT,465.8638038922302,9.675620642320819,11.727015614307524,17503.008379563464,7884.0,351.7964144315415,114.06738946068698,463.8124089202435,20518807.296875
SIRENUSDT,508.47956068653576,14.394193297207973,1.5385107485917775,2296.284699390713,1548.0,501.02791264659965,7.45164803993726,521.335243235152,6084252.669921875
