,F,F1,F0,D
2022-01-02 00:00:00+00:00,0.0031802565302869734,0.00018163530962844732,-0.004409902445500435,-0.004208444189112259
2022-01-03 00:00:00+00:00,0.004149122030786767,0.0041056568039887775,0.007726416336468311,0.00770248147213759
2022-01-04 00:00:00+00:00,0.001636398526611682,0.002257271729995347,0.00021199608023980687,0.0010627698441709743
2022-01-05 00:00:00+00:00,0.007590698486854119,0.00984032047661021,0.006397313720432729,0.007952437897309483
2022-01-06 00:00:00+00:00,0.0016993087383372352,0.0008873042823225319,1.7108597620385524e-05,-0.00016704605956630036
2022-01-07 00:00:00+00:00,0.0017777586003262513,0.0028901382657842145,0.004782632038232926,0.0018251806760807288
2022-01-08 00:00:00+00:00,0.0032319245289098575,0.0009157379489403983,-0.002507545793933308,0.00011170203181021243
2022-01-09 00:00:00+00:00,0.0017154655032500798,-5.5426204424668946e-05,2.834707218735133e-05,-0.00015868268935492758
2022-01-10 00:00:00+00:00,0.003970877168940623,0.004610159133354941,0.002613269005623753,0.005296024395382348
2022-01-11 00:00:00+00:00,0.010017620596543209,0.007359561517360946,0.006335840484166688,0.004152742798671394
2022-01-12 00:00:00+00:00,0.00024253042052291285,-0.006505800208894907,-0.005032442386597835,-0.010394997254434046
2022-01-13 00:00:00+00:00,0.009699069247272929,0.011512887200313848,0.008855205145457345,0.013509762607447628
2022-01-14 00:00:00+00:00,-0.001096832198752784,-0.0019288096500719165,-0.0022738255205214664,5.2427192332560324e-05
2022-01-15 00:00:00+00:00,-0.00031503384921816036,-0.0026278223146737334,-0.004677347708386792,-0.0034316942261881644
2022-01-16 00:00:00+00:00,0.0026655321771471563,0.0021012708351522136,0.00314802623283561,0.0022716431670941617
2022-01-17 00:00:00+00:00,-0.0017521297841400774,0.0018160729020519906,0.007561345032091493,0.006743127062742715
2022-01-18 00:00:00+00:00,0.003071606106114011,-0.00024157687302361897,-0.003563758366564307,-0.0037308422811891395
2022-01-19 00:00:00+00:00,0.0034439893030120405,0.002899158315054162,0.0024144330357416255,0.002671929904425996
2022-01-20 00:00:00+00:00,0.002043550534121641,0.004901097623962958,0.0021208127315999192,0.004470953954272883
2022-01-21 00:00:00+00:00,0.010055132162544611,0.010587194589280147,0.007905343094143369,0.014960670214517746
2022-01-22 00:00:00+00:00,0.006035585136992205,0.0021386402237830726,-0.002886684909713333,0.001390062533673797
2022-01-23 00:00:00+00:00,0.0037538342108414113,0.00080313995815251,0.0021770503770701666,0.0011186535974638812
2022-01-24 00:00:00+00:00,-0.0019596352371574755,0.0013450422684511132,0.004543028519061076,0.002270008719763794
2022-01-25 00:00:00+00:00,0.002800500020725627,0.0015235459220983572,-0.0008082384476195692,0.000592801689433653
2022-01-26 00:00:00+00:00,0.001433352780543462,-0.002772385157220225,-0.0018061440250624061,-0.0008274996504186172
2022-01-27 00:00:00+00:00,-0.006189350628303503,-0.00569139362473059,-0.008035329099437938,-0.007063746373678348
2022-01-28 00:00:00+00:00,0.0037949149335989585,0.001133167067698615,0.00080848052999416,-0.00014859930827892942
2022-01-29 00:00:00+00:00,-0.0012394266371380525,-0.0014673809304641683,-0.0019023347843120098,-0.0045315402282619655
2022-01-30 00:00:00+00:00,0.010180067668282833,0.009786194442264584,0.009328680158151137,0.007962294700557981
2022-01-31 00:00:00+00:00,-0.004652474825822095,-0.0022036851265762047,0.00019236023349789022,-0.0005677531291544691
2022-02-01 00:00:00+00:00,-0.0028259046413317,-0.0035058659137479076,-0.005907967428087746,-0.007036558493090039
2022-02-02 00:00:00+00:00,0.0015849507663183715,0.0022593581975909327,0.004753783151272062,0.0033567015497457664
2022-02-03 00:00:00+00:00,0.007639578728304786,0.007666094916296995,0.0023651532889970017,0.003528872396381333
2022-02-04 00:00:00+00:00,-0.005040011951730761,0.0011048287389938682,-0.008097180411373639,-0.008369081105038867
2022-02-05 00:00:00+00:00,0.0015335388428665553,0.005295015455216268,0.003485833316984266,0.004618471613981212
2022-02-06 00:00:00+00:00,-0.01053302419164659,-0.008592396789007029,-0.005598611140027354,-0.007060548826198443
2022-02-07 00:00:00+00:00,0.0023677056244457706,0.0032853661316210037,-0.0038038503308930327,-0.0039049223385789755
2022-02-08 00:00:00+00:00,0.011160304248120534,0.012757620840695871,0.012145205354643585,0.013569596103983672
2022-02-09 00:00:00+00:00,-0.008009853285635415,-0.003493708782941529,-0.002472118441028237,-0.00409090227012221
2022-02-10 00:00:00+00:00,0.002103984193907671,0.0005843946456407512,0.0076308555005359935,0.009053289205716908
2022-02-11 00:00:00+00:00,-0.0024371911180736117,-0.0013157208284506616,0.00013209825309012935,0.0011980353456928494
2022-02-12 00:00:00+00:00,0.0033156612403300034,0.0034683341077050844,0.003977032546897297,0.0016696645483875727
2022-02-13 00:00:00+00:00,0.011593612656194185,0.007470186915738308,0.008328437795732224,0.010547350906661812
2022-02-14 00:00:00+00:00,-0.005317182810059884,-0.0063010528464633175,-0.0039928785870765315,-0.005281649520636256
2022-02-15 00:00:00+00:00,-0.005474924676312165,-0.0010305246514749067,0.0014141365642814652,-0.0008044877564205022
2022-02-16 00:00:00+00:00,0.002173201809735348,0.00043136540141164303,8.891829598001166e-05,0.00011155863328671245
2022-02-17 00:00:00+00:00,0.0020474256450910833,-0.0022130764771279843,0.0016775339968277958,0.0020760148246325993
2022-02-18 00:00:00+00:00,-0.0015592325725486411,-0.001465663001645745,-0.0012775244910052663,-0.0010280143901113536
2022-02-19 00:00:00+00:00,-0.0046076535924755024,-0.00522362793386788,-0.005079197853964157,-0.005302204756717943
2022-02-20 00:00:00+00:00,-0.0006469085199928282,0.0006559270846482335,3.6829110632963236e-05,-0.0004512069291202625
2022-02-21 00:00:00+00:00,4.3919594978403254e-05,-0.0013417332014978856,-0.005052910587468151,-0.001048810527022992
2022-02-22 00:00:00+00:00,2.2254459233428392e-05,-0.002996446225079108,-0.002094442333108737,-0.002862233119483082
2022-02-23 00:00:00+00:00,-0.006427356957700137,-0.004453163528273185,-0.0015854088907959474,0.0015163742178323503
2022-02-24 00:00:00+00:00,-0.005500916275247292,-0.003679264273210303,-0.0017632779561208567,-0.0011941404085044072
2022-02-25 00:00:00+00:00,-0.022261502088689378,-0.02572422882196357,-0.01991816419569603,-0.02358010384775633
2022-02-26 00:00:00+00:00,-0.0008861690982635562,-0.001764011269486332,-0.00019184316904075072,-0.0014371036912457225
2022-02-27 00:00:00+00:00,0.0018352764883842188,0.0019241387184678604,-0.002414624213454397,-0.003122089049164556
2022-02-28 00:00:00+00:00,-0.000916996888643884,-0.0007080431434137724,-0.0017018407209380415,0.0011211788300675707
2022-03-01 00:00:00+00:00,0.007348339857976338,0.008921464815546454,0.006348724948586737,0.007844953876032124
2022-03-02 00:00:00+00:00,0.009491239933244966,0.009328202049735834,0.008706947957401123,0.009189455384025935
2022-03-03 00:00:00+00:00,0.0013973189546807596,0.0029577515491900908,0.0023366362014283215,0.0022342989337467145
2022-03-04 00:00:00+00:00,0.007711683275110071,0.006921293590424593,0.002420883922977568,0.002551959092198519
2022-03-05 00:00:00+00:00,0.0026266241158479087,0.0006066260512751498,-0.0007767045171139797,-0.0027262675929634606
2022-03-06 00:00:00+00:00,-0.0026106705634039162,-9.074725230040492e-06,-0.00321710344709758,-0.00021138648399121607
2022-03-07 00:00:00+00:00,0.00037176230081947814,-0.0017165930600437918,-0.00014630309155583276,-0.000766097000803101
2022-03-08 00:00:00+00:00,-0.0020913936909000563,-0.003048594595328802,-0.0026986888227107375,-0.0029552324564378063
2022-03-09 00:00:00+00:00,-0.0008060646451899522,-0.0029959337792024865,0.0054405840918365644,0.0013025877765988625
2022-03-10 00:00:00+00:00,0.002476495104902998,0.0013544336230906229,-0.002097662878012496,0.0012273927729933298
2022-03-11 00:00:00+00:00,0.009667282366731422,0.012263701422517093,0.010737946098860585,0.013625314345689254
2022-03-12 00:00:00+00:00,0.002511601181280021,0.002039872359138162,0.0017600328492897166,0.0037107723193730013
2022-03-13 00:00:00+00:00,0.0002161850376301011,-0.00010205897777160189,-0.002159838962170979,-0.0036642895192614544
2022-03-14 00:00:00+00:00,0.0011596454560001135,-0.0005624350133281997,0.0014891399360754676,0.0008999455736595774
2022-03-15 00:00:00+00:00,-0.00472412583462456,-0.006683586095934446,-0.011072248107286575,-0.007660063432974762
2022-03-16 00:00:00+00:00,-0.0004916366192431187,-0.0009552769979187525,-0.002375164068275759,1.053238178960747e-05
2022-03-17 00:00:00+00:00,0.006914813458496649,0.009097927676128714,0.011121289008343194,0.013476046050000301
2022-03-18 00:00:00+00:00,-0.00011212715129327311,-6.909828867329715e-05,0.000400937943908275,-0.00017835246580066855
2022-03-19 00:00:00+00:00,0.004822258459687534,0.0020367046572842273,0.00677808358573273,0.0034088505456846274
2022-03-20 00:00:00+00:00,0.008552386268266599,0.008898390198796458,0.008877506127688894,0.0098673330814949
2022-03-21 00:00:00+00:00,-0.00206388433328597,-0.002030124596362093,-0.002670275563844915,-0.002962299622225273
2022-03-22 00:00:00+00:00,-0.0004190014368079531,0.0020706679428350583,0.002419141830410698,0.0014609234790323722
2022-03-23 00:00:00+00:00,-0.0005780177669718611,0.00011028173501270722,-0.002385023205622727,-0.002104672042093858
2022-03-24 00:00:00+00:00,-0.0001921024695908935,0.0031364145760233164,0.003400229736521654,0.004414915056819346
2022-03-25 00:00:00+00:00,-0.0025232051640710074,-0.0016708560832020547,-0.00038454642416052565,0.0009422409042787461
2022-03-26 00:00:00+00:00,-0.0149577186003379,-0.015705422093083454,-0.01587932626058386,-0.02379728528700198
2022-03-27 00:00:00+00:00,0.000706149610594009,0.0012085989106949135,-0.0008673466527268081,-0.007211723052304553
2022-03-28 00:00:00+00:00,-0.0007719770812384397,-0.0036979043348714935,-0.006331351018571296,-0.0007964063162397839
2022-03-29 00:00:00+00:00,-0.00768254102212107,-0.005388871708796983,-0.0017349840409881523,-0.007277499196798098
2022-03-30 00:00:00+00:00,-0.004357733819021714,-0.004131072767680544,-0.007571034459152082,-0.010658225305804181
2022-03-31 00:00:00+00:00,-0.01508499821465148,-0.01914413111264157,-0.008597922541871972,-0.001657085646545986
2022-04-01 00:00:00+00:00,-0.005937650695563734,-0.00747117145845444,-0.005994791861718585,-0.00432021534151783
2022-04-02 00:00:00+00:00,-0.0025697356206350053,-0.006436687538086128,-0.00675341917722494,-0.008522689650633186
2022-04-03 00:00:00+00:00,-0.004006242113816172,-0.00424959225966548,-0.004371205603851291,-0.004883307654005464
2022-04-04 00:00:00+00:00,-0.0029097019559094495,-0.0051148982839551715,-0.007662716505241418,-0.005625730767400583
2022-04-05 00:00:00+00:00,0.0011597385317796416,-0.0006113607318996017,-0.0004769663578323424,-0.003561440480484568
2022-04-06 00:00:00+00:00,0.005794468044788781,0.004622725405680095,0.002407464166755968,-0.0006118462696892424
2022-04-07 00:00:00+00:00,0.002027177255741641,0.0006994287336947735,-0.001045670440891433,-0.00045975770995498877
2022-04-08 00:00:00+00:00,0.0024221287538217506,0.0007487222160500462,0.0016816115777185114,0.0020810943260101133
2022-04-09 00:00:00+00:00,-0.0011038508505508693,-0.0010961288557074234,0.0002597671345505592,0.0005318707475654438
2022-04-10 00:00:00+00:00,0.00036296085347697904,0.00018789864682400292,-0.0004893514785232478,-0.0009027542883314199
2022-04-11 00:00:00+00:00,0.002910429254224134,0.004328600461130705,0.00504239244830873,-0.0003708106631900021
2022-04-12 00:00:00+00:00,0.006206587360714666,0.00377391915287828,-0.0027961087857094613,-0.001896570082075666
2022-04-13 00:00:00+00:00,-0.0025234855983122806,-0.0016700024336206987,-0.002045906668776354,-0.0007790220580417007
2022-04-14 00:00:00+00:00,0.00025474225340382795,-0.0002150688267373857,-0.0013529313710911595,-5.393759715310864e-05
2022-04-15 00:00:00+00:00,0.0007797813643706242,0.001173900013325957,0.002131151436257195,0.002210171375602865
2022-04-16 00:00:00+00:00,0.0015065666641704833,0.0015056399996118408,0.0014536741823960586,0.001065612764084456
2022-04-17 00:00:00+00:00,0.008956177436239665,0.007862345046557584,0.0038894396206881066,0.006005975932599883
2022-04-18 00:00:00+00:00,-0.007281341629423177,-0.007970045587296859,-0.010273731356962412,-0.008940585436040482
2022-04-19 00:00:00+00:00,-0.008693539728530042,-0.007992422641557417,-0.009336683374073007,-0.011117664857526077
2022-04-20 00:00:00+00:00,-0.014248498555044398,-0.011667113519195471,-0.008269499943265868,-0.006425493321880582
2022-04-21 00:00:00+00:00,0.006446105454389395,0.004126164478971628,0.007379932674045575,0.004223452023756069
2022-04-22 00:00:00+00:00,0.0036450542309161005,0.0010361406174610455,-0.0021869815630797262,-0.0011138851573114783
2022-04-23 00:00:00+00:00,0.0017206427980809291,0.0009859115405761454,0.0005036193471807948,0.0019020229003507971
2022-04-24 00:00:00+00:00,0.0009406399223086392,9.587543948752497e-06,-0.00039643753008000715,-0.00031016656768012574
2022-04-25 00:00:00+00:00,0.002484772360013654,0.0018044499889400267,0.0018588012187521485,0.000349750692062889
2022-04-26 00:00:00+00:00,0.008838612379830968,0.006690365155623379,0.005808487229250758,0.006727924923638273
2022-04-27 00:00:00+00:00,-0.0035815962360267184,-0.0026550781328791295,-0.0006852898783921146,-0.0013277691934104885
2022-04-28 00:00:00+00:00,-0.0009805433606280278,0.00016555805823870173,0.0020771566492050475,0.00096633501825516
2022-04-29 00:00:00+00:00,0.005535509147784223,0.007535575912942738,0.006429147864775997,0.006998320602238817
2022-04-30 00:00:00+00:00,0.008861133920600617,0.013930720339863756,0.009939509477014719,0.016348925554031446
2022-05-01 00:00:00+00:00,0.00033504375740123216,-0.001750675413918601,-0.004865500180641136,-0.005304282750546063
2022-05-02 00:00:00+00:00,0.002691210480888939,0.0034223744032038095,0.004176396987566555,0.0025814893682694073
2022-05-03 00:00:00+00:00,-0.004367543520303441,-0.004052824355899709,-0.0041722955442106135,-0.0024354024960746568
2022-05-04 00:00:00+00:00,-0.009009043755482282,-0.00812743342058575,-0.015624429119789673,-0.011682454568978873
2022-05-05 00:00:00+00:00,0.0012337315418533557,-0.004009641970532107,0.00014988518760827851,-0.001292044316579477
2022-05-06 00:00:00+00:00,0.0019460446297319134,0.001048861868133688,-4.564824946184931e-05,0.0008629269259181616
2022-05-07 00:00:00+00:00,0.0046750646671425145,0.005921707814631416,0.0041082259617306605,0.007365914069512369
2022-05-08 00:00:00+00:00,-0.004526034830949377,-0.0032433506686846414,-0.002878251160501444,-0.0013594504824298026
2022-05-09 00:00:00+00:00,0.008251686436026917,0.0054227814028637855,-0.0018068574312697372,0.010307361666900272
2022-05-10 00:00:00+00:00,0.006247191334598501,0.00947760733854297,0.013787764084003618,0.005256228845331279
2022-05-11 00:00:00+00:00,0.03280724945911251,0.03979199290216062,0.03834350128740449,0.023975364961594137
2022-05-12 00:00:00+00:00,0.010170782501554676,0.007108526873528032,0.008484112329972593,0.010932467066149476
2022-05-13 00:00:00+00:00,-0.0043052306324823375,-0.0045837085209722295,-0.0031848069778851462,-0.00867030419215098
2022-05-14 00:00:00+00:00,-0.005034346366006304,-0.00246622951419162,-0.006561980378610999,-0.004975279736677107
2022-05-15 00:00:00+00:00,-0.001266849864545616,0.0011397381069131463,-0.0019609887359111067,-0.0010002282249057526
2022-05-16 00:00:00+00:00,0.0064120281489672415,0.004258963908843949,0.00475328406782749,0.00559279482141628
2022-05-17 00:00:00+00:00,-0.005531312472639605,-0.005152710766315627,-0.008414292463942874,-0.008326202460552046
2022-05-18 00:00:00+00:00,0.0022298279085020134,0.0035246653683329576,0.005747243412965286,0.004940538101205316
2022-05-19 00:00:00+00:00,0.005742041503843831,0.0026318272985361713,-0.0014097041031234658,-0.002450373804597783
2022-05-20 00:00:00+00:00,0.0009956834037250228,0.0015846387285101127,0.0026377792425602564,0.003931925181789753
2022-05-21 00:00:00+00:00,0.0020061977532637165,1.3723380290819875e-05,0.0022647220945477553,-0.0006747467097102389
2022-05-22 00:00:00+00:00,-0.0026151859496612584,-0.004142516091927284,-0.003981855953273383,-0.004590817838508232
2022-05-23 00:00:00+00:00,0.0012566853281115176,0.0001463267411920821,0.0015574711999992719,-0.00017660236563854514
2022-05-24 00:00:00+00:00,0.0022507980718011744,0.0015556750618963555,0.0003297487047884129,6.681074904846263e-05
2022-05-25 00:00:00+00:00,0.0012043202362366223,0.0020284102899750245,0.001829464309218931,0.003096613857707098
2022-05-26 00:00:00+00:00,4.0586983780732666e-05,0.0035660686373086836,0.004190655059974624,0.0045550469073525335
2022-05-27 00:00:00+00:00,0.003440805743090136,0.0019233290498226197,0.0006111409529927503,0.001956805980321219
2022-05-28 00:00:00+00:00,0.002518804817819076,0.0021390477070462044,0.003304279482248207,0.003272005163403202
2022-05-29 00:00:00+00:00,0.0037846929691818243,0.003815825900775005,0.004127210863678732,0.004872686810198479
2022-05-30 00:00:00+00:00,0.0020685835404237185,-0.0011776986741689477,-0.0022880792245532078,-0.001685633242660911
2022-05-31 00:00:00+00:00,0.0025177636266373593,0.000334042300563997,-0.0024806603836164953,-0.0054173863674434886
2022-06-01 00:00:00+00:00,0.002929546984840936,0.003304345824538535,0.0035248249389439046,0.004021147406049197
2022-06-02 00:00:00+00:00,-0.0007940018577953234,-0.00043399203340110937,-0.0005394987335383128,-6.357887816643704e-05
2022-06-03 00:00:00+00:00,0.005007214531646875,0.005695856423223455,0.007337287376302237,0.00964144444532633
2022-06-04 00:00:00+00:00,-0.0038930326633368484,-0.004962013966850254,-0.004775045799689348,-0.006488310141745335
2022-06-05 00:00:00+00:00,0.0024659863416938155,0.002223568680874255,0.001141910283980696,0.001617358277288261
2022-06-06 00:00:00+00:00,0.004815836333946111,0.00364330344553343,0.0005203426134050559,0.0033668744249131244
2022-06-07 00:00:00+00:00,0.013521149264225762,0.012251909911388026,0.010352068647998314,0.005327715127322774
2022-06-08 00:00:00+00:00,-0.008697669765707294,-0.00819724281543166,-0.010152710868448711,-0.007235682295210322
2022-06-09 00:00:00+00:00,0.0008987515818836833,0.0009992018526945312,0.0004625916443690148,-0.0006898060396306471
2022-06-10 00:00:00+00:00,0.001864590161692048,0.004635652765619058,0.003823076031771011,0.005168762911413882
2022-06-11 00:00:00+00:00,-0.00012934633084327185,0.0007228660938607412,0.005148562120916411,0.005779176536486741
2022-06-12 00:00:00+00:00,0.004665440006569321,0.0007895387756495786,0.0009471663637112826,0.0020369355829870095
2022-06-13 00:00:00+00:00,-0.0076088117830108715,-0.006376190980505014,-0.0014662743377782395,-0.005033903876001666
2022-06-14 00:00:00+00:00,-0.005327933987004707,-0.005627760739442045,-0.005166868067091546,-0.004865804302217391
2022-06-15 00:00:00+00:00,0.005028743932836033,0.009530952465080622,0.00167867959667789,0.006822967847133654
2022-06-16 00:00:00+00:00,-0.004301412456221176,-0.003941152024691474,0.0013908178895427614,-0.00130809429624823
2022-06-17 00:00:00+00:00,-0.0047466373314069,-0.006670127773776402,-0.006775556226603863,-0.004365814343228358
2022-06-18 00:00:00+00:00,0.0026166834089120794,0.0026086693284275153,0.005134156935674872,0.0033009801291585816
2022-06-19 00:00:00+00:00,0.002320764175546053,0.007824693312473263,0.00216868004914339,0.002455403540679635
2022-06-20 00:00:00+00:00,-0.004015251498206918,-0.002812749357369415,-0.0011187876699740862,-0.0021562105329302472
2022-06-21 00:00:00+00:00,-0.004182147024483496,-0.00853283407829164,-0.012454062606797933,-0.012846373491767094
2022-06-22 00:00:00+00:00,-0.0012555779302171333,-0.001071876438682673,0.0012842349006898512,0.0016008067565711492
2022-06-23 00:00:00+00:00,0.0004653366745828169,0.0020828644572321586,0.0024480371738220263,0.004326237149848033
2022-06-24 00:00:00+00:00,-0.00038658488760401344,-0.0027173793929630152,-0.0018268773694658513,-0.000992133119989469
2022-06-25 00:00:00+00:00,0.0019366356309518107,7.764589825387525e-05,-0.001097797481785845,-0.002521013388535942
2022-06-26 00:00:00+00:00,0.0027213098682712378,0.0029666683446294417,0.0012588932493742266,0.0006520578255133636
2022-06-27 00:00:00+00:00,-0.005709172575957933,-0.007370310553612147,-0.0071693617267089005,-0.005789489150011096
2022-06-28 00:00:00+00:00,-0.005004059799732952,-0.00808955263405109,-0.005004933939414258,-0.005857811149667103
2022-06-29 00:00:00+00:00,-0.004530458444388374,-0.0031169586633341684,-0.0038303549204771192,-0.004634309192859898
2022-06-30 00:00:00+00:00,0.007179182809474494,0.006386988821838191,0.0031300174857871177,0.007591353452586214
2022-07-01 00:00:00+00:00,0.0016926286421528047,0.0011933116812539168,0.0006840782842154614,0.0010630457626021883
2022-07-02 00:00:00+00:00,-0.0005709953704550186,-0.00047294115736162823,-0.0009201810858137094,-0.0023603339896354214
2022-07-03 00:00:00+00:00,0.0017809088683364838,0.0007961974540975358,-0.0006817271070257425,-0.0005606501104883366
2022-07-04 00:00:00+00:00,-0.002102254972048745,-0.0028348607563973838,-0.0011351697184190934,0.0022925349623543756
2022-07-05 00:00:00+00:00,0.0047047564947459986,0.006770677698131777,0.007629692649642195,0.010127204880419516
2022-07-06 00:00:00+00:00,-0.0023837129508140764,-0.0024081496907663036,-0.0009023986020669783,-0.0010804092055645143
2022-07-07 00:00:00+00:00,-0.002209642241946641,-0.003128286750405551,-0.005036850149241268,-0.00563154075273975
2022-07-08 00:00:00+00:00,-0.0024001725965088205,-0.00039383288984551346,-0.00236460968595531,-0.0021242370817604606
2022-07-09 00:00:00+00:00,-0.0025507611965389643,-0.0028131370153212654,-0.0036699575433205567,-0.004643305248480223
2022-07-10 00:00:00+00:00,5.29025704063546e-05,0.00014717052475399228,-0.00027304327585808696,-0.0009129835598000735
2022-07-11 00:00:00+00:00,0.0025206785964768663,-0.0010363832100168668,0.0011909310169138099,-9.741319468115073e-05
2022-07-12 00:00:00+00:00,0.0006359236707629279,0.002209531354232297,0.0005317369747450673,0.0018150555250517897
2022-07-13 00:00:00+00:00,-0.004048542955284451,-0.0031897202691831827,1.3780148440112328e-05,0.0021307348414771887
2022-07-14 00:00:00+00:00,-0.001152202442063155,0.0018825191646214545,0.0025204867062424974,0.0023919228945119553
2022-07-15 00:00:00+00:00,-0.0031877796235806333,-0.004275529052217397,-0.0009268003227996813,-0.00274361393033673
2022-07-16 00:00:00+00:00,0.0014596292876614125,0.003483977727304577,0.003462430731594024,0.001660125718731642
2022-07-17 00:00:00+00:00,0.0029427922351144,0.0026740968663059306,-0.002120369672756084,-0.0014142455527428321
2022-07-18 00:00:00+00:00,0.0038085925615825023,0.0008320010028475266,-0.008698511535778275,-0.004850153906539867
2022-07-19 00:00:00+00:00,-0.0053895769845371255,-0.005892489563329439,-0.0064272025584989345,-0.0038955919123865312
2022-07-20 00:00:00+00:00,-0.002219871960071451,-0.0019403111401781192,0.0010690263018993118,-0.00014780910497269595
2022-07-21 00:00:00+00:00,0.005140481872851099,0.0018248595652596844,0.007180545546349393,0.005433360684494515
2022-07-22 00:00:00+00:00,0.0031617057843367213,0.0012712354927859604,0.00010983992394453246,0.00015251549154271515
2022-07-23 00:00:00+00:00,-0.004230386003814535,-0.005841816392317067,-0.00886202602414099,-0.011875004228809827
2022-07-24 00:00:00+00:00,0.0037216598457090466,0.004679204090665134,0.0046188269425533335,0.0049514750088461845
2022-07-25 00:00:00+00:00,-0.0023228983240374257,-0.004156764895553056,-0.0027230346872958444,-0.004630305538444901
2022-07-26 00:00:00+00:00,0.0037215629317444154,0.0017001130105329665,0.002210242018302777,0.0009941238890414095
2022-07-27 00:00:00+00:00,-0.0022444900700775428,0.002515980290595188,0.0006401494057066692,0.004472779188853915
2022-07-28 00:00:00+00:00,0.007167275050344424,0.007733636181108894,0.005792432423533667,0.009034615355934639
2022-07-29 00:00:00+00:00,-0.006723652437923278,-0.008868485650788127,-0.015767904920082065,-0.014215781239008352
2022-07-30 00:00:00+00:00,-0.006044830768591858,-0.00938745967245369,-0.016456397615073892,-0.013114863472958982
2022-07-31 00:00:00+00:00,0.0026912587216343375,-0.0003818394686087023,-0.0035969421818984326,-0.006315256070227648
2022-08-01 00:00:00+00:00,0.004820544376106239,0.002093541851651448,-0.0019069045486683756,-0.0035717975750164666
2022-08-02 00:00:00+00:00,0.009907624901442036,0.008643334548585457,0.007701628829636098,0.00966438685498705
2022-08-03 00:00:00+00:00,-0.002137360453523751,0.0008425164558067966,-0.0002900668911547388,-0.0003270311067421483
2022-08-04 00:00:00+00:00,-0.000779450048646213,-0.0002835029879131312,0.00036696569840000137,-0.0025954395713810863
2022-08-05 00:00:00+00:00,0.0025406211937015755,0.0015676736767213928,0.00048163342981411006,0.0028472169348403575
2022-08-06 00:00:00+00:00,0.004296782539844335,0.004318595518568724,0.0026308158556542782,0.0017018746841406251
2022-08-07 00:00:00+00:00,0.00013722647182290437,-0.0015147240848066845,-0.0014523013617734337,-0.0018959115755544653
2022-08-08 00:00:00+00:00,0.0008595613587532025,0.003710336449076701,0.0008808055415414628,-0.0012306802004907746
2022-08-09 00:00:00+00:00,0.008749671724817443,0.004757434571933006,0.0024732138005916227,0.0042523870979847
2022-08-10 00:00:00+00:00,-0.0023130783523119813,-0.00276851080015339,0.0008634547939485593,-0.0028846382342712085
2022-08-11 00:00:00+00:00,0.0021693575296304335,0.00395800212121733,0.005993707319892128,0.006494712270306291
2022-08-12 00:00:00+00:00,0.004348811461810431,0.006587801945389549,0.0033392830359999515,0.0009284813968020167
2022-08-13 00:00:00+00:00,-0.00024492009614718313,-0.002691986476558328,-0.001883561098196429,-0.0010611105474657156
2022-08-14 00:00:00+00:00,0.0018219273466058006,0.0010039027298462955,0.010181391011008234,0.006334161192376175
2022-08-15 00:00:00+00:00,-0.0021842741061799398,-0.005617596580902551,-0.0023733377459720373,-0.002630376992398209
2022-08-16 00:00:00+00:00,0.0005215345211675437,0.002447191510843494,0.0022270584154990836,0.0019997920199938957
2022-08-17 00:00:00+00:00,0.005758236655215798,0.0060843004955781765,0.007003719312513201,0.00626492211275842
2022-08-18 00:00:00+00:00,0.0054282063537935965,0.0045144011744266965,0.0063383456644223735,0.005889337196573585
2022-08-19 00:00:00+00:00,-0.0038131603604817377,-0.008031772568399598,-0.0113490365485156,-0.008912571743387554
2022-08-20 00:00:00+00:00,0.01638348927175759,0.01599953001292609,0.00977483073868024,0.008625755471623364
2022-08-21 00:00:00+00:00,0.0023912390073206335,0.0013485155436641083,-0.0020320043298596158,-0.0006038814635791478
2022-08-22 00:00:00+00:00,0.0002814743462149494,0.0008657526932036586,0.0003236093888960845,0.001622464739211349
2022-08-23 00:00:00+00:00,0.0006591578707870749,0.00043689398282809044,-0.002647532961198462,-0.0029024512778437206
2022-08-24 00:00:00+00:00,-8.878341821993985e-05,-0.0009565136756900516,0.003777317801628488,0.0025867925198967967
2022-08-25 00:00:00+00:00,0.005112089507611106,0.0035127679398212486,0.0030772796553377724,0.0033150339352512326
2022-08-26 00:00:00+00:00,0.007224454578172557,0.008999184777150893,0.011557343879923465,0.010384788089903951
2022-08-27 00:00:00+00:00,-0.0007448027143593938,-0.0017083057791168477,-0.002588732107493219,-0.001989624473130447
2022-08-28 00:00:00+00:00,0.00511973905806129,0.006682771234965079,0.006287904357188845,0.005821155267932809
2022-08-29 00:00:00+00:00,0.0021052012311484347,0.0005079728161665464,-0.0028041827728886304,-0.004296550198639282
2022-08-30 00:00:00+00:00,-0.005691939837527804,-0.004921832990909203,-0.0036764302969674034,-0.003958492156185822
2022-08-31 00:00:00+00:00,0.0002071418018838589,0.0028372903810849337,0.0023389069601948975,0.0014018815319070121
2022-09-01 00:00:00+00:00,0.0027477286720016814,0.004455275979598383,0.0027365810591304385,0.004479628285514625
2022-09-02 00:00:00+00:00,-0.0035344190450768975,-0.002365585030466355,0.0015825191634000202,0.0009903886362343517
2022-09-03 00:00:00+00:00,-0.0033132215139265453,-0.004369719867975297,-0.005080969987250716,-0.005030556120754315
2022-09-04 00:00:00+00:00,0.0006031787110829523,0.0009896331994538876,0.00041291121497244454,-0.0008176055994234543
2022-09-05 00:00:00+00:00,0.0019006068632436701,0.0006037617094374337,-0.0024033773543199466,-0.002653682166361304
2022-09-06 00:00:00+00:00,-0.0027210154305313816,0.00023939065781308777,-0.0008349444534736516,-0.00025876719749806654
2022-09-07 00:00:00+00:00,-0.0025257533403373333,-0.0017188123015529078,-0.0020561820912412543,-0.0018810055199499631
2022-09-08 00:00:00+00:00,0.009706341506675153,0.008024100497481923,0.0035754223354504955,0.003539758017290673
2022-09-09 00:00:00+00:00,-0.0049262023903535734,-0.0022299073391501834,-0.002940716339661864,-0.006609049313191062
2022-09-10 00:00:00+00:00,0.004057335769040327,0.004325203988637227,0.00325079108657067,0.002730384506783645
2022-09-11 00:00:00+00:00,0.000884137185351852,0.000629633514027228,0.0015210318675697998,0.0017409243241275352
2022-09-12 00:00:00+00:00,0.0032559258073370234,0.0031333614973234614,0.00138846027404127,0.003100809129821913
2022-09-13 00:00:00+00:00,-0.00703579020975742,-0.006574748232173744,-0.0019386819994864357,0.0005080747356647208
2022-09-14 00:00:00+00:00,0.005716616088891291,0.008494515343413278,0.007550108555099078,0.00904581752133038
2022-09-15 00:00:00+00:00,0.006130110636795472,0.0074869166630033845,0.0047915242151281845,0.005098914755885309
2022-09-16 00:00:00+00:00,0.002571215169055563,0.0012388720692011468,-0.0007514307286763389,-0.00083039838022958
2022-09-17 00:00:00+00:00,-0.0020583012342989537,-0.002416325715058232,-0.003355697585090356,-0.0036583261449038007
2022-09-18 00:00:00+00:00,-0.0040944390582714485,0.0007897150401816599,0.0051996884754907935,0.005137285456961793
2022-09-19 00:00:00+00:00,0.0010670634922551603,0.0017352783297395202,0.0004954052279806387,0.0017364831454518281
2022-09-20 00:00:00+00:00,0.0034207220945889905,0.003278228057763677,0.003164872511960848,0.00449775132168817
2022-09-21 00:00:00+00:00,0.003516230729270653,0.0036627381376999057,0.0008517526416977894,0.0016248185246661162
2022-09-22 00:00:00+00:00,0.010364536000202262,0.007417199585768808,0.007083961232316804,0.008216554387486807
2022-09-23 00:00:00+00:00,-0.004069197061231877,-0.006832953322271074,-0.0059565977302104,-0.0044726698287066435
2022-09-24 00:00:00+00:00,-0.005343966994681315,-0.00250708693498225,0.0004555343416672297,0.0011289318902807377
2022-09-25 00:00:00+00:00,0.0042895116217032125,0.006817401903727038,0.0061126830781144115,0.00453569264051823
2022-09-26 00:00:00+00:00,-0.0025628151405026056,-0.006200239252647233,-0.009515719199963413,-0.01109951592125935
2022-09-27 00:00:00+00:00,0.004995510220811239,0.00495446264066679,0.002157034880950981,0.0018817164578515122
2022-09-28 00:00:00+00:00,0.007187541971893419,0.006942140805916042,0.004005896075235382,0.0022612267043178313
2022-09-29 00:00:00+00:00,0.0019124962234422505,0.0017691094272491714,0.0012127288525023427,0.0010146113835074466
2022-09-30 00:00:00+00:00,0.000845248452989722,-0.00021225978627370523,-0.0019109077086281179,-0.0009983427032628223
2022-10-01 00:00:00+00:00,-8.691692798223905e-05,3.936017664374347e-05,-0.0012350097839488594,-0.0018907053188506051
2022-10-02 00:00:00+00:00,0.0004550744425111386,0.0007960570848470905,0.0022757029492921355,-0.00043387682447981746
2022-10-03 00:00:00+00:00,0.003606005663810752,-0.0007610016807872988,-0.0012676718401766207,-0.0028120231943532525
2022-10-04 00:00:00+00:00,0.004560329684535347,0.0031859869831645238,0.0027099370690657487,0.001182870133306979
2022-10-05 00:00:00+00:00,-0.0003133291225982937,0.002132806226852413,0.0007353367988849335,-0.00031902297248798117
2022-10-06 00:00:00+00:00,-0.002170120858396851,-0.003250200821588334,-0.002682624501527897,-0.0004096209905251058
2022-10-07 00:00:00+00:00,0.0006329902538291243,0.0015408342300500255,0.0011289501178251005,0.0011232782142951425
2022-10-08 00:00:00+00:00,0.0030490442428403597,0.002662832694761752,-0.0023297717979290367,-0.0024207858756274403
2022-10-09 00:00:00+00:00,0.004571040234286894,0.003692725890747095,-0.0013023100699461887,-0.0006217523896038246
2022-10-10 00:00:00+00:00,0.0023440240151912928,0.005381172915182697,0.0028330930772777485,0.0051524226936170425
2022-10-11 00:00:00+00:00,-0.0028273589554546064,-0.0032522835149908502,-0.0009835854682541667,-0.001585024712002836
2022-10-12 00:00:00+00:00,0.0028690663284667295,0.0028950242395151538,0.0008607835925091845,0.0008896414576804457
2022-10-13 00:00:00+00:00,0.0003777942978011595,0.001170447817980813,-0.0005433261128982014,0.0020547781165969337
2022-10-14 00:00:00+00:00,0.0006752912616392326,0.0034808731811062366,0.004459528784190647,0.003617285282903948
2022-10-15 00:00:00+00:00,-0.001034008476600845,0.0010802500396975834,0.0019631233409818094,0.0038006350452925997
2022-10-16 00:00:00+00:00,0.0020500761210162644,0.0005908064157300608,-0.0011338771400581926,-0.0014228090982408848
2022-10-17 00:00:00+00:00,-0.003496811614481121,-0.0021706703224027013,-0.001804324041187244,-0.0026320660420450226
2022-10-18 00:00:00+00:00,0.001596022492606597,0.0012777707678603978,0.0049574004782630965,0.005440760905964348
2022-10-19 00:00:00+00:00,0.010835026301182937,0.008318575253629001,0.006353787541472089,0.007304105060353505
2022-10-20 00:00:00+00:00,0.002540710815757574,0.0008509060143886416,-0.0011237888322837009,-0.0017411114614458434
2022-10-21 00:00:00+00:00,-0.0011444325038868497,-0.0016250504911592412,-0.0002245273551441107,-0.0001844680881579741
2022-10-22 00:00:00+00:00,0.0009610773029635755,-0.0005209551898817111,-0.0017415396477019618,-0.001143805802658937
2022-10-23 00:00:00+00:00,0.00054135763689378,-0.0007176473043506437,0.00028644359892737725,0.0006105716190121235
2022-10-24 00:00:00+00:00,-0.0030409541627872683,-0.002489056147384372,-0.0003396120156841098,-0.0017434488342239485
2022-10-25 00:00:00+00:00,0.0030816677253096003,0.005559567220666528,0.0026752154451590293,0.0023538019931437226
2022-10-26 00:00:00+00:00,0.000597457925338718,-0.0005589562263235148,0.0021867486766586897,-0.0004303081389882557
2022-10-27 00:00:00+00:00,-0.010673443915644953,-0.009836591526133143,-0.006638636892110195,-0.007016818856349638
2022-10-28 00:00:00+00:00,0.0015641771629277823,0.001440420105341289,-0.0017725599736190256,-0.002188320605141958
2022-10-29 00:00:00+00:00,0.0038540868812002582,0.002168204550523134,-0.0015043297639152353,-0.002469006746540714
2022-10-30 00:00:00+00:00,0.00033421557458601647,0.00011431723498156465,-0.003062676367988071,-0.0013404990990764087
2022-10-31 00:00:00+00:00,0.007109768115773019,0.00808064349102633,0.0021122373002009365,0.004581217698042428
2022-11-01 00:00:00+00:00,0.010019401679441708,0.00992048903550713,0.011780374597920362,0.011881903151534923
2022-11-02 00:00:00+00:00,-0.001980528370272072,-0.0005695683322757272,0.003406570177557633,0.000854271802694262
2022-11-03 00:00:00+00:00,-0.026704585262446123,-0.025935228057174742,-0.017275576779588908,-0.01916142401177523
2022-11-04 00:00:00+00:00,0.0069996658950084445,0.00533628604237002,0.0021359903257311963,0.0011119503420136123
2022-11-05 00:00:00+00:00,0.00987577644781168,0.007851836982138538,0.0058400452888931476,0.005855106521102549
2022-11-06 00:00:00+00:00,0.008703402152445472,0.010082613924269124,0.007057493463072273,0.011273864288198432
2022-11-07 00:00:00+00:00,-0.0028396220155374463,-0.003679085244420177,-0.005511846230730311,-0.006641977338611826
2022-11-08 00:00:00+00:00,0.017997092932828584,0.021782044851224036,0.021365036804411375,0.02219814016184407
2022-11-09 00:00:00+00:00,-0.009837271711517048,-0.009224218898285064,-0.005710263815446814,-0.004019153774641238
2022-11-10 00:00:00+00:00,0.00973040370112832,0.01934718463740759,0.02421062306040711,0.0161908170614391
2022-11-11 00:00:00+00:00,0.003753278724494935,0.0030867073580640447,0.00532540030390094,0.007238993915234415
2022-11-12 00:00:00+00:00,0.004613641418583114,0.003745036578883365,0.0003637042471336116,0.0034623989924997822
2022-11-13 00:00:00+00:00,0.004240174057922985,0.0010162825631920835,-0.0025135781838463434,-0.003328276330942459
2022-11-14 00:00:00+00:00,0.0011964664986208184,-0.0009350667731247153,-0.004621033712623013,-0.002596641574740266
2022-11-15 00:00:00+00:00,0.0022572641293474582,0.003027472779307372,0.004452243195640637,0.003549007550054828
2022-11-16 00:00:00+00:00,0.0011807412819713203,0.001902881011295099,0.0012595165994970792,0.001901700930577066
2022-11-17 00:00:00+00:00,0.0012531679750811264,0.0018948998746974866,0.0033856784235637427,0.0033374874038121227
2022-11-18 00:00:00+00:00,0.00030271004954651737,-0.00044416489078435983,-0.0025885253974249345,-0.0012154736701833757
2022-11-19 00:00:00+00:00,0.0006248139806197539,-4.3366425714452816e-05,-0.0020327318054740307,-0.0028884618741285006
2022-11-20 00:00:00+00:00,0.007632713159212656,0.007485210318139757,0.004828169986786479,0.0027826879369490243
2022-11-21 00:00:00+00:00,0.0074823029270993935,0.005964001719872103,0.0034064536685418645,0.00259302876998202
2022-11-22 00:00:00+00:00,-0.0031197629363366453,-0.00480874256116548,-0.0038528849727735848,-0.003435701054259832
2022-11-23 00:00:00+00:00,0.008016154216488491,0.004856402026192974,0.005069110010839539,0.0027257318969557964
2022-11-24 00:00:00+00:00,0.006449758443699993,0.006437159674224313,0.004183963838021665,0.004376907774796601
2022-11-25 00:00:00+00:00,-0.006508584056635236,-0.009124661049807803,-0.009697924091023657,-0.007156379115716871
2022-11-26 00:00:00+00:00,-0.0020237359167599722,-0.0029094273138746685,-0.0041499142288782265,-0.0008407668706106319
2022-11-27 00:00:00+00:00,9.51269522893039e-05,-0.0016396511438697692,-0.002422245359276709,-0.0020320046360063904
2022-11-28 00:00:00+00:00,-0.0029031030684191217,-0.00313695579024198,0.0002725779027861197,0.0007540634730540674
2022-11-29 00:00:00+00:00,-0.0006406022914775544,-0.00024176014044496874,-0.0021838923175780955,-0.0017449125304577207
2022-11-30 00:00:00+00:00,-0.002429746144534173,-0.0024943676386849356,-0.005284827444609341,-0.00352244607198271
2022-12-01 00:00:00+00:00,0.001500716647352851,0.0005956014288222011,0.001266298611610539,0.0007867028834749323
2022-12-02 00:00:00+00:00,-0.00020080891587648253,-0.0023491046441547203,-0.005906096634803459,-0.006137299619803693
2022-12-03 00:00:00+00:00,0.006216701653434464,0.0043224388535549885,0.0033797766906906723,0.003730918763259039
2022-12-04 00:00:00+00:00,0.0030631662099616097,0.004563819475248199,0.006864337416454536,0.005487359619564147
2022-12-05 00:00:00+00:00,0.009724267940752318,0.008524035505062644,0.008400705146751397,0.008053700199665226
2022-12-06 00:00:00+00:00,0.0018542637367138237,0.0012681935680585177,0.001666121460398573,0.0007271264215074069
2022-12-07 00:00:00+00:00,6.386357820353794e-06,0.0007318979665593695,0.0003908815453654846,0.0018427513888208402
2022-12-08 00:00:00+00:00,0.0011112566901203547,0.0010162405443685518,0.0012026160162399435,0.0001680147723526204
2022-12-09 00:00:00+00:00,-0.0027245873875880733,-0.0038739267285684553,-0.0037590535785823054,-0.0024827766839089493
2022-12-10 00:00:00+00:00,0.0031329236595378784,0.0022925507945859014,0.0017900622154305434,0.0022548876366859094
2022-12-11 00:00:00+00:00,0.002316382389255134,0.002309743505064521,0.0033478594927560668,0.002081835255658415
2022-12-12 00:00:00+00:00,7.765803532655546e-05,0.0005555913838617421,0.0008147320526572521,0.0007070505374489056
2022-12-13 00:00:00+00:00,0.0028165588769855088,0.0003908146779836308,-0.0008377496602477441,-0.00042619576981806073
2022-12-14 00:00:00+00:00,0.0020339511915172803,0.0008416358262941515,0.0021618989982645775,0.0019997965182929622
2022-12-15 00:00:00+00:00,0.0021103431362123892,0.0005204701498593423,-0.001824277214606762,-0.0019692794292656135
2022-12-16 00:00:00+00:00,0.00750389252405248,0.0024785185100950624,0.004012074135954391,0.006191161371098097
2022-12-17 00:00:00+00:00,-0.0018294039673082407,-0.002739673135278009,-0.004136970306793941,-0.003873436351599757
2022-12-18 00:00:00+00:00,-0.0010976258223295288,-0.0003873047318493361,-0.0006990356641731754,0.0005798675495276573
2022-12-19 00:00:00+00:00,0.004891570472673301,0.003458315672137946,0.004573320478450382,0.00469338937078656
2022-12-20 00:00:00+00:00,-0.0017432756489379475,-0.0032984142047612908,-0.002911119339894297,-0.003834282317473625
2022-12-21 00:00:00+00:00,0.006408533516714998,0.006383508144993888,0.00652916590128938,0.008416181399869993
2022-12-22 00:00:00+00:00,-0.00016164377108551786,-0.00042229853312314436,-0.0026114156486123363,-0.0022872059077648776
2022-12-23 00:00:00+00:00,-0.003589918632947997,-0.003226699847952763,-0.0001987510192206221,0.0006170671995664456
2022-12-24 00:00:00+00:00,0.0006400295114636911,0.00020307130980135035,-0.00019197677156190807,0.0004570478991323679
2022-12-25 00:00:00+00:00,0.004390319262043141,0.004203108243285403,0.003887556600896458,0.0044989229993301905
2022-12-26 00:00:00+00:00,-0.006809330578730122,-0.0069076736838517006,-0.004851038098016014,-0.006978764511482494
2022-12-27 00:00:00+00:00,-0.001174676887126469,-0.0022460939186450535,-0.0017661456486801619,-0.0013205094385557725
2022-12-28 00:00:00+00:00,0.004279696212224682,0.006227606279522568,0.00834981770094978,0.009131304345399771
2022-12-29 00:00:00+00:00,-0.003530528741088501,-0.002208118757575206,-0.002355575537367649,-0.002733417098544244
2022-12-30 00:00:00+00:00,-0.0011898334450911596,-0.0003446865673412125,0.002084025714118809,0.0009703047753473193
2022-12-31 00:00:00+00:00,0.001740958656152758,0.00211425234531748,0.0017080746061834962,0.0017180900546232003
2023-01-01 00:00:00+00:00,0.002969343889973164,0.002754228001501824,0.00036154912280195184,0.000544560811571726
2023-01-02 00:00:00+00:00,0.0006750692767485411,-0.0006649052322993398,-0.0031721670945514813,-0.002365470984655893
2023-01-03 00:00:00+00:00,-0.005510711198630003,-0.007494841598874369,-0.005250226138619141,-0.006731870126414963
2023-01-04 00:00:00+00:00,0.0015160681683474841,0.001385320887561825,0.001530601084565264,0.0019319574675455975
2023-01-05 00:00:00+00:00,0.00364171680905212,0.003202143947146352,0.0007759964516134144,-5.2861365481660094e-05
2023-01-06 00:00:00+00:00,-0.0007254963405969317,-0.0012779201193841017,-0.0025591103611457555,0.0009261648500460407
2023-01-07 00:00:00+00:00,0.0018411724742446456,0.0017292526933732066,0.0002499482323909952,-0.0011100779747064138
2023-01-08 00:00:00+00:00,0.007150168506945276,0.007627362487631961,0.0025601104069135072,0.004292081439563056
2023-01-09 00:00:00+00:00,-0.014439560884425995,-0.011706441161020043,-0.014447003002011405,-0.014898715166035581
2023-01-10 00:00:00+00:00,0.0020557427146377094,-0.0013323719714145588,-0.004213083895046377,-0.0028593287746814244
2023-01-11 00:00:00+00:00,0.013290076082916213,0.006787781091361467,0.003842526306198968,0.004362622992166276
2023-01-12 00:00:00+00:00,0.0008979200963170619,0.00082014657974816,-0.005127238940560774,-0.004596609995562995
2023-01-13 00:00:00+00:00,0.004988475706985351,0.004685802190888433,-0.0035831769139077485,-0.00015306016043292736
2023-01-14 00:00:00+00:00,0.009624711289539567,0.010711265363666289,0.009731510869302351,0.00665744997237816
2023-01-15 00:00:00+00:00,0.004099673206218846,0.0036917662792237405,0.0009798946169916611,-0.0024077629694051472
2023-01-16 00:00:00+00:00,0.005450404259378372,0.005332417257061017,0.005108866092068398,0.0028438506923664786
2023-01-17 00:00:00+00:00,-0.003735725865840145,-0.0023888014321168383,-0.0019241120811110957,-0.0009458149678582828
2023-01-18 00:00:00+00:00,0.00011815347399757314,0.00017478147337635086,0.005831043494224142,0.0037865084220856104
2023-01-19 00:00:00+00:00,-0.0017755935771672782,0.00039018773365517845,0.0016484108866909875,0.0017617328077703664
2023-01-20 00:00:00+00:00,-0.004033779817580796,-0.002160035779015801,0.0012558603379926314,0.0036430866145789054
2023-01-21 00:00:00+00:00,-0.0026451888611431773,-0.003776329759131114,-0.005938320521974072,-0.006291833085210197
2023-01-22 00:00:00+00:00,-0.0027013807919643584,-0.000742378103896546,1.6172107617062892e-05,0.0006615468942856584
2023-01-23 00:00:00+00:00,-0.0032254273348921725,-0.001937052460243005,-0.005196525223614357,-0.007171155958690223
2023-01-24 00:00:00+00:00,0.009901930129868841,0.005824868283833107,0.006167931926479575,0.008255598346139204
2023-01-25 00:00:00+00:00,0.00012792404770189947,-0.003569226094532474,-0.010956786935763185,-0.010111873310752917
2023-01-26 00:00:00+00:00,-0.0003682359647630973,0.0033110946266070584,-0.0018959640864617544,-0.0014552154966226416
2023-01-27 00:00:00+00:00,0.00012436647576996585,0.0006849807586233325,0.0008038419942897335,-0.0008822319212787866
2023-01-28 00:00:00+00:00,-0.0003968892730490392,-0.002909821294998949,-0.0014717907048726886,-0.0020367638769310803
2023-01-29 00:00:00+00:00,-0.003913875563513858,-0.0035358462090100407,-0.0061604289403216494,-0.004563692213366943
2023-01-30 00:00:00+00:00,0.003812929646785257,0.0028767115688703715,0.001843392856615056,0.004725304758297799
2023-01-31 00:00:00+00:00,-0.009664986486487614,-0.00505904133476498,-0.006193766710888671,-0.0066172408822051665
2023-02-01 00:00:00+00:00,-0.007343541628844763,-0.0052474994353022275,-0.009314870517342366,-0.007940000376885692
2023-02-02 00:00:00+00:00,0.0001850444814317509,-0.0005706774873340814,-0.005550835022367084,-0.00189344500540789
2023-02-03 00:00:00+00:00,-0.006816673853645705,-0.008009919434299073,-0.006031142566357617,-0.009385668690323201
2023-02-04 00:00:00+00:00,-0.0022722327021214017,-0.005329263263008754,-0.003879645031717338,-0.005712125598774986
2023-02-05 00:00:00+00:00,-0.00354372385688162,-0.005682815584403311,-0.0039409512053916185,-0.004157246708587303
2023-02-06 00:00:00+00:00,-0.007723042756528797,-0.007125392251714824,-0.00640366432742745,-0.007953555970065529
2023-02-07 00:00:00+00:00,0.002278167477989923,0.00917099687588796,0.005950270083986409,0.0026906249133806792
2023-02-08 00:00:00+00:00,0.011135605332510679,0.008119265316588464,8.535098045614475e-05,0.0034985001463756493
2023-02-09 00:00:00+00:00,0.006647917055160324,0.00542594544684305,-0.0012602049003073157,0.005694940526621339
2023-02-10 00:00:00+00:00,-0.005729210122678241,-0.006018192852966675,-0.007723840415039374,-0.0043702848930134985
2023-02-11 00:00:00+00:00,-0.00740095255021711,-0.0073951408214927294,-0.0027653764649865353,-0.0028605184737151568
2023-02-12 00:00:00+00:00,-0.0031378331772844437,-0.002306087102426524,-0.005765086002660791,-0.00689534546965298
2023-02-13 00:00:00+00:00,0.003072259993609716,0.002830536053160415,-0.0013767857712823073,0.0013145839272332704
2023-02-14 00:00:00+00:00,-0.006274237960108842,-0.0066325151740741495,-0.004113072699769571,-0.0050252601778805195
2023-02-15 00:00:00+00:00,-0.0006525029129945681,-0.004059111987339992,-0.0064806615669172896,-0.00903498821647164
2023-02-16 00:00:00+00:00,0.013962957932967646,0.01496577399070742,0.016601673575096898,0.013995529276283447
2023-02-17 00:00:00+00:00,-0.006637745757312463,-0.007366134976072969,-0.004561275752054894,-0.005131941639970994
2023-02-18 00:00:00+00:00,-0.0011498104198558456,-0.0005660591265088666,-0.0013543616492059929,0.0003870781498016562
2023-02-19 00:00:00+00:00,0.002894004451432952,0.0020826207671564845,0.0010726183102327536,-0.0020055550129132182
2023-02-20 00:00:00+00:00,0.0037039343217437626,0.0020785493246306963,0.0012498965815594953,-0.001560864852845012
2023-02-21 00:00:00+00:00,1.4116815350018186e-05,-0.0015933280307567355,-0.003023425415747516,-0.002041659593318035
2023-02-22 00:00:00+00:00,0.0028488049053334574,0.0014302714545701978,0.0025063857183986737,0.004594152565411402
2023-02-23 00:00:00+00:00,-0.0011217276248493002,-0.0024735618378035618,-0.004827104526200832,-0.0036724210179718275
2023-02-24 00:00:00+00:00,0.0020371349330958743,8.501708196062552e-05,0.0008532575254618369,0.0014785303250475224
2023-02-25 00:00:00+00:00,0.002327052076712244,0.0016687383714784065,0.0025489153898770045,0.0045811810387303975
2023-02-26 00:00:00+00:00,-0.0005956323036240274,1.2491042977735844e-05,0.0020256068188588827,-1.7341796853087565e-05
2023-02-27 00:00:00+00:00,-0.004518720814140842,-0.003762083379693082,-0.0007178445129127908,0.00015278695984144441
2023-02-28 00:00:00+00:00,0.001703332006938174,-0.0012627485689694629,-0.0023167412600287873,-0.0021983614652699712
2023-03-01 00:00:00+00:00,-0.009711850757663454,-0.009618931997153246,-0.009668592092924477,-0.009370395285820177
2023-03-02 00:00:00+00:00,0.002837964934728765,0.003017899215932207,0.00107443018866471,0.0014442492030921628
2023-03-03 00:00:00+00:00,0.004851568209500945,0.007322893822714338,0.007938642883948743,0.008815303387723628
2023-03-04 00:00:00+00:00,0.004952987609116111,0.005995228428016031,0.0067823130848319035,0.005205224840607814
2023-03-05 00:00:00+00:00,-0.005305077893376864,-0.00634823501371129,-0.007684418779443591,-0.008316372145083073
2023-03-06 00:00:00+00:00,0.0017453015425503704,0.0006214666638189037,4.457964375936818e-05,-0.0009748181532345246
2023-03-07 00:00:00+00:00,0.0038509299951772213,0.004406975963863857,0.0029938249046719267,0.00312388730982871
2023-03-08 00:00:00+00:00,0.012608489245425902,0.01319405195713319,0.01477894863450957,0.01708198805701988
2023-03-09 00:00:00+00:00,0.00017487813615923997,0.0002803982298578145,-0.0005408601793424062,-0.00409342650173683
2023-03-10 00:00:00+00:00,0.00178671979543088,0.001714465493502404,-0.00037751956709564105,-0.0009293446144632567
2023-03-11 00:00:00+00:00,0.013354527139661343,0.012177969767024344,0.01455243737562073,0.01424901734309758
2023-03-12 00:00:00+00:00,-0.00899886996039101,-0.011794888304205275,-0.01966228955701932,-0.023914140996061595
2023-03-13 00:00:00+00:00,-0.0030270839163734076,-0.00258024495679543,-0.011313386022225647,-0.008697383450070761
2023-03-14 00:00:00+00:00,-0.013610769000446332,-0.010811704480915174,-0.015085691173186921,-0.015476968808809444
2023-03-15 00:00:00+00:00,0.009534348281540206,0.013226455427460815,0.011825636102356762,0.00916240101874366
2023-03-16 00:00:00+00:00,-0.00047553708896441726,-0.00045791210972112584,-0.0016577782948861142,-0.0012913851089632056
2023-03-17 00:00:00+00:00,-0.008003475777428215,-0.0059369702256595325,-0.008097497891246586,-0.010671774241314158
2023-03-18 00:00:00+00:00,0.003058363340856962,0.002757439116070959,0.004079275260750137,0.003938762385759409
2023-03-19 00:00:00+00:00,-9.824043882611377e-06,0.003209922390472464,0.004198026599353977,0.0004000304258735543
2023-03-20 00:00:00+00:00,0.0050761525752462955,0.007329885050392226,0.007411529053567012,0.00877063997737193
2023-03-21 00:00:00+00:00,0.001533792337167883,0.00034647023214451345,-0.00045407242284511984,0.00020947614023247851
2023-03-22 00:00:00+00:00,-0.0014231092754800612,-0.002583679019089846,-0.0036327772157117577,-0.0041452689320296
2023-03-23 00:00:00+00:00,0.002549329713422255,0.004027694110521063,0.0027097250520409233,0.004210413120450562
2023-03-24 00:00:00+00:00,0.004392574872072341,0.003449596310352687,0.0015845180408771142,0.002332861898205696
2023-03-25 00:00:00+00:00,0.00474651966185724,0.004493007212532207,0.004676864102663103,0.0041740129136016435
2023-03-26 00:00:00+00:00,0.00030057177740094865,0.00025997276107170286,0.00017778683100488912,-0.00015678372217386993
2023-03-27 00:00:00+00:00,0.00459830250112514,0.002367266001192858,0.0024264090464258814,0.0032513221500998224
2023-03-28 00:00:00+00:00,0.0017328005804200242,0.0008122314462726266,-0.0005736075524482853,0.0010024709964056022
2023-03-29 00:00:00+00:00,-0.00554194646219941,-0.004379156641928783,-0.00564623253470109,-0.004809436452862692
2023-03-30 00:00:00+00:00,0.009013297539380405,0.005972454915917469,0.004732745827305873,0.004048831573651768
2023-03-31 00:00:00+00:00,-0.0009551786582384647,0.0001608291188650579,0.001536458486163239,0.0008243562073759758
2023-04-01 00:00:00+00:00,-9.402157508020537e-05,-0.0020254710986348234,-0.0012010484841925573,-0.001954615765150991
2023-04-02 00:00:00+00:00,0.004635756839348915,0.004890052749519036,0.004829947199615381,0.004328900575840455
2023-04-03 00:00:00+00:00,0.009326782349062812,0.007233910793316145,0.006739962874057648,0.007587406745683811
2023-04-04 00:00:00+00:00,-0.006980119678006602,-0.008185533780709409,-0.007095039937935921,-0.007144435132328875
2023-04-05 00:00:00+00:00,-0.00016719613932747457,-0.00013763849128856087,7.973690565821201e-06,-0.000578253621384639
2023-04-06 00:00:00+00:00,-0.0021485838376889,-0.004004663754663462,-0.004479722477793047,-0.004187640306030027
2023-04-07 00:00:00+00:00,0.004479668753840649,0.004473125193209304,0.004108072260762929,0.002257001645072032
2023-04-08 00:00:00+00:00,0.0034661802580424617,0.0022340728105141316,-2.2323037190186135e-05,0.00028577026239950953
2023-04-09 00:00:00+00:00,-0.0035700490902214055,-0.004278728128863429,-0.003748352999089377,-0.003729041811434408
2023-04-10 00:00:00+00:00,-0.002101135282342903,-0.002343907942030654,-0.0033067349198263596,-0.00216391120174253
2023-04-11 00:00:00+00:00,0.006197864002714715,0.005765609869811783,0.003718841858237898,0.005261814684413224
2023-04-12 00:00:00+00:00,0.002526692466196412,0.004442931652916204,0.0037891450550577854,0.0036522057089936055
2023-04-13 00:00:00+00:00,-0.0052658815108491686,-0.005660265615477278,-0.004868772148062139,-0.006096297399247441
2023-04-14 00:00:00+00:00,-0.01294207359782329,-0.012669155321997305,-0.009736347120311906,-0.009993699979172543
2023-04-15 00:00:00+00:00,0.00015831122608589432,-0.0008864411995408439,-0.00044238680627661786,0.0010233295591446367
2023-04-16 00:00:00+00:00,-0.0031211927107331894,-0.002959936433863941,-0.0009561276257078477,-0.0008372925808074472
2023-04-17 00:00:00+00:00,-0.007718429499929291,-0.006209095011297405,-0.00811983349366674,-0.007090745559385492
2023-04-18 00:00:00+00:00,0.006186975874193257,0.004205160028286636,0.0027374382477867165,0.0026512399235263384
2023-04-19 00:00:00+00:00,0.004130505300924403,0.00200535616696218,0.002240136673317572,0.005044383198123281
2023-04-20 00:00:00+00:00,0.0056314802408543585,0.006045079276121301,0.007913674858838426,0.006837540026739752
2023-04-21 00:00:00+00:00,0.008438140217915446,0.005795410462922979,0.002772184038426495,0.0036128463529061516
2023-04-22 00:00:00+00:00,-0.0035029815977202228,-0.0012538001504966978,0.0003834032305176649,0.0012803759644446355
2023-04-23 00:00:00+00:00,0.004535833778466225,0.0035440467114538077,0.0011869616788036108,0.000490949196590762
2023-04-24 00:00:00+00:00,-0.0012373036882292743,-0.0012090715583669143,-0.0014512483888863281,-0.0010702423322913601
2023-04-25 00:00:00+00:00,-0.003967664847946417,-0.005028138169429708,-0.002625346498938641,-0.002289722563079244
2023-04-26 00:00:00+00:00,0.002947809316431238,0.002085675595232095,0.005227366472720707,0.004917328191730519
2023-04-27 00:00:00+00:00,0.0018624731089436075,0.0025152445491161135,0.003251305631315038,0.005413519697000213
2023-04-28 00:00:00+00:00,0.0002756580501090955,0.0015678029059331688,0.0013476289751022108,0.0010801631891983465
2023-04-29 00:00:00+00:00,-0.005038949180002583,-0.006643130258678909,-0.004403128385771948,-0.003555747361332351
2023-04-30 00:00:00+00:00,0.0031730859215171048,0.002853597446963674,0.0012846861319177894,0.003038222795670009
2023-05-01 00:00:00+00:00,-5.035804438724423e-05,-0.0008220848515768653,0.001047241591451309,-0.00049320476690351
2023-05-02 00:00:00+00:00,-0.005718724873525649,-0.006227349372006197,-0.006615754757930858,-0.006422617300170574
2023-05-03 00:00:00+00:00,0.006570404391133877,0.003821100959934931,0.00382898513711738,0.004462211706588226
2023-05-04 00:00:00+00:00,0.0027447620272909035,0.002584047193697092,0.002637009811071289,0.0025597495363345324
2023-05-05 00:00:00+00:00,-0.0020708828996678363,-0.003009668379635566,-0.002898151306250929,-0.0008746140650310874
2023-05-06 00:00:00+00:00,0.009959956555865901,0.01003928442627644,0.011611814201246462,0.012086136317648988
2023-05-07 00:00:00+00:00,0.0001293679802263359,0.0007541161958570797,0.0012948897435267614,0.0016848010055898754
2023-05-08 00:00:00+00:00,0.019910197682693864,0.020605854681202684,0.022806380398214365,0.02215977933724722
2023-05-09 00:00:00+00:00,-0.0011368558582993682,-0.0018573021487356955,-0.00320685846109825,-0.0029275638837239493
2023-05-10 00:00:00+00:00,-0.003693958280259757,-0.0005878869435641532,-0.004790055309019325,-0.0053682970033607225
2023-05-11 00:00:00+00:00,0.013545151058189875,0.012954398604417383,0.012955539121492832,0.011108711828696105
2023-05-12 00:00:00+00:00,-0.005806789244249377,-0.007146209519984237,-0.010470842611733033,-0.008306601051954576
2023-05-13 00:00:00+00:00,0.0023900478079439402,0.0017232520519663286,0.0016052234444015046,0.0014147861036186704
2023-05-14 00:00:00+00:00,-0.0026939120497214697,-0.0030156379990475823,-0.0025727721056700847,-0.00454999371858078
2023-05-15 00:00:00+00:00,-0.005247338012684399,-0.006089242663321004,-0.00612069381230651,-0.0064381371567411305
2023-05-16 00:00:00+00:00,-0.0004158182844522518,-5.702792153750025e-05,-0.0011559281925037634,-0.0019325369154880034
2023-05-17 00:00:00+00:00,-0.004652473171489202,-0.004902033614706536,-0.004253203130390126,-0.004530944900530298
2023-05-18 00:00:00+00:00,-0.0014073718201739194,0.0008592493409702584,0.0005373244705195734,-0.0009105328692692316
2023-05-19 00:00:00+00:00,0.0010927788586014842,0.0010090203174004664,0.000935190490118254,0.0003358151279380106
2023-05-20 00:00:00+00:00,0.001718351643393179,0.0006578184059384817,0.00030643133807606304,0.0006414357257631398
2023-05-21 00:00:00+00:00,0.0005731422887096382,0.0007816929738098111,-0.0007230906238131496,0.0019336505934173243
2023-05-22 00:00:00+00:00,0.001261366192373048,0.0013288940111877423,0.0007913464750570753,0.00027123510785775906
2023-05-23 00:00:00+00:00,0.002079425189923434,0.004040611765523838,0.0033559172621964173,0.0026413838159418113
2023-05-24 00:00:00+00:00,0.009246627911953409,0.00839020177093297,0.005522152844755768,0.006064111922615911
2023-05-25 00:00:00+00:00,0.005389997967213844,0.0041818499402241915,0.0037043452728360293,0.00424844746666353
2023-05-26 00:00:00+00:00,-0.004570032365952215,-0.0039753346566167025,-0.004176794998599576,-0.003695642453097614
2023-05-27 00:00:00+00:00,-0.004485713887853682,-0.003368477479335552,-0.004948221558449317,-0.0038894967746266884
2023-05-28 00:00:00+00:00,-0.004788170731010788,-0.004490309319549524,-0.0021749479022618035,-0.003704301142101074
2023-05-29 00:00:00+00:00,0.00595731653897924,0.004287082937566744,0.0038803279984831462,0.0035555056831559906
2023-05-30 00:00:00+00:00,0.00944478182735109,0.007935575487862723,0.005899628744910679,0.0052327157289902
2023-05-31 00:00:00+00:00,0.00017581672322064534,0.001323003392710742,0.0009476936133514524,0.000982281063047985
2023-06-01 00:00:00+00:00,-0.0027090534983824632,-0.002983144868093701,-0.0032991777699434843,-0.0031667568576990712
2023-06-02 00:00:00+00:00,0.0012480579364380073,0.0016242517009326107,0.0019946442092415584,0.0005807093245961958
2023-06-03 00:00:00+00:00,-0.003254663221278542,-0.0023107091328781193,-0.001959554760114224,-0.003635475827265977
2023-06-04 00:00:00+00:00,-0.004242062791486423,-0.0024828912987536755,-0.0003817332062315826,0.00011132346209086208
2023-06-05 00:00:00+00:00,0.013202273985600366,0.010213227232161337,0.012477414328152081,0.012171995798019086
2023-06-06 00:00:00+00:00,0.0022201841562428104,0.0007666891346627125,-0.0015523070191112431,-0.0028569789305773474
2023-06-07 00:00:00+00:00,0.004879026922033791,0.006634277661130117,0.005033708873228404,0.003687104444173306
2023-06-08 00:00:00+00:00,0.004283466896348953,0.0036117450271710982,0.0045000355524997815,0.0022968723245719858
2023-06-09 00:00:00+00:00,0.003098844808033796,0.0025018813021626674,0.001565854297304048,0.0023684267360790656
2023-06-10 00:00:00+00:00,0.021996797511495858,0.02938455660343231,0.024560680944568425,0.020446290720958604
2023-06-11 00:00:00+00:00,0.002737222581956633,0.0029353381096892672,0.0004775486571624299,0.0006727186794037721
2023-06-12 00:00:00+00:00,-0.0001362593891378605,0.0004847601592044004,-0.0005574914026170719,-0.0019064947788475228
2023-06-13 00:00:00+00:00,-0.006699666522326231,-0.005137202368633242,-0.004133804466680435,-0.0037959869560352244
2023-06-14 00:00:00+00:00,0.003225095027638014,0.004700472458160299,0.0035443209833108114,0.003999638903017022
2023-06-15 00:00:00+00:00,-0.005514078363259456,-0.0044599669912527284,-0.0047800750062713115,-0.004527552011444502
2023-06-16 00:00:00+00:00,0.00292251096036944,0.000886584360667797,0.001129178336861436,-0.0005349639617409085
2023-06-17 00:00:00+00:00,0.0027733033706531796,0.0004968246321070957,-2.0614455794376596e-05,-0.0012664564566894354
2023-06-18 00:00:00+00:00,0.0012452595224601293,0.0004193396288358908,0.001887536134551393,0.0021310370323321948
2023-06-19 00:00:00+00:00,-0.00012836098233892645,-0.0012028824317664721,-0.00191967309397989,-0.0023197038009832305
2023-06-20 00:00:00+00:00,-0.0006240242219444081,-0.003718743068449326,-0.004748247393522864,-0.00454451570740555
2023-06-21 00:00:00+00:00,-0.004428803320717933,-0.00424859962592572,-0.003365232364016424,-0.004179181792995812
2023-06-22 00:00:00+00:00,0.006275418762199392,0.0034774531654255814,0.00018539010775109332,0.0015505781767037874
2023-06-23 00:00:00+00:00,-9.711144837720731e-06,0.00026105905993834,0.0003672213604954955,0.0012697890896007369
2023-06-24 00:00:00+00:00,0.000328227717163454,-0.0013171986531664848,-0.0011967583672451987,-0.0025590775960580014
2023-06-25 00:00:00+00:00,0.0024826652504443825,0.0008350900228779601,2.190113901590074e-05,-0.0014595121128927468
2023-06-26 00:00:00+00:00,0.006607506096219851,0.004717375539134316,0.0024148577826306195,0.0018186400009201353
2023-06-27 00:00:00+00:00,0.0014770404100186152,-0.000315065054473207,-0.0010886285590371303,-0.0007742696984436304
2023-06-28 00:00:00+00:00,0.00038748642403785283,0.0012803522597581996,0.0007050716152758874,0.0009237174528811121
2023-06-29 00:00:00+00:00,0.00419006103008579,0.006947227417123392,0.008020573461793523,0.00986814435513228
2023-06-30 00:00:00+00:00,0.0003644462508336499,0.005228586736988561,0.006986922611190494,0.0055442137971613015
2023-07-01 00:00:00+00:00,0.0025107403956377006,0.0027648089504968,-0.0018328350642643487,-0.0008290763183997907
2023-07-02 00:00:00+00:00,0.0018651759547123614,0.002452633301807561,0.004250093749022854,0.0027202122422476105
2023-07-03 00:00:00+00:00,-0.002164135920603494,-0.0034038959291824433,-0.005811102305968707,-0.0048143321093937486
2023-07-04 00:00:00+00:00,-0.0003178908922333301,-0.0007152518002954134,0.00012436789351322197,0.0003035621578375558
2023-07-05 00:00:00+00:00,0.0007672678761350138,-0.0001665566036935795,-2.3079351248123103e-05,0.00047009183579183045
2023-07-06 00:00:00+00:00,-0.0008437049932835672,0.0020599379800949613,0.004752465642236858,0.0029848993870513763
2023-07-07 00:00:00+00:00,-0.004945322002404495,-0.00555805271565335,-0.004940178112382454,-0.006424795064895461
2023-07-08 00:00:00+00:00,-0.003179847614482978,-0.0030837355423336543,-0.002771328477097157,-0.0035990090809739916
2023-07-09 00:00:00+00:00,0.002358460140369223,0.0010874809066996338,0.0007624501243319592,0.001418120144999424
2023-07-10 00:00:00+00:00,0.006271236108440048,0.003661857078450126,0.0020571864351210944,0.0018418908996029604
2023-07-11 00:00:00+00:00,-0.00031600115603225287,-0.0013716524796413276,-0.001945550618572045,0.0015890928469390886
2023-07-12 00:00:00+00:00,-0.0034493059416468297,-0.003056986647397064,-0.0018780796272052092,1.4439784117969978e-05
2023-07-13 00:00:00+00:00,0.0215495252103981,0.020162796494013646,0.017951206507980322,0.025719717298984035
2023-07-14 00:00:00+00:00,-0.009010684785951906,-0.008232146371471849,-0.004570545413637439,-0.00889931837371638
2023-07-15 00:00:00+00:00,0.0024564615751716534,0.0022895393490243166,-0.0007857198237763985,-0.00019561514634180988
2023-07-16 00:00:00+00:00,0.0011673809739141117,0.0016209258912560642,0.0028771482106098034,0.0028613663497134567
2023-07-17 00:00:00+00:00,-0.003700380028297756,-0.0037171057416316433,-0.0038527400831600556,-0.007358890444403077
2023-07-18 00:00:00+00:00,-0.002617097854245687,-0.0010039772281431603,-0.0025043157209825306,-0.0006138725081173968
2023-07-19 00:00:00+00:00,-0.0015909220433923954,0.0008946167210737155,0.005660469300852622,0.00470017552827473
2023-07-20 00:00:00+00:00,0.008611073689047899,0.005743421796332804,0.0065990470137140544,0.0061090243278634215
2023-07-21 00:00:00+00:00,-0.006208307458300033,-0.00678081161023858,-0.007385803467343521,-0.005991201645953015
2023-07-22 00:00:00+00:00,-0.002297489638305561,-0.0021997725934954637,-0.005262477797851162,-0.0035765418389379633
2023-07-23 00:00:00+00:00,0.0012298680826838826,0.00013519886851187657,0.0007766432831819436,1.1533146987430243e-05
2023-07-24 00:00:00+00:00,0.005295865262788357,0.005513247089186324,0.000717513144308235,0.005884929034938757
2023-07-25 00:00:00+00:00,-0.004310115691795735,-0.002412936927113085,-0.00019943290083201948,8.77176425322368e-05
2023-07-26 00:00:00+00:00,0.0024511207480231167,0.0008588341763406948,0.001375389909353375,0.002018979757393513
2023-07-27 00:00:00+00:00,-0.00045122182277401723,-1.983512956649225e-05,0.0008638045741986566,-0.0005127407089142721
2023-07-28 00:00:00+00:00,-0.0013255800636682302,-0.00023237695885325316,-1.75074390019736e-05,0.00033323832717790935
2023-07-29 00:00:00+00:00,-0.000649409998439654,0.00021835429125438566,0.002181316160430935,0.0018278812047043402
2023-07-30 00:00:00+00:00,-0.003485909886973615,-0.0029127260653026843,-0.0025919372093641257,-0.0018960970320002213
2023-07-31 00:00:00+00:00,-0.0004024395120685309,-0.0016089201584589263,4.344011344636911e-06,-0.00039640328455026186
2023-08-01 00:00:00+00:00,-0.005451589849400196,-0.006362881695280653,-0.005384483170841392,-0.0062476090128593675
2023-08-02 00:00:00+00:00,0.0005479264824170826,0.0009461266219286113,-0.0001331716091474977,0.0008251762929794015
2023-08-03 00:00:00+00:00,0.005727173401962826,0.004891817006208443,0.0020490095329639413,0.002512690529751005
2023-08-04 00:00:00+00:00,0.0021263312092760778,0.001027191703284469,0.002086255791025282,0.0028540648735735363
2023-08-05 00:00:00+00:00,0.0003010781137346985,0.0013228445442543535,0.0012281144643153663,-0.00026277883763703436
2023-08-06 00:00:00+00:00,0.009774524050392142,0.011063958079536862,0.0019560290309030837,0.0008446917379760777
2023-08-07 00:00:00+00:00,0.002637919139187206,0.0019051351132717276,0.0008751731369762705,0.001301781258524759
2023-08-08 00:00:00+00:00,0.0037599456500043704,0.0022976736997415426,0.00020264177108031411,0.00025320908061754466
2023-08-09 00:00:00+00:00,0.0019726084840774316,0.0006465259334591522,0.00017177840368409747,-0.0016558507706564418
2023-08-10 00:00:00+00:00,0.002211717332567975,0.0018815989112390685,0.0008840858648093697,0.002511952282742369
2023-08-11 00:00:00+00:00,-0.000940098164519565,-0.0017249383409358998,-0.0001496004949171903,0.0013422704022318932
2023-08-12 00:00:00+00:00,-0.007094971306094933,-0.00460257922622942,-0.004786169020736364,-0.0024994229054533523
2023-08-13 00:00:00+00:00,-0.008724510770393379,-0.003746261086245317,0.004624116462706773,0.007663812529850045
2023-08-14 00:00:00+00:00,-0.003936855574241727,-0.003524157509759984,-0.0012967350283173973,0.0009301179836245232
2023-08-15 00:00:00+00:00,0.011172325623757917,0.009787658454347925,0.009745635100996797,0.010127976816766582
2023-08-16 00:00:00+00:00,0.008479784840852655,0.009109728143114948,0.010473876702917329,0.008527792414708468
2023-08-17 00:00:00+00:00,0.004071572198241613,0.0007762770489796456,0.00852715777104418,0.008492343851537187
2023-08-18 00:00:00+00:00,-0.0077002287799695646,-0.006660557863336414,-0.00331132851908178,-0.0023240369523798154
2023-08-19 00:00:00+00:00,0.0060966860552245095,0.007491248462769606,0.007106424506247544,0.005764143826864521
2023-08-20 00:00:00+00:00,0.0028973104325835664,0.002298716503400078,0.001524919974863037,0.0020142204780302375
2023-08-21 00:00:00+00:00,-0.0012541944654826942,-0.0009036825071344623,-0.0023720941993443656,-0.000837912871713753
2023-08-22 00:00:00+00:00,-0.0023344892905137193,-0.002164497004770616,-0.0034721050870091252,-0.0041384449086698805
2023-08-23 00:00:00+00:00,-0.0032752000201814457,-0.0033936986702471916,-0.007805658238839608,-0.0060837558828162885
2023-08-24 00:00:00+00:00,0.0020823679038675103,-0.0003051464193726261,0.001425079467925805,0.0001446534210824968
2023-08-25 00:00:00+00:00,0.005146881073257337,0.005887805266304946,0.008964314551190178,0.007504934104820338
2023-08-26 00:00:00+00:00,-0.0018938010536343475,-0.0022182155922454427,-0.0006646469417396217,-0.0019380923970262476
2023-08-27 00:00:00+00:00,-0.008999367799712332,-0.008447970900716473,-0.008240156085066341,-0.009207755118927574
2023-08-28 00:00:00+00:00,0.006465109229209398,0.004610291826886437,0.0024914916192226855,0.003396098250321611
2023-08-29 00:00:00+00:00,-0.004035347963816771,-0.006489612403761336,-0.010738726338193727,-0.011592543215704465
2023-08-30 00:00:00+00:00,0.00016194546272974009,-0.0007800293245756595,-0.0010102705449178684,-0.0020842904924002204
2023-08-31 00:00:00+00:00,0.0040491515053939775,0.005011977877559026,0.0026600836294263797,0.0028768041925995025
2023-09-01 00:00:00+00:00,-0.00939437646288932,-0.012735814679018409,-0.011809879966134251,-0.01121269957494142
2023-09-02 00:00:00+00:00,-0.002330608149478053,0.000977381265670374,0.0056847134061481785,0.0026108118131076274
2023-09-03 00:00:00+00:00,0.004405234282851556,0.005719234638348558,0.006305183197268471,0.008286155920726568
2023-09-04 00:00:00+00:00,-0.0021923899380461576,-0.0010641032088837266,-0.002694805135546874,0.0003076283922873735
2023-09-05 00:00:00+00:00,-0.020237734180849842,-0.017832086937736857,-0.007554271868591589,-0.009764475142823636
2023-09-06 00:00:00+00:00,-0.004145870367721516,-0.004520924579362484,-0.00435699475288176,-0.004730259864022424
2023-09-07 00:00:00+00:00,0.008841887691920736,0.010454734797152643,0.010136044141164202,0.009156264243498358
2023-09-08 00:00:00+00:00,-0.0043426507170453155,-0.0029374123574371636,0.0012080299789012372,-0.0002850843930910507
2023-09-09 00:00:00+00:00,0.004238451469599447,0.0033375058750670927,0.003873523429495984,0.002551798202737654
2023-09-10 00:00:00+00:00,0.0037132422471606308,0.004269378438362947,0.0032616098476063726,0.0031106000079295093
2023-09-11 00:00:00+00:00,-0.0007471207023790338,-0.0005095874091696206,0.0015077729431263176,0.0017712247400651915
2023-09-12 00:00:00+00:00,0.005674793510974885,0.007430059490408647,0.005231644755309128,0.00395248444655083
2023-09-13 00:00:00+00:00,-0.0012017951222468293,0.0005631700277033413,0.0018757448119322007,0.00014006101306796026
2023-09-14 00:00:00+00:00,-0.0007766531965777146,0.00031235178745880887,-0.0017810562266309393,-0.0032176051577906817
2023-09-15 00:00:00+00:00,-0.005695947102408616,-0.0015635507137807814,0.000818604042320592,-0.002734190504310341
2023-09-16 00:00:00+00:00,0.003900296467736819,0.00015988179123627155,-0.0003468907677125488,-0.0022002908870498716
2023-09-17 00:00:00+00:00,0.005173653650569543,0.008197190555265799,0.005493369583586594,0.01304566647954486
2023-09-18 00:00:00+00:00,-0.0028207448689504533,-0.00304853720640319,-0.0027702039274101198,-0.00022671236642113346
2023-09-19 00:00:00+00:00,0.0016554486192510431,0.003475971858830418,0.008241240294901697,0.007932129676247124
2023-09-20 00:00:00+00:00,1.7327828233160147e-05,-0.0017664346638271988,-0.0006240649062656534,-0.004047276882551021
2023-09-21 00:00:00+00:00,0.004930382225941221,-5.8197367915679976e-05,-0.00330462864078207,-0.0011440092119711087
2023-09-22 00:00:00+00:00,-0.0003954857519018473,0.0004181682109891671,0.004465056420110969,0.00356447087309375
2023-09-23 00:00:00+00:00,0.0013170094971362012,-0.0003827014979099763,-0.00044141388269691717,-0.001052472102410773
2023-09-24 00:00:00+00:00,0.0021408558947093592,0.002747476773196089,0.0014107680240000864,0.0014716477321534693
2023-09-25 00:00:00+00:00,0.0027967926999350468,0.0009435606445098443,-0.0004931488501703774,-0.0011818050208687314
2023-09-26 00:00:00+00:00,-0.0007124152220613356,0.00012247020962985466,0.002519500122933671,0.005678388746416685
2023-09-27 00:00:00+00:00,0.0077457871221060515,0.008852641881693879,0.009056348391994984,0.012516982541003863
2023-09-28 00:00:00+00:00,-0.0049583053171293745,-0.0062346644185882205,-0.0059400700055678435,-0.005960256666871722
2023-09-29 00:00:00+00:00,0.004360149096770627,0.00616539840200514,0.004799191347498288,0.006301470708139245
2023-09-30 00:00:00+00:00,-0.0011059254001590801,-0.0012725433836664468,-0.0027229594227908827,-0.0027267878643180143
2023-10-01 00:00:00+00:00,-0.009363020926897891,-0.012189007607369406,-0.01373322556270018,-0.012759957029883195
2023-10-02 00:00:00+00:00,-0.007405599256774531,-0.004505636264415136,-6.0558015939293774e-05,-0.0005071579006351579
2023-10-03 00:00:00+00:00,0.005685892225566924,0.008202464948578125,0.006220998988560655,0.007668483731856579
2023-10-04 00:00:00+00:00,0.0008557530596033924,0.0032658468924997575,0.0007430071032319407,0.0025836564113137506
2023-10-05 00:00:00+00:00,-0.0012263646025489905,0.0004884274043721604,0.00047345974649859457,-0.000593170795858744
2023-10-06 00:00:00+00:00,-0.002611999466068271,-0.004319354082635729,-0.003537435765326724,-0.002219944268330054
2023-10-07 00:00:00+00:00,0.0031285545580459484,0.0021830452729905137,-6.0990150508311025e-05,-0.0003214320284220529
2023-10-08 00:00:00+00:00,0.0036837153042079684,0.003438034583560734,0.0012920623934020714,0.0012333006527063262
2023-10-09 00:00:00+00:00,-0.004605177873163169,-0.002704542660808329,0.00017359347231571398,-0.000883260859325885
2023-10-10 00:00:00+00:00,-0.002097584001222619,-0.0022765835814371194,-0.0031601990626524135,-0.003839943309792093
2023-10-11 00:00:00+00:00,0.003200275309461542,0.002375269766708099,0.0026167959034202326,0.0033622627122591453
2023-10-12 00:00:00+00:00,-0.001512336989129559,-0.0006565568456233795,0.00035207711688545196,-0.0022183224706830984
2023-10-13 00:00:00+00:00,-0.0022804550044824845,-0.0026545943119596904,-0.0035932352326747408,-0.0026003896059418885
2023-10-14 00:00:00+00:00,0.0021853389671133705,0.0030576954659544686,0.0024105824003624043,0.0033502896018857697
2023-10-15 00:00:00+00:00,-0.003506273686884498,-0.0035074179344661838,0.0004173425184779145,-0.0004290181484327693
2023-10-16 00:00:00+00:00,0.0007412754710003355,0.0020633926868718344,0.003212620579142289,0.005134190849760634
2023-10-17 00:00:00+00:00,0.0015993890210423967,0.0033442023286018863,0.005858143677866412,0.0061815751391176565
2023-10-18 00:00:00+00:00,0.007883736891104665,0.007056725063516067,0.00442447831241588,0.006992263450114278
2023-10-19 00:00:00+00:00,0.013409739450035874,0.012897306920073737,0.012387329721003315,0.011268501065150982
2023-10-20 00:00:00+00:00,-0.00032021649674740527,-0.0024104816818620867,-0.002014131672227637,-0.0022782657943657414
2023-10-21 00:00:00+00:00,0.0017733517864091386,-0.0013374791830196298,-0.003055710718968818,-0.0030204643317598423
2023-10-22 00:00:00+00:00,-0.0034918073445968645,-0.00203257887924424,-0.0033787150178401504,-0.0030091180648311733
2023-10-23 00:00:00+00:00,0.01981650809669744,0.019797545262327132,0.011233633999030879,0.01921160320092352
2023-10-24 00:00:00+00:00,-0.017496159405847034,-0.018646220145627224,-0.01801525248149982,-0.01869660274068896
2023-10-25 00:00:00+00:00,0.004738440939760613,0.00304327609142252,0.00012079833586708943,0.003655479824876906
2023-10-26 00:00:00+00:00,0.006462350067960587,0.004279362413668553,0.0028122874633313977,0.0018461398838320875
2023-10-27 00:00:00+00:00,-0.00039678749263016844,-0.002752009900086172,-0.0051557930550267805,-0.004856108493456857
2023-10-28 00:00:00+00:00,-0.004036814285069856,-0.006741592747310343,-0.0084632935664255,-0.011811228673538343
2023-10-29 00:00:00+00:00,-0.0029607152663866376,-0.005059303006252347,-0.0038354992082181294,-0.005030807958246952
2023-10-30 00:00:00+00:00,-0.003997314102427207,-0.005651923600907494,-0.007269880886099811,-0.008178514866318931
2023-10-31 00:00:00+00:00,0.01501877244134886,0.01696493251469411,0.01616393962000684,0.019632766839434712
2023-11-01 00:00:00+00:00,0.0023142433467111534,0.0027722824479206043,0.004550275320489794,0.005168300285567806
2023-11-02 00:00:00+00:00,0.01016678252378056,0.009889713768486352,0.007549595958558086,0.006312435300625863
2023-11-03 00:00:00+00:00,-0.011752440604176684,-0.009943537522687618,-0.00635283732495584,-0.006830866180787432
2023-11-04 00:00:00+00:00,0.005826625209335079,0.00588715945387186,0.004227635875569069,0.0013726272932064187
2023-11-05 00:00:00+00:00,0.012652803326988371,0.01091681375976683,0.007950426326457594,0.00990437676019873
2023-11-06 00:00:00+00:00,-0.0024377183004057335,-0.0019156109630159568,0.00044183212740267486,7.19276824128201e-05
2023-11-07 00:00:00+00:00,-0.004658270562560629,-0.005701417434733735,-0.00888259630508259,-0.008148420549022095
2023-11-08 00:00:00+00:00,-0.008563313245908533,-0.01412554392405252,-0.01611580320472794,-0.014489685216045212
2023-11-09 00:00:00+00:00,0.002227043892989,0.00448824380700974,0.007948923631038607,0.007258384647042204
2023-11-10 00:00:00+00:00,-0.004726791402486996,-0.002408075272262944,-0.0032541838887076846,0.0004372397406944284
2023-11-11 00:00:00+00:00,-0.004176352671418804,-0.005218815171781022,-0.003318548369899088,-0.0018481338329897623
2023-11-12 00:00:00+00:00,-0.0027387498792385,0.0010135925067045193,0.0031158040133436593,0.004172079544122909
2023-11-13 00:00:00+00:00,-0.005629366248441681,-0.010839852796596161,-0.017303309041157067,-0.010651828563562615
2023-11-14 00:00:00+00:00,-0.010624715587375655,-0.010336298510665753,-0.0101214207155218,-0.00931485621455519
2023-11-15 00:00:00+00:00,-0.002393122995961061,-0.002962515021621148,-0.0021309829195540475,-0.0009758351942827925
2023-11-16 00:00:00+00:00,0.00010735499544800575,0.000373501634816531,-0.0006756705431730792,-0.0005711363040874495
2023-11-17 00:00:00+00:00,0.0013313966889545448,0.0013199724352919162,0.001416823305956827,0.002149324887921633
2023-11-18 00:00:00+00:00,-0.0014854461125295426,-0.0013553013008196224,3.2044945646347855e-05,-0.0001019349472087816
2023-11-19 00:00:00+00:00,-0.005638383496644139,-0.004167743364042686,-0.00453805376846228,-0.003881288438571384
2023-11-20 00:00:00+00:00,0.005191837511080877,0.002067676382738748,-0.0006354042891887346,0.0007186053594556707
2023-11-21 00:00:00+00:00,0.0037557298686865526,0.0019129350936062384,0.0024457472178069928,0.0033933018847174257
2023-11-22 00:00:00+00:00,-0.004613049242068401,-0.0026725953214669085,-0.00496224740742468,-0.00439374361875311
2023-11-23 00:00:00+00:00,-0.004494565118498661,-0.0020840977143488093,-0.0019217521525138892,-0.0014315290657062052
2023-11-24 00:00:00+00:00,-0.0019690712133205723,-0.0017684170945977407,-0.004708616795103704,-0.0033950372422663078
2023-11-25 00:00:00+00:00,-0.0009987968736091535,-0.0024185382978310077,-0.005554422192574848,-0.006023994438002167
2023-11-26 00:00:00+00:00,-0.0030711493464011808,-0.00226428873092821,0.002082332874402848,0.0006887050445467668
2023-11-27 00:00:00+00:00,0.00013496774080667961,0.0011139405220654819,0.0016055152697167507,0.002101480016830637
2023-11-28 00:00:00+00:00,0.0059176230541386765,0.005160111908023346,0.002838277399423328,0.002786710153453331
2023-11-29 00:00:00+00:00,0.0031353871932349175,0.0025956539899394393,0.0026811676618458957,0.003001093433387725
2023-11-30 00:00:00+00:00,0.003093557182134221,0.002592529215112549,0.0008073599346436477,-5.222922387004836e-05
2023-12-01 00:00:00+00:00,0.0011057606553475097,0.0008323198692388178,-0.0016850490459212608,-4.471876950851161e-06
2023-12-02 00:00:00+00:00,-0.008931648949392024,-0.009158153651982248,-0.0099278702636737,-0.011029395894933458
2023-12-03 00:00:00+00:00,-0.003542731669688881,-0.003804087711665516,-0.0032617454863970163,-0.002426651372913202
2023-12-04 00:00:00+00:00,-0.008983244727256978,-0.005614157254117846,-0.006954958050046978,-0.0086029405982605
2023-12-05 00:00:00+00:00,-0.01413602596604091,-0.01101973442026083,-0.010969247048589925,-0.009905103173705743
2023-12-06 00:00:00+00:00,0.023720975455163718,0.017534176180937555,0.01068477817402802,0.008523271057322201
2023-12-07 00:00:00+00:00,0.0008175180431000406,0.001860419973065408,-0.0010420679223116514,0.0014138716351623781
2023-12-08 00:00:00+00:00,0.008301096143030984,0.008369310832873733,0.010318299748852233,0.008681198334979268
2023-12-09 00:00:00+00:00,0.009987177181192797,0.00967339260509159,0.010359845569819948,0.007042891114714456
2023-12-10 00:00:00+00:00,-0.008715767888979209,-0.006482991227100832,-0.004368104163542386,-0.002825987568959909
2023-12-11 00:00:00+00:00,0.0065725072076003865,0.006278405916920526,0.008057056143932595,0.00695471783342394
2023-12-12 00:00:00+00:00,-0.0011370077527016464,-0.0010830123041007944,-0.0006197222603250285,-0.0028710050797526865
2023-12-13 00:00:00+00:00,0.0019672783442516995,0.0006370597155864743,-0.0024333676453894837,0.001331895743887923
2023-12-14 00:00:00+00:00,0.0007876383320033487,0.0017340637279299465,0.0019501484609860675,0.0030976631181693914
2023-12-15 00:00:00+00:00,0.004865266105974708,0.006357306724737777,0.009839772596382135,0.008171802281735197
2023-12-16 00:00:00+00:00,-0.0037644384622739224,-0.003801349384482844,-0.0036620605719698274,-0.006392185159290076
2023-12-17 00:00:00+00:00,-0.003224911341099479,-0.001794983018056917,-0.0002017516409651421,0.000502395808992695
2023-12-18 00:00:00+00:00,0.004769990955030723,0.003105729655063172,0.0017980202415959212,0.005112598706835003
2023-12-19 00:00:00+00:00,-0.005761711511418577,-0.006032859373112154,-0.0035370904886820043,-0.0019484552579348557
2023-12-20 00:00:00+00:00,-0.0031972742883620286,-0.002363485400617815,-0.006755590816495904,-0.004286064161942327
2023-12-21 00:00:00+00:00,0.0031156696529963668,0.007109552931245933,0.006848462132870381,0.008587417331809677
2023-12-22 00:00:00+00:00,-0.0022824393829312672,-0.0038385962533160622,-0.004622719037973622,-0.004994374493368925
2023-12-23 00:00:00+00:00,-0.0014063863934138388,0.001371717399610839,0.0015080858188158963,0.0034483184257183552
2023-12-24 00:00:00+00:00,0.00596044878537505,0.008219044163736422,0.007277446276301447,0.009189321836846842
2023-12-25 00:00:00+00:00,-0.00198468278709929,-0.004004519992541478,-0.008500240118322178,-0.006786233449468604
2023-12-26 00:00:00+00:00,-0.0007515833735080024,0.004384270431376569,0.006111736779700561,0.005582375142357154
2023-12-27 00:00:00+00:00,0.006992885755433997,0.005687778610330874,0.0022134929209838283,0.001748141919980295
2023-12-28 00:00:00+00:00,0.0020154854830665148,0.003519755076969444,0.00471443032541341,0.004164986982401198
2023-12-29 00:00:00+00:00,-0.0021330664698386848,-0.0027893131938520055,-0.0023978678883156412,-0.0008784866872694197
2023-12-30 00:00:00+00:00,0.00536625429811477,0.0044383929066074135,0.0030768835322210197,0.0038396034382111033
2023-12-31 00:00:00+00:00,0.0070282462890221,0.005060312243051923,0.0029292892908023838,0.0025875955827763253
2024-01-01 00:00:00+00:00,-0.0024734973906186397,-0.003108346249997229,-0.0028256654722753627,-0.00020132145549145442
2024-01-02 00:00:00+00:00,0.0021383665322969314,0.0027975687101013946,0.0035578122522592626,0.002672720831605524
2024-01-03 00:00:00+00:00,0.009372770649695328,0.01580314254272408,0.017166549243150975,0.01580228547681939
2024-01-04 00:00:00+00:00,-0.008190964565693126,-0.00805877790263565,-0.011635671785593882,-0.013772869229874751
2024-01-05 00:00:00+00:00,-0.0022344226424498848,-0.0027107793761230736,-5.5497122672609756e-05,-0.0012908872890884382
2024-01-06 00:00:00+00:00,0.007139118256273003,0.0015278305628245725,-0.0020540240718822655,-0.00030265586291711166
2024-01-07 00:00:00+00:00,0.009975106036056003,0.006975081697762731,0.004301002667050691,0.0040173927755444705
2024-01-08 00:00:00+00:00,-0.0074763385494487355,-0.00997206236781678,-0.0050371072234352,-0.005394307760189232
2024-01-09 00:00:00+00:00,0.008724419333536293,0.010622317517712698,0.01079412153739101,0.011079524381001793
2024-01-10 00:00:00+00:00,-0.008059255640523788,-0.011207347637937848,-0.008730761226976802,-0.010477456882380776
2024-01-11 00:00:00+00:00,-0.006672919919242681,-0.008634293578132612,-0.009708009784585858,-0.009309293934466334
2024-01-12 00:00:00+00:00,-0.005484801422389718,-0.004948623236265992,-0.004612040300379094,-0.005448365112503573
2024-01-13 00:00:00+00:00,-0.002322914022277689,-0.0033087061404402096,-0.003981423458205624,-0.004084189403660954
2024-01-14 00:00:00+00:00,-0.00046950662240607954,0.0005924885554930981,-0.00012720911804031676,-0.0002321844460018152
2024-01-15 00:00:00+00:00,-0.0008558998815422214,-0.0026116453309392718,-0.0018981563866141693,-0.002497906606770295
2024-01-16 00:00:00+00:00,0.0012173887584017162,0.0020365515526696853,0.0014084129740665752,0.0015581536661224415
2024-01-17 00:00:00+00:00,-0.0053640038122499956,-0.004217446672371117,-0.0034076822485669123,-0.002397815634960887
2024-01-18 00:00:00+00:00,0.00978929935957873,0.0063814440672440575,0.004397137699977627,0.004564402810324664
2024-01-19 00:00:00+00:00,0.008316403714291543,0.004712662860254069,0.003720139478129214,0.004617829912654248
2024-01-20 00:00:00+00:00,0.002288045146467743,0.00261635992147502,0.0032797483879845046,0.003208614391715159
2024-01-21 00:00:00+00:00,0.004533546953189971,0.004062155516060928,0.003112345604155964,0.002663825208126802
2024-01-22 00:00:00+00:00,0.005618815337417704,0.003781926671941216,0.005418809175837369,0.004429695210680373
2024-01-23 00:00:00+00:00,-0.00046391855782623725,0.0010695881655595763,0.0016670020409323971,0.0020473561612328606
2024-01-24 00:00:00+00:00,-0.0051706467320342675,-0.004901578746804969,-0.005145115233451292,-0.004085320490691213
2024-01-25 00:00:00+00:00,0.0033415267992091824,0.0032278001880126084,0.003625924077212961,0.003543950406872609
2024-01-26 00:00:00+00:00,-0.005414304958277549,-0.005239673466841177,-0.00502608470317345,-0.007031639378548227
2024-01-27 00:00:00+00:00,-0.002134024655199407,-0.0018913432044401768,-0.0014666407334262832,-0.0009746538140762429
2024-01-28 00:00:00+00:00,0.0064231837212263,0.006067622162436059,0.0043922280240338285,0.0038027244884555333
2024-01-29 00:00:00+00:00,-0.0006439100720309066,-0.0004689994756791327,-0.0011283942976596517,-0.0014552732041434036
2024-01-30 00:00:00+00:00,0.00020320430253395472,0.0003883244163696009,0.0007621242086000013,0.0014383142857175013
2024-01-31 00:00:00+00:00,0.0063338648050528246,0.006350666236351943,0.005257713776353201,0.0057189474308645405
2024-02-01 00:00:00+00:00,0.0029583053013428895,0.0032929853029786127,0.0027504355044056794,0.0034467906662423164
2024-02-02 00:00:00+00:00,-0.0017716910829843613,-0.00020169702239836163,-0.00022646870150822007,-2.6982625439542218e-05
2024-02-03 00:00:00+00:00,0.0027755117875614133,0.001960366925577217,0.002021655951672585,0.002279279179687066
2024-02-04 00:00:00+00:00,0.005703755303020364,0.00660869162364186,0.006364853408930227,0.006639001400046807
2024-02-05 00:00:00+00:00,-0.005314214643736048,-0.005324575987068592,-0.004511251474816014,-0.004377946316724612
2024-02-06 00:00:00+00:00,-0.00017244108086966747,-0.0008615966578395806,-0.0014305412211570445,-0.002149900540336369
2024-02-07 00:00:00+00:00,-0.007473077607583978,-0.006925842084456013,-0.007751379214121945,-0.005691465988816424
2024-02-08 00:00:00+00:00,0.005499883329281197,0.0037972779017976244,0.0035503677225783292,0.004400898326746283
2024-02-09 00:00:00+00:00,-0.003949777905371654,-0.007362293180962154,-0.006442224752239767,-0.006505181210114452
2024-02-10 00:00:00+00:00,0.0005885110139414174,-0.003022768484476579,-0.004352131739237541,-0.0039181909719350205
2024-02-11 00:00:00+00:00,-0.00528948398176976,-0.005960587415724805,-0.007056152754765788,-0.007817213891775587
2024-02-12 00:00:00+00:00,-0.00730551833614701,-0.008892194979491008,-0.004942082752866117,-0.008536679272040715
2024-02-13 00:00:00+00:00,0.0031629095611152014,0.003049078539848482,0.005414405074275486,0.00496579816378695
2024-02-14 00:00:00+00:00,-0.0029848953424946867,-0.003803306967194997,-0.002146996648935917,-0.002051785206692358
2024-02-15 00:00:00+00:00,0.011522399733361555,0.011349235746928255,0.008143219742257513,0.007295110710208608
2024-02-16 00:00:00+00:00,0.0021818982088177563,0.004619628263835107,0.0032986402641164148,0.0026712962519903627
2024-02-17 00:00:00+00:00,-0.006640010092147874,-0.005272873529749145,-0.0036808090752905587,-0.0012930838291406177
2024-02-18 00:00:00+00:00,-0.003746980362265062,-0.005607365940647369,-0.008248599394971579,-0.00471394512348855
2024-02-19 00:00:00+00:00,0.0021304889491360335,0.00021434322491953317,0.0010747850730536967,-0.0005726473922436082
2024-02-20 00:00:00+00:00,0.0014198324981431476,0.005065012808044722,0.007000706881479024,0.006132316572274865
2024-02-21 00:00:00+00:00,0.009850019658975473,0.011490655577324427,0.011576745604059191,0.013143765547648067
2024-02-22 00:00:00+00:00,0.004779488579010005,0.003615014459292132,0.00245551075323025,0.0028766752851168143
2024-02-23 00:00:00+00:00,0.012252851312134494,0.0091970212660335,0.004265766354187406,0.007756504309328394
2024-02-24 00:00:00+00:00,0.004293606598910538,0.003914629548344095,0.0018281568900757605,0.001262527818812531
2024-02-25 00:00:00+00:00,0.003811509217777953,0.0021270834595537025,0.0011388804572176614,0.002493491265921133
2024-02-26 00:00:00+00:00,-0.00078423822158602,0.00021013762955535142,0.002126447961467104,0.0008788335253482327
2024-02-27 00:00:00+00:00,-0.009377280592791193,-0.010214148487579733,-0.010836537315529915,-0.010267848924614409
2024-02-28 00:00:00+00:00,-0.0010038395996381233,0.005573099109926982,0.01248671031064097,0.01082954743211939
2024-02-29 00:00:00+00:00,0.004893016991542876,0.0014866519975655912,0.0033182475973962955,0.002503092227641668
2024-03-01 00:00:00+00:00,-0.009625066648387581,-0.004942243377062172,-0.005389311447592804,-0.0040934031449482156
2024-03-02 00:00:00+00:00,-0.009285532545077024,-0.006169955312078534,-0.005611545187992006,-0.0046405252733341396
2024-03-03 00:00:00+00:00,0.005056320613400445,0.004836936361882316,0.00466941032425483,0.00333630414674313
2024-03-04 00:00:00+00:00,0.015691615968221884,0.01715861736280133,0.01430336071555316,0.014916416965530477
2024-03-05 00:00:00+00:00,-0.005408535928132618,-0.004962735611582225,-0.007431031074789263,-0.007984377436321521
2024-03-06 00:00:00+00:00,-0.00413878521938249,-0.004300119434350491,-0.0007395923153022954,0.00012727643366128305
2024-03-07 00:00:00+00:00,-0.005620311437419034,-0.009308336478432433,-0.009352174180617623,-0.00824589194751213
2024-03-08 00:00:00+00:00,-0.0038647657286589032,8.041688826398996e-05,0.0028424182669515297,0.0014248627858863827
2024-03-09 00:00:00+00:00,-0.0115286108963919,-0.015023809965098556,-0.014322250103651957,-0.013185213763016734
2024-03-10 00:00:00+00:00,0.002351001709733236,0.0018405515441823894,0.0016552388017316844,0.0016128672103075115
2024-03-11 00:00:00+00:00,0.01241815994647033,0.010334240840967457,0.010911606745602986,0.010069298006269767
2024-03-12 00:00:00+00:00,-0.004937283761168643,-0.004504302735081178,-0.004166433248171342,-0.002809133391209584
2024-03-13 00:00:00+00:00,0.004251047792338758,0.004910040509564784,0.006622510601671738,0.007311404184953574
2024-03-14 00:00:00+00:00,0.0006232650173525478,0.0017554147112412988,0.003969793478000749,0.004789972430113032
2024-03-15 00:00:00+00:00,0.006727059778925959,0.00860929993064552,0.00981197912311882,0.009062386407327816
2024-03-16 00:00:00+00:00,0.0028146989588644367,0.0030347750875669988,0.0018278672286218267,-0.0017146864116551752
2024-03-17 00:00:00+00:00,-0.001045057441566355,-0.001136307302140649,-0.0002815729218442753,-0.0009112880182766681
2024-03-18 00:00:00+00:00,0.00791850022599494,0.00922348150934571,0.010491024385476777,0.010075713429233524
2024-03-19 00:00:00+00:00,-0.011977510640148292,-0.0110062392875373,-0.012823757717868478,-0.009810176040270902
2024-03-20 00:00:00+00:00,4.975233744541896e-05,0.0026912997941999084,-0.0029326860422042023,-0.00024017089882266696
2024-03-21 00:00:00+00:00,-0.0018567605971079315,-0.003348858082597106,-0.004644620829378665,-0.004359229782696539
2024-03-22 00:00:00+00:00,-0.0019705270091489036,-0.001551593440375587,-0.0014475353230566368,-0.00019572328241734827
2024-03-23 00:00:00+00:00,-0.0012957519144299878,-0.0010112804334817538,-0.0015223860743676099,-0.0019816953304176987
2024-03-24 00:00:00+00:00,-0.0036696582094448704,-0.00307137488905207,-0.0037336066592731365,-0.0033124341486231446
2024-03-25 00:00:00+00:00,0.0007917870030942353,0.0011548455438443739,-0.0005080223121087801,0.000272807817123466
2024-03-26 00:00:00+00:00,-0.00087994704853811,-0.0009319675954824191,-0.00020667074953262254,0.00036373753937213316
2024-03-27 00:00:00+00:00,-0.005569234721230498,-0.00505963737806181,-0.0044677232172486425,-0.0029848266963257153
2024-03-28 00:00:00+00:00,-0.0028868806352523313,-0.0030636938013328674,-0.0023664202921028776,-0.0027276762188866988
2024-03-29 00:00:00+00:00,0.0073916690250688255,0.0066818005838358285,0.0065637294543015035,0.00629117649871791
2024-03-30 00:00:00+00:00,-0.0016270420585727807,-0.0017544272864710164,-0.002807323160900488,-0.0026292254163979845
2024-03-31 00:00:00+00:00,-0.0009768245122021568,-0.00014756163666052036,0.0011896371025077457,0.0015437530233233243
2024-04-01 00:00:00+00:00,5.59236297497101e-05,0.0021439727473968606,0.00036664435018152197,-5.221234201990832e-06
2024-04-02 00:00:00+00:00,0.00413504783575247,0.006786559834922601,0.005480426163702701,0.0036926273580561997
2024-04-03 00:00:00+00:00,0.007823407799240956,0.006532736259633243,0.00405455733470661,0.0030382326220737
2024-04-04 00:00:00+00:00,0.0048080121609217485,0.005837838485133862,0.00526819582958149,0.005525275226015758
2024-04-05 00:00:00+00:00,-0.00038217581017241375,0.0007228590912751187,0.00023525466921281435,0.0011103204764997265
2024-04-06 00:00:00+00:00,-0.00042267499501635886,-0.0005106533051040252,-0.0020108157658554893,-0.001748735539843116
2024-04-07 00:00:00+00:00,-0.005408498017253849,-0.005116766075003443,-0.0052256587409899025,-0.004204844955178366
2024-04-08 00:00:00+00:00,0.002968770829677725,-0.0003764802476119433,-0.00487557450476328,-0.0036671208883322093
2024-04-09 00:00:00+00:00,0.006453965631622927,0.007813106026558492,0.010613118622662121,0.009490400553547884
2024-04-10 00:00:00+00:00,0.0008691690344118097,0.001673858465303102,0.0014235697378803813,0.0015576998889770266
2024-04-11 00:00:00+00:00,0.002758290054847512,0.0032831957400054623,0.0013078500978174201,0.003083132220563556
2024-04-12 00:00:00+00:00,0.008755874496085614,0.014611113169197276,0.016679830785509164,0.014191518386294177
2024-04-13 00:00:00+00:00,0.001939271922711816,0.001992945112478939,0.005785403025300617,0.0009679497291301686
2024-04-14 00:00:00+00:00,-0.00823869042623504,-0.008797467000250525,-0.010267806240513488,-0.013228295485955055
2024-04-15 00:00:00+00:00,0.010755294665988568,0.008252076494529526,0.007161346590037088,0.006035897282073099
2024-04-16 00:00:00+00:00,-0.0056410586258500706,-0.0027709964613449323,-0.0017673358804243255,-0.00276226943979474
2024-04-17 00:00:00+00:00,0.00017625696771572663,0.0005611721043661255,0.00047884355967964254,0.00303782305965572
2024-04-18 00:00:00+00:00,0.00286588435809354,0.003208104741865725,0.0027366884499029354,0.001367769951945208
2024-04-19 00:00:00+00:00,-0.010728887014726407,-0.009174910283229809,-0.009029948700579604,-0.008423391114220746
2024-04-20 00:00:00+00:00,-0.021165670053195695,-0.018821287948244336,-0.017645331737997427,-0.023040945229623078
2024-04-21 00:00:00+00:00,0.0010864492440372242,0.0015999128794288442,0.0027013980222523326,0.004410604433009668
2024-04-22 00:00:00+00:00,-0.0031213653117334594,-0.0010026339950837126,0.0004398596916215247,0.0013836341702615496
2024-04-23 00:00:00+00:00,0.007955624507270942,0.008433204790075699,0.0036113185903754452,0.003466797727454285
2024-04-24 00:00:00+00:00,0.008018084803028236,0.007744224270744837,0.0064509399219712105,0.0063597529426180355
2024-04-25 00:00:00+00:00,0.0017946097226708702,0.0006912645633079251,-0.000970223769181433,-0.0010740314726008782
2024-04-26 00:00:00+00:00,0.010519454702014652,0.010005651839974927,0.009820535466531943,0.006811123029532462
2024-04-27 00:00:00+00:00,-0.0005862268613715527,-0.0014680539929141645,-0.0013563405327212674,-0.001921194142625593
2024-04-28 00:00:00+00:00,-0.004566653630898809,-0.0037599529581828772,-0.00467693066042274,-0.0028508169850899323
2024-04-29 00:00:00+00:00,0.003556313438529246,0.0022517794290355386,0.001930180569603479,0.0009718343265507912
2024-04-30 00:00:00+00:00,0.012240078643893648,0.009254855473432855,0.008182232413625146,0.006801370251189542
2024-05-01 00:00:00+00:00,0.0007321056327291853,0.0011517623393411114,0.00136987392899246,-0.0004109916998109586
2024-05-02 00:00:00+00:00,-0.006111835392634712,-0.0043302023180327165,-0.0018670312096064068,-0.002884137914594964
2024-05-03 00:00:00+00:00,-0.0040998496833700715,-0.0033323213775506844,-0.006101662975763533,-0.005374020311967098
2024-05-04 00:00:00+00:00,-0.002655102448222535,-0.0011251008036001764,6.687121802606555e-05,-0.000739373359144424
2024-05-05 00:00:00+00:00,-0.0024338173947974218,-0.00015160398212588078,0.00010475100749496313,0.0011612922401380565
2024-05-06 00:00:00+00:00,-0.00035217697173228757,-0.001116107384785181,-0.00024135912660372405,0.0007764355186119509
2024-05-07 00:00:00+00:00,-0.0007017598250551593,-0.0017250767593224303,-0.0007381937363264424,0.0008445472277585075
2024-05-08 00:00:00+00:00,0.006276841137556666,0.007209210792043841,0.007534545764125378,0.005570627629284397
2024-05-09 00:00:00+00:00,0.0008059535405726681,-0.00014305938826608688,0.0007473567469871156,0.00045282555966386084
2024-05-10 00:00:00+00:00,0.003565660040904417,0.005018597937033409,0.004104083031766459,0.0028040132809283858
2024-05-11 00:00:00+00:00,-0.0036885873605039254,-0.004914814323425332,-0.0038499175956300258,-0.003331779712764882
2024-05-12 00:00:00+00:00,0.000870735585678073,0.0022171830275214965,0.00332928328513038,0.002942043737941491
2024-05-13 00:00:00+00:00,0.010143293840170653,0.009262505642367858,0.011469574403740301,0.00871310505578915
2024-05-14 00:00:00+00:00,0.0022135737877091444,0.0025372590677092965,0.004550623377504337,0.0035426166831828976
2024-05-15 00:00:00+00:00,-0.0013462448320933351,-0.0005526048942902095,-0.0011722379946708106,-0.001111380301927034
2024-05-16 00:00:00+00:00,0.005128541545502907,0.005777644440881469,0.005546918075262752,0.0057120367657952364
2024-05-17 00:00:00+00:00,-0.007453854846764529,-0.008051989257880976,-0.005917338900745861,-0.005642519098717935
2024-05-18 00:00:00+00:00,0.00039523403636532173,0.0008323194684958235,0.0003658869814628929,0.0008087670810132952
2024-05-19 00:00:00+00:00,0.006739269539647319,0.006551931245103004,0.00667241075787639,0.006170505488673594
2024-05-20 00:00:00+00:00,-0.011590548482519836,-0.012738982262263998,-0.01468027249155035,-0.011468380443337978
2024-05-21 00:00:00+00:00,-0.01191878410084335,-0.012040291061631403,-0.01065591101938368,-0.008806607978381953
2024-05-22 00:00:00+00:00,-0.0065631630008911035,-0.0048738228223838,-0.00309996541194113,-0.0014564089574093941
2024-05-23 00:00:00+00:00,0.00041493770682410336,0.0010583386486926472,0.0007117522334054716,0.0013455754503453043
2024-05-24 00:00:00+00:00,0.0011174608877648762,0.0002464943026099231,-0.0011477455658827074,-0.0016898035872053851
2024-05-25 00:00:00+00:00,-0.005744735977899373,-0.006992226342464325,-0.006466638367385036,-0.008437528986723453
2024-05-26 00:00:00+00:00,-0.004062575486863285,-0.003649937598859232,-0.003616904754978112,-0.004589204577537198
2024-05-27 00:00:00+00:00,-0.007984717267899288,-0.009759698490033886,-0.008851395777968007,-0.011238979425916229
2024-05-28 00:00:00+00:00,-0.003975230919979755,-0.0028839479040414506,-0.0004873088700598771,0.00037627576662413453
2024-05-29 00:00:00+00:00,0.0015027511483423073,0.001179696706308686,-0.00029335439410216324,0.0009596069318600353
2024-05-30 00:00:00+00:00,-0.0017037978334040194,-0.002390275152022725,-0.0036237957551297217,-0.0050490183879439154
2024-05-31 00:00:00+00:00,-0.0015705219687806027,-0.0009241197766196585,0.0006118781442783217,0.00018772885541706863
2024-06-01 00:00:00+00:00,-0.0004929038126164631,-0.00022910227289008045,-0.0008300295342191788,-0.001497258559234771
2024-06-02 00:00:00+00:00,-0.00021440988686216578,-0.0009587301049491792,-0.003528854331139031,-0.0037740779564372495
2024-06-03 00:00:00+00:00,-0.0010354048185720055,-0.001449363948302973,-0.0015208364257006668,-0.000983556594418844
2024-06-04 00:00:00+00:00,-0.00674187347846289,-0.005764608111106795,-0.003853035216138778,-0.0029753860739143434
2024-06-05 00:00:00+00:00,-0.006547805206493118,-0.005306671904048543,-0.0049157416807980026,-0.004019852417762704
2024-06-06 00:00:00+00:00,0.0025114048414527357,0.0031897156969036278,0.0022961264046461594,0.0017465497725530632
2024-06-07 00:00:00+00:00,0.009987733309139601,0.008600455418404929,0.008145036738292921,0.009682410151548693
2024-06-08 00:00:00+00:00,-0.0006684139659751676,-0.00025382675830309953,0.002494643203154734,0.0015358611503444308
2024-06-09 00:00:00+00:00,-0.0033360881606125936,-0.0023031998220189864,-0.001484645570618337,-0.0011111264897075701
2024-06-10 00:00:00+00:00,0.00135712510869479,0.0030566842491097646,0.003511417757005697,0.0039554357065456625
2024-06-11 00:00:00+00:00,0.004511014699851046,0.0036358409171293182,0.0033870052652997806,0.003243590400816343
2024-06-12 00:00:00+00:00,-0.004310761555354037,-0.006337111620334568,-0.00776353906627103,-0.008279800171660079
2024-06-13 00:00:00+00:00,0.005369067695850216,0.0069964634487453825,0.0056594801928564475,0.007520884279273554
2024-06-14 00:00:00+00:00,-0.0003703871042383122,-0.0028508797450030876,-0.0026238898950393663,-0.0027265396400700803
2024-06-15 00:00:00+00:00,-0.004808927920360029,-0.004279574143721709,-0.0037174436345331907,-0.004685794717562808
2024-06-16 00:00:00+00:00,-0.0024478467013210325,-0.002156843015237664,-0.0010480947269779772,-0.002356064089364951
2024-06-17 00:00:00+00:00,0.01370278900171562,0.01463184766199177,0.0127782878563234,0.016230507643966385
2024-06-18 00:00:00+00:00,0.007941529671234848,0.00982135582401944,0.008009521241957529,0.010186343618923344
2024-06-19 00:00:00+00:00,-0.005205898651504004,-0.005085185937850123,-0.00428441985068051,-0.0041991086663217825
2024-06-20 00:00:00+00:00,-0.00043233362541172937,-0.0007881902527505646,-0.001516431453997047,-0.0013320113871313488
2024-06-21 00:00:00+00:00,-0.0002065906342273438,0.0006190333450724061,0.0016051174623119557,0.0012466653855338627
2024-06-22 00:00:00+00:00,-0.0045975307908382446,-0.002615153033239226,-0.001485130217541264,-0.0020552706606954407
2024-06-23 00:00:00+00:00,0.009306032144428267,0.007545108158276692,0.005822789611187762,0.006081110167012849
2024-06-24 00:00:00+00:00,-0.013005605245564156,-0.012911205368807854,-0.011097159869555173,-0.011816457455684493
2024-06-25 00:00:00+00:00,-0.0029819864898097403,-0.003044660837313029,-0.005416525605189237,-0.004999667543307051
2024-06-26 00:00:00+00:00,0.006714321170754323,0.007405610458437462,0.008392513069067187,0.008033919626311281
2024-06-27 00:00:00+00:00,-0.00015920564707050389,-0.0006149532135346636,-0.003964439471394132,-0.004237506294179738
2024-06-28 00:00:00+00:00,0.00722046047455116,0.007130460408324657,0.006353594407803476,0.007751082212815064
2024-06-29 00:00:00+00:00,-0.003540767222973029,-0.002819478530856956,-0.0024081108074532898,-0.001502753668363943
2024-06-30 00:00:00+00:00,-0.004231668155611268,-0.004748353432947661,-0.009417824169322908,-0.007852498331489821
2024-07-01 00:00:00+00:00,0.005899422603979021,0.0069504472801644734,0.007705108673009109,0.007511484827236847
2024-07-02 00:00:00+00:00,-0.0008136463981638364,-0.0009534091591476557,-0.00018543469909293453,0.0006801862152245874
2024-07-03 00:00:00+00:00,0.005019823365282061,0.0033084507802174645,0.0058379521760847375,0.005850837683065047
2024-07-04 00:00:00+00:00,0.004705237290404396,0.009406765489107238,0.009873913308350524,0.010840539575398989
2024-07-05 00:00:00+00:00,0.004551381604201321,0.006879407118480119,0.00965859299932914,0.011376247409011997
2024-07-06 00:00:00+00:00,-0.009381541693376794,-0.010356420773153241,-0.013851017424516554,-0.019217671500996958
2024-07-07 00:00:00+00:00,-0.0005778288606175241,-0.0014455859143206462,-0.0022738440249415737,0.0001080659859955535
2024-07-08 00:00:00+00:00,-0.0001552764677327234,0.0027825767444227267,0.002145061913584545,0.0028034673839048008
2024-07-09 00:00:00+00:00,-0.0025277419161440218,-0.0026711035220993162,-0.003391560398141258,-0.0034931086887156626
2024-07-10 00:00:00+00:00,-0.0011022684405361804,-0.0004095126468108834,-0.0016669023973182595,-0.00034915508113575466
2024-07-11 00:00:00+00:00,0.0073113592226388135,0.005256144296556631,0.006314143962347307,0.006582726116144633
2024-07-12 00:00:00+00:00,-0.0006067809737293484,0.000323226878145233,-0.0002788762184565696,-0.0004904335922030212
2024-07-13 00:00:00+00:00,0.0039274572598031465,0.0036509096853920564,0.005001457921587793,0.005096195713454987
2024-07-14 00:00:00+00:00,-0.0036062321860852453,-0.006071112441816462,-0.008488575917744767,-0.0070308200834431345
2024-07-15 00:00:00+00:00,-0.011774239549958487,-0.012159627690404684,-0.014616379708893401,-0.01157599946660326
2024-07-16 00:00:00+00:00,0.005140193040955365,0.0038849222026102748,0.004200710589328471,0.003910377155948774
2024-07-17 00:00:00+00:00,-0.0044302045829311965,-0.0025955442859113553,-0.0008131478252718649,-0.0006325792252832585
2024-07-18 00:00:00+00:00,-0.003219675352726492,-0.004355714483930795,-0.004587512814649974,-0.003023794964589488
2024-07-19 00:00:00+00:00,0.0035642430486244603,0.0012174413939860518,-0.0024221125555438094,-0.000605860790176993
2024-07-20 00:00:00+00:00,-0.0031259326752721694,-0.003696299132147196,-0.006573277568586167,-0.0044293789290978935
2024-07-21 00:00:00+00:00,-0.005966985347666598,-0.006715780482018374,-0.004523100945523217,-0.006187342114827632
2024-07-22 00:00:00+00:00,0.005730195164885599,0.004974487764334734,0.004434691103785138,0.005538558285420159
2024-07-23 00:00:00+00:00,-0.005376343150487406,-0.003076572394743682,-0.003492885410657509,-0.003935878000923876
2024-07-24 00:00:00+00:00,0.004141411576203291,0.004899024022605891,0.004979433439575409,0.005420861970204527
2024-07-25 00:00:00+00:00,0.005074645127096877,0.00640573540276379,0.005112982980949754,0.005103190394055046
2024-07-26 00:00:00+00:00,-0.005078044968968576,-0.004958679528346499,-0.003476518243095139,-0.0026108838233467324
2024-07-27 00:00:00+00:00,0.0004349001555776777,0.00012772049033094035,-0.00025587050096431696,-0.0006373349073275358
2024-07-28 00:00:00+00:00,0.003102557972266995,0.0028258797361708776,0.0024804253372576746,0.0027457466248779205
2024-07-29 00:00:00+00:00,-0.004256591195396564,-0.0029515768444760004,-0.0017405429174914833,-0.002214023884063887
2024-07-30 00:00:00+00:00,-0.0012818790155645354,0.0004105640409879374,0.0033865424259607035,0.0019046181692543573
2024-07-31 00:00:00+00:00,-0.0007548415246574347,0.00012185245617346574,0.00069310373651299,-0.0010029032563046991
2024-08-01 00:00:00+00:00,0.004991896763080428,0.003516448289916374,0.001177253970567893,0.0008613969617752293
2024-08-02 00:00:00+00:00,0.003204187043837292,0.005427363907811955,0.005334136322435734,0.0034666621770360617
2024-08-03 00:00:00+00:00,0.008120928826503837,0.0076784306744563935,0.00654651603358003,0.0036019632486783415
2024-08-04 00:00:00+00:00,-0.005261611480195105,-0.008003031337914357,-0.0022356391774908113,-0.004403511181063968
2024-08-05 00:00:00+00:00,0.012159934178220144,0.006881340047081963,0.009934201057864689,0.009733908608744235
2024-08-06 00:00:00+00:00,-0.0005663153450706782,0.0032700487775076947,0.0011103434094867914,-0.0010751614127241238
2024-08-07 00:00:00+00:00,0.01001413081759317,0.013550897529732264,0.0062034889926774195,0.00848505403480293
2024-08-08 00:00:00+00:00,-0.005055641342058603,-0.011173392768697554,-0.011418221360747105,-0.012082472010245482
2024-08-09 00:00:00+00:00,-0.0050028241298529785,-0.0006276585576806548,0.00022262311940801638,0.0013369368111155744
2024-08-10 00:00:00+00:00,-0.0025247977726005066,-0.002004858588191105,-0.0014535189232219858,-0.0010723177708870102
2024-08-11 00:00:00+00:00,0.000810199590665972,0.0024569963400897787,0.0019803014683674736,0.0020865367107110178
2024-08-12 00:00:00+00:00,0.0018856579658905748,-0.002652217939728807,-0.005653791597943658,-0.005263854463686712
2024-08-13 00:00:00+00:00,-0.0002599843376697164,-0.0022903621884537984,-0.0033693728648825916,-0.0018436230744837134
2024-08-14 00:00:00+00:00,0.004618254818666401,0.0035668242965660735,0.004086423788250526,0.0037498137069489346
2024-08-15 00:00:00+00:00,-0.0005368571238281161,-0.0007252348543981268,-0.0002894736366527706,0.0003620661643872758
2024-08-16 00:00:00+00:00,0.004493390982895029,0.002351479359445241,0.0031371615803164055,0.002539801553677945
2024-08-17 00:00:00+00:00,-0.010373151755384669,-0.010854749538241504,-0.00962917018856213,-0.012569263255556407
2024-08-18 00:00:00+00:00,0.0006674008508444906,0.0003699656343101321,0.0015422035479433216,0.0011495029593138195
2024-08-19 00:00:00+00:00,0.008369079398758972,0.005108503513143514,0.004878092983213955,0.003353667941335736
2024-08-20 00:00:00+00:00,0.008833399979906176,0.007059428851486693,0.007923831975479967,0.0051728200820457815
2024-08-21 00:00:00+00:00,-0.002615548125911582,-0.004871272917676417,0.000158130125941236,-0.0018296051873537555
2024-08-22 00:00:00+00:00,-0.005173177725256495,-0.0041006141163046905,-0.006722148094269298,-0.005568423130594469
2024-08-23 00:00:00+00:00,-0.01560441530165213,-0.018088904540367712,-0.016026984160578905,-0.01472769572079935
2024-08-24 00:00:00+00:00,-0.002685560595886538,-0.0013729059113143371,-0.000860574160440053,-0.0025197419832674317
2024-08-25 00:00:00+00:00,0.008194440533827452,0.008002236796643691,0.00904900514534357,0.006727349647068337
2024-08-26 00:00:00+00:00,0.013810112768403604,0.013868285058630248,0.011595949263764727,0.009736171673480953
2024-08-27 00:00:00+00:00,-0.003013773867059255,-0.002626138171149317,0.0003028155773681096,0.0007257092979604529
2024-08-28 00:00:00+00:00,0.00040575064643610936,0.0001397150731758945,0.0017401383015462901,0.0013934098453847188
2024-08-29 00:00:00+00:00,0.0012625935516610287,-0.0003229484238647107,-0.0013501246296089287,0.00013487461476224816
2024-08-30 00:00:00+00:00,0.002065168671232964,0.0031482069904371635,0.0016889713303100962,0.000990420129834746
2024-08-31 00:00:00+00:00,0.0007039448981378538,0.0007851194851218324,0.000855828574382711,0.00028837715681162557
2024-09-01 00:00:00+00:00,0.0008899780545184033,0.001106104104619865,0.0021649943844794795,0.0020166255694287205
2024-09-02 00:00:00+00:00,-0.006630042166977712,-0.0064274070902534675,-0.0065967332675686,-0.004367570306492152
2024-09-03 00:00:00+00:00,-0.002566405609329414,-0.001616822765378556,-0.0005784954811184351,0.00016891464919965848
2024-09-04 00:00:00+00:00,0.0007560404243449614,-0.00040441313472106,0.00030875424281928687,3.7079038755605254e-05
2024-09-05 00:00:00+00:00,-0.003675242763769182,-0.0013433663516990713,-0.0019407505835555838,-0.0017533869972525817
2024-09-06 00:00:00+00:00,-0.0020660654886544005,-0.001090263825821003,-0.0031098054602402003,-0.0017044300955441072
2024-09-07 00:00:00+00:00,0.0016289702326395261,0.0009726795687701184,0.0025095351207420347,0.0018923685960570147
2024-09-08 00:00:00+00:00,-0.0011127571392807178,-0.0032419866902446692,-0.003869361265431026,-0.003625729186472526
2024-09-09 00:00:00+00:00,-0.005507842970901677,-0.007646407160986524,-0.006660328225199796,-0.006827922796383112
2024-09-10 00:00:00+00:00,-0.005767447637839984,-0.0058615300226743106,-0.0026455293778188116,-0.0014293367095910003
2024-09-11 00:00:00+00:00,-0.001975699446455703,-0.0009071529645647836,0.00010796187012318548,0.001197704815022016
2024-09-12 00:00:00+00:00,-0.0038420165542388807,-0.0029583568787395764,-0.00337117699091527,-0.0009071651511692869
2024-09-13 00:00:00+00:00,-0.0014281292081175234,-0.0035839522908391874,-0.004407251458796946,-0.00378519018002188
2024-09-14 00:00:00+00:00,-0.002492901216142651,-0.0015466392100549342,-0.0010872264990379188,-0.0011879352054626757
2024-09-15 00:00:00+00:00,0.009663874584062482,0.010646689703074141,0.010472111161566877,0.008433739708122445
2024-09-16 00:00:00+00:00,0.003341915382692573,0.00399143239128974,0.004948455066190682,0.0030195460454907064
2024-09-17 00:00:00+00:00,0.005163358207218138,0.0027132909448812637,0.00041954650604880683,-0.0009621020276828762
2024-09-18 00:00:00+00:00,-0.0007626685646678899,-0.0008781476064030347,0.0012065232477298515,0.0009652648799554076
2024-09-19 00:00:00+00:00,-0.0013700932196744064,-0.0038515656469572113,-0.000776010900614188,-0.0004605937878550126
2024-09-20 00:00:00+00:00,-0.004082549938721924,-0.0035241483394057305,-0.002162678074809743,-0.0014318623851673484
2024-09-21 00:00:00+00:00,0.0036036824693943537,0.0018838186529483991,0.002076081785819195,0.0005394195689438774
2024-09-22 00:00:00+00:00,0.0066137877587009175,0.004286807387833713,0.004943412989501628,0.004677113421878598
2024-09-23 00:00:00+00:00,-0.013362675036268534,-0.012563183943092415,-0.012907149111717975,-0.01293127691799234
2024-09-24 00:00:00+00:00,-0.004102868170938745,-0.0024107182642088,-0.002303941761582662,-0.002319867271579845
2024-09-25 00:00:00+00:00,0.004859866946274494,0.0015008000912954955,-0.0014335592383997176,-0.00027999428448255426
2024-09-26 00:00:00+00:00,0.0019367850818912125,-0.0013060194120689816,-0.0025741643191898866,-0.0034273247802627527
2024-09-27 00:00:00+00:00,-0.013121745726042966,-0.011717994732767911,-0.010855152998734852,-0.010991325646088734
2024-09-28 00:00:00+00:00,0.003365070165857631,0.004186246236281388,0.003602989752141683,0.0034826137570069804
2024-09-29 00:00:00+00:00,0.0057949620238717525,0.009169902375687489,0.010209757967815092,0.010018614775038515
2024-09-30 00:00:00+00:00,0.009706112380203802,0.01025788110475645,0.010598811419735288,0.010864404873549782
2024-10-01 00:00:00+00:00,0.01329627261042532,0.011990793602321359,0.016418240883159907,0.019415912542063873
2024-10-02 00:00:00+00:00,-0.004488947390169473,-0.0025392290106777127,-0.0011729586053762509,-0.0016640680104318406
2024-10-03 00:00:00+00:00,-6.0715018865287185e-05,0.0023700114152636065,0.0002198155905566157,0.0003621514717719876
2024-10-04 00:00:00+00:00,0.00668156116651053,0.004221619450394343,-0.0025121785961075283,-0.0006511355036341593
2024-10-05 00:00:00+00:00,0.005788677839968059,0.005425611996998425,0.006329273054510809,0.00655264915785736
2024-10-06 00:00:00+00:00,-0.01157398231961726,-0.011098425330926531,-0.009950498419731946,-0.008714489518345192
2024-10-07 00:00:00+00:00,-0.0007527760209644629,-0.003218223785714347,-0.005003629071951954,-0.004749314480441802
2024-10-08 00:00:00+00:00,-0.002160996253523506,-0.0012118660197110165,-0.001058485300073908,-0.0013175515512883207
2024-10-09 00:00:00+00:00,-0.0010816679332212864,-0.00013190857489875363,0.0011976579692780653,0.00031789146320004846
2024-10-10 00:00:00+00:00,-0.005519837182249132,-0.0012250458983534829,0.00015807686043478597,0.0008279786251725874
2024-10-11 00:00:00+00:00,-0.0019078924092572613,-0.005263619669273467,-0.004864998999354109,-0.006960792651727665
2024-10-12 00:00:00+00:00,-0.006856112114875024,-0.00495391654605537,-0.0042717915380116045,-0.004236372864537263
2024-10-13 00:00:00+00:00,0.0013021453428327945,0.0012907004665447808,0.002223331278259577,0.0013222298523205556
2024-10-14 00:00:00+00:00,-0.011384261668484275,-0.015087389112599547,-0.009336923826156251,-0.011249461334516986
2024-10-15 00:00:00+00:00,0.004786190690134973,0.0026188106363156383,0.0007276731034366879,0.0011646761342558598
2024-10-16 00:00:00+00:00,0.009893524950010057,0.007519677397032298,0.005715401990921798,0.008141391142017618
2024-10-17 00:00:00+00:00,0.0016413820720677652,0.0018393319737803893,0.0031238135921169974,0.0020101012352835568
2024-10-18 00:00:00+00:00,-0.0028188388575153267,-0.006877757835945242,-0.006133907987558418,-0.009037148873880962
2024-10-19 00:00:00+00:00,0.0041152238844544,0.0034729592824269684,0.0018707528392143402,0.0006955640940395913
2024-10-20 00:00:00+00:00,-0.0020650324254015695,-0.003736857298035412,-0.0032101977543291804,-0.004627891084335145
2024-10-21 00:00:00+00:00,0.011762216279236792,0.009407087255077995,0.005405097411687043,0.007752950345780718
2024-10-22 00:00:00+00:00,-0.003012826631529575,-0.0027482286169296932,-0.0019981325094455826,-0.00033522618828174533
2024-10-23 00:00:00+00:00,0.009387019314337053,0.009929289324528634,0.00864304948168293,0.009730335694641656
2024-10-24 00:00:00+00:00,0.005788315550159462,0.0032194060888972587,0.004955548304185209,0.004591682023002308
2024-10-25 00:00:00+00:00,0.013314506922217362,0.012453491406105632,0.013363198258458109,0.01624783747658487
2024-10-26 00:00:00+00:00,-0.0009867118747231007,-0.0019297326452043517,-0.0036884395544311,-0.003442925764502336
2024-10-27 00:00:00+00:00,-0.0074049932214459435,-0.009229230219493179,-0.010844012649354307,-0.007180574763720915
2024-10-28 00:00:00+00:00,0.007610227808561909,0.004576603004639024,0.0035663879669487475,0.003987106720447553
2024-10-29 00:00:00+00:00,-0.0019531245914012896,-0.003513716520818111,-0.0021326799364729254,-0.0026605604185552245
2024-10-30 00:00:00+00:00,-0.0005128379937311411,-0.00036804080192731625,0.0008922173032090974,-0.0006107647757356283
2024-10-31 00:00:00+00:00,-0.0021158167678408946,0.00013178826523785325,0.0034284483317692516,0.0026867575442388603
2024-11-01 00:00:00+00:00,0.0022108106638016878,0.0012219120062650912,0.0010793392790418022,0.0006637585548034952
2024-11-02 00:00:00+00:00,0.005566591778312535,0.006049157507302727,0.008159157873676826,0.008522920092538078
2024-11-03 00:00:00+00:00,-0.0007499956789674966,-0.001756314312091778,-0.0009507199274236822,-0.0013831086559710215
2024-11-04 00:00:00+00:00,0.003820601692484882,0.0033475843950574458,0.002181575710695993,0.002102932092070686
2024-11-05 00:00:00+00:00,-0.006680109822321145,-0.006549409536471318,-0.006217639290194699,-0.006560221314360737
2024-11-06 00:00:00+00:00,-0.01659574122777019,-0.018037188561058848,-0.016407592235410773,-0.018384626901875034
2024-11-07 00:00:00+00:00,0.0005515288852493416,0.0001644622586780553,0.0015997783929222464,0.0033762065473519343
2024-11-08 00:00:00+00:00,0.006720798002119777,0.0051437444675532795,0.00493692394277323,0.006513602828127629
2024-11-09 00:00:00+00:00,-0.015222674549540072,-0.02040619772516783,-0.022124271678953145,-0.02123919660072915
2024-11-10 00:00:00+00:00,-0.001736846070278797,-0.0011179850393727708,-0.0014795073861222363,-0.0012514082802937976
2024-11-11 00:00:00+00:00,0.011185922315083419,0.008256176209731958,0.008154816760821415,0.007370020808595168
2024-11-12 00:00:00+00:00,0.0033260515491388976,0.004266702842125936,0.009364875444596299,0.008476226637902151
2024-11-13 00:00:00+00:00,-0.007978260617579003,-0.0060367291553818925,-0.0036343727222588607,-0.0027132868412725886
2024-11-14 00:00:00+00:00,-0.0038794012604381756,-0.0027929783773756878,-0.0018357105751651837,0.0005565211280949001
2024-11-15 00:00:00+00:00,1.7515173605264778e-05,-0.0007588036213526106,-0.0012149010990623044,-0.0009374460246659444
2024-11-16 00:00:00+00:00,0.014477601540158869,0.015003215864773045,0.015414502416938314,0.017876351049576522
2024-11-17 00:00:00+00:00,-0.007010008037855009,-0.004803476188606992,-0.0028778278360434006,-0.0016365252669336972
2024-11-18 00:00:00+00:00,0.011985069313710461,0.008770804927908493,0.005716227903304505,0.005148515249880692
2024-11-19 00:00:00+00:00,0.005226159017891696,0.005120625623644237,0.0056755880998060615,0.006291203443827387
2024-11-20 00:00:00+00:00,0.009674912618997222,0.01194409712644351,0.015004379109033072,0.014452960699430584
2024-11-21 00:00:00+00:00,0.004335928895783825,0.0035887937166669825,-0.0013876160525448933,0.0003468454212764982
2024-11-22 00:00:00+00:00,0.013541770661443131,0.016593452375197604,0.016895276626789357,0.0194775538130163
2024-11-23 00:00:00+00:00,0.002579912389570227,0.0020799978022734145,0.000684661068705239,5.826658871543877e-05
2024-11-24 00:00:00+00:00,-0.0004413721983483887,-0.0006708964018681263,-0.0020188297098041597,0.0004434308110337071
2024-11-25 00:00:00+00:00,0.0018782029442812043,-0.0009154222832015169,-0.003287912642428892,-0.003953098480608097
2024-11-26 00:00:00+00:00,0.006892664381710878,0.005204811067819115,0.0036362794625979245,0.003077315595982455
2024-11-27 00:00:00+00:00,-0.0016529704200094475,-0.0017572870565849552,-0.0029002663100842208,-0.0029804369372802286
2024-11-28 00:00:00+00:00,0.0001169712957385105,0.000828646630699037,0.0007964173682888376,-0.0005116348965465978
2024-11-29 00:00:00+00:00,0.0009219713244168481,0.001806895672591624,0.0014892874735741302,0.003320972188298077
2024-11-30 00:00:00+00:00,0.003133270235955221,0.0040655853497357786,0.002732350971477615,0.0035025184221195715
2024-12-01 00:00:00+00:00,0.004258578251974399,0.005100442875364264,0.002825286035426755,0.004826147311730589
2024-12-02 00:00:00+00:00,0.014634521356121422,0.012973757856130197,0.007879503670565668,0.0107955285098853
2024-12-03 00:00:00+00:00,-0.006060140284180893,-0.005186046327519067,-0.0026079306572674987,-0.0024506004108919566
2024-12-04 00:00:00+00:00,0.0013761334783923829,0.0008275851547088209,0.0008202116642914703,-0.0005260991163599238
2024-12-05 00:00:00+00:00,-0.004168640267993018,-0.0052014419037828,-0.008130457782312916,-0.008880806924090545
2024-12-06 00:00:00+00:00,0.009899617019977436,0.0069661845613153695,0.005919917430106558,0.006723025880550182
2024-12-07 00:00:00+00:00,-0.010452824953804174,-0.009005813860472833,-0.008971344059312214,-0.009249208852149082
2024-12-08 00:00:00+00:00,0.0011484454412897804,0.0005169706064480639,0.001901137541476583,0.002264343895746146
2024-12-09 00:00:00+00:00,0.003357103710300624,0.0051096399068220055,0.00475164164555153,0.006638472259455019
2024-12-10 00:00:00+00:00,0.0027696329826172317,0.0022440972888231325,0.003301536826550766,0.004680288253654075
2024-12-11 00:00:00+00:00,-0.002482412209711571,-0.002931568040749677,-0.004226879127487315,-0.003556029606102573
2024-12-12 00:00:00+00:00,0.00039136573749387615,0.0003165754854543845,-0.00021376695849606442,0.0003351173606980229
2024-12-13 00:00:00+00:00,0.0007886317745873228,0.0001318782840942223,-0.000422684348175828,0.0003807456246001095
2024-12-14 00:00:00+00:00,0.002253678843307183,0.002743838490377515,0.0023571385644682863,0.0019128358322986205
2024-12-15 00:00:00+00:00,-0.0010155395453905758,-0.0006888949353436313,-0.0011983099258057184,-0.0014816859399425786
2024-12-16 00:00:00+00:00,0.0052825564421594695,0.005030508521109089,0.003688958877702042,0.0039261672619665955
2024-12-17 00:00:00+00:00,0.0028778542801282114,0.0026692171974249668,0.0034600938338571474,0.0035949092212756995
2024-12-18 00:00:00+00:00,0.004394918584305518,0.0018695103786281475,0.002477555895143091,0.0033107377903225377
2024-12-19 00:00:00+00:00,0.0062342831610289196,0.0042978245638753965,0.0044895943158280716,0.005426376276114642
2024-12-20 00:00:00+00:00,-0.0003022969179334867,-0.0027375221331223942,-0.005585398242579531,-0.004167253812986993
2024-12-21 00:00:00+00:00,0.0028907426571909145,0.0026243114497546127,0.003501277646019485,0.003963540765030249
2024-12-22 00:00:00+00:00,-0.0040129699312084766,-0.0028752524189725737,-0.0025002180204604096,-0.0030827171983219825
2024-12-23 00:00:00+00:00,-0.0014166703930257318,-0.0016143475707309785,-0.003726894765614719,-0.00221882410587515
2024-12-24 00:00:00+00:00,-0.005850223479523464,-0.0035372252724347186,-0.0027354383157502937,-0.0015862438148958047
2024-12-25 00:00:00+00:00,0.0039002919721098372,0.003592659014084898,0.003844134813865363,0.003779666935950887
2024-12-26 00:00:00+00:00,0.0031710672422800013,0.0019124418390727982,0.0008263440041966774,0.0003184836477116981
2024-12-27 00:00:00+00:00,-0.00396722592940324,-0.0045275889946807535,-0.004318577649829125,-0.004687974673887374
2024-12-28 00:00:00+00:00,0.00508633343391196,0.004276811337707187,0.00462022607250101,0.004913096343028167
2024-12-29 00:00:00+00:00,0.004090314189737709,0.0033019962063103314,0.002626442552241981,0.002750456002897028
2024-12-30 00:00:00+00:00,0.0017388428620956908,0.0006021292965530112,-0.0010017462488310924,-0.001516848091164369
2024-12-31 00:00:00+00:00,0.002111131715771375,0.0016485336738942813,0.001333527155592984,0.0009724891167381955
2025-01-01 00:00:00+00:00,-0.0024114228548376415,-0.00411325099044102,-0.0018651369724651534,-0.002552323343068763
2025-01-02 00:00:00+00:00,-0.003109780724199762,-0.0033812148537869513,-0.004294200351387167,-0.0022280252535037404
2025-01-03 00:00:00+00:00,-0.0031878950686321517,-0.006677432344847745,-0.006508840112078418,-0.007259315195252025
2025-01-04 00:00:00+00:00,0.0025251407395443515,0.0015439194689452762,0.0006357430096124439,0.0007976498045465519
2025-01-05 00:00:00+00:00,-0.0067913353227929685,-0.005240174901749106,-0.004350143802313022,-0.0037670223003092307
2025-01-06 00:00:00+00:00,0.004794073277897715,0.004489906161640134,0.0026288325055625616,0.0023438314905954716
2025-01-07 00:00:00+00:00,0.011438384316695638,0.011523541459061537,0.009260375433502555,0.008443252404846335
2025-01-08 00:00:00+00:00,0.010365847976762765,0.009963429714108907,0.008067607036400082,0.009243342853844982
2025-01-09 00:00:00+00:00,0.0046564205621886234,0.007240001459670964,0.006685138669445756,0.005593945280361057
2025-01-10 00:00:00+00:00,0.00017844811704059715,0.0013545252102646899,0.0033671125992775774,0.0010169999239166838
2025-01-11 00:00:00+00:00,0.00614009542810634,0.005401803804691463,0.006265421115465575,0.004930220931996798
2025-01-12 00:00:00+00:00,0.0019717527823079894,0.0016952878059515175,0.0024606299147929,0.002900425975592924
2025-01-13 00:00:00+00:00,0.002307532677882307,-0.0007694475607671336,-0.0024795260533297947,0.0012863799258986397
2025-01-14 00:00:00+00:00,-0.012993616531403185,-0.011186036590691395,-0.009104173172257424,-0.01045876352199937
2025-01-15 00:00:00+00:00,0.0034655723194993993,0.0010240343436844768,0.002081666572511409,-0.00039589239934634257
2025-01-16 00:00:00+00:00,0.008074564406832518,0.01043681416628095,0.009182513243111368,0.009149772504216891
2025-01-17 00:00:00+00:00,-0.0013912049627593515,-0.0032535569897712557,-0.0046431567869410495,-0.004161702055598848
2025-01-18 00:00:00+00:00,0.024850145092067955,0.025693792646556357,0.027295588122294268,0.027025816440601202
2025-01-19 00:00:00+00:00,0.011690462453782136,0.010984099452363116,0.010703477995478439,0.011263717647326477
2025-01-20 00:00:00+00:00,0.00434875985390204,0.006563154301135521,0.004998621145384297,0.005503960029036747
2025-01-21 00:00:00+00:00,-0.0020527377832345595,-0.0013888324763455806,-0.0014186557187200188,-0.0023148778814534587
2025-01-22 00:00:00+00:00,-0.0010427378854308555,-0.00111228604707303,-0.0009947664097392783,-0.0009686487262038357
2025-01-23 00:00:00+00:00,0.0038693446451461,0.003961235683423325,0.00487890693314097,0.003824760114611747
2025-01-24 00:00:00+00:00,0.007951845788342737,0.009047047356820936,0.0077043971321320015,0.007630881510267695
2025-01-25 00:00:00+00:00,-0.0014123645805148577,-0.0019519453577484525,-0.002355763230889818,-0.0022646902296573623
2025-01-26 00:00:00+00:00,0.0015346135216649515,0.00363693128919107,0.002214178939736522,0.00346736756166921
2025-01-27 00:00:00+00:00,-0.003324207215381958,-0.0030007112029493133,-0.0016993921824253189,-0.0002792751844676866
2025-01-28 00:00:00+00:00,0.01894696910275928,0.01916964706272628,0.017431816570192327,0.0174217146360236
2025-01-29 00:00:00+00:00,-0.005916837854738732,-0.006200993776590891,-0.005037495603629538,-0.004893021807385378
2025-01-30 00:00:00+00:00,0.0019814747246018616,-0.0009285554949597374,0.0021115206796002983,-0.0004168514396070133
2025-01-31 00:00:00+00:00,-0.0015464120751623733,-0.0022553038510209067,-0.00327647041667678,-0.002229333940829692
2025-02-01 00:00:00+00:00,0.014861555002599447,0.01673541252084565,0.0168682276438199,0.013064368324032793
2025-02-02 00:00:00+00:00,0.0009594779285266863,0.00029175926593727475,-0.0008378648097882024,-0.00037240127555271396
2025-02-03 00:00:00+00:00,-0.009669601851362009,-0.006875321594475348,-0.009240203070050801,-0.007720352362357796
2025-02-04 00:00:00+00:00,0.003368928732027321,0.0031816121249190754,0.003457376975372739,0.004512592594808407
2025-02-05 00:00:00+00:00,0.003129888077035625,0.002957068525711426,0.003125805100606449,0.0024642651853714614
2025-02-06 00:00:00+00:00,0.007342382573772399,0.009275437144082854,0.008873528676931697,0.007579710121210059
2025-02-07 00:00:00+00:00,0.003204323330818548,0.0029985931185232406,0.003100258925213817,0.002344726539303954
2025-02-08 00:00:00+00:00,-0.010126095085815412,-0.010265747818575588,-0.010769547532177182,-0.00927595186210406
2025-02-09 00:00:00+00:00,0.006634798882394266,0.00720522670891488,0.007971570852187915,0.005532513525968508
2025-02-10 00:00:00+00:00,-0.0022819676893079954,-0.0032675033775625417,-0.003974276438799329,-0.001364207900617087
2025-02-11 00:00:00+00:00,-0.0036835813226615555,-0.0004032063488721427,-0.0007749906317180422,-0.0012063757905856898
2025-02-12 00:00:00+00:00,-0.0034824901196444102,-0.002242350195744147,-0.0028012690923531203,-0.003106378812928745
2025-02-13 00:00:00+00:00,0.006711415861472503,0.0053556197116571,0.004998284911531092,0.00409898031305822
2025-02-14 00:00:00+00:00,-0.005366038968238729,-0.004137680546716371,-0.004234719560505473,-0.003604250450777613
2025-02-15 00:00:00+00:00,0.009114730986206743,0.009467574767670017,0.008891790280270095,0.00730877844010025
2025-02-16 00:00:00+00:00,-0.0029931840308088375,-0.0021319653489658696,-0.0018181289474745732,-0.001465455636391888
2025-02-17 00:00:00+00:00,-0.0006223389629459453,-5.688945378889976e-05,-0.001364214092871796,-0.00012848845241864026
2025-02-18 00:00:00+00:00,0.00025235643146936937,-9.963095170828495e-05,-0.00015918084626065365,0.000799629108439337
2025-02-19 00:00:00+00:00,0.006049946604797185,0.00720354480232599,0.007297761539461156,0.0060334665814743005
2025-02-20 00:00:00+00:00,-0.013110423544818839,-0.01203400793824938,-0.011041463323568146,-0.00868214984030935
2025-02-21 00:00:00+00:00,0.0019106694674764224,0.002398178159714881,0.0007831063524006421,0.0003260835732958878
2025-02-22 00:00:00+00:00,-0.01754538069371714,-0.016706199733472316,-0.015880236782686463,-0.014049606896696543
2025-02-23 00:00:00+00:00,0.012486945570532537,0.012303771159370314,0.010982580462260527,0.008860599159486782
2025-02-24 00:00:00+00:00,0.0023144655263265257,0.0004343276536762364,0.0008776150272791217,0.0003450105855926644
2025-02-25 00:00:00+00:00,-0.010031617737397247,-0.010247517796658667,-0.00999637602698189,-0.010652532127327197
2025-02-26 00:00:00+00:00,-0.014905630730224328,-0.014148229986661542,-0.013111313532607527,-0.012396100924547682
2025-02-27 00:00:00+00:00,0.003244929118581652,0.0037822831925378164,0.0033232011794879224,0.0029185501215998055
2025-02-28 00:00:00+00:00,-0.0016904767174483748,-0.0012148201450821183,-0.0025530836228288,-0.004020474593243173
2025-03-01 00:00:00+00:00,0.008659789050946776,0.007465522731153085,0.007324703858612391,0.006705468184533325
2025-03-02 00:00:00+00:00,-0.008286150318436936,-0.005532962461398783,-0.0013811871061684133,-0.0018204301873806505
2025-03-03 00:00:00+00:00,0.006163462264677566,0.004885876417822788,0.0046700086679405395,0.0030763211158111314
2025-03-04 00:00:00+00:00,0.002187492077069031,0.0018239121883467657,0.0018835799965000177,0.002425756853620342
2025-03-05 00:00:00+00:00,3.05382859331349e-05,0.001234221936107227,-0.00013178594338247862,-0.0010093352177253934
2025-03-06 00:00:00+00:00,0.006172256037351165,0.00501186289186939,0.004979303932699519,0.004669938823456565
2025-03-07 00:00:00+00:00,0.0019109802587675695,0.0013717687414538382,-0.00042910354190428546,0.001306792818788871
2025-03-08 00:00:00+00:00,0.001724775509905463,0.0026061025277424044,0.0019639437946263882,0.001648132465603691
2025-03-09 00:00:00+00:00,0.0009836153477060794,0.001152027585707538,0.003123117019206756,0.0024805765689526194
2025-03-10 00:00:00+00:00,0.004208426248218489,0.0035776704164027784,0.0026959712958938287,0.0021744171848603333
2025-03-11 00:00:00+00:00,0.00860169756331497,0.006152057252546417,0.002820517488523855,0.003535793733711934
2025-03-12 00:00:00+00:00,-0.0010057815152653138,-0.0018339501747797193,-0.002481702119121243,-0.002440453644785845
2025-03-13 00:00:00+00:00,0.002761330132389661,0.0034266113937433396,0.0022156208536614486,0.001513493930197951
2025-03-14 00:00:00+00:00,-0.0024390253923152194,0.0004689082280533441,-0.0011394325493210289,-0.00025633650204426317
2025-03-15 00:00:00+00:00,-0.0022363954265623986,-0.002301004388220451,-0.002887553658567965,-0.002772189904257538
2025-03-16 00:00:00+00:00,-0.0033400222679027536,-0.0032581930812743964,-0.0038558791539933246,-0.0037346320664974897
2025-03-17 00:00:00+00:00,-0.007851889389735245,-0.0060371856816942016,-0.004031846122236615,-0.0035943168086048916
2025-03-18 00:00:00+00:00,0.008230588409095851,0.009166933980091718,0.009992332454798358,0.008926155446351336
2025-03-19 00:00:00+00:00,-0.001815520409276905,-0.0021069854627284723,-0.0033146576371423375,-0.0034908857548183736
2025-03-20 00:00:00+00:00,0.0036834555987876882,0.001903515824517088,0.003327263556169191,0.0019970256413195386
2025-03-21 00:00:00+00:00,0.0018636256664210649,0.0019248210681710454,0.0012678263325447414,0.0006510072252279286
2025-03-22 00:00:00+00:00,0.0017349679457092648,0.0019979554785214404,0.0010545137918500647,-2.3803710216263596e-05
2025-03-23 00:00:00+00:00,0.00021929315145796657,0.00021289115065958875,-0.0008482880213305233,-0.0015947498264321514
2025-03-24 00:00:00+00:00,-0.008319209384803572,-0.008854834397346911,-0.009672992742917552,-0.007759536438076253
2025-03-25 00:00:00+00:00,0.0010356946293446079,0.001010708451443021,0.00028136066413075866,0.0008644971062989892
2025-03-26 00:00:00+00:00,0.005382643276494736,0.004922876117272601,0.004844548053860587,0.0038498902312154026
2025-03-27 00:00:00+00:00,-0.005459309097561316,-0.007489435129265587,-0.0066039251289686796,-0.0014005853220783182
2025-03-28 00:00:00+00:00,0.002765705197917967,0.0030910150887559773,0.0014492373916075163,0.0013311070263295477
2025-03-29 00:00:00+00:00,0.0015120563661952247,0.0013488954741514014,0.00022761544212057672,0.0018567596299357003
2025-03-30 00:00:00+00:00,-0.0016366583919633637,7.837679330591207e-05,0.0001481383647901069,-0.0009228897873623243
2025-03-31 00:00:00+00:00,0.010715738055284696,0.012073887731074207,0.01133370444314341,0.011815434797690205
2025-04-01 00:00:00+00:00,0.006442746592524751,0.008102480468734186,0.010437948111923667,0.012511951832905543
2025-04-02 00:00:00+00:00,0.006599661380032762,0.005587484703173384,0.0062186520692835145,0.008006329898776032
2025-04-03 00:00:00+00:00,-0.0006556037963091343,0.0012610816111673362,0.0030288034628993543,0.004108256388904108
2025-04-04 00:00:00+00:00,0.005389113142078683,0.005736190614495484,0.006581656988646767,0.006936443815841686
2025-04-05 00:00:00+00:00,0.0007065618656176831,-0.0016768687863774057,-0.0019048675937904935,-0.0012261077936472908
2025-04-06 00:00:00+00:00,0.0011142798475893834,-0.000938001631138996,-0.0032912495851099566,-0.004223950842792479
2025-04-07 00:00:00+00:00,-0.0048619358911147215,-0.004686896492440695,-0.004234635278833387,-0.004454671782387565
2025-04-08 00:00:00+00:00,0.01091194901290038,0.012448798854079568,0.007855533033223283,0.00985613298776511
2025-04-09 00:00:00+00:00,-0.010009578955702647,-0.011154349121190066,-0.008094499589198834,-0.009157805436169175
2025-04-10 00:00:00+00:00,0.0027080569020905276,0.005526476921944967,0.005771890179005368,0.005362341774033164
2025-04-11 00:00:00+00:00,-0.008980001418613992,-0.008061681942457155,-0.005786761498219994,-0.005757104485250131
2025-04-12 00:00:00+00:00,-0.011483282204537426,-0.010926091210316624,-0.010142638488610745,-0.009396994316428264
2025-04-13 00:00:00+00:00,0.016210143757850792,0.015771209684680265,0.013882542577935197,0.01508443585538588
2025-04-14 00:00:00+00:00,0.00392773091923182,0.004736762627489899,0.005556205751479526,0.005332179563474204
2025-04-15 00:00:00+00:00,0.0005462188642477717,0.001319525894416529,0.002312146977628604,0.00312985919300357
2025-04-16 00:00:00+00:00,0.005340786285092491,0.004900836698114475,0.004196861016585229,0.005545443014643769
2025-04-17 00:00:00+00:00,-0.002776250254353241,-0.003460332327260729,-0.002740388654867698,-0.003011009739109949
2025-04-18 00:00:00+00:00,-0.001088315313203303,-0.00029067434217966426,0.001088284710227816,0.0015052982499537126
2025-04-19 00:00:00+00:00,-0.011424672750138032,-0.0131552588780115,-0.011449188315843184,-0.01077367060247536
2025-04-20 00:00:00+00:00,-0.021742613483243356,-0.018633824540636335,-0.016531748027156623,-0.0162122986640707
2025-04-21 00:00:00+00:00,0.0005155697131655756,-9.310097325099242e-05,-0.002700262492390859,-0.001353122771042603
2025-04-22 00:00:00+00:00,-0.0064722861328097014,-0.008626960507564618,-0.005633429521340827,-0.009918393539876669
2025-04-23 00:00:00+00:00,-0.011307448574344292,-0.009251642177244945,-0.007009816956738857,-0.009294616294968527
2025-04-24 00:00:00+00:00,-0.00382243602621557,-0.0015119693370931886,-0.0012947506497524852,-0.0006085459664982862
2025-04-25 00:00:00+00:00,-0.011024321698085315,-0.009123876541385245,-0.011224586699524863,-0.010138628261286309
2025-04-26 00:00:00+00:00,-0.009699132818327683,-0.007620453249723935,-0.006174969527232732,-0.007507260811570937
2025-04-27 00:00:00+00:00,0.00830206883276996,0.006468469717514802,0.004956883188292238,0.007511445252701199
2025-04-28 00:00:00+00:00,0.000236985417791713,0.0003227532504652686,0.0002763274892245704,-0.00036592741276175733
2025-04-29 00:00:00+00:00,0.003779720032915268,0.00278378320174566,0.0012811669188845798,0.001664377806099182
2025-04-30 00:00:00+00:00,-0.004699166444681158,-0.002156252772121836,-0.0009670849695567751,0.0037893024357882332
2025-05-01 00:00:00+00:00,0.006660388191719324,0.0050378355387716844,0.004430784852305969,0.0038362002426883812
2025-05-02 00:00:00+00:00,0.0014996062501553276,0.0011165229683169908,0.0008984676844707717,0.001851323149993922
2025-05-03 00:00:00+00:00,0.007418286312628641,0.005753774850980609,0.004868112980486394,0.00609630224514035
2025-05-04 00:00:00+00:00,0.000456305005094082,-7.44989572091237e-05,-0.00039708974702645783,-0.0014601600700369088
2025-05-05 00:00:00+00:00,0.0037811401003999823,0.004245707552857914,0.005216619366897435,0.005933478606551024
2025-05-06 00:00:00+00:00,0.006595523023549932,0.005485793635816361,0.005640341572174412,0.00495694319620954
2025-05-07 00:00:00+00:00,0.001410836694537343,0.0006807304621967436,0.0011943848560687087,0.00021451779107195534
2025-05-08 00:00:00+00:00,0.003202347492869073,0.0020162978786208985,0.002824644950984778,0.003991837620847649
2025-05-09 00:00:00+00:00,-0.006274290294290941,-0.007088748234157727,-0.009870323789913926,-0.008503998631433918
2025-05-10 00:00:00+00:00,0.0023949362745723235,0.0004209759675137814,0.0003406511280612534,0.0003710518532902274
2025-05-11 00:00:00+00:00,-0.00313632825896748,-0.002598115950029456,-0.0029592271308547247,-0.0031012479658929504
2025-05-12 00:00:00+00:00,-0.002954831880859321,-0.004608710275031513,-0.0029596067732230447,-0.0034939761692809324
2025-05-13 00:00:00+00:00,-0.004177996821144281,-0.0032810972356538404,-0.0033743524858690366,-0.005907572192082822
2025-05-14 00:00:00+00:00,0.009069397781340083,0.006893896725384874,0.0059840362360688015,0.006577690006587034
2025-05-15 00:00:00+00:00,0.007226468390182816,0.008032129556236445,0.007664414382263063,0.010169135124583839
2025-05-16 00:00:00+00:00,0.0014414819704320347,0.0018601516919611871,0.0017953729114017491,0.002881809697097726
2025-05-17 00:00:00+00:00,-6.395042363527281e-05,0.0004379037810784414,0.00036988971327445164,-0.0001654044529193488
2025-05-18 00:00:00+00:00,0.005673820512424488,0.005234794823272049,0.005345365508144795,0.005439765635583793
2025-05-19 00:00:00+00:00,0.00016035573712525064,0.000902951011321429,-0.0004592963885600154,0.001329188578866436
2025-05-20 00:00:00+00:00,0.00022420286805147072,-8.59255494652933e-05,-0.0011734650214720865,-0.0011095329207504445
2025-05-21 00:00:00+00:00,-0.003017955591019472,-0.0025549570780144526,-0.0008156283141854681,-0.0007293920067760196
2025-05-22 00:00:00+00:00,0.0003301855577351187,-0.0007939277302250192,-0.0030617267558533667,-0.0012196093998165791
2025-05-23 00:00:00+00:00,0.004927544704616649,0.0040626134282995,0.0020425038233760073,0.004286137514006638
2025-05-24 00:00:00+00:00,-0.003555914330639509,-0.003094070526830639,-0.0023816545891244267,-0.002588535511183321
2025-05-25 00:00:00+00:00,0.00693955308925398,0.00820679211283215,0.006779078937283245,0.006453185057413879
2025-05-26 00:00:00+00:00,0.0034702898808238736,0.002528475540954478,0.0034173363813028157,0.003448031433515908
2025-05-27 00:00:00+00:00,-0.010407332223527521,-0.01188744008941034,-0.010107654945046174,-0.011567943228305677
2025-05-28 00:00:00+00:00,0.0043534045027207036,0.004090325841428211,0.0031717532375501456,0.005436827179705839
2025-05-29 00:00:00+00:00,0.00199514166736825,0.0043666432571305425,0.004236141121108261,0.0038736545140256595
2025-05-30 00:00:00+00:00,0.01613412287150684,0.01627283596503948,0.01467635721095406,0.01928760601545565
2025-05-31 00:00:00+00:00,0.0014572355190050068,0.0005759558896054617,-0.002170301364524674,-0.0023099214856840966
2025-06-01 00:00:00+00:00,-0.005818878342702227,-0.006130591972294486,-0.006645916756625958,-0.008001512900568275
2025-06-02 00:00:00+00:00,-0.0013990225278439627,-0.0002430779607707212,0.002117440166534701,0.0016556555015321273
2025-06-03 00:00:00+00:00,0.0005073037429919047,0.0005591191637530635,0.0009552971824231538,0.0021120110161227945
2025-06-04 00:00:00+00:00,0.007186694517945069,0.007291346973098856,0.008064341247735696,0.008351892908544212
2025-06-05 00:00:00+00:00,-0.002188628072862797,-0.0022768144920324307,-0.001192340830330818,-0.0013416687061096333
2025-06-06 00:00:00+00:00,0.0027281935671870094,0.0007879220386111108,-0.001262466481262381,-0.0014828507295454596
2025-06-07 00:00:00+00:00,-0.0009943068387539,-0.0009208850426414283,-0.0005495930798744553,-0.0008228167890884652
2025-06-08 00:00:00+00:00,0.004566703602458588,0.005497213424642267,0.0067090559108136105,0.0061629965504717
2025-06-09 00:00:00+00:00,-0.005318446124201626,-0.001224403142194408,0.0017376374773729886,0.0026630111811623003
2025-06-10 00:00:00+00:00,-0.0023767599668347295,-0.0015855570502824046,-0.00040485470631412834,0.00040439313693929613
2025-06-11 00:00:00+00:00,0.013927377848671263,0.01590554139235989,0.02149808784375362,0.016740271788228567
2025-06-12 00:00:00+00:00,0.011041291951368937,0.011949510739351021,0.01404771834753804,0.011189504233111158
2025-06-13 00:00:00+00:00,-0.00020591193090091497,-0.0012327169698723717,-0.00212404773999586,-0.002781502558625526
2025-06-14 00:00:00+00:00,0.0020694730686461327,0.0022162018611657786,0.003033521623774238,0.0017769331459669413
2025-06-15 00:00:00+00:00,0.0015772710316339644,0.0028624867274471555,0.0028246383220784654,0.0020769603562880157
2025-06-16 00:00:00+00:00,-0.0026225972916833484,-0.00402840525880499,-0.0058840522209823165,-0.005053341865874028
2025-06-17 00:00:00+00:00,0.0028444385675285844,0.0035333817089469033,0.006025289675832823,0.0054483992497993405
2025-06-18 00:00:00+00:00,-0.0005102641268908137,-0.00022324335637002868,-0.0009861940230715405,2.681894711820121e-05
2025-06-19 00:00:00+00:00,0.0022890557797436983,0.002633335888026389,0.004612208849869459,0.004027294612449328
2025-06-20 00:00:00+00:00,0.007257031418174575,0.008658419759207225,0.006516332430231309,0.007003770741318638
2025-06-21 00:00:00+00:00,0.004110903136020028,0.004990458230525796,0.00376635784996604,0.004375127076586827
2025-06-22 00:00:00+00:00,0.0008361069618698647,0.003007059166297621,0.00446230063735209,0.004659510450314208
2025-06-23 00:00:00+00:00,-0.006023787460219698,-0.007321922164559513,-0.00879903468689236,-0.006376039349785589
2025-06-24 00:00:00+00:00,0.0030172987928578365,0.003373846786828727,0.0031801388779595374,0.002774053842802493
2025-06-25 00:00:00+00:00,0.013168810055234292,0.012951869065950916,0.014496164854774563,0.012171076443548312
2025-06-26 00:00:00+00:00,0.004632746668460586,0.0038850991332533003,0.0037325692319605253,0.0027145687246035166
2025-06-27 00:00:00+00:00,-0.00022542537812864083,0.0010537703809763155,0.000570063802448173,-0.0005212201708991726
2025-06-28 00:00:00+00:00,-0.0027512942674431384,-0.0018550372526446868,-0.0028993353574688907,-0.0027430748584864606
2025-06-29 00:00:00+00:00,-0.007121953223545474,-0.007836271920635074,-0.009031886343372042,-0.008050745048063801
2025-06-30 00:00:00+00:00,0.009864473788572914,0.00799462680090568,0.003543781423401393,0.004493081265572352
2025-07-01 00:00:00+00:00,0.00584043196459616,0.005898270517159521,0.004419556079005238,0.004369853407431679
2025-07-02 00:00:00+00:00,-0.0017837143243462084,-0.003471554822226164,-0.0019335019978347079,-0.004229721261259978
2025-07-03 00:00:00+00:00,0.010008245243280811,0.010486117743093937,0.009537789499392879,0.008315532210488197
2025-07-04 00:00:00+00:00,0.00918610097494943,0.006754282944563039,0.004951414306923141,0.00583841178000144
2025-07-05 00:00:00+00:00,-0.001970606412102671,-0.0034626131958003237,-0.0031763696367826944,-0.0032933946401546565
2025-07-06 00:00:00+00:00,-0.0015226175510575368,-0.0035899575275339934,-0.00341818607329325,-0.006206231600782153
2025-07-07 00:00:00+00:00,0.005226407736187211,0.0034937146398872354,0.0008677105685717112,0.001396516292049954
2025-07-08 00:00:00+00:00,0.004423420077650286,0.004995986042994449,0.0041547165614830295,0.004616763571351656
2025-07-09 00:00:00+00:00,0.000286765940647582,-0.0008895081973735453,-0.0011879975293469514,0.00033693761981012926
2025-07-10 00:00:00+00:00,-0.011810865639783952,-0.010192318439842585,-0.008194307223177932,-0.013596439882401667
2025-07-11 00:00:00+00:00,-0.0027628872408200777,-0.005492684244500667,-0.008677140691294993,-0.005083763926176599
2025-07-12 00:00:00+00:00,0.006997146820090894,0.006762362745575068,0.006481790187088388,0.00730208019270262
2025-07-13 00:00:00+00:00,0.008870284192383338,0.009473402492879313,0.008503099182928686,0.011650443877980088
2025-07-14 00:00:00+00:00,0.001450289399668625,0.0019415099908508537,0.0014918347134398324,0.002949377338892445
2025-07-15 00:00:00+00:00,-0.005967787072830744,-0.004999950862490943,-0.003573788479285356,-0.004845347158249136
2025-07-16 00:00:00+00:00,0.0032207944251585463,0.005554925083919748,0.006577550142317756,0.006401860274557691
2025-07-17 00:00:00+00:00,0.014869738851179815,0.015625053643353315,0.015201518102488043,0.019189876500513847
2025-07-18 00:00:00+00:00,0.009993493688367883,0.00837351950940346,0.005397561050083377,0.006819564691210145
2025-07-19 00:00:00+00:00,-0.0014497162837369126,0.0010969528995172784,0.002813712895026299,0.003017188830293671
2025-07-20 00:00:00+00:00,-0.007127534500005583,-0.0077328726493801625,-0.006635188695451322,-0.00718668231204167
2025-07-21 00:00:00+00:00,-0.004452792812812856,-0.004490783903405848,-0.004153019711917949,-0.005326829040024128
2025-07-22 00:00:00+00:00,0.0029479951435722462,0.0026948076641752916,0.0027405616547946376,0.002267814849386207
2025-07-23 00:00:00+00:00,-0.006221269968903043,-0.00795791631022047,-0.011782923499678577,-0.014665581440114095
2025-07-24 00:00:00+00:00,0.007497927204731525,0.008197418318446559,0.00716871721074841,0.0110971187937281
2025-07-25 00:00:00+00:00,0.0006770318542108633,0.001964459320565215,0.0022013875502862046,0.0013647200198800835
2025-07-26 00:00:00+00:00,0.002681826492684669,0.0026682294877522494,0.002637936948115094,0.0028953649417131633
2025-07-27 00:00:00+00:00,0.0014768208411444217,0.0026241747890569656,0.0028876415508130027,0.003003140460186904
2025-07-28 00:00:00+00:00,0.0016901100877040331,-0.0008366475077286051,-0.0012045428095681654,0.0005384796526095581
2025-07-29 00:00:00+00:00,-0.00438250367912385,-0.005800661151752262,-0.004226025311487525,-0.0062243829823029895
2025-07-30 00:00:00+00:00,0.0012457799621832244,0.0019840688248726757,0.0021224355609199552,0.0023835767055235824
2025-07-31 00:00:00+00:00,0.0017801155696792748,0.0009255074897109861,0.0021587952368744556,0.0020287403055327946
2025-08-01 00:00:00+00:00,-0.001397163425877479,-0.0018337468737896767,-0.0013907661553577144,-0.0024015141583314525
2025-08-02 00:00:00+00:00,-0.003489472657986714,-0.004448108225340475,-0.00471238589186751,-0.004336323041111867
2025-08-03 00:00:00+00:00,0.0016211953635079102,0.0012422462194336958,0.0009819672174913308,0.001564370665345205
2025-08-04 00:00:00+00:00,0.0037599699376127393,0.004175824469578426,0.0038332250299395465,0.003429957048202592
2025-08-05 00:00:00+00:00,0.008214296293463264,0.009807480661203849,0.01264134373918635,0.014866421883130032
2025-08-06 00:00:00+00:00,0.0067285606545506305,0.006405636458922004,0.006916677256047388,0.00569754732599792
2025-08-07 00:00:00+00:00,-0.00011694659980576727,-0.0006481089039140908,-0.001807952638919752,-0.0013783038742903875
2025-08-08 00:00:00+00:00,0.0019876633331730176,0.00242810058627585,0.003569311448324397,0.0031678640260170976
2025-08-09 00:00:00+00:00,9.568646845092843e-05,-0.00010622799170667552,-0.0005628212555647272,-0.0006352762159737013
2025-08-10 00:00:00+00:00,-0.002318250500977004,-0.0010621195208743162,-0.0013787502912210314,-0.0007013040441472551
2025-08-11 00:00:00+00:00,0.00515575687062797,0.005456570180646825,0.006235170982044069,0.006718091693499684
2025-08-12 00:00:00+00:00,0.0069760687787281395,0.0058976949469813356,0.004569612328025441,0.004360554601730016
2025-08-13 00:00:00+00:00,0.006765465596381137,0.005535615355202417,0.001553315831312796,0.002228160991849748
2025-08-14 00:00:00+00:00,0.007535056346427371,0.008829818010984036,0.01167346317788076,0.011886798959049871
2025-08-15 00:00:00+00:00,-0.002191916893517276,-0.001999506230930481,-0.0005058421846690919,-0.001818344930213156
2025-08-16 00:00:00+00:00,0.0023182338843903416,0.0007630003218153103,-0.0008561889857181537,-0.001068175396287785
2025-08-17 00:00:00+00:00,0.004368696336654931,0.0036539668625679145,0.0021665700069870564,0.0027305904552159532
2025-08-18 00:00:00+00:00,0.0027376806619872074,0.0045529771337240454,0.005991878393492023,0.005865545878453116
2025-08-19 00:00:00+00:00,-0.00045285147063267583,0.0034025471763083903,0.005598121428697089,0.003825945118047125
2025-08-20 00:00:00+00:00,0.0028702535854183697,0.0026959833174085013,0.0007410249508734701,0.0017161091655435445
2025-08-21 00:00:00+00:00,0.005283329072514942,0.004691692139654036,0.0035416585191583305,0.0033776117450969867
2025-08-22 00:00:00+00:00,-0.004256720320301888,-0.0008032922407144039,0.0014742572113777275,-0.0001600205330943849
2025-08-23 00:00:00+00:00,0.0073775781137987995,0.006786463708480905,0.006297358374476092,0.007383919171267905
2025-08-24 00:00:00+00:00,0.010419821906872073,0.011300100250392964,0.010922718214859906,0.00946912550337764
2025-08-25 00:00:00+00:00,-0.005722725561490893,-0.001448777740804541,0.0020210939072231593,0.0003496560282350014
2025-08-26 00:00:00+00:00,0.0022240733108613853,0.0018999337066374355,-0.0011504554586334592,0.0008234703071243743
2025-08-27 00:00:00+00:00,-0.00568782878767371,-0.005693162602145252,-0.005371190068722775,-0.0026193138785063352
2025-08-28 00:00:00+00:00,0.0010842847050522852,0.0005632773714168149,-0.004584404120815955,-0.0026174801843297235
2025-08-29 00:00:00+00:00,0.003255847528049749,0.0011982675720683122,-0.0017282500765765096,-0.001866104223724685
2025-08-30 00:00:00+00:00,0.00041116931753060193,0.0009319054571306218,0.00028377727701078825,-0.0004943223690114795
2025-08-31 00:00:00+00:00,0.0006412738056895684,9.546870433219112e-05,0.0006217488545763317,-0.0005212904069185065
2025-09-01 00:00:00+00:00,0.007232946380707039,0.008713612927627068,0.0033602568717590042,0.004778674136455052
2025-09-02 00:00:00+00:00,-0.0021758077525095842,-0.001881629496175985,-0.0019825058016958996,-0.0028702292541221697
2025-09-03 00:00:00+00:00,0.003797904508040739,0.0035563364775257345,0.0010298064537042073,0.0006425139644266054
2025-09-04 00:00:00+00:00,0.0018735710300739061,0.00018013248356751888,0.0011357135112990413,0.002147612402011667
2025-09-05 00:00:00+00:00,-0.008768058488003772,-0.009820334228138106,-0.007362227166968771,-0.0033084377030041523
2025-09-06 00:00:00+00:00,-0.013337029478039608,-0.014322943290055568,-0.012481760924627605,-0.011503299688085722
2025-09-07 00:00:00+00:00,-0.00937310676319969,-0.010777941268629743,-0.012902652078059074,-0.01801701242913878
2025-09-08 00:00:00+00:00,0.012117122200653307,0.010159988698190014,0.011312806306355894,0.007136461301331609
2025-09-09 00:00:00+00:00,0.005683108917908797,0.00904393616628818,0.011896193869520344,0.01001450559641981
2025-09-10 00:00:00+00:00,-0.024804857099276267,-0.016034037412307134,-0.01473893642381885,-0.021331102299985027
2025-09-11 00:00:00+00:00,-0.001953844652230141,-0.00373529857619026,-0.005644881795888845,-0.0048635341674726495
2025-09-12 00:00:00+00:00,-0.008694712571694185,-0.006895314310433331,-0.004691565697863775,-0.014711692776240293
2025-09-13 00:00:00+00:00,-0.007340584705915254,-0.01042710082343068,-0.008938684832408783,-0.005525210850225837
2025-09-14 00:00:00+00:00,0.006530428865227034,0.005521583856690215,0.0031068702075516264,0.004431515227455218
2025-09-15 00:00:00+00:00,0.0062181925514699365,0.0060452437986580065,0.005811851978082538,0.00539275878640777
2025-09-16 00:00:00+00:00,0.0013255038187074408,0.0014438731249510894,0.0019151620706934214,0.002102226166077248
2025-09-17 00:00:00+00:00,0.004324733877729026,0.0061953677231252335,0.007509633045334363,0.0060640996618717136
2025-09-18 00:00:00+00:00,-0.007706307957684011,-0.009643972058385186,-0.011535980543533109,-0.009590853448665282
2025-09-19 00:00:00+00:00,0.004546419126385981,0.003735136370029979,0.005609028782654013,0.00430158192221386
2025-09-20 00:00:00+00:00,-0.010564307208190904,-0.010791085549210822,-0.005096399846814315,-0.002982250143512055
2025-09-21 00:00:00+00:00,-0.0056586594676142354,-0.008360884877499308,-0.009987944399481585,-0.008183018342937998
2025-09-22 00:00:00+00:00,0.014262867412041302,0.015159403979942088,0.017116327728235792,0.012434871162711802
2025-09-23 00:00:00+00:00,0.0049999263607458655,0.0048813776871938774,0.003279776379970567,0.0012248480202647904
2025-09-24 00:00:00+00:00,-0.004493927616810667,-0.0019101369709445537,-0.0018499638074795932,-0.0004190868650437718
2025-09-25 00:00:00+00:00,0.0008891855293795548,-0.00245914506314715,-0.004421192374810423,-0.0015566808499309914
2025-09-26 00:00:00+00:00,-0.001682634530771776,0.0020564539835274953,0.002696848089910331,0.001909838877780734
2025-09-27 00:00:00+00:00,0.00327597074443009,0.003636541514696612,0.004763516385605238,0.0035587515418584736
2025-09-28 00:00:00+00:00,0.0016001260146658591,0.0009887859549417843,0.00020725749988770303,0.00036402636754817586
2025-09-29 00:00:00+00:00,0.011702203758052754,0.013234010153504672,0.014681959633612296,0.013145428735182874
2025-09-30 00:00:00+00:00,-0.0010300903080066037,-0.0027984590787931696,-0.002425489062157782,-0.0030519364611244493
2025-10-01 00:00:00+00:00,-0.0009353126985283122,0.0004082857913128013,0.005691810791006002,0.005044428546472579
2025-10-02 00:00:00+00:00,-0.0036100035549918585,-0.0029301919877259275,-0.0001201353518341941,-0.002443279484428018
2025-10-03 00:00:00+00:00,0.002748628626931815,0.0019491724994287196,0.0014058554093834275,0.0012360285323376186
2025-10-04 00:00:00+00:00,-0.0016691570667167754,-0.0018226336922682052,-0.0018372172133296338,-0.001550030835735794
2025-10-05 00:00:00+00:00,0.0027299073476823033,0.0017064118013714324,0.003986454478147827,0.0027378790487395666
2025-10-06 00:00:00+00:00,-0.011898860384262688,-0.01589993011168145,-0.01769223051292912,-0.019753109299809002
2025-10-07 00:00:00+00:00,0.005473599360196424,0.006351985336233268,0.007022855457103017,0.005854851721702081
2025-10-08 00:00:00+00:00,-0.0017208105040418253,-0.0014283376302174355,-0.0026074248063199246,0.0001498256022467448
2025-10-09 00:00:00+00:00,0.012997848353291763,0.014773680072967421,0.015506091957850687,0.011264236398816907
2025-10-10 00:00:00+00:00,0.02402848497339294,0.028747645267465982,0.027345501768755387,0.017184924570155413
2025-10-11 00:00:00+00:00,-0.004760712119362132,-0.006585305089511162,-0.006853822408900756,-0.005283559395937165
2025-10-12 00:00:00+00:00,-0.0009601952806129743,0.0012926509848105727,0.00039639242373712413,0.00018009484116965346
2025-10-13 00:00:00+00:00,0.0010311238182285631,-0.002486217865559359,-0.004965532080804302,-0.001114837769114807
2025-10-14 00:00:00+00:00,0.0030626974536582807,0.0031630056358991077,0.004086332535381931,0.0017461739287067957
2025-10-15 00:00:00+00:00,0.0019179733246152963,-0.002402112399918499,-0.005199043784996027,-0.009218204093151106
2025-10-16 00:00:00+00:00,-0.0014805108377450305,-0.002043310920510799,-0.0016123036907512711,1.8659688034494692e-05
2025-10-17 00:00:00+00:00,-0.00045079207254972165,-2.291927127417992e-05,-0.0011017109332999153,0.0008000183080165701
2025-10-18 00:00:00+00:00,0.00275491414843243,0.002336640917536714,0.0032645352061437816,0.001631954689718107
2025-10-19 00:00:00+00:00,0.003116981602113267,0.00246179908898414,0.002150858000699918,0.0010682045567920184
2025-10-20 00:00:00+00:00,0.0022057805391322294,0.002662923689013885,0.0024731405839173437,0.0004965783443791061
2025-10-21 00:00:00+00:00,0.00044823954371842056,-0.0024755569390013665,-0.00566881266295205,-0.0029051409195560707
2025-10-22 00:00:00+00:00,0.00127359000519367,0.001616641548231712,0.001850455771203574,0.0007599508459061877
2025-10-23 00:00:00+00:00,-0.004795867850106106,-0.005068773409177441,-0.0059581891712482404,-0.0047847287363756985
2025-10-24 00:00:00+00:00,-0.0016278666875521042,-0.00038834251645814,-0.0005930078872870004,-0.00026010526395348066
2025-10-25 00:00:00+00:00,-0.0016101570619899697,-0.0016441476346799044,-3.294095829720067e-05,-0.001917927716838963
2025-10-26 00:00:00+00:00,0.0036261820287557534,0.0018759835888511045,-0.0007029529752293762,-0.0004194750258165181
2025-10-27 00:00:00+00:00,0.005564161785487354,0.004820094061429359,0.004066553755344593,0.0034040330130871155
2025-10-28 00:00:00+00:00,0.004386026689655154,0.003698092686347243,0.0017045163953564035,0.0015915259316063857
2025-10-29 00:00:00+00:00,-0.0016427546946563565,-1.2341886056477236e-06,-0.0013478483466389246,-0.0002884948305852397
2025-10-30 00:00:00+00:00,0.005586619878604759,0.007286417440848014,0.01188337604451939,0.006850709993164283
2025-10-31 00:00:00+00:00,-0.0025362897498091286,-0.0017275915766618022,0.001964890022147836,0.0016621561353691305
2025-11-01 00:00:00+00:00,-0.012291502485789807,-0.010294085877617043,-0.006914949724149078,-0.004611881319021127
2025-11-02 00:00:00+00:00,0.0024871303252032018,0.0034518903676552526,0.0053994084033424095,0.003697036411273613
2025-11-03 00:00:00+00:00,0.0026029391744291086,0.005057353671877651,0.011422350263979197,0.007695281916211272
2025-11-04 00:00:00+00:00,-0.00768901445243908,-0.006417039903579447,-0.007474020072488985,-0.005824199910414274
2025-11-05 00:00:00+00:00,-0.0033957003364445404,-0.0038756777123335473,-0.005997559676090947,-0.002902339149219779
2025-11-06 00:00:00+00:00,-0.014463170116264523,-0.011579329531106852,-0.011525246930370159,-0.0038530862695038692
2025-11-07 00:00:00+00:00,-0.008200158785543255,-0.007830027164640097,-0.008314804331765902,-0.004550873085452212
2025-11-08 00:00:00+00:00,0.0013929855443171046,0.000742968846553671,-0.0019545850643662988,-0.003173522321708755
2025-11-09 00:00:00+00:00,0.005131871150964917,0.00250902778988471,0.002277010080551589,-0.0016864009664397939
2025-11-10 00:00:00+00:00,-0.0032365624069246035,-0.005256975508296513,-0.007537047414624687,-0.0034040686795131503
2025-11-11 00:00:00+00:00,0.0036547603078620483,0.005346768095628063,0.004607716821821262,0.0019334420315761935
2025-11-12 00:00:00+00:00,-0.001549912961015587,-0.003155797480943856,-0.001287478817984411,-0.0014152666677531567
2025-11-13 00:00:00+00:00,0.008688606207605476,0.010614444606371398,0.009287734421386862,0.006613990615691678
2025-11-14 00:00:00+00:00,-0.00035889553399026664,0.001868279870205214,0.002828536447715191,0.003172589165300943
2025-11-15 00:00:00+00:00,-0.0042292910873225065,-0.0040395825019236,-0.002872244243757094,-0.00278019320558065
2025-11-16 00:00:00+00:00,0.0014426462924057581,0.0030023854966221286,0.0027740574605372714,0.002291901386563433
2025-11-17 00:00:00+00:00,-0.006187590336535709,-0.005215167283103117,-0.00218001721820249,-0.0006072964699317396
2025-11-18 00:00:00+00:00,0.001308928279523336,2.6831713637598398e-05,-0.004297941917055459,-0.0033463260671048323
2025-11-19 00:00:00+00:00,0.005028855000540178,0.005056700342934706,0.003414576512583034,0.004581491883295152
2025-11-20 00:00:00+00:00,0.0073592371667468015,0.010939031330984506,0.009039038590917592,0.00837034836138395
2025-11-21 00:00:00+00:00,-0.0014950606764810859,-0.0028568900623979765,-0.009427856772864507,-0.009183618536792615
2025-11-22 00:00:00+00:00,0.0032788535302556987,0.0004401026572078415,-0.0025290986050190423,-0.002706037759099944
2025-11-23 00:00:00+00:00,0.0006286962465946733,0.004221153439476932,0.006035201651140465,0.006692705339261584
2025-11-24 00:00:00+00:00,-0.006949649166143268,-0.005798083026524736,-0.004896128443896752,-0.005234931312366298
2025-11-25 00:00:00+00:00,-0.0016021117043657496,0.0003933500902875142,-0.0006438872839782395,-0.001261511119674541
2025-11-26 00:00:00+00:00,0.0017120577806231108,0.003948280550746697,0.0027755127500452836,0.0020478246766086894
2025-11-27 00:00:00+00:00,0.0039871090393053255,0.0018356148238138914,-0.0018235454445887367,-0.0026216675161785385
2025-11-28 00:00:00+00:00,0.01005133656163526,0.011837990714473001,0.009626600490688642,0.008762038727210708
2025-11-29 00:00:00+00:00,0.0031239836382892516,0.0034740673437634317,0.004351169329923854,0.003950913363545139
2025-11-30 00:00:00+00:00,0.0016633546493265428,0.0032016801283172303,0.0032053939662235464,0.0056782279093983146
2025-12-01 00:00:00+00:00,0.008405920306895576,0.008192871380518385,0.00909087090566385,0.00962306086374376
2025-12-02 00:00:00+00:00,0.012190335683261333,0.01123653564278193,0.005834240142579716,0.007502278091989334
2025-12-03 00:00:00+00:00,0.00254064993964076,0.001529289566750025,0.0003231961430969488,-0.0009914470712206747
2025-12-04 00:00:00+00:00,-0.0014598790275101026,-0.003940214983393586,-0.0031505086202010535,-0.004126542772277753
2025-12-05 00:00:00+00:00,0.0012407221593704332,0.003356818900094094,0.007835022290279658,0.008438474699996812
2025-12-06 00:00:00+00:00,0.0027287668262461207,0.0052555837186079035,0.004670589348878096,0.005274035391322762
2025-12-07 00:00:00+00:00,0.01183693141743114,0.010772095520775071,0.00309290258909245,0.004343903357720169
2025-12-08 00:00:00+00:00,0.0019510913300524457,0.0008068197209556427,-0.00015316808010512606,0.001658850399479217
2025-12-09 00:00:00+00:00,0.014072021461504436,0.0141203768391569,0.01207690254589866,0.01556560564609244
2025-12-10 00:00:00+00:00,-0.006246428606350718,-0.00802175602132893,-0.008756349381101147,-0.01331944820408737
2025-12-11 00:00:00+00:00,0.0014659182415321936,0.002741520619552462,0.004919060589403168,0.0061424978542494735
2025-12-12 00:00:00+00:00,-0.003288144260331971,-0.002894050483082111,-0.0012914870757907426,-0.0013297360297355176
2025-12-13 00:00:00+00:00,-0.005540031901250297,-0.005487759250050739,-0.0030241438480530514,-0.003431220472653762
2025-12-14 00:00:00+00:00,-0.0037765908072058263,-0.002835318788852459,-0.0020111556866915237,-0.0025032622148820627
2025-12-15 00:00:00+00:00,-0.007647727933891901,-0.0073365778685451355,-0.0054219618959052696,-0.005649570595878339
2025-12-16 00:00:00+00:00,-0.007391994408508906,-0.007486243264421266,-0.005048066915538163,-0.00577265735923882
2025-12-17 00:00:00+00:00,0.0051741420174471475,0.005003489747431589,0.0009898668778904884,0.0014386911581965034
2025-12-18 00:00:00+00:00,0.004777717355286981,0.007529822140485143,0.009463838487695053,0.008999441062829572
2025-12-19 00:00:00+00:00,-0.004734725330224787,-0.005452705448900641,-0.004545861965254194,-0.00862665397726925
2025-12-20 00:00:00+00:00,-0.005292627958243923,-0.004979609599545243,-0.0031790592659715067,-0.005252406729643111
2025-12-21 00:00:00+00:00,-0.007286575908006521,-0.0081884178658016,-0.008240905826093936,-0.007455411562322545
2025-12-22 00:00:00+00:00,0.0013852495859474345,0.000816325618907543,0.0013460486297169894,0.001156695848371525
2025-12-23 00:00:00+00:00,0.0070375399689508455,0.007027572821984185,0.0063920228616680674,0.008433085123889406
2025-12-24 00:00:00+00:00,-0.004707674652314586,-0.0043127733853122185,-0.004139183395311163,-0.0032036842957863243
2025-12-25 00:00:00+00:00,0.003520371187003768,0.0029931428744716104,0.0024814739124501273,0.003315200963688314
2025-12-26 00:00:00+00:00,-0.005266887917978247,-0.005585164389632746,-0.006443351563706345,-0.005119242741261298
2025-12-27 00:00:00+00:00,-5.4245353809823094e-05,-0.0010089638944684731,-0.0027697498325941483,-0.0028104530860275645
2025-12-28 00:00:00+00:00,0.004160580549526616,0.005082677858825768,0.005691348494525794,0.005260741179945239
2025-12-29 00:00:00+00:00,-0.0045391392592116775,-0.00561471076076181,-0.009032200466300933,-0.006878929473419282
2025-12-30 00:00:00+00:00,-9.566642234060119e-05,0.0014169785796263046,0.0018566199873844003,0.0014542277014795157
2025-12-31 00:00:00+00:00,-0.0032967139934148015,-0.0056995157157418985,-0.007370448715497968,-0.010821744327153104
2026-01-01 00:00:00+00:00,0.010087576621526262,0.007768309533124906,0.003789904402559774,0.004708265694638225
2026-01-02 00:00:00+00:00,-0.0007230819530927857,-0.0017877096146537985,0.0026117286353835034,0.001383281238415357
2026-01-03 00:00:00+00:00,6.011482929002554e-06,-0.0018855447041440376,-0.0030950256097027617,-0.001925781088719769
2026-01-04 00:00:00+00:00,-0.0004023186325584627,0.0011717698062858606,0.001677722337883214,0.0014844488730059169
2026-01-05 00:00:00+00:00,0.014133458110634045,0.014191020646539654,0.012279153164589385,0.010921910797824674
2026-01-06 00:00:00+00:00,0.00032960465743125944,0.0007718921222199526,0.0025619053978187534,0.0005682989104838221
2026-01-07 00:00:00+00:00,0.0013929820375930824,0.0008120860710132405,0.0007810232938370021,0.0016490133341717783
2026-01-08 00:00:00+00:00,-0.004410976128768063,-0.0038594721531554077,-0.0023360636638199983,-0.003337932626300666
2026-01-09 00:00:00+00:00,0.0034013143938398382,0.0030302219554592114,0.004441555868060387,0.0027251126907168466
2026-01-10 00:00:00+00:00,0.000644974922240138,0.0009128381723377821,0.0022100029820830702,0.0035936507251728145
2026-01-11 00:00:00+00:00,0.008331114151236774,0.008661060030985324,0.009036499132968334,0.0077019441330645755
2026-01-12 00:00:00+00:00,-0.0019282692964419645,-0.002850112323222964,-0.001266953230034007,-0.002100710640822623
2026-01-13 00:00:00+00:00,0.003703054677695272,0.0069356356482559445,0.004685154624640031,0.0032105585788666513
2026-01-14 00:00:00+00:00,-0.009201079196534234,-0.007361377274002434,-0.0070087223961350364,-0.005754323969915154
2026-01-15 00:00:00+00:00,-0.0020366249556716953,-0.0023707214137660415,-0.001165509278281851,-0.0013639238369586026
2026-01-16 00:00:00+00:00,-0.001211958166990601,-0.0007670579847549597,-0.001984484244495599,-0.001047852665563398
2026-01-17 00:00:00+00:00,7.064843617810013e-05,0.0016511824132263708,0.0011772663990357035,0.003105809514255986
2026-01-18 00:00:00+00:00,-0.0031115663980426644,-0.0021092977593873963,-0.0030885954970915064,-0.003321499470973599
2026-01-19 00:00:00+00:00,0.006745970344818275,0.006356499018268513,0.00736398808935701,0.008555949304666965
2026-01-20 00:00:00+00:00,0.0023533486974878226,0.00533453452041055,0.007023677428574349,0.006715648010575892
2026-01-21 00:00:00+00:00,-0.003764697920163984,-0.007004551104465406,-0.009265325205792596,-0.010498890661009397
2026-01-22 00:00:00+00:00,0.0061815030807259586,0.006982096162265972,0.005788468588795004,0.004469458289986017
2026-01-23 00:00:00+00:00,-0.0015354249115082652,-0.0013543482547999641,-0.0027695870317407945,-0.0013618070704491947
2026-01-24 00:00:00+00:00,-0.006191459757479811,-0.007618865278693265,-0.00795819703156131,-0.00741521147048696
2026-01-25 00:00:00+00:00,0.015703164269740277,0.019548380796847953,0.018787129837450678,0.01722548100438459
2026-01-26 00:00:00+00:00,0.007253373193712109,0.006844846347483724,0.005690235623591278,0.0032883828027874262
2026-01-27 00:00:00+00:00,-0.006891261877668753,-0.00510315435889841,-0.004148499642728454,-0.0021784114522421794
2026-01-28 00:00:00+00:00,0.0008030162090142401,0.0002570720557857342,-0.0011075230355508392,-0.0013157592000343499
2026-01-29 00:00:00+00:00,0.004730927984025524,0.006903125322839543,0.0074750963110006285,0.006781295479179272
2026-01-30 00:00:00+00:00,-0.0011762879786619829,-0.0033009174231037886,-0.002673738213140986,-0.0032607249049654285
2026-01-31 00:00:00+00:00,0.010227220197227549,0.012943203397480785,0.015168500102424876,0.015867535218640816
2026-02-01 00:00:00+00:00,-0.0029792891833827495,-0.006735579455463547,-0.011194268746654301,-0.010220053883339686
2026-02-02 00:00:00+00:00,0.004031543748906019,0.004041315754897745,0.0033643615641536506,0.0040226469689925715
2026-02-03 00:00:00+00:00,0.0012901504753564108,0.003766273372597606,0.00736217625577229,0.005643551114393297
2026-02-04 00:00:00+00:00,-0.005140556657305062,-0.005981485235350026,-0.008685680924775285,-0.006257147949319641
2026-02-05 00:00:00+00:00,-0.008741508109939677,0.0008827689428887453,0.0015038190018892283,-0.0014893610625278386
2026-02-06 00:00:00+00:00,0.003972844984452939,0.0032740766258037013,0.0019559434190359326,0.0020480310700978777
2026-02-07 00:00:00+00:00,-0.0006224562856808058,-0.002332874437521393,-0.0018453489284964153,-0.0009148804699621316
2026-02-08 00:00:00+00:00,-0.0068696068206921534,-0.004402603166666297,-0.0019774918520326645,-0.002979619714094106
2026-02-09 00:00:00+00:00,-0.0009375387700183424,-0.001030963753712033,-0.002024514515261089,-0.0032854385249678764
2026-02-10 00:00:00+00:00,-0.009568133463337514,-0.006867160433799979,-0.0031370805651463884,-0.003467430578029451
2026-02-11 00:00:00+00:00,-0.010114924253974533,-0.009620301644928553,-0.007766019649905753,-0.002624651496558994
2026-02-12 00:00:00+00:00,0.004164933087355882,0.002386372226801825,0.0008978106528578778,0.0014451244657844864
2026-02-13 00:00:00+00:00,0.005671859089273035,0.0061027146888146255,0.008695089167471526,0.007035013924066913
2026-02-14 00:00:00+00:00,0.005592007711364921,0.003182876033318127,-0.0001941029497944946,-0.00035878809152800617
2026-02-15 00:00:00+00:00,0.005746904938919606,0.007742292655267713,0.008067929456154754,0.005152970190032802
2026-02-16 00:00:00+00:00,8.017206423072132e-05,-0.0013616439668442393,-0.0045647526562573315,-0.002356929219933801
2026-02-17 00:00:00+00:00,0.003400652502180801,0.003460650465674231,0.0038812708370645765,0.004145713379298144
2026-02-18 00:00:00+00:00,0.0050719899631792575,0.004652447470065546,0.0055446300300519,0.0034778036884859365
2026-02-19 00:00:00+00:00,0.0018615720616426135,0.001996959243784291,0.0014131612339260968,0.0004649139921608647
2026-02-20 00:00:00+00:00,-0.0003988208803245019,-0.0022749660128746907,-0.0011048023696385023,-0.0011496267049928566
2026-02-21 00:00:00+00:00,0.003059073521589406,0.0025688511982202566,-0.000228317262121136,0.0005910909339950088
2026-02-22 00:00:00+00:00,-0.0009062761781359896,0.002624091319412214,0.005142338988525674,0.0045110313805099
2026-02-23 00:00:00+00:00,0.00317231727184053,0.0017626526081517824,0.0011791866237569337,0.00218387007480092
2026-02-24 00:00:00+00:00,0.0012363399040031808,0.002071007468392283,0.0020049784600901788,0.002464870339897951
2026-02-25 00:00:00+00:00,0.006897673764379775,0.008513765665305817,0.007511787844843187,0.002783814068562096
2026-02-26 00:00:00+00:00,-0.004874689817747746,-0.003817406893984243,-0.005846087949881729,-0.008805757232123734
2026-02-27 00:00:00+00:00,0.009924417531686602,0.008874210850387643,0.008176341624495986,0.0089503104942934
2026-02-28 00:00:00+00:00,-0.008532008872847663,-0.0062053067179410615,-0.006642051699585316,-0.007165459797608742
2026-03-01 00:00:00+00:00,-0.0022385058126226376,-0.0030686119906265796,-0.007071992454609655,-0.003936500613069938
2026-03-02 00:00:00+00:00,-0.0034847677088054585,-0.0016708021480561497,0.0020609904896804476,0.006690693694126448
2026-03-03 00:00:00+00:00,-0.007078980718713268,-0.0037300558254800276,-0.00043007651660742496,-0.0012446916754413895
2026-03-04 00:00:00+00:00,0.002659789481012087,0.0005522607650618738,-0.001661383959068674,-0.0027823910424039644
2026-03-05 00:00:00+00:00,-0.0018743488589361146,0.0005995465237731423,0.0032894541467940464,0.005512839750205112
2026-03-06 00:00:00+00:00,-0.00906169188457151,-0.011226712171701902,-0.009479686849150126,-0.009312084646781793
2026-03-07 00:00:00+00:00,0.0031939774578544355,0.002170316835835795,0.0035153715526858864,0.002850643358737859
2026-03-08 00:00:00+00:00,-0.00932466868056503,-0.008010610153700526,-0.005346605246074887,-0.004342657708732545
2026-03-09 00:00:00+00:00,-0.0047693148230923965,-0.005176712449732057,-0.005337997644030867,-0.005815612133913128
2026-03-10 00:00:00+00:00,0.0033323692268338867,0.0036544071116360044,0.0036362674890557667,0.003342282364594773
2026-03-11 00:00:00+00:00,0.0035423601560267137,0.004354932526118738,0.002954573014226858,0.004913272334619467
2026-03-12 00:00:00+00:00,-1.1390946434319815e-05,-0.0030317518121421028,-0.010796255690444623,-0.004932488348580399
2026-03-13 00:00:00+00:00,0.0018324514517387147,-0.0003550156413200112,-0.0009019734913585653,0.00033124296574404966
2026-03-14 00:00:00+00:00,0.0013335611741351894,0.003025277084681255,0.0036839357296436503,0.0019266258233243683
2026-03-15 00:00:00+00:00,0.011050890648025558,0.013149785056035146,0.010366780821586152,0.011953517885033627
2026-03-16 00:00:00+00:00,0.01751102307720709,0.0192869328450187,0.02099991733455364,0.02296518704076478
2026-03-17 00:00:00+00:00,0.00684448024831541,0.010091822750431634,0.010770016119649117,0.012007818270167281
2026-03-18 00:00:00+00:00,-0.0012707217696606987,-0.0017066087102102223,-0.0007218035405380796,-0.0038289978564259863
2026-03-19 00:00:00+00:00,-0.009869005496254024,-0.012624010033530975,-0.014534474513470674,-0.01417995000790473
2026-03-20 00:00:00+00:00,0.0048218896425082924,0.00661006601609615,0.005656449722381662,0.0028001630934160193
2026-03-21 00:00:00+00:00,-0.002941007971380083,-0.0036254813798748398,-0.0018781940081027404,-0.0025465824412820304
2026-03-22 00:00:00+00:00,-0.006192182666919677,-0.007274969921185037,0.0010347257417526734,0.0031971358727902466
2026-03-23 00:00:00+00:00,0.011412941924542563,0.00941262096526252,0.007165233909526281,0.007596823478193349
2026-03-24 00:00:00+00:00,-0.003667361577988859,-0.004340663730484584,-0.0026498837372459505,-0.0030388725771949288
2026-03-25 00:00:00+00:00,0.00643624357446404,0.007142781572419876,0.00676541170849676,0.007493711618444809
2026-03-26 00:00:00+00:00,0.0001674650705403291,0.0007562014335285028,0.001156288881219547,0.001475196104733234
2026-03-27 00:00:00+00:00,-0.005700744056275853,-0.00381247195995138,-0.002529233988761148,-0.00019808324948533684
2026-03-28 00:00:00+00:00,0.0010021564051065912,0.0008550821452604218,-0.0021274134692255142,-0.00037263333322401504
2026-03-29 00:00:00+00:00,0.0021078325612542415,0.0021416839932630882,0.0032901411888741627,0.0024520252435040746
2026-03-30 00:00:00+00:00,0.0009433507469971403,0.001004554324886886,0.00018669453529129854,0.00032868762030346943
2026-03-31 00:00:00+00:00,0.0034872903897473773,0.002094492990845076,-0.002744530249283783,-0.002092700261738023
2026-04-01 00:00:00+00:00,-0.00516887537977484,-0.0030039292745455137,-0.0020609876239079394,-0.0006408279812054607
2026-04-02 00:00:00+00:00,-0.010000045022883208,-0.007341181207360381,-0.0019549320487669553,-0.002204531775980456
2026-04-03 00:00:00+00:00,0.0070023953873348255,0.006846790349013032,0.0026682520917213903,0.002998683644532374
2026-04-04 00:00:00+00:00,-0.007014150333619629,-0.006158347653269058,-0.004071897400869662,-0.0017712368094966457
2026-04-05 00:00:00+00:00,0.0019045838711231333,0.002031404356329647,0.0009778980143362315,-0.0020337111948074416
2026-04-06 00:00:00+00:00,-0.003021909452760041,-0.0034924930520171538,-0.0021445063079890136,-0.002585586703073406
2026-04-07 00:00:00+00:00,0.008713328122173847,0.008648336479133212,0.004968721523806563,0.005810926307931563
2026-04-08 00:00:00+00:00,0.00037818730582950266,0.0014446705527744186,0.0027937309777974484,0.0015728694196917026
2026-04-09 00:00:00+00:00,0.004135294216140117,0.0006931403212242504,-0.003179701662155643,-0.004994539134665632
2026-04-10 00:00:00+00:00,0.0011789413044618335,0.0008745108521024392,0.000933130248101044,0.0008899510913529252
2026-04-11 00:00:00+00:00,-0.008565870925333674,-0.00475233459733071,-0.0019064735976657143,-0.005014598602571585
2026-04-12 00:00:00+00:00,-0.0011282565740580175,-0.0010736569813375452,0.0015766015831633062,0.0014199553796812037
2026-04-13 00:00:00+00:00,-0.0031447680914261644,-0.0037429998647164897,-0.0007104783834901429,-0.002882070115147739
2026-04-14 00:00:00+00:00,0.0012158691893551232,-0.0011235409016544518,-0.005463312792608699,-0.005222628551961872
2026-04-15 00:00:00+00:00,-0.0016254445404592088,-0.0008893585216021016,-0.0010345939340966614,-0.0010260907517687379
2026-04-16 00:00:00+00:00,-0.025562734873961324,-0.02504222736878914,-0.01520577259256406,-0.006290814387760468
2026-04-17 00:00:00+00:00,0.012468614478728934,0.011734269855506518,0.013274373125966576,0.012919887468069602
2026-04-18 00:00:00+00:00,0.012447579596163383,0.009419450907436122,0.0022193115309938616,0.004801176315278433
2026-04-19 00:00:00+00:00,-0.0016582824608233349,-0.005829210721086997,-0.016831270688421718,-0.006065612629298056
2026-04-20 00:00:00+00:00,-0.002085077259448065,-0.0008551213070696617,0.002277769812025099,0.00755271142213676
2026-04-21 00:00:00+00:00,0.003349695025589128,0.0017355119440778388,0.00020801381631141425,-0.0009182882292994021
2026-04-22 00:00:00+00:00,-0.002215965975905787,-0.002205164178346042,-0.005875996817650053,-0.0022996690374564865
2026-04-23 00:00:00+00:00,-0.0005796592934258493,-0.0009016019765782923,-0.00023473105676041772,0.0017999114864091226
2026-04-24 00:00:00+00:00,0.0072224291714546585,0.008365199040684557,0.015626491071839776,0.007990356478966731
2026-04-25 00:00:00+00:00,0.0030145412380984116,0.0026369278100590865,0.0031807740744982382,0.0024525879661945194
2026-04-26 00:00:00+00:00,0.0019399823805956729,0.0016534836945247822,-0.00023125968105985883,-0.00020299549687929908
2026-04-27 00:00:00+00:00,-0.006057979686857506,-0.004669911365752566,-0.005129524156982979,-0.0057212851084073035
2026-04-28 00:00:00+00:00,0.0008812934977235898,0.0013949072595049739,0.00113695959692528,0.0010438956031031399
2026-04-29 00:00:00+00:00,0.0008398294594591516,0.0019705828292806427,0.0030696044971108005,0.0044448222754100986
2026-04-30 00:00:00+00:00,0.0041200487587373935,0.005360319889721854,0.006589087669086169,0.006625333456017124
2026-05-01 00:00:00+00:00,-0.0010602730573728847,0.0008060983509416975,0.000619202170251798,0.0010540096598554705
2026-05-02 00:00:00+00:00,-0.003944251797819653,-0.003753768995176987,-0.0006311826584057822,-0.0008365212579783954
2026-05-03 00:00:00+00:00,0.0029382913817279643,0.0035243431972222794,0.002907962528336805,0.003012126662033765
2026-05-04 00:00:00+00:00,0.0008615504145190744,0.0010526981145329017,0.00533777685255532,0.0038361907612030066
2026-05-05 00:00:00+00:00,0.0021517868612659363,0.0029044113842313646,0.003593501668893495,0.0011844661702014037
2026-05-06 00:00:00+00:00,0.001184793294645603,0.004040616164403765,0.007316187499055715,0.006574264932471596
2026-05-07 00:00:00+00:00,-0.010389116781298169,-0.010757129319331149,-0.008141490749147495,-0.007844021638515386
2026-05-08 00:00:00+00:00,0.0005022244072268034,0.0010540113560559838,0.0005252597202844989,-0.0005357439369655381
2026-05-09 00:00:00+00:00,0.0003832215734542732,-6.628086401694322e-05,-0.0002973103989860615,0.0009172527349905479
2026-05-10 00:00:00+00:00,0.005472084144263256,0.005789312953933701,0.006252627554312884,0.008310102618577675
2026-05-11 00:00:00+00:00,-0.0009929273929939475,-0.0013606563767267765,-0.000360007637257187,5.003763181199439e-05
2026-05-12 00:00:00+00:00,-0.006062224365347868,-0.0038769884451098635,-0.002108859112361583,-0.003375329669713212
2026-05-13 00:00:00+00:00,0.0038189900992562364,0.005901693793964435,0.00689298347772449,0.007228962776643977
2026-05-14 00:00:00+00:00,0.003235897282846345,0.0007060447465303543,-0.0024737562878044406,-0.0012307165870099057
2026-05-15 00:00:00+00:00,-0.006177301003733371,-0.004446453882850032,-0.003633319655260814,-0.0016211707902805683
2026-05-16 00:00:00+00:00,0.0003726179563132703,0.000680057809630874,0.002519032419825429,0.0013521316632698621
2026-05-17 00:00:00+00:00,0.003213094126842453,0.0022368098270502124,0.00016059862891570909,0.00092464222174371
2026-05-18 00:00:00+00:00,7.245252408050185e-05,-0.0008620280794698898,0.0008621298362350149,0.0007704081191808321
2026-05-19 00:00:00+00:00,-0.0001771983783385167,0.0003462419475563916,0.004252979918636823,0.004280445297751401
2026-05-20 00:00:00+00:00,-0.000584978064601116,-0.0009995601927909048,-0.00016141621196330558,0.0029788215254957784
2026-05-21 00:00:00+00:00,0.0031951232608671276,0.003240525060938415,0.004079496008487782,0.005851824935257488
2026-05-22 00:00:00+00:00,0.006286022739102837,0.0054413115909730525,0.00016860206443136683,8.814303331150519e-05
2026-05-23 00:00:00+00:00,-0.005751282472703845,-0.0056001819722245605,-0.0032712689604638134,-0.005021953142424818
2026-05-24 00:00:00+00:00,-0.003935493320566086,-0.0022005937627775918,-0.0015582784049992249,-0.0019949479167432616
2026-05-25 00:00:00+00:00,0.0014986768775944181,0.0037365209048578762,0.0069775365731181704,0.00809966530482864
2026-05-26 00:00:00+00:00,0.0016955641537725885,-1.8762582561726582e-05,-0.0019725083887207617,-0.0009625667888514267
2026-05-27 00:00:00+00:00,-0.0034828359280931753,-0.0037697441488665495,-0.006778712100741657,-0.00753622738743176
2026-05-28 00:00:00+00:00,-0.001573504840553075,-0.0007846501642077008,0.00011526726896371464,0.0008252707668960912
2026-05-29 00:00:00+00:00,-0.0047282055232092945,-0.004800155612103674,-0.002998709312848402,-0.0018478793830791762
2026-05-30 00:00:00+00:00,0.0003179078921440315,-0.0004584138204237753,0.0008429895785020403,0.0031612528652298355
2026-05-31 00:00:00+00:00,-0.0009379408740005646,-0.0007906150105716492,0.004251551313295021,0.007545195280596051
2026-06-01 00:00:00+00:00,-0.001563416811666829,-0.0010697265615126073,-8.599878584603093e-05,-0.0020845864656966473
2026-06-02 00:00:00+00:00,-0.007598650537275153,-0.011088509105923405,-0.009067673404976606,-0.012286800221076644
2026-06-03 00:00:00+00:00,-0.003950987206362999,-0.002786500658065183,0.0009755891188460986,-0.0012415077584921885
2026-06-04 00:00:00+00:00,0.0023760523922649046,0.0038605897927448396,0.0011664264130029078,0.002269024429489175
2026-06-05 00:00:00+00:00,-0.0056360096915312186,-0.0038883470711946755,0.001031493031595332,-0.001647885152374129
2026-06-06 00:00:00+00:00,-0.010238056337441681,-0.010166006554300555,-0.0017595925801004997,-0.004360787604944183
2026-06-07 00:00:00+00:00,-0.01425739902468881,-0.008062086029256621,-0.012501484881897063,-0.004790223041164721
2026-06-08 00:00:00+00:00,-0.0020035514252814135,-0.011876505355659206,-0.007633282437387923,-0.012118613946621948
2026-06-09 00:00:00+00:00,0.0013942706797518412,-0.0012397410729571012,0.0006275978084260281,0.004974354249915214
2026-06-10 00:00:00+00:00,0.016166383069891044,0.021782769636595534,0.01885009479460753,0.021635409181340215
2026-06-11 00:00:00+00:00,-0.006636984237418875,-0.006428424363256968,-0.003858557921949557,-0.0030483414558136745
2026-06-12 00:00:00+00:00,0.009197255307658914,0.008880754798652246,0.006539056386837716,0.006143434810991222
2026-06-13 00:00:00+00:00,0.01125493441574199,0.010852721108600027,0.010946967532091678,0.00915980403909411
2026-06-14 00:00:00+00:00,0.001625095652812103,0.0029623507517893,0.004658795226320844,0.003212620385158349
2026-06-15 00:00:00+00:00,0.0012383453387267984,-0.001357912078694845,-0.004912052676188328,-0.00635000397154839
2026-06-16 00:00:00+00:00,-0.0020497552697078536,1.3119197584732234e-05,-0.0018158912618162493,6.513859964374369e-05
2026-06-17 00:00:00+00:00,0.0007207818196885984,0.0029676139489358544,0.002426762790626924,0.005519753993605825
2026-06-18 00:00:00+00:00,-0.0035447868335067856,-0.0024674160916338117,-0.0008992895481344521,0.0006740175190473874
2026-06-19 00:00:00+00:00,-0.0053312600295080115,-0.004847517065829421,-0.004835211440226139,-0.005721354579195204
2026-06-20 00:00:00+00:00,0.005634773386779424,0.008388151472768168,0.011423383975712964,0.012878072451237177
2026-06-21 00:00:00+00:00,-0.001497449223102354,-0.004229768304643278,-0.01057252769682182,-0.007909299114536528
2026-06-22 00:00:00+00:00,0.003495952442158723,0.0035024999343278296,0.004071091945438754,0.002645017240474834
2026-06-23 00:00:00+00:00,-0.004873011537600669,-0.0076078760331586,-0.011167357534528577,-0.0062923236271489325
2026-06-24 00:00:00+00:00,0.01018755022665152,0.009528253559478506,0.0077032450126233165,0.00565850800681833
2026-06-25 00:00:00+00:00,-0.0073467020408686246,-0.006013885682295661,-0.0005197610736364933,-0.001756530422289182
2026-06-26 00:00:00+00:00,0.009430563947104842,0.008928490338758976,0.0054703456915823345,0.00727979113856958
2026-06-27 00:00:00+00:00,0.0012523482516719753,-0.003720214666486088,-0.007491766579686532,-0.008140523404044364
2026-06-28 00:00:00+00:00,-0.0014222305107328692,-0.0027276054947845685,-0.004818282550576813,-0.0031645596195903902
2026-06-29 00:00:00+00:00,0.000835621718416002,0.0005979341086479462,0.0008209544614854458,0.0007954119490101164
2026-06-30 00:00:00+00:00,-0.0016544008566867774,-0.004064880700792806,-0.00876275181724151,-0.006339986510006668
2026-07-01 00:00:00+00:00,-0.03791357551934604,-0.03281975401805548,-0.02162315588502739,-0.03149710487093438
2026-07-02 00:00:00+00:00,0.007712095179511325,0.004757414695282458,0.0005712546064529089,0.015213988884115848
2026-07-03 00:00:00+00:00,0.0045027971471836015,0.0055841562722194205,0.0016441756333132052,0.00139696446534332
2026-07-04 00:00:00+00:00,0.0009876825983612392,-0.001926163744612297,-0.00745771289401187,-0.008403315141080725
2026-07-05 00:00:00+00:00,0.003428764105342985,0.0022243092408877896,-0.0015668813217508681,-0.0007324809228144158
2026-07-06 00:00:00+00:00,0.003414312242167483,0.004091361173163444,0.008770275432501196,0.005919783223319985
2026-07-07 00:00:00+00:00,0.017233315699045848,0.01915219025344861,0.014703307978430669,0.013169420150372035
2026-07-08 00:00:00+00:00,0.00039857536127474447,-0.0018539571954795386,-0.0007939783761344854,-0.0021975629903100424
2026-07-09 00:00:00+00:00,-0.005859017935766375,-0.006401464655019784,-0.009090540000378677,-0.007635411805958503
2026-07-10 00:00:00+00:00,0.0105321634155493,0.009471233094957343,0.007991724993444027,0.008335820241409442
2026-07-11 00:00:00+00:00,0.009337955584039381,0.01039071641744127,0.010200032103176992,0.0072670752576469155
2026-07-12 00:00:00+00:00,0.002070744852120887,0.002168069149963925,0.0005165892272269712,0.0010210551954870084
2026-07-13 00:00:00+00:00,0.007882085259960148,0.009160408616445181,0.010452655403540678,0.010525565112699198
2026-07-14 00:00:00+00:00,0.0039326621331226,0.0025925901355465797,0.0015012532056060124,0.00022688489045430416
2026-07-15 00:00:00+00:00,0.0070158571992846586,0.010793817829461982,0.012876288009816994,0.01403019060646482
2026-07-16 00:00:00+00:00,0.0038732759152320106,0.006848787105812937,0.009543882635719925,0.006270828770144066
2026-07-17 00:00:00+00:00,0.003865614762764036,0.002685281355351954,0.0027284824590640966,0.0048365912577987835
2026-07-18 00:00:00+00:00,-0.0014245480751499118,-0.0002666052497087845,7.404646235675827e-05,0.00019842784027446214
2026-07-19 00:00:00+00:00,-0.0011156361107808044,-0.0014551528471743458,-0.001463816021576081,-0.0018118047002464444
2026-07-20 00:00:00+00:00,0.0032043325776640597,0.0015684204716830408,0.0013964710072482678,0.0016156757909002728
2026-07-21 00:00:00+00:00,-0.0013958261567678099,-0.007728981632538101,-0.01751791722808116,-0.016230285035165104
2026-07-22 00:00:00+00:00,-0.0014693910817827893,-0.0019149431938000339,-0.0026877391005751816,-0.000249437057023183
2026-07-23 00:00:00+00:00,0.0004320573185092602,0.00025955412642830744,-0.0022236024156047085,-0.0010160224411404073
2026-07-24 00:00:00+00:00,-0.013757553075378737,-0.012048180490961458,-0.014231839621293818,-0.00935630523483122
2026-07-25 00:00:00+00:00,-0.001801240477924848,-0.0010235871869639368,-0.001734104702452166,-0.00013242193858509221
2026-07-26 00:00:00+00:00,0.0035539141187339585,0.004361253332687776,0.0047800892861151745,0.0049195355834728005
2026-07-27 00:00:00+00:00,0.010306390079712457,0.0124615478147736,0.014153052411983502,0.011634248899326849
2026-07-28 00:00:00+00:00,0.0038750750469060957,0.0038142963295511034,0.0016649574372071818,0.0033943284824369258
2026-07-29 00:00:00+00:00,0.007158134381314296,0.008813861305928317,0.009508872059155848,0.00764168090194306
2026-07-30 00:00:00+00:00,-0.011076428039983988,-0.014445188007381482,-0.017945462412622515,-0.017470681386924647
2026-07-31 00:00:00+00:00,-0.005229640934370172,-0.0023672558292683332,0.0008779413115034274,0.00031227707941305916
2026-08-01 00:00:00+00:00,0.005703243389283852,0.0038972272456745394,0.0026591796308355065,0.0026579970473072922
2026-08-02 00:00:00+00:00,-0.004006582400498004,-0.004117755558057934,-0.0014000235377482628,-0.0016622577142443307
2026-08-03 00:00:00+00:00,-0.00021282031924196865,0.0003973755642998622,-0.001784460953950462,-0.0010688640916526326
2026-08-04 00:00:00+00:00,-0.00639167930093032,-0.0069512453710212085,-0.006391897376779143,-0.00713837185669719
2026-08-05 00:00:00+00:00,-0.0026484540338574947,-0.000542351348295611,0.004684138876699828,0.004459185788589615
2026-08-06 00:00:00+00:00,-0.007009689555599552,-0.004307502375417438,0.0015295178055376724,0.00015918284573124275
2026-08-07 00:00:00+00:00,0.004478432584536396,0.0030575214361512337,0.00027861143178764536,-0.00029538002535556274
2026-08-08 00:00:00+00:00,-0.0009655055477880703,-0.0028546061108786214,-0.0026689360726354083,-0.0015321932327609922
2026-08-09 00:00:00+00:00,-0.007772325510644329,-0.006334869595777448,-0.004816543384476901,-0.003468257650401041
2026-08-10 00:00:00+00:00,0.010118496170172797,0.006472512590945501,0.0015114865992473803,0.0012899484566537556
2026-08-11 00:00:00+00:00,0.0064175789601581545,0.004127885727082781,0.0009625201637559755,0.0017624188194562684
2026-08-12 00:00:00+00:00,-0.0023938777017932233,-0.0017683021727177284,-0.004067839975213983,-0.00326707235409196
2026-08-13 00:00:00+00:00,0.006558463517850166,0.0035252537176984067,0.002381312925936463,0.0012101768197019247
2026-08-14 00:00:00+00:00,0.005866037110696443,0.003237862124080282,0.0013962329389862749,0.0025661645630283836
2026-08-15 00:00:00+00:00,0.00864676818395882,0.006500012563370072,0.0035103640255631507,0.004607351692577755
2026-08-16 00:00:00+00:00,-0.0025919329976813454,-0.0030500953850441936,-0.0010781457090758284,-0.0007379527063486879
2026-08-17 00:00:00+00:00,0.003806718611368831,0.0034481665194856514,0.003142356884442643,0.0030692074102953715
2026-08-18 00:00:00+00:00,0.002043418736974001,0.001468281043203179,0.0009209662084521675,0.0008354827497270012
2026-08-19 00:00:00+00:00,0.0146349018089591,0.010684252888680135,0.0044680714088385365,0.0058535905289816
2026-08-20 00:00:00+00:00,0.0016997525476205588,0.002377768145107373,0.004291045597972554,0.0038564440960082713
2026-08-21 00:00:00+00:00,-0.00437238030146192,-0.003962659051228168,-0.0019601463015148646,-0.0016557803514283265
2026-08-22 00:00:00+00:00,0.005010026596910411,0.005470334316699743,0.004219408270634606,0.003742419977499134
2026-08-23 00:00:00+00:00,0.0015696738711361569,0.0017436938875181607,0.0019097863206298804,0.0014280535623278912
2026-08-24 00:00:00+00:00,-0.0009151418508828169,-0.0008317312493543172,-0.0009397522672027758,0.001103987347075286
2026-08-25 00:00:00+00:00,-0.00031528888436627156,-0.0010367900061888369,-0.0029137942743250322,-0.00317688953487949
2026-08-26 00:00:00+00:00,-0.006530931272947016,-0.005246714491702109,-0.0020182410558122754,-0.0027527836509964043
2026-08-27 00:00:00+00:00,0.00398338726534031,0.00484491986407054,0.004068934114436873,0.005393556405044464
2026-08-28 00:00:00+00:00,-0.0003647214459668868,-0.0004153433326267164,-0.0014770363519299723,-0.0008682662031621602
2026-08-29 00:00:00+00:00,-0.0003643587403977522,-7.152662959686307e-05,-3.0816852449100374e-05,0.0004952882329014585
2026-08-30 00:00:00+00:00,-0.00046749249031818874,0.0010780535790231305,0.00038785505050586977,0.0014444819321881575
2026-08-31 00:00:00+00:00,-0.000277019554664637,-0.0005524355037008766,-0.0008422076058106631,-0.0020015148789502835
