tree
version=v4
num_class=1
num_tree_per_iteration=1
label_index=0
max_feature_idx=40
objective=regression
feature_names=Column_0 Column_1 Column_2 Column_3 Column_4 Column_5 Column_6 Column_7 Column_8 Column_9 Column_10 Column_11 Column_12 Column_13 Column_14 Column_15 Column_16 Column_17 Column_18 Column_19 Column_20 Column_21 Column_22 Column_23 Column_24 Column_25 Column_26 Column_27 Column_28 Column_29 Column_30 Column_31 Column_32 Column_33 Column_34 Column_35 Column_36 Column_37 Column_38 Column_39 Column_40
feature_infos=[-0.5:0.5] [-0.5:0.5] [-0.5:0.5] [-0.5:0.5] [-0.5:0.5] [-0.5:0.5] [-0.5:0.5] [-0.5:0.5] [-0.5:0.5] [-0.5:0.5] [-0.5:0.5] [-0.5:0.5] [-0.5:0.5] [-0.5:0.5] [-0.5:0.5] [-0.5:0.5] [-0.5:0.5] [-0.5:0.5] [-0.5:0.5] [-0.5:0.5] [-0.5:0.5] [-0.5:0.5] [-0.5:0.5] [-0.5:0.5] [-0.5:0.5] [-0.5:0.5] [-0.5:0.5] [-0.5:0.5] [-0.5:0.5] [-0.5:0.5] [-0.5:0.5] [-0.5:0.5] [-0.5:0.5] [-0.5:0.5] [-0.5:0.5] [-0.5:0.5] [-0.5:0.5] [-0.5:0.5] [-0.5:0.5] [-0.5:0.5] [-0.5:0.5]
tree_sizes=3183 3181 3177 3165 3203 3178 3168 3180 3184 3179 3183 3161 3161 3143 3169 3184 3181 3183 3178 3180 3176 3170 3155 3183 3172 3203 3186 3168 3155 3174 3173 3168 3161 3186 3145 3182 3165 3159 3158 3154 3158 3201 3160 3146 3194 3179 3141 3162 3174 3174 3156 3177 3152 3157 3161 3164 3145 3152 3153 3172 3162 3152 3166 3142 3161 3128 3163 3143 3147 3157 3144 3165 3167 3172 3150 3157 3160 3147 3171 3151 3138 3153 3154 3137 3149 3167 3154 3140 3168 3122 3170 3177 3156 3145 3131 3129 3144 3185 3153 3159 3165 3153 3124 3146 3136 3125 3142 3141 3147 3173 3141 3158 3145 3109 3138 3144 3164 3140 3147 3152 3161 3174 3146 3152 3159 3187 3160 3141 3147 3169 3125 3111 3127 3161 3146 3141 3132 3164 3157 3139 3179 3127 3133 3187 3156 3152 3172 3140 3128 3159 3133 3137 3169 3128 3154 3142 3151 3144 3136 3125 3129 3136 3138 3174 3123 3118 3145 3156 3132 3128 3156 3132 3152 3141 3128 3158 3149 3158 3136 3175 3137 3133 3170 3156 3162 3136 3144 3154 3149 3135 3131 3103 3140 3142 3134 3137 3136 3151 3151 3138 3146 3142 3132 3118 3171 3146 3146 3119 3123 3137 3131 3157 3151 3161 3169 3140 3155 3147 3135 3148 3127 3137 3138 3129 3135 3145 3141 3134 3121 3125 3150 3155 3150 3135 3161 3163 3179 3138 3170 3120 3124 3132 3125 3142 3176 3131 3131 3165 3132 3110 3152 3137 3149 3143 3106 3149 3147 3128 3137 3147 3144 3155 3132 3142 3123 3117 3144 3148 3128 3150 3106 3133 3124 3131 3135 3112 3141 3126 3128 3158 3156 3154 3114 3122 3165 3152 3137 3139 3120 3163 3145 3139 3148 3128 3119 3156 3137 3150 3139 3162

Tree=0
num_leaves=31
num_cat=0
split_feature=39 27 13 8 2 19 35 15 35 11 22 15 16 11 5 19 21 35 17 8 16 2 22 5 12 2 13 8 11 22
split_gain=0.1711 0.0892403 0.0594741 0.0721068 0.070823 0.0633183 0.0581885 0.0455278 0.0436187 0.0540773 0.0469387 0.041902 0.0339676 0.0318442 0.0315677 0.0308121 0.0271374 0.0258359 0.025599 0.025379 0.0251076 0.0252599 0.0247022 0.0244385 0.0251274 0.0236065 0.0306845 0.0252578 0.0225167 0.0221531
threshold=0.34589572250843054 0.49664428830146795 0.40614514052867895 0.050361584872007377 0.26490327715873724 0.43310962617397314 0.38509631156921392 -0.29180648922920221 0.46399636566638952 0.4115345180034638 -0.063697375357151018 -0.35231085121631617 0.010135597549378874 0.090756561607122435 -0.42280606925487513 0.45307256281375891 -0.38448455929756159 0.4385290145874024 -0.45298065245151514 -0.48653183877468104 -0.49664428830146784 0.47952194511890417 0.23162547498941424 0.40784807503223425 -0.077052142471075044 0.33203053474426275 -0.19795162230730054 0.14489366859197619 0.48662193119525915 0.4385290145874024
decision_type=2 2 2 2 2 10 2 2 2 2 8 2 2 2 10 10 10 2 2 2 2 2 8 10 2 2 2 2 2 8
left_child=6 2 8 4 14 18 13 16 29 23 -11 17 -12 -1 22 -13 -6 -3 20 -8 -5 -22 -4 24 -10 26 -26 -27 -7 -2
right_child=1 11 3 5 7 28 19 -9 9 10 12 15 -14 -15 -16 -17 -18 -19 -20 -21 21 -23 -24 -25 25 27 -28 -29 -30 -31
leaf_value=2.0375076613921588e-05 -7.4558825911327929e-06 0.00015267577716250236 -0.00012639875021340464 -6.7643451603890245e-05 -0.00030835041863958663 -0.00025783561820598655 -0.00019868004460524313 -0.00016865028316148157 -2.8870648531897001e-05 0.00019011053811280625 0.00013026725837022476 -4.1715357790498566e-05 -0.0002125535653701438 3.0055550046519218e-06 -3.2704814713781008e-05 0.00025587845129174916 -0.00066242512150186967 0.00043627601188137998 -4.4705509938676754e-05 -1.9961434211743507e-05 2.9698006099455067e-05 0.00033477541340833599 -0.00041409387598869459 -5.4368292372300807e-06 -0.00024988990614140377 -0.00034333990946889864 -1.8394777484395841e-05 -0.0001590067573035863 -3.2287333969448726e-05 -8.1275306958202641e-05
leaf_weight=302773 48344 800 805 612 402 1660 719 701 1420 1090 404 1286 695 138419 2069 403 439 459 14099 38259 511 461 405 1463 778 1077 1496 1842 528 3949
leaf_count=302773 48344 800 805 612 402 1660 719 701 1420 1090 404 1286 695 138419 2069 403 439 459 14099 38259 511 461 405 1463 778 1077 1496 1842 528 3949
internal_value=4.76671e-06 -3.36368e-05 -3.92531e-05 -8.08496e-05 -0.00018371 -5.30112e-05 1.18214e-05 -0.000350828 -2.41532e-05 -8.0664e-05 5.14306e-05 0.000128376 -8.65398e-05 1.49257e-05 -0.000104276 3.03483e-05 -0.000498851 0.000258651 -3.18506e-05 -2.33096e-05 8.21654e-05 0.000176272 -0.000225342 -0.000116481 -0.000140994 -0.000171529 -9.83664e-05 -0.000227977 -0.000203826 -1.3046e-05
internal_weight=568368 88198 85250 22692 4821 17871 480170 1542 62558 10265 2189 2948 1099 441192 3279 1689 841 1259 15683 38978 1584 972 1210 8076 6613 5193 2274 2919 2188 52293
internal_count=568368 88198 85250 22692 4821 17871 480170 1542 62558 10265 2189 2948 1099 441192 3279 1689 841 1259 15683 38978 1584 972 1210 8076 6613 5193 2274 2919 2188 52293
is_linear=0
shrinkage=1


Tree=1
num_leaves=31
num_cat=0
split_feature=0 26 10 19 0 11 26 13 26 3 2 38 13 10 38 19 38 0 28 1 6 21 23 1 17 19 1 28 26 21
split_gain=0.220535 0.0913822 0.102459 0.0705566 0.0694254 0.0635174 0.0526383 0.0521501 0.0495171 0.0493059 0.0486765 0.0414176 0.0395324 0.0370357 0.0336338 0.0333353 0.0326148 0.0317114 0.0312548 0.0484364 0.0308913 0.0303656 0.0542259 0.0298077 0.0320316 0.0293611 0.0383387 0.0259465 0.0378322 0.0598919
threshold=0.40614514052867895 -0.41272504627704615 0.466554805636406 -0.35920709371566767 0.466554805636406 0.46357001364231115 0.35910767316818243 0.47318433225154882 0.21147392690181735 -0.083612978458404527 -0.49664428830146784 -0.063697375357151018 0.43962624669075018 -0.35901738703250879 -0.41272504627704615 0.31229026615619665 0.15780642628669742 0.27854746580123907 -0.37915775179862971 0.47966079413890844 0.38927203416824346 0.083917114883661284 0.19068456441164019 0.47318433225154882 0.18458957225084308 0.47318433225154882 0.42620199918746954 -0.38581016659736628 0.43962624669075018 0.41166466474533087
decision_type=2 2 2 10 2 2 2 2 2 2 2 10 2 2 8 8 10 2 2 2 10 10 2 2 2 10 2 2 2 10
left_child=5 13 4 6 23 11 -4 27 9 -6 15 -1 20 21 -14 -7 -15 -13 19 -10 -11 -2 -23 -3 -25 -12 -27 -5 29 -29
right_child=1 2 3 7 8 10 -8 -9 18 12 25 17 14 16 -16 -17 -18 -19 -20 -21 -22 22 -24 24 -26 26 -28 28 -30 -31
leaf_value=1.8477799044915963e-05 4.6838540837296492e-05 -4.2841867264402531e-05 4.9072256462464472e-05 0.00019773344318148688 1.336019293622316e-06 -8.8577713364055153e-05 0.00036671184778824258 -0.00027475013858901395 -9.1086876843332482e-05 -0.00021271604015137561 -4.9021187911638158e-05 5.176055033818782e-06 -0.00057918588243152777 -0.0001830082767614379 -0.00024400665969026214 -0.00041172335196746658 -0.00044528422885998641 -2.3797402464022764e-05 -9.2401009067155133e-05 0.00028129455487702895 1.7739110675997458e-05 -2.9945700926265162e-05 -0.00042949762726700346 -1.1321939712133759e-05 0.00024491213741470452 -7.9204329209187084e-06 0.00033794425846263607 -2.5221805020662989e-05 -0.00014081265661166652 0.00037066109359524613
leaf_weight=219556 711 27673 868 747 1083 636 1022 529 731 3021 14419 239052 442 996 738 525 771 39625 7936 537 631 730 518 1237 670 955 403 1203 1054 471
leaf_count=219556 711 27673 868 747 1083 636 1022 529 731 3021 14419 239052 442 996 738 525 771 39625 7936 537 631 730 518 1237 670 955 403 1203 1054 471
internal_value=7.28208e-07 -5.67593e-05 -4.61759e-05 7.13068e-05 -6.16797e-05 6.79061e-06 0.000221859 -1.33741e-07 -0.000113958 -0.000181641 -5.03241e-05 8.73326e-06 -0.000222569 -0.000199956 -0.000373369 -0.000236971 -0.00029931 1.05562e-06 -7.0311e-05 6.75843e-05 -0.000172958 -0.000109276 -0.000197881 -3.49297e-05 7.95106e-05 -3.64476e-05 9.64384e-05 4.23396e-05 -7.78207e-07 8.77042e-05
internal_weight=569490 54319 50593 5894 44699 515171 1890 4004 15119 5915 16938 498233 4832 3726 1180 1161 1767 278677 9204 1268 3652 1959 1248 29580 1907 15777 1358 3475 2728 1674
internal_count=569490 54319 50593 5894 44699 515171 1890 4004 15119 5915 16938 498233 4832 3726 1180 1161 1767 278677 9204 1268 3652 1959 1248 29580 1907 15777 1358 3475 2728 1674
is_linear=0
shrinkage=0.03


Tree=2
num_leaves=31
num_cat=0
split_feature=0 26 29 12 11 13 3 4 0 19 6 38 2 28 24 21 28 8 18 36 11 21 19 28 36 37 19 17 26 2
split_gain=0.218508 0.134646 0.116162 0.0847548 0.0772985 0.0739383 0.0612651 0.0465734 0.0733167 0.0563619 0.0470423 0.0431677 0.0422459 0.0400671 0.0381961 0.0343126 0.0430039 0.0360068 0.0332427 0.0327738 0.0311434 0.0305118 0.0299681 0.0287594 0.0314971 0.0323049 0.0285385 0.0275693 0.0266276 0.0260154
threshold=0.40614514052867895 -0.2781506478786468 -0.33881792426109308 0.43172106146812445 0.46357001364231115 0.44500453770160681 0.43156538903713232 0.4385290145874024 0.466554805636406 -0.45986577868461603 0.44139115512371069 0.16554810106754306 -0.48653183877468104 -0.30533944070339197 0.36476325988769537 0.45986577868461614 -0.20462171733379361 0.47735816240310674 -0.050167785957455628 0.49095004796981817 0.28547459840774542 0.23817513883113864 0.12542516738176349 -0.17109678685665128 0.48662193119525915 -0.41940896213054651 -0.39930471777915949 0.39966443181037908 0.27187095582485205 0.33830955624580389
decision_type=2 2 2 2 2 2 2 2 2 10 10 10 2 2 2 10 2 2 2 2 2 10 10 2 2 2 8 2 2 2
left_child=4 5 3 -3 11 14 -7 8 -4 19 18 -1 21 -5 -2 16 17 -11 20 -9 28 -6 -18 -22 25 -25 -20 -28 29 -10
right_child=1 2 7 13 12 6 -8 9 10 15 -12 -13 -14 -15 -16 -17 22 -19 26 -21 23 -23 -24 24 -26 -27 27 -29 -30 -31
leaf_value=1.372354362790242e-05 -0.00017405598559789177 2.2172773531901442e-05 -4.483442638700605e-05 0.00049309331947253979 -0.00028241871101905883 -0.00020758973860432938 -0.00066367803256059139 0.00034263071665144296 -8.853664274296071e-05 -9.2578360523044178e-05 0.00011623827042650052 -5.1219398598088647e-06 -4.0595437773771193e-05 0.00013397465823800303 -1.6126905895795001e-05 0.0002004630598100376 9.3641144592935058e-05 -0.00040373767405384533 0.00014410499261498873 3.0960747215836341e-06 -0.00017006781458952537 -3.7455826497092804e-05 -0.00010197335757584527 -0.0006214211708805335 -0.00017970106332296172 -0.00028018459382267956 -0.00015773428487546927 8.3870740632213092e-05 -4.6110884286746926e-05 -0.00036860339378307842
leaf_weight=336040 5336 8500 20130 507 1196 663 448 643 583 1450 580 162182 14822 632 1860 521 1809 429 414 421 1457 743 1141 522 614 527 2605 501 1529 620
leaf_count=336040 5336 8500 20130 507 1196 663 448 643 583 1450 580 162182 14822 632 1860 521 1809 429 414 421 1457 743 1141 522 614 527 2605 501 1529 620
internal_value=-5.86102e-07 -5.7737e-05 -3.76977e-05 5.48898e-05 5.45667e-06 -0.000168851 -0.000395783 -6.21594e-05 -7.78036e-05 1.12196e-05 -0.000144379 7.58895e-06 -5.78924e-05 0.000296728 -0.000133314 -2.85443e-05 -5.36151e-05 -0.000165381 -0.000160614 0.000209564 -0.000204429 -0.000189226 1.78925e-05 -0.000269226 -0.000354566 -0.000454254 -8.73985e-05 -0.000118619 -0.000129718 -0.000234726
internal_weight=569425 54442 46135 9639 514983 8307 1111 36496 30082 6414 9952 498222 16761 1139 7196 5350 4829 1879 9372 1064 5852 1939 2950 3120 1663 1049 3520 3106 2732 1203
internal_count=569425 54442 46135 9639 514983 8307 1111 36496 30082 6414 9952 498222 16761 1139 7196 5350 4829 1879 9372 1064 5852 1939 2950 3120 1663 1049 3520 3106 2732 1203
is_linear=0
shrinkage=0.03


Tree=3
num_leaves=31
num_cat=0
split_feature=36 38 8 35 9 26 8 17 37 35 11 6 3 3 7 38 6 39 19 17 8 13 14 35 39 7 6 37 15 37
split_gain=0.182939 0.080623 0.0645295 0.0628173 0.058123 0.0512753 0.0509687 0.0501777 0.0476132 0.0478489 0.0392942 0.037435 0.0336728 0.0341341 0.0482006 0.0326002 0.031607 0.0351196 0.0359845 0.0313985 0.0370355 0.0288614 0.0472541 0.0478316 0.0568436 0.0356212 0.0317973 0.0309058 0.0346832 0.0278421
threshold=0.3318170458078385 0.43189549446105963 0.33203053474426275 0.23179569095373156 0.34489440917968756 -0.48653183877468104 -0.48653183877468104 0.47318433225154882 0.16409231722354892 -0.33922326564788813 0.46357001364231115 0.38533127307891851 0.4516685158014298 0.41188235580921179 0.15759594738483432 0.13091243803501132 0.46035675704479223 0.45142260193824774 0.43962624669075018 0.36581273376941686 0.28454907238483435 0.4463686496019364 0.063794087618589415 0.48418948054313665 0.48615899682044988 0.38593547046184545 0.3430562317371369 0.40614514052867895 0.32554237544536596 0.38593547046184545
decision_type=2 8 2 2 2 2 2 2 2 2 2 10 2 2 2 10 10 2 10 2 2 2 2 2 2 2 10 2 2 2
left_child=10 2 4 5 6 -3 -2 21 -9 -10 15 12 13 -6 -15 -1 17 18 -5 20 -19 27 23 24 -23 -25 -26 29 -29 -4
right_child=1 3 7 16 11 -7 -8 8 9 -11 -12 -13 -14 14 -16 -17 -18 19 -20 -21 -22 22 -24 25 26 -27 -28 28 -30 -31
leaf_value=1.487502375662212e-05 -0.00014737489841635829 -0.00030191153476486268 1.1536141633952712e-05 -0.00023239573304445214 -0.00013364258303175816 -2.1109328951663269e-05 -2.2726100285718348e-05 0.00044871560517028718 0.00030845201566369074 -8.8369835255722369e-05 -6.7161236966301009e-05 1.5956415869171115e-05 4.6782591419070869e-05 -0.00048422328671985835 -7.0550630456861258e-05 -1.7621290148695755e-06 -6.188736074987609e-06 -0.00035422384511954496 -2.6316599211712675e-05 -0.00043654946950171799 1.2780865620124128e-05 1.5853079550965166e-05 -0.00013574188405594373 1.0905329455387938e-05 -7.7841281285321697e-05 0.0003864859659388924 -0.0003922873318325494 -3.5506012629909747e-05 0.00021287757626673939 -0.00021395993970152542
leaf_weight=301696 3186 634 18882 1792 6125 6440 38834 404 447 673 6163 1650 772 626 428 163409 814 541 1327 909 448 4928 3345 443 672 458 507 783 1407 496
leaf_count=301696 3186 634 18882 1792 6125 6440 38834 404 447 673 6163 1650 772 626 428 163409 814 541 1327 909 448 4928 3345 443 672 458 507 783 1407 496
internal_value=2.77598e-07 -3.70205e-05 -2.64134e-05 -0.000106865 -4.7442e-05 -4.66666e-05 -3.22099e-05 6.04771e-06 0.000173647 7.13327e-05 8.03206e-06 -0.000114004 -0.00014096 -0.000161186 -0.000318484 9.02985e-06 -0.000179691 -0.000207773 -0.000145082 -0.000309493 -0.000189513 -2.00582e-06 -4.31551e-05 1.1681e-06 -2.90367e-05 0.000203969 -0.000215223 1.77574e-05 0.000124314 5.65696e-06
internal_weight=569239 97971 85066 12905 51621 7074 42020 33445 1524 1120 471268 9601 7951 7179 1054 465105 5831 5017 3119 1898 989 31921 10353 7008 6107 901 1179 21568 2190 19378
internal_count=569239 97971 85066 12905 51621 7074 42020 33445 1524 1120 471268 9601 7951 7179 1054 465105 5831 5017 3119 1898 989 31921 10353 7008 6107 901 1179 21568 2190 19378
is_linear=0
shrinkage=0.03


Tree=4
num_leaves=31
num_cat=0
split_feature=0 7 12 30 26 29 22 38 0 13 8 3 8 13 22 19 5 15 1 18 19 11 16 0 5 29 3 36 13 23
split_gain=0.230971 0.0963834 0.0753723 0.0693292 0.0558396 0.0510127 0.0626376 0.0384498 0.0372142 0.0356569 0.0350709 0.0387425 0.034396 0.0377805 0.0343657 0.0299093 0.0293677 0.0274113 0.0249234 0.0247387 0.0243279 0.0322388 0.0284682 0.0239328 0.0241964 0.0303072 0.0422186 0.0225386 0.0225013 0.0309216
threshold=0.43133513629436498 0.42469435930252081 0.27854746580123907 0.47683362662792211 0.25170098245143896 -0.21206060796976087 -0.39273729920387263 0.12542516738176349 0.46441236138343817 0.49221777915954595 0.010135597549378874 0.47683362662792211 0.043656742200255401 0.45307256281375891 -0.49664428830146784 0.35910767316818243 0.22820810973644259 0.46441236138343817 0.31229026615619665 0.45307256281375891 -0.010033556725829838 0.4463686496019364 -0.42605021595954889 0.33277405798435217 -0.38316427171230311 -0.38581016659736628 -0.48653183877468104 0.42459291219711309 0.43310962617397314 0.43310962617397314
decision_type=2 2 2 2 2 2 8 10 2 2 2 2 2 2 8 10 8 2 2 2 8 2 2 2 10 2 2 2 2 2
left_child=2 3 7 4 8 6 -3 -1 -2 23 -8 -12 -5 -14 -6 -13 -15 20 -10 -7 21 22 -16 24 25 26 -4 -22 29 -20
right_child=1 5 9 12 14 19 10 -9 18 -11 11 15 13 16 17 -17 -18 -19 28 -21 27 -23 -24 -25 -26 -27 -28 -29 -30 -31
leaf_value=1.6557528318929906e-05 -7.2082552201981778e-05 0.00039218475489670766 -0.00032647375744710079 -0.00032472755519331371 0.00018782804562583511 -1.356011381272426e-05 -0.00015113319848890849 -2.5262375040832686e-06 -4.7136808167659236e-05 -0.00011125556130192889 0.0002660667403401346 0.00011554465620234545 4.4219754456265072e-05 -3.7366758368280115e-05 -0.00018079212816969113 -0.00020602676298192712 -0.00035620774195832246 0.00013036066248336782 -0.00018981630453414786 -0.00025262397467036536 -5.9839689877378952e-05 0.00021579401615532157 -1.0029193489994003e-05 -5.2500121285565333e-05 -7.5999976856080329e-07 -2.3749729283615521e-05 -5.7834954335723012e-05 -0.00018476733058752528 -0.00032255615880411455 4.8417053347440886e-05
leaf_weight=272914 8398 611 717 1526 589 3242 564 145764 1347 3560 853 700 688 417 1014 401 692 759 4577 433 4246 486 6200 13295 70264 20214 1931 1874 972 545
leaf_count=272914 8398 611 717 1526 589 3242 564 145764 1347 3560 853 700 688 417 1014 401 692 759 4577 433 4246 486 6200 13295 70264 20214 1931 1874 972 545
internal_value=-1.22061e-06 -6.96862e-05 4.10779e-06 -9.01262e-05 -7.61196e-05 3.34255e-05 0.000122259 9.91356e-06 -0.000115503 -1.79926e-05 5.54687e-05 0.000115568 -0.000220201 -0.000130132 -3.49454e-05 -2.3765e-06 -0.000237724 -4.40682e-05 -0.000164344 -4.23365e-05 -5.37352e-05 -1.82073e-05 -3.42487e-05 -1.48626e-05 -9.48427e-06 -3.62854e-05 -0.000131529 -9.83327e-05 -0.000190132 -0.000164422
internal_weight=569793 41134 528659 34330 31007 6804 3129 418678 15839 109981 2518 1954 3323 1797 15168 1101 1109 14579 7441 3675 13820 7700 7214 106421 93126 22862 2648 6120 6094 5122
internal_count=569793 41134 528659 34330 31007 6804 3129 418678 15839 109981 2518 1954 3323 1797 15168 1101 1109 14579 7441 3675 13820 7700 7214 106421 93126 22862 2648 6120 6094 5122
is_linear=0
shrinkage=0.03


Tree=5
num_leaves=31
num_cat=0
split_feature=0 27 26 38 12 30 2 11 38 24 6 6 36 35 21 12 6 10 36 16 0 38 0 1 36 30 21 38 36 28
split_gain=0.223579 0.0896628 0.0818571 0.059495 0.0472201 0.0471022 0.0456043 0.0443961 0.0441638 0.0420262 0.0417191 0.0363511 0.0490153 0.045085 0.0534447 0.0533243 0.0518921 0.0656189 0.0317767 0.0310994 0.0410611 0.0299039 0.0286594 0.0275257 0.0262848 0.0256747 0.0246276 0.0285017 0.0288472 0.0241249
threshold=0.41810730099678045 0.49664428830146795 -0.21137479692697522 0.098392926156520857 0.4516685158014298 0.39151957631111151 -0.49664428830146784 0.47683362662792211 -0.46641474962234492 0.48615899682044988 0.33903175592422491 0.39712753891944891 0.35222332179546362 0.37251612544059759 0.097359016537666335 -0.016722595319151875 -0.0081306183710694296 0.42490601539611822 0.11161036416888238 0.12389241904020311 0.48596473038196569 0.4463686496019364 0.47993287444114691 0.47993287444114691 0.46399636566638952 0.45753696560859686 -0.010274454485625027 0.39966443181037908 0.3644950687885285 -0.42605021595954889
decision_type=2 2 2 10 2 2 2 2 8 2 10 8 2 2 10 2 10 2 2 2 2 10 2 2 2 2 10 8 2 2
left_child=3 2 9 18 5 26 7 -5 -3 21 29 12 -7 -14 15 -15 -17 -18 -1 -13 -21 23 -16 25 -10 -2 27 -4 -29 -6
right_child=1 8 4 6 10 11 -8 -9 24 -11 -12 19 13 14 22 16 17 -19 -20 20 -22 -23 -24 -25 -26 -27 -28 28 -30 -31
leaf_value=2.0240380521210478e-05 -0.00010273396048468599 0.00041996311781019414 7.1263857670362443e-06 -6.3666344656899859e-05 8.4668105076810191e-05 1.5697643177592409e-05 -5.483406397751309e-06 -0.00037935104188897779 0.00023457704224068363 -0.00035799051657830729 -2.792089705320007e-05 -9.985971204035816e-05 -8.3358727349423567e-05 5.8822007901603898e-05 -0.0002715016617479293 -8.0350341026628901e-06 -0.00051108664039331889 -5.2903608979233189e-05 -3.6374963616104088e-07 -4.6438175259241993e-05 0.00032093376240824567 -0.00026876407009065307 -0.0005695430333691868 0.00012927846094273055 -5.2990352796308497e-05 -0.00031476511947570602 -6.3938464550860775e-05 1.0077170895115215e-05 -0.00033960633846120627 0.00040228369840789605
leaf_weight=216150 6107 419 11537 1538 429 1399 204677 535 470 791 1135 1681 2568 684 678 551 829 427 97866 667 452 1186 551 413 701 555 13370 405 435 436
leaf_count=216150 6107 419 11537 1538 429 1399 204677 535 470 791 1135 1681 2568 684 678 551 829 427 97866 667 452 1186 551 413 701 555 13370 405 435 436
internal_value=-1.66891e-07 -6.15093e-05 -6.89705e-05 5.59141e-06 -4.974e-05 -5.75785e-05 -6.90503e-06 -0.000146568 0.000159428 -0.000150052 9.185e-05 -0.000111148 -0.000144822 -0.000180504 -0.000247162 -0.000166176 -0.000251199 -0.000356967 1.38191e-05 -1.8516e-05 0.000103483 -0.000129733 -0.000408641 -0.000106081 6.34385e-05 -0.000120843 -3.57243e-05 -5.21954e-06 -0.000172874 0.000247529
internal_weight=569642 48876 47286 520766 38234 36234 206750 2073 1590 9052 2000 10487 7687 6288 3720 2491 1807 1256 314016 2800 1119 8261 1229 7075 1171 6662 25747 12377 840 865
internal_count=569642 48876 47286 520766 38234 36234 206750 2073 1590 9052 2000 10487 7687 6288 3720 2491 1807 1256 314016 2800 1119 8261 1229 7075 1171 6662 25747 12377 840 865
is_linear=0
shrinkage=0.03


Tree=6
num_leaves=31
num_cat=0
split_feature=0 27 15 11 30 38 21 8 1 30 7 8 0 1 35 25 19 24 20 11 11 11 38 15 19 37 3 3 13 11
split_gain=0.173754 0.0768937 0.0707105 0.0588895 0.0540879 0.0473108 0.0447606 0.0579058 0.0413893 0.0553175 0.0403059 0.0585142 0.0493169 0.0684828 0.0359316 0.0337423 0.0335922 0.027698 0.0256708 0.0402739 0.024169 0.0236286 0.0349086 0.0223282 0.0210023 0.0219284 0.0211005 0.022965 0.0200487 0.0197548
threshold=0.41166466474533087 0.49664428830146795 -0.43286086618900294 0.45986577868461614 0.47683362662792211 0.15780642628669742 0.27865724265575414 0.010135597549378874 -0.49664428830146784 -0.032316081225872033 0.14436987787485125 -0.4798318743705749 0.46441236138343817 0.49664428830146795 0.48418948054313665 0.49221777915954595 0.036974893882870681 0.49664428830146795 0.47152988612651831 0.25769412517547613 0.31229026615619665 0.47083835303783422 -0.41272504627704615 -0.078053325414657579 0.43310962617397314 0.37159061431884771 0.39849410951137548 0.31848688423633581 0.42490601539611822 0.41950166225433355
decision_type=2 2 2 2 2 10 8 2 2 2 2 2 2 2 2 2 8 2 10 2 2 2 8 2 8 2 2 2 2 2
left_child=3 4 -3 5 10 -1 7 20 9 -5 12 -12 -2 18 -10 17 21 -13 19 -14 -6 22 -9 -11 25 26 27 29 -8 -21
right_child=1 2 -4 8 6 -7 28 16 14 23 11 15 13 -15 -16 -17 -18 -19 -20 24 -22 -23 -24 -25 -26 -27 -28 -29 -30 -31
leaf_value=1.4090170961418734e-05 -4.2218213326760541e-05 0.0004060118862257896 -2.3319667573637353e-06 -0.00040458675951126618 -0.00018313525021115934 -5.5215138427276449e-06 0.0001775508042321093 -0.0003072784042578786 -4.0452185472396479e-05 -0.00019724540654622968 -0.00032754882325467628 -1.0197514122512703e-05 -9.6612474203993458e-05 0.00021029519339137018 0.00024275092606515405 -0.00020242544851622232 -0.00031849055229927283 0.00017188759009881407 4.3335829456596585e-05 -0.00030721809832096975 -0.00047149097518616877 0.00011784435872858857 4.7997560192963118e-05 8.0279930045593499e-05 -0.00042453247447308092 7.2651721009580831e-08 -0.00035056680624021984 -3.849234616707179e-05 -0.0001051015433888059 -6.3001155800967941e-05
leaf_weight=333093 15983 603 1011 647 413 165808 413 484 15654 486 528 19506 4263 499 404 785 526 772 586 1153 805 532 497 542 439 419 938 716 475 409
leaf_count=333093 15983 603 1011 647 413 165808 413 484 15654 486 528 19506 4263 499 404 785 526 772 586 1153 805 532 497 542 439 419 938 716 475 409
internal_value=3.66313e-07 -5.14898e-05 0.000151788 5.66238e-06 -5.79336e-05 7.57232e-06 -0.000161709 -0.000213049 -4.80458e-05 -0.000189515 -4.87482e-05 -1.85986e-05 -7.43542e-05 -0.000128765 -3.31805e-05 -1.07022e-05 -0.000114348 -3.18408e-06 -0.000147941 -0.000161421 -0.000376003 -4.17525e-05 -0.000128618 -5.15599e-05 -0.000228834 -0.0002041 -0.000230618 -0.000179912 2.68705e-05 -0.000244079
internal_weight=569389 52755 1614 516634 51141 498901 4145 3257 17733 1675 46996 21591 25405 9422 16058 21063 2039 20278 8923 8337 1218 1513 981 1028 4074 3635 3216 2278 888 1562
internal_count=569389 52755 1614 516634 51141 498901 4145 3257 17733 1675 46996 21591 25405 9422 16058 21063 2039 20278 8923 8337 1218 1513 981 1028 4074 3635 3216 2278 888 1562
is_linear=0
shrinkage=0.03


Tree=7
num_leaves=31
num_cat=0
split_feature=0 7 15 17 25 30 30 11 30 30 23 8 36 15 38 25 38 8 13 38 10 14 39 10 23 36 36 27 29 28
split_gain=0.155758 0.120169 0.0747479 0.065148 0.0557058 0.0445457 0.0441548 0.039298 0.0521479 0.0344087 0.0406867 0.0342566 0.0341388 0.033418 0.0319217 0.0281177 0.0271464 0.0459936 0.0331667 0.0282049 0.0338624 0.0263314 0.0271116 0.0619918 0.0249581 0.0302074 0.036739 0.0248187 0.0641416 0.0244198
threshold=0.41950166225433355 0.45782060921192175 -0.42605021595954889 -0.4394956231117248 -0.01382517861202359 0.2450322434306145 0.48662193119525915 0.466554805636406 -0.10456438735127448 -0.40601159632205958 0.3388179242610932 0.010135597549378874 0.17118690907955172 -0.41827458143234247 0.47318433225154882 0.49095004796981817 0.39177928864955908 0.32465183734893804 0.39849410951137548 -0.34561291337013239 0.41950166225433355 0.49215674400329595 0.4385290145874024 -0.14426303654909131 0.40614514052867895 0.47993287444114691 0.49095004796981817 0.41289757192134863 -0.098252441734075532 -0.21863426268100736
decision_type=2 2 2 2 2 2 2 2 2 2 2 2 2 2 10 2 8 2 2 10 2 2 2 2 2 2 2 2 2 2
left_child=4 6 3 -3 -1 -4 12 14 9 -9 -11 -8 -2 -13 -6 29 17 24 -19 27 -21 22 -18 -24 25 -14 -27 -20 -29 -7
right_child=1 2 5 -5 7 15 11 8 -10 10 -12 13 16 -15 -16 -17 21 18 19 20 -22 -23 23 -25 -26 26 -28 28 -30 -31
leaf_value=1.4755171548355877e-05 -3.7623213388635151e-07 0.00011817413723235787 0.00015798487999400508 0.00056681963471621826 5.4830141021404116e-08 -0.00013522285662798621 -0.00033757301715130807 -8.897387434686912e-05 -2.7170433274842954e-05 -0.00014454934185617461 -0.00054537728227606103 0.00010068033863369496 -8.6413592003236079e-05 -0.00021447658068023478 -6.2484699519439071e-05 -0.00028028387087478688 -8.3396414297190019e-05 6.1828754190676197e-05 -0.00010599265262135303 -4.1227180454477679e-05 -0.00027791686646370673 6.2139190559700204e-05 5.7160611384229256e-05 -0.00029390836956353934 2.7224035396072906e-06 -0.00038947069347496999 -8.9325332823737215e-05 0.00041730047314620874 -8.7729021296186887e-05 8.7254440160558475e-05
leaf_weight=267691 6924 769 1310 466 232604 777 920 1505 12302 533 402 476 15187 800 7575 419 2605 3928 620 1520 841 562 571 2122 2487 677 805 400 499 1009
leaf_count=267691 6924 769 1310 466 232604 777 920 1505 12302 533 402 476 15187 800 7575 419 2605 3928 620 1520 841 562 571 2122 2487 677 805 400 499 1009
internal_value=5.06589e-07 -5.19842e-05 9.08937e-05 0.000290654 5.19741e-06 2.00823e-05 -6.81824e-05 -4.83933e-06 -5.2366e-05 -0.000178768 -0.000320831 -0.000198884 -6.09131e-05 -9.70415e-05 -1.92012e-06 -6.21896e-05 -7.3679e-05 -6.09192e-05 4.55429e-07 -6.16764e-05 -0.000126354 -0.000132187 -0.000152879 -0.000219535 -8.59228e-05 -9.91423e-05 -0.000228128 3.90214e-05 0.000139097 -9.74839e-06
internal_weight=569306 46694 4750 1235 522612 3515 41944 254921 14742 2440 935 2196 39748 1276 240179 2205 32824 26964 7808 3880 2361 5860 5298 2693 19156 16669 1482 1519 899 1786
internal_count=569306 46694 4750 1235 522612 3515 41944 254921 14742 2440 935 2196 39748 1276 240179 2205 32824 26964 7808 3880 2361 5860 5298 2693 19156 16669 1482 1519 899 1786
is_linear=0
shrinkage=0.03


Tree=8
num_leaves=31
num_cat=0
split_feature=0 30 38 29 38 0 4 5 22 15 15 16 6 0 12 23 13 5 31 36 35 11 30 5 18 25 29 25 24 24
split_gain=0.192415 0.0597921 0.0565235 0.051884 0.0487655 0.043371 0.0379611 0.0368599 0.0432112 0.0445917 0.0361911 0.0485379 0.0328135 0.0328081 0.0322132 0.0308009 0.030225 0.031455 0.0299926 0.0293496 0.0272568 0.0299234 0.0279487 0.0360483 0.0272382 0.0218619 0.0249653 0.0582211 0.0391587 0.0332933
threshold=0.36497211456298834 0.49221777915954595 0.15780642628669742 -0.34561291337013239 0.090756561607122435 0.45986577868461614 0.48393547534942633 0.27859869599342352 0.48455575108528143 0.47735816240310674 -0.42605021595954889 -0.48653183877468104 0.426538035273552 0.47118844091892248 0.39849410951137548 0.39273729920387274 0.47683362662792211 -0.34981203079223627 -0.31936077773571009 0.45307256281375891 0.48625412583351141 0.466554805636406 -0.16440654546022412 0.30286830663681036 -0.28547459840774531 -0.030160912312567231 -0.19122581928968427 0.47683362662792211 0.42620199918746954 0.45782060921192175
decision_type=2 2 10 2 10 2 2 8 10 2 2 2 10 2 2 2 2 8 2 2 2 2 2 8 2 2 2 2 2 2
left_child=4 2 6 -3 20 12 25 14 9 18 11 -8 19 -5 -7 -15 -6 -18 -9 -4 21 -1 23 -23 -14 -2 27 28 -27 -28
right_child=1 3 5 13 16 7 10 8 -10 -11 -12 -13 24 15 -16 -17 17 -19 -20 -21 -22 22 -24 -25 -26 26 29 -29 -30 -31
leaf_value=1.5701139565774218e-05 7.5502443368203557e-06 7.7804467492382129e-05 -4.9912974100436915e-05 -0.00011518667204133853 -2.9209863283563858e-06 -0.00016271757854364083 1.7817271252780771e-05 9.435865937815873e-05 -0.0003346621400102503 0.00019955939227148724 5.2434258290452367e-06 0.00044159162164214647 0.00025475897871886296 -0.0005011180589304335 -0.00041278453823493641 -0.00017984478421567473 -0.00027393457263506831 -4.8711148439976296e-05 -0.00012195955707192585 -0.00017952465616914625 0.0002275448406002801 -1.2190287072309602e-05 -2.2556220282369069e-05 -0.00037233739394827405 4.9348782938677589e-06 -6.9477666157952977e-05 -3.5083681029229202e-05 0.00029863826072138003 6.9208302769883958e-05 -0.00012040440964152884
leaf_weight=285297 13090 519 16298 849 192386 3063 471 702 505 577 1593 495 476 633 545 490 645 3823 3069 1733 530 497 5975 495 2050 4662 18708 562 3005 5273
leaf_count=285297 13090 519 16298 849 192386 3063 471 702 505 577 1593 495 476 633 545 490 645 3823 3069 1733 530 497 5975 495 2050 4662 18708 562 3005 5273
internal_value=-1.92158e-07 -4.352e-05 -3.8818e-05 -0.000187896 6.83168e-06 -7.18472e-05 -1.87809e-05 -0.000128989 -7.47563e-05 -4.38708e-05 9.34134e-05 0.000237268 -4.8277e-05 -0.000257864 -0.000201528 -0.000363761 -4.71454e-06 -8.17635e-05 -8.15472e-05 -6.24628e-05 1.45944e-05 1.42005e-05 -4.7185e-05 -0.000193823 5.28307e-05 -2.51379e-05 -3.84205e-05 6.66154e-06 -1.51018e-05 -5.38866e-05
internal_weight=569016 79368 76877 2491 489648 29018 47859 8461 4853 4348 2559 966 20557 1972 3608 1123 196854 4468 3771 18031 292794 292264 6967 992 2526 45300 32210 8229 7667 23981
internal_count=569016 79368 76877 2491 489648 29018 47859 8461 4853 4348 2559 966 20557 1972 3608 1123 196854 4468 3771 18031 292794 292264 6967 992 2526 45300 32210 8229 7667 23981
is_linear=0
shrinkage=0.03


Tree=9
num_leaves=31
num_cat=0
split_feature=39 27 38 39 38 1 28 22 30 8 22 31 5 2 3 22 8 8 2 27 2 1 20 28 30 1 3 2 38 6
split_gain=0.0980164 0.0528374 0.0470438 0.0544694 0.0444436 0.041922 0.082441 0.0664162 0.0546754 0.0579381 0.0349831 0.0449858 0.0364673 0.0344367 0.0336534 0.0330143 0.0301019 0.0291611 0.0271532 0.0245874 0.0257972 0.0237544 0.0250532 0.0231979 0.0307333 0.0230551 0.0224003 0.0356142 0.0301884 0.0236406
threshold=0.27815064787864691 0.49664428830146795 0.4385290145874024 0.43133513629436498 -0.070949185639619813 0.49664428830146795 -0.37241181731224055 -0.24493220448493955 0.47683362662792211 -0.083612978458404527 0.45847702026367193 0.07720848917961122 0.47166465222835546 0.26490327715873724 0.47683362662792211 -0.06476034969091414 0.45307256281375891 -0.48653183877468104 0.49293276667594915 0.45307256281375891 -0.46641474962234492 0.16554810106754306 -0.19122581928968427 -0.19834428280591962 0.3447438925504685 0.45986577868461614 0.49221777915954595 0.48606254160404211 -0.23179569095373151 0.31226503849029547
decision_type=2 2 10 2 10 2 2 10 2 2 10 2 10 2 2 10 2 2 2 2 2 2 10 2 2 2 2 2 10 10
left_child=4 2 5 -4 -1 8 -7 14 17 13 12 -12 21 -10 -8 25 -6 19 -9 20 -2 -5 -23 -17 -25 -3 29 28 -28 -19
right_child=1 15 3 10 16 6 7 18 9 -11 11 -13 -14 -15 -16 23 -18 26 -20 -21 -22 22 -24 24 -26 -27 27 -29 -30 -31
leaf_value=1.7571277077563542e-05 -3.8984490001156741e-05 7.7987341514939616e-05 -3.0619989974858017e-05 -3.0377316437388636e-05 -8.8726505377534472e-08 0.00042617350541759451 2.7800722784423927e-05 4.0435759441855219e-06 -0.00013961916002120043 -5.6746492075341942e-05 -0.00046801363963425044 -7.335940416541545e-05 0.00013484778895688461 -0.0004281314653144114 0.00039436493235059708 -9.8874025453178331e-05 -7.063175104222427e-05 -2.0827469724722032e-05 -0.00027495963425429201 -0.00031551528414408022 -0.00029014932333050052 -0.00039650847578999557 -0.00015154364462504683 0.00029346801502781186 -3.6530526651375943e-05 0.0003194716287372394 0.00020241526177582574 -0.00024017037587533774 -0.0001201099514153933 1.3698300006809932e-05
leaf_weight=190514 2783 700 8077 1120 244703 536 458 664 850 4717 630 445 460 674 437 889 5558 73287 585 416 415 455 2134 446 569 732 424 996 646 23587
leaf_count=190514 2783 700 8077 1120 244703 536 458 664 850 4717 630 445 460 674 437 889 5558 73287 585 416 415 455 2134 446 569 732 424 996 646 23587
internal_value=-6.0406e-08 -2.3155e-05 -2.63074e-05 -7.95713e-05 6.65349e-06 -1.9936e-05 9.70658e-05 1.31923e-05 -2.28268e-05 -0.000108967 -0.000154766 -0.000306827 -0.000114916 -0.000269175 0.000209162 9.45013e-05 -1.65816e-06 -1.75745e-05 -0.00012778 -0.000101161 -7.23807e-05 -0.000146172 -0.000195955 1.24255e-05 0.000109922 0.000202787 -1.45114e-05 -0.000112021 8.38527e-06 -1.24205e-05
internal_weight=568907 128132 124796 13321 440775 111475 2680 2144 108795 6241 5244 1075 4169 1524 895 3336 250261 102554 1249 3614 3198 3709 2589 1904 1015 1432 98940 2066 1070 96874
internal_count=568907 128132 124796 13321 440775 111475 2680 2144 108795 6241 5244 1075 4169 1524 895 3336 250261 102554 1249 3614 3198 3709 2589 1904 1015 1432 98940 2066 1070 96874
is_linear=0
shrinkage=0.03


Tree=10
num_leaves=31
num_cat=0
split_feature=0 30 7 4 2 29 0 29 6 35 6 0 20 4 27 36 22 35 0 36 14 23 16 7 37 24 30 14 35 3
split_gain=0.161123 0.0537396 0.0549565 0.07064 0.0407313 0.0420323 0.0379283 0.0360604 0.0358302 0.0360743 0.0353515 0.035256 0.0336302 0.0315942 0.0415794 0.0283941 0.0282386 0.0384276 0.0354709 0.0291817 0.0280836 0.0271231 0.0267532 0.0258081 0.0427039 0.0264498 0.0257759 0.024337 0.0235384 0.0236547
threshold=0.35910767316818243 0.39151957631111151 0.15108475089073184 0.25170098245143896 -0.49664428830146784 -0.23151255398988721 -0.4798318743705749 -0.26490327715873713 0.46743549406528478 0.46399636566638952 -0.0043863023165613404 0.48596473038196569 -0.1576878875494003 0.37831963598728185 0.33895461261272436 0.18458957225084308 -0.13819655776023862 0.47083835303783422 0.47696729004383093 0.47718597948551184 -0.27740241587162012 0.43310962617397314 0.26490327715873724 0.29197315871715551 0.47318433225154882 0.47993287444114691 0.33277405798435217 -0.45970448851585383 0.49307949841022497 0.49283143877983099
decision_type=2 2 2 2 2 2 2 2 10 2 10 2 10 2 2 2 10 2 2 2 2 2 2 2 2 2 2 2 2 2
left_child=4 8 3 27 5 6 -1 11 9 23 -5 -4 -13 14 -12 -6 17 -9 -18 -19 -10 -20 -11 -2 25 -25 -24 -3 29 -17
right_child=1 2 7 10 15 -7 -8 16 20 22 13 12 -14 -15 -16 28 18 19 21 -21 -22 -23 26 24 -26 -27 -28 -29 -30 -31
leaf_value=-0.00043219233041250961 -3.2685323336481304e-05 -0.00020671067314455161 -1.709150253468269e-05 -0.00010336668792456329 1.115821437557584e-05 -2.3472111116236e-06 -0.00011437131615749457 -8.7867126445355276e-05 0.00018334521249378959 -5.0420089919292574e-05 -0.00045514590068436119 2.4384857197355136e-05 0.00036921522877301252 -0.00058848640421005132 -6.3093219100870382e-05 -4.4949058968502849e-06 -6.3210770178148633e-05 -1.862416469442717e-05 -0.00014343624684643369 0.00031700741276921996 9.0276941601604526e-06 -0.00043522392618815719 -0.00011482115703065198 -7.3076270732070873e-06 0.00025223921914789706 0.0001927683392460102 -0.0003441743712200581 -6.5629448788118923e-05 0.00021980506060532775 -9.5132356489997241e-05
leaf_weight=455 35621 1341 2501 639 365817 2191 1281 1642 1180 7943 523 526 486 429 455 115468 2350 454 721 467 2767 484 2727 9812 658 623 522 6048 405 2641
leaf_count=455 35621 1341 2501 639 365817 2191 1281 1642 1180 7943 523 526 486 429 455 115468 2350 454 721 467 2767 484 2727 9812 658 623 522 6048 405 2641
internal_value=-2.55398e-07 -3.94607e-05 -8.34841e-05 -0.000134909 6.24278e-06 -8.98626e-05 -0.000199669 -3.30185e-05 -2.58794e-05 -3.18431e-05 -0.000290546 4.35096e-05 0.000191978 -0.000374225 -0.000275234 7.02385e-06 -7.69608e-05 -1.00489e-06 -0.000131565 0.000153137 6.14735e-05 -0.000263253 -8.01961e-05 -2.02437e-05 1.97012e-05 4.81061e-06 -0.000152613 -9.14785e-05 -5.73757e-06 -6.52951e-06
internal_weight=569177 80919 19066 9435 488258 3927 1736 9631 61853 57906 2046 3513 1012 1407 978 484331 6118 2563 3555 921 3947 1205 11192 46714 11093 10435 3249 7389 118514 118109
internal_count=569177 80919 19066 9435 488258 3927 1736 9631 61853 57906 2046 3513 1012 1407 978 484331 6118 2563 3555 921 3947 1205 11192 46714 11093 10435 3249 7389 118514 118109
is_linear=0
shrinkage=0.03


Tree=11
num_leaves=31
num_cat=0
split_feature=0 27 0 7 1 10 3 25 38 29 19 25 3 1 14 7 19 8 10 17 3 29 20 6 8 19 27 3 16 15
split_gain=0.145359 0.0658906 0.0565395 0.052565 0.0919994 0.0765971 0.0399942 0.0380324 0.0369212 0.0363348 0.0313765 0.0313705 0.0287721 0.0273451 0.0319801 0.0259429 0.024086 0.0439714 0.045176 0.0304905 0.0343493 0.0335255 0.0297542 0.0269291 0.0225289 0.0213441 0.0207602 0.0230033 0.020851 0.0203593
threshold=0.33172942698001867 0.49664428830146795 0.46441236138343817 0.14436987787485125 0.49664428830146795 0.37831963598728185 0.43962624669075018 0.36581273376941686 0.10409675538539888 -0.40601159632205958 -0.24489701539278028 0.49221777915954595 0.40558609366416937 -0.48653183877468104 -0.35889895260334009 -0.045141067355871194 -0.14426303654909131 0.043656742200255401 0.466554805636406 0.43133513629436498 0.45986577868461614 -0.32508741319179529 -0.4394956231117248 0.4339232742786408 -0.44627264142036432 0.48418948054313665 0.4463686496019364 0.45801258087158209 -0.33842268586158747 -0.050167785957455628
decision_type=2 2 2 2 2 2 2 2 10 2 10 2 2 2 2 2 8 2 2 2 2 2 10 10 2 10 2 2 2 2
left_child=8 2 24 4 5 6 7 29 -1 -3 -11 16 15 14 -10 -9 17 22 26 20 -18 -21 -5 -20 -2 -16 27 28 -19 -4
right_child=1 9 3 11 -6 -7 -8 12 13 10 -12 -13 -14 -15 25 -17 19 18 23 21 -22 -23 -24 -25 -26 -27 -28 -29 -30 -31
leaf_value=1.3691342312067746e-05 -8.6568955799799701e-05 0.00035451156227222087 -5.2703125688310996e-05 -0.00032028069509988302 0.00021054170744920093 -0.00054739722989814667 9.2572806071542204e-05 -0.00023480295472090739 -0.00028444912064467973 0.00021435500370450234 -6.3523076985709225e-05 -0.00021125074443270863 -0.00042786518152013582 -1.7159942688325738e-06 -2.0636850381283227e-05 2.3330745892887581e-05 -3.2798196648613023e-05 -0.00011821553008888462 0.00044932907895431514 0.00024516271711571668 -0.00021289036742674076 -7.4735370523200794e-05 -3.4769873969470061e-06 0.0001082159586318971 -2.0010687658746731e-05 -0.00024206208266792494 -0.00012437568908583521 0.00027185451895538114 0.00012133775711398561 -0.00016149637903930912
leaf_weight=288064 4890 507 3237 421 678 406 664 1963 571 653 808 796 565 177762 3473 424 2684 573 417 547 1472 619 701 423 69728 432 607 409 735 2983
leaf_count=288064 4890 507 3237 421 678 406 664 1963 571 653 808 796 565 177762 3473 424 2684 573 417 547 1472 619 701 423 69728 432 607 409 735 2983
internal_value=8.24046e-08 -3.3171e-05 -3.67011e-05 -7.97717e-05 -0.00012572 -0.000148163 -0.000131145 -0.000147424 7.00584e-06 0.00013824 6.12886e-05 -3.14702e-05 -0.000236044 -3.56213e-06 -7.6713e-05 -0.000189045 -1.63717e-05 3.65112e-05 9.36879e-05 -5.89488e-05 -9.69424e-05 7.61455e-05 -0.000124128 0.000280848 -2.43835e-05 -4.56883e-05 2.51261e-05 7.83926e-05 1.62951e-05 -0.000105054
internal_weight=568212 97910 95942 21324 10920 10242 9836 9172 470302 1968 1461 10404 2952 182238 4476 2387 9608 4286 3164 5322 4156 1166 1122 840 74618 3905 2324 1717 1308 6220
internal_count=568212 97910 95942 21324 10920 10242 9836 9172 470302 1968 1461 10404 2952 182238 4476 2387 9608 4286 3164 5322 4156 1166 1122 840 74618 3905 2324 1717 1308 6220
is_linear=0
shrinkage=0.03


Tree=12
num_leaves=31
num_cat=0
split_feature=0 7 26 11 30 27 37 29 29 0 22 10 26 25 28 8 2 24 13 3 26 37 25 3 30 8 0 18 0 28
split_gain=0.0885331 0.0662766 0.0523775 0.0444772 0.039895 0.0379118 0.0373389 0.0360593 0.0386423 0.0358173 0.0451833 0.0577598 0.0461828 0.0330666 0.0348792 0.0247109 0.0423697 0.0261181 0.0389469 0.0245975 0.0236327 0.0236007 0.0238987 0.0235458 0.0270543 0.022997 0.0262618 0.0227989 0.0220023 0.0209995
threshold=0.33172942698001867 0.49664428830146795 -0.21803475916385648 0.33277405798435217 0.20497699826955798 -0.4798318743705749 0.4385290145874024 0.45202739536762243 -0.20462171733379361 0.466554805636406 -0.19081536680459973 0.4385290145874024 0.21147392690181735 0.47683362662792211 -0.057004502043128007 -0.044801853597164147 0.31881627440452581 0.40521778166294103 0.43310962617397314 0.2450322434306145 -0.49277968704700464 0.466554805636406 0.49664428830146795 0.33895461261272436 0.41844293475151068 0.14414928108453753 0.48596473038196569 0.46474730968475347 0.48406349122524267 0.070949185639619841
decision_type=2 2 2 2 2 2 2 2 2 2 8 2 2 2 2 2 2 2 2 2 2 2 2 2 2 2 2 2 2 2
left_child=3 2 4 -1 25 -5 15 8 13 27 11 12 19 -4 -15 16 -6 -17 -19 -11 21 22 -7 -14 -25 26 -2 -10 -12 -3
right_child=1 29 7 5 6 20 -8 -9 9 10 28 -13 23 14 -16 17 -18 18 -20 -21 -22 -23 -24 24 -26 -27 -28 -29 -30 -31
leaf_value=1.0054140540919459e-05 -4.2061171142643401e-05 0.00026579899272328745 5.159473914326032e-07 -0.00022769067703069934 -0.00011236763721641488 -6.7107671856370256e-06 -0.00028569318790880652 7.58431113429845e-05 -2.086655426292094e-05 -5.6138255368942738e-05 -8.5998658280735341e-05 0.00019117288986766499 0.00014647507323528247 0.0003029921065574724 -4.6324465150948187e-05 -9.7060990241871746e-05 -0.00043381767975235951 0.00027332899418268782 -8.4087133142903193e-05 -0.00031924585842828355 -1.0269008847385933e-05 -0.00028705897560842134 -0.0002552076240386328 4.4874647456189856e-05 -0.0001989816339759499 6.7690402688664949e-05 -0.00028050701007069877 -0.00017283699646593163 -0.0002145358812469648 1.1412019566272473e-05
leaf_weight=404053 9155 902 25641 745 3724 1689 1081 3591 36331 535 2298 903 720 662 413 1960 402 512 571 804 63887 493 429 968 696 1661 426 901 2546 431
leaf_count=404053 9155 902 25641 745 3724 1689 1081 3591 36331 535 2298 903 720 662 413 1960 402 512 571 804 63887 493 429 968 696 1661 426 901 2546 431
internal_value=9.0338e-07 -2.5065e-05 -2.79751e-05 6.29445e-06 -7.18938e-05 -1.62951e-05 -0.00012196 -1.68508e-05 -2.13943e-05 -3.78531e-05 -8.99184e-05 -2.27756e-05 -7.50411e-05 7.38045e-06 0.000169599 -9.69077e-05 -0.00014466 -3.18988e-05 8.584e-05 -0.000215316 -1.38929e-05 -0.000102186 -5.80065e-05 4.31628e-06 -5.77023e-05 -3.50765e-05 -5.29446e-05 -2.45896e-05 -0.00015386 0.000184245
internal_weight=569130 97834 96501 471296 19492 67243 8250 77009 73418 46702 9470 4626 3723 26716 1075 7169 4126 3043 1083 1339 66498 2611 2118 2384 1664 11242 9581 37232 4844 1333
internal_count=569130 97834 96501 471296 19492 67243 8250 77009 73418 46702 9470 4626 3723 26716 1075 7169 4126 3043 1083 1339 66498 2611 2118 2384 1664 11242 9581 37232 4844 1333
is_linear=0
shrinkage=0.03


Tree=13
num_leaves=31
num_cat=0
split_feature=0 29 27 26 6 9 13 26 22 29 8 26 6 1 9 23 13 22 19 11 0 20 0 11 18 13 28 27 23 6
split_gain=0.1411 0.0765051 0.0903638 0.056637 0.0514843 0.0578719 0.0457518 0.0454684 0.0418398 0.0393591 0.0349985 0.0332198 0.0323831 0.0320402 0.0468188 0.0474939 0.0344949 0.0316037 0.0297176 0.0330274 0.0293453 0.0284028 0.0283255 0.027845 0.0277324 0.0273038 0.026532 0.0245919 0.024181 0.0230767
threshold=0.41950166225433355 -0.19122581928968427 0.41950166225433355 -0.33219130337238306 0.47069558501243597 0.47993287444114691 0.45986577868461614 -0.49277968704700464 -0.018657755106687542 0.16415061801671985 0.32465183734893804 0.22456374019384387 0.36610658466815954 0.49303127825260168 0.41166466474533087 0.41950166225433355 0.33172942698001867 -0.1843871399760246 0.4385290145874024 0.33895461261272436 0.27854746580123907 -0.47339232265949244 0.49103121459484106 0.3250874131917954 0.37844152748584753 0.1978792026638985 -0.01339392503723502 0.45307256281375891 0.10409675538539888 0.091607980430126204
decision_type=2 2 2 2 8 2 2 2 8 2 2 2 10 2 2 2 2 10 8 2 2 10 2 2 2 2 2 2 2 10
left_child=7 2 12 -4 8 25 10 18 11 -8 13 -5 22 14 -3 16 -16 -11 -1 -20 -9 -12 -2 -24 -10 -6 -13 -19 -21 -18
right_child=1 6 3 4 5 -7 9 20 24 17 21 26 -14 -15 15 -17 29 27 19 28 -22 -23 23 -25 -26 -27 -28 -29 -30 -31
leaf_value=-3.8169690857770317e-05 -5.2307846919089979e-05 -7.2599826052229224e-05 -0.00015102855901226147 -5.5475201699964687e-05 -2.8633912858621225e-05 0.00045235102612924241 -0.00027184634931192581 8.7188897869358804e-06 -0.00017291350693447757 0.00010345269710828582 0.00020556281184960556 0.00040585571915556577 5.3303491036241515e-05 0.00016496043879286583 -0.00016328999079497601 6.8327910028127817e-05 -0.00054441079920203945 -1.500834955623115e-05 3.0377108467126936e-07 -0.00014196468016831234 -1.1108268177295137e-05 -2.4149298130224194e-05 -7.6777653228664601e-05 -0.00039821253731957615 9.9697263486375911e-05 0.0002919413068283875 9.8197082777586362e-05 -0.00034444331897352738 -0.00044047975699770375 -0.0002330999558425152
leaf_weight=4512 8247 16789 670 402 555 818 1908 437144 781 592 515 546 2382 441 1267 457 497 401 531 504 79374 6261 545 436 575 408 477 407 491 415
leaf_count=4512 8247 16789 670 402 555 818 1908 437144 781 592 515 546 2382 441 1267 457 497 401 531 504 79374 6261 545 436 575 408 477 407 491 415
internal_value=2.45004e-07 -4.9658e-05 1.49849e-06 0.000104897 0.000142732 0.00026823 -7.84161e-05 4.71441e-06 6.16877e-05 -0.000183521 -6.53018e-05 0.000174649 -4.51479e-05 -8.53745e-05 -9.11397e-05 -0.000208502 -0.000266608 -6.20729e-05 -7.7065e-05 -0.000191072 5.67187e-06 -6.41317e-06 -7.05911e-05 -0.000222214 -5.74317e-05 0.000108791 0.000264741 -0.000183131 -0.000292189 -0.000406815
internal_weight=569348 46792 16842 5232 4562 1781 29950 522556 2781 3308 26642 1425 11610 19866 19425 2636 2179 1400 6038 1526 516518 6776 9228 981 1356 963 1023 808 995 912
internal_count=569348 46792 16842 5232 4562 1781 29950 522556 2781 3308 26642 1425 11610 19866 19425 2636 2179 1400 6038 1526 516518 6776 9228 981 1356 963 1023 808 995 912
is_linear=0
shrinkage=0.03


Tree=14
num_leaves=31
num_cat=0
split_feature=0 38 8 38 6 27 22 0 22 35 32 8 5 1 36 30 4 30 30 6 6 2 0 30 3 2 16 1 35 3
split_gain=0.135939 0.0460784 0.043393 0.0411306 0.047198 0.0428952 0.061826 0.0410902 0.0383836 0.0308205 0.0306354 0.0367597 0.0295762 0.0286887 0.0286146 0.0282985 0.0281423 0.0270092 0.0266087 0.0259744 0.0287124 0.0258583 0.0266418 0.0260149 0.0246141 0.0242785 0.0230604 0.0272817 0.031808 0.0298137
threshold=0.40614514052867895 -0.070446167141199098 -0.49277968704700464 0.15108475089073184 0.40458683669567114 0.46465381979942327 -0.31909827888011927 0.47318433225154882 -0.45970448851585383 0.27815064787864691 -0.35231085121631617 0.47993287444114691 0.34643459320068365 0.49664428830146795 0.35222332179546362 0.47683362662792211 0.26490327715873724 0.19804988801479342 0.39966443181037908 0.20034013688564303 0.37745475769042974 -0.49664428830146784 -0.4394956231117248 0.41844293475151068 0.48431348800659185 0.49221777915954595 0.32465183734893804 0.47069558501243597 0.46399636566638952 0.39966443181037908
decision_type=2 10 2 10 10 2 10 2 10 2 2 2 8 2 2 2 2 2 2 10 10 2 2 2 2 2 2 2 2 2
left_child=1 -1 12 5 7 8 13 19 15 18 -6 -12 -2 -7 -3 26 -17 -11 -8 -5 -21 22 -16 25 -19 -23 27 28 -4 -29
right_child=2 14 3 4 10 6 9 -9 -10 17 11 -13 -14 -15 21 16 -18 24 -20 20 -22 23 -24 -25 -26 -27 -28 29 -30 -31
leaf_value=1.4433987382253071e-05 -8.5794484602185107e-05 -3.8094163942169788e-07 -1.9839402433830137e-05 -9.7794043430505129e-05 0.00020597049581206277 0.00011528056881518122 0.00024956898914867489 -0.00017898995891736996 -1.8299159474763417e-05 0.00010739345420968944 1.9520985762429454e-05 -0.00025688795942956717 -0.00042751728672252889 0.00037302480238010665 -0.00033411127492659679 -8.2033277558490831e-05 -0.00041977338264817413 -2.8916216544660396e-05 -7.0015073274104015e-05 4.2530912624180336e-05 -0.00019458990174031307 -1.8553440828344809e-05 -1.6878301373943596e-05 -8.602363862894988e-05 -0.00028258747665810057 0.00014495723133237852 -0.00028386000616892738 0.00027596252225056797 -0.00021332463833659729 -5.7070576924331815e-05
leaf_weight=222821 485 260083 1930 8488 626 1160 541 4272 23119 436 2995 496 431 586 494 429 464 662 402 2687 544 24967 454 5319 713 835 426 409 1259 566
leaf_count=222821 485 260083 1930 8488 626 1160 541 4272 23119 436 2995 496 431 586 494 429 464 662 402 2687 544 24967 454 5319 713 835 426 409 1259 566
internal_value=-5.95018e-07 4.15877e-06 -4.58166e-05 -4.22646e-05 -7.60967e-05 -2.16963e-05 6.43065e-05 -9.94054e-05 -3.5245e-05 -2.43049e-05 1.4459e-05 -2.03727e-05 -0.000249464 0.000203417 -3.67825e-06 -0.000106534 -0.000260227 -9.65651e-05 0.000114026 -7.02661e-05 2.12992e-06 -3.04113e-05 -0.000183949 -2.56767e-05 -0.000161547 -1.32078e-05 -7.61315e-05 -5.42505e-05 -9.66544e-05 8.40159e-05
internal_weight=569099 514973 54126 53210 20108 33102 4500 15991 28602 2754 4117 3491 916 1746 292152 5483 893 1811 943 11719 3231 32069 948 31121 1375 25802 4590 4164 3189 975
internal_count=569099 514973 54126 53210 20108 33102 4500 15991 28602 2754 4117 3491 916 1746 292152 5483 893 1811 943 11719 3231 32069 948 31121 1375 25802 4590 4164 3189 975
is_linear=0
shrinkage=0.03


Tree=15
num_leaves=31
num_cat=0
split_feature=0 30 4 38 22 3 24 36 38 3 1 29 0 12 12 20 6 1 20 36 31 19 6 0 38 20 30 15 25 36
split_gain=0.150864 0.0598594 0.0577386 0.0474775 0.0445325 0.049116 0.0371517 0.0380429 0.0530506 0.0396857 0.0375424 0.0347865 0.0307023 0.0467318 0.0275905 0.0309322 0.0272985 0.026658 0.0264494 0.0252642 0.0245786 0.0244284 0.0237035 0.0322934 0.0268518 0.0354061 0.0346036 0.0264779 0.0263317 0.0299929
threshold=0.42490601539611822 0.49221777915954595 0.48662193119525915 0.083917114883661284 -0.39138861000537867 0.48662193119525915 -0.1843871399760246 0.48406349122524267 -0.32520878314971918 0.42490601539611822 0.49664428830146795 -0.39258971810340876 0.48406349122524267 0.25769412517547613 0.15747082233428958 -0.45298065245151514 0.47785948216915136 0.49664428830146795 -0.45970448851585383 0.07720848917961122 0.050361584872007377 -0.21206060796976087 0.31226503849029547 0.47318433225154882 0.39966443181037908 0.37925247848033911 0.27187095582485205 -0.065367314964532838 -0.039034796878695481 0.43143969774246221
decision_type=2 2 2 10 10 2 2 2 8 2 2 2 2 2 2 10 10 2 10 2 2 10 8 2 8 10 2 2 2 2
left_child=3 2 6 -1 -4 -6 19 11 10 -10 18 -8 13 -3 -5 20 -7 -11 -9 -2 -16 -14 23 27 25 28 -26 -13 -24 -30
right_child=1 12 4 14 5 16 7 8 9 17 -12 22 21 -15 15 -17 -18 -19 -20 -21 -22 -23 24 -25 26 -27 -28 -29 29 -31
leaf_value=1.1575067835946492e-05 1.9717265153782817e-07 -0.00028992779840359475 0.0003153612407553067 1.5798236860768088e-06 0.0001787442605859387 -0.00026652839246919964 4.4902864055194681e-05 -0.00020180773268684056 -9.2529080267922837e-05 -0.00039953180233900151 0.0002461410405013911 -8.4106179782058529e-07 -0.00020535369211992314 0.0001334058818746515 -0.00030141162936809379 -1.8252144132318474e-05 4.0355238011162065e-05 -0.00012544323543768382 7.0595728660072653e-05 -0.00020331069258340068 -3.231934733383914e-05 -0.0005041575164825891 0.00012580270014286119 -0.00013342523496570486 9.0906811467410997e-06 0.00017497161346568109 -0.00025213240710576833 -8.4360029587501501e-05 -9.0634548228794501e-05 4.1436253316357122e-05
leaf_weight=308559 719 473 603 134546 936 535 4285 675 1510 1000 432 6727 670 448 617 80242 496 485 596 2312 601 405 1076 4841 966 1047 854 6932 3605 2698
leaf_count=308559 719 473 603 134546 936 535 4285 675 1510 1000 432 6727 670 448 617 80242 496 485 596 2312 601 405 1076 4841 966 1047 854 6932 3605 2698
internal_value=-5.1385e-07 -5.3018e-05 -4.55889e-05 4.02379e-06 9.20815e-05 2.23843e-05 -5.42897e-05 -4.61445e-05 -0.000125941 -0.000201752 7.78579e-06 -3.47604e-05 -0.000213261 -8.47854e-05 -6.76306e-06 -2.05413e-05 -0.000119921 -0.000311453 -7.45178e-05 -0.000155194 -0.000169977 -0.000321535 -4.66469e-05 -6.69119e-05 -1.00271e-05 1.25809e-05 -0.000114191 -4.3258e-05 -1.06662e-05 -3.41255e-05
internal_weight=569891 45326 43330 524565 2570 1967 40760 37729 4698 2995 1703 33031 1996 921 216006 81460 1031 1485 1271 3031 1218 1075 28746 18500 10246 8426 1820 13659 7379 6303
internal_count=569891 45326 43330 524565 2570 1967 40760 37729 4698 2995 1703 33031 1996 921 216006 81460 1031 1485 1271 3031 1218 1075 28746 18500 10246 8426 1820 13659 7379 6303
is_linear=0
shrinkage=0.03


Tree=16
num_leaves=31
num_cat=0
split_feature=0 4 36 25 15 36 38 29 26 29 25 22 3 31 14 15 6 12 13 29 24 28 38 6 2 15 38 29 17 26
split_gain=0.115387 0.0486027 0.0494306 0.062548 0.0503531 0.0455554 0.0377965 0.0344956 0.0314968 0.053074 0.0440423 0.0396983 0.0358577 0.035512 0.0488784 0.0330694 0.0288963 0.0287979 0.0272246 0.0569937 0.0324191 0.0318498 0.031419 0.0292651 0.0334735 0.0289788 0.0318615 0.0255897 0.0255434 0.0249989
threshold=0.37189744412899023 0.49288246035575872 0.49095004796981817 0.32490874826908117 -0.37241181731224055 0.31881627440452581 -0.065367314964532838 0.43962624669075018 0.20472994446754458 -0.46641474962234492 0.48662193119525915 -0.4394956231117248 0.21102430671453479 0.23162547498941424 -0.24493220448493955 -0.17844655364751813 -0.47595180571079249 0.32554237544536596 0.39177928864955908 -0.21206060796976087 0.47318433225154882 -0.058055276051163666 -0.46641474962234492 0.32373654842376715 0.466554805636406 0.063794087618589415 -0.15201287716627118 -0.026120857335627076 -0.33219130337238306 -0.41272504627704615
decision_type=2 2 2 2 2 2 10 2 2 2 2 8 2 2 2 2 8 2 2 2 2 2 10 8 2 2 10 2 2 2
left_child=6 5 3 -3 -5 -2 -1 8 10 -10 11 12 -7 18 17 -12 -13 28 22 21 25 -20 -11 24 -22 26 -21 -6 -15 -18
right_child=1 2 -4 4 27 7 -8 -9 9 13 15 16 -14 14 -16 -17 29 -19 19 20 23 -23 -24 -25 -26 -27 -28 -29 -30 -31
leaf_value=1.4358055609326895e-05 -1.2835696975624403e-05 -0.0001357604927009028 -0.00014190050831566263 0.00050458738908549833 0.00026528101865067239 -8.260478608461374e-05 -2.3819144580468394e-06 2.2572932704040724e-05 0.00027390036485778146 -0.00021383169490017795 -0.00013642370964609633 0.00013490201738897248 -0.00028283020372016154 -9.5201755775877888e-05 -5.9078416826282223e-05 -0.00049585172635692606 -0.00017385490714348647 0.00035532145139250044 0.00015023487125183162 0.00014402575846941511 -0.00034184591151616687 -0.00011691326971659721 -1.8416820316430344e-05 -0.00046682617645224316 -3.5040837905820373e-06 -0.00026251937471793519 -0.00017693771505194013 -4.8315387185827664e-05 0.00016568687719994215 -5.7767870748198376e-05
leaf_weight=214938 32253 454 596 504 546 1651 278889 4034 459 822 536 614 1583 511 2765 409 1933 418 803 559 613 784 6757 574 456 671 535 400 957 12060
leaf_count=214938 32253 454 596 504 546 1651 278889 4034 459 822 536 614 1583 511 2765 409 1933 418 803 559 613 784 6757 574 456 671 535 400 957 12060
internal_value=-3.69411e-07 -3.49709e-05 9.48447e-05 0.000169306 0.000265099 -3.94439e-05 4.90429e-06 -6.06233e-05 -6.98295e-05 -4.10588e-05 -9.68761e-05 -8.61932e-05 -0.000181182 -4.96057e-05 2.11873e-05 -0.000295549 -6.5053e-05 0.000138553 -7.57874e-05 -0.000130105 -0.000199089 1.83543e-05 -3.98649e-05 -0.000294755 -0.000198891 -0.000108877 -1.31163e-05 0.000133564 7.48438e-05 -7.39169e-05
internal_weight=569084 75257 2500 1904 1450 72757 493827 40504 36470 17684 18786 17841 3234 17225 4651 945 14607 1886 12574 4995 3408 1587 7579 1643 1069 1765 1094 946 1468 13993
internal_count=569084 75257 2500 1904 1450 72757 493827 40504 36470 17684 18786 17841 3234 17225 4651 945 14607 1886 12574 4995 3408 1587 7579 1643 1069 1765 1094 946 1468 13993
is_linear=0
shrinkage=0.03


Tree=17
num_leaves=31
num_cat=0
split_feature=36 30 38 10 35 23 18 30 38 21 19 27 29 6 2 5 29 6 39 27 21 18 15 35 6 31 18 14 18 13
split_gain=0.0858907 0.047983 0.0446149 0.042999 0.0518702 0.0568864 0.0376222 0.0323584 0.0312503 0.0306054 0.0347097 0.0318735 0.0302046 0.0284409 0.0539427 0.0369721 0.0275772 0.0327224 0.031754 0.0302181 0.0251255 0.0249673 0.0242512 0.0241956 0.0282837 0.0243986 0.0336625 0.0248198 0.0228871 0.0321215
threshold=0.17755264788866046 0.49221777915954595 0.48455575108528143 0.48662193119525915 0.46399636566638952 0.28547459840774542 -0.41272504627704615 -0.1590028181672096 -0.25836129486560816 -0.23817513883113858 -0.20462171733379361 0.39177928864955908 -0.32508741319179529 0.44881153106689459 0.49095004796981817 -0.299328863620758 -0.40601159632205958 -0.018927632831037041 0.36581273376941686 0.3588989526033402 -0.45970448851585383 -0.45298065245151514 -0.41827458143234247 0.47083835303783422 0.41592712700366979 0.19847105443477633 -0.38581016659736628 -0.20539174973964688 -0.45970448851585383 0.33858561515808111
decision_type=2 2 8 2 2 2 2 2 10 10 10 2 2 8 2 10 2 10 2 2 10 2 2 2 10 2 2 2 2 2
left_child=8 2 3 4 28 9 12 -8 -1 10 11 21 -5 23 15 -15 -3 19 -19 -18 -20 -6 -4 -7 25 26 -25 -27 29 -2
right_child=1 16 22 6 5 13 7 -9 -10 -11 -12 -13 -14 14 -16 -17 17 18 20 -21 -22 -23 -24 24 -26 27 -28 -29 -30 -31
leaf_value=2.436139182754098e-05 -2.7040200738317289e-06 0.00010204569730848263 -0.00029349700134128064 0.0003600920929976467 -0.00032574844551575032 -0.00021663346140840219 -0.00018969782912309913 5.3763738204129979e-05 4.1709067384072888e-06 -0.00014112957123107561 0.00017055616134579814 9.7358640958011342e-05 8.4282265285847926e-05 -0.00020865439831989428 0.00040305844378578934 0.00012033217188186864 -0.00011912825149218298 -4.5413590972545972e-05 -8.4227024465245644e-05 0.00016283081109540426 -0.00035191376314701973 -6.7876272863209362e-05 -7.1496213142763213e-05 -0.00019822108499260629 -0.0002334247999390746 0.00030243673419613141 5.6261150106519447e-05 -7.7345837812934621e-06 -4.5923153023513297e-06 -0.0001020007667925897
leaf_weight=90197 6418 472 465 603 505 559 546 4222 293394 7200 629 627 877 437 416 975 1109 745 436 483 1210 1004 6878 697 418 478 1374 442 139706 5389
leaf_count=90197 6418 472 465 603 505 559 546 4222 293394 7200 629 627 877 437 416 975 1109 745 436 483 1210 1004 6878 697 418 478 1374 442 139706 5389
internal_value=8.16894e-07 -1.59531e-05 -1.35538e-05 -1.04861e-05 -1.33738e-05 -6.51525e-05 6.67227e-05 2.55454e-05 8.91898e-06 -0.000108584 -2.36339e-05 -8.13465e-05 0.000198319 9.5776e-06 0.000107161 1.77628e-05 -0.000113109 -0.000138797 -0.000208741 -3.31017e-05 -0.000281944 -0.000155752 -8.59346e-05 -3.55339e-05 -5.2909e-06 2.7263e-05 -2.99264e-05 0.000154939 -7.98363e-06 -4.80734e-05
internal_weight=568911 185320 180865 173522 167274 15761 6248 4768 383591 9965 2765 2136 1480 5796 1828 1412 4455 3983 2391 1592 1646 1509 7343 3968 3409 2991 2071 920 151513 11807
internal_count=568911 185320 180865 173522 167274 15761 6248 4768 383591 9965 2765 2136 1480 5796 1828 1412 4455 3983 2391 1592 1646 1509 7343 3968 3409 2991 2071 920 151513 11807
is_linear=0
shrinkage=0.03


Tree=18
num_leaves=31
num_cat=0
split_feature=36 30 38 8 20 0 28 6 29 36 37 10 7 26 6 0 20 20 29 16 13 30 13 22 31 20 21 28 35 31
split_gain=0.121217 0.0619056 0.0506662 0.0487249 0.0319821 0.034427 0.0344692 0.0296878 0.0400349 0.0292662 0.035871 0.0269471 0.0245806 0.0584926 0.0303819 0.0286806 0.0290185 0.0281498 0.0369542 0.0281829 0.0274728 0.0246196 0.0245239 0.0244332 0.024288 0.0331199 0.0238999 0.0267575 0.0232734 0.023074
threshold=0.31881627440452581 0.49221777915954595 0.42490601539611822 0.010135597549378874 -0.48653183877468104 0.46441236138343817 -0.057004502043128007 0.44881153106689459 -0.45298065245151514 0.45801258087158209 0.41810730099678045 0.083917114883661284 0.49664428830146795 -0.24493220448493955 0.47069558501243597 0.23162547498941424 -0.46641474962234492 0.46441236138343817 -0.19169799238443372 0.4581876546144486 0.45307256281375891 0.25731724500656133 0.083917114883661284 0.48662193119525915 0.25170098245143896 0.43962624669075018 0.49233704805374151 -0.21217571943998334 0.46399636566638952 0.32465183734893804
decision_type=2 2 8 2 10 2 2 8 2 2 2 2 2 2 10 2 10 10 2 2 2 2 2 8 2 10 10 2 2 2
left_child=-1 2 12 11 -5 6 -6 9 -9 -4 -11 -3 15 22 -15 16 20 24 -19 -20 21 -2 -14 26 25 -17 27 28 -10 -26
right_child=1 3 7 4 5 -7 -8 8 23 10 -12 -13 13 14 -16 17 -18 18 19 -21 -22 -23 -24 -25 29 -27 -28 -29 -30 -31
leaf_value=5.4647029585601686e-06 -0.00012081922279236099 -0.00013909350422537252 -8.0272380969629426e-05 0.0001440955405213082 8.8777763434238848e-05 -0.00032952538962959714 -0.00020980212508137132 0.00021265197060892172 -5.7807451005653529e-05 -0.00011180942048223758 -0.00035930894825999214 -0.00044833240797307786 4.5627557878824444e-05 4.5552923392736467e-05 0.00032648064380716045 -4.8713876121597437e-05 6.8068546832481112e-06 0.00024352056599701396 -0.0001436632835306934 0.00014399692036255342 -0.00021338167710897063 8.2137822294169689e-05 -0.00026232223338039427 -0.00024180287458016597 6.0537979240857096e-05 -0.00023087115184208489 0.00015660927886420602 0.00010178200421575936 -0.00028417579985404228 -3.3361929466989995e-05
leaf_weight=464859 1139 443 6474 458 735 556 644 569 2421 1409 846 625 466 634 764 32237 35234 723 731 513 1040 1002 450 529 3561 915 544 768 484 6908
leaf_count=464859 1139 443 6474 458 735 556 644 569 2421 1409 846 625 466 634 764 32237 35234 723 731 513 1040 1002 450 529 3561 915 544 768 484 6908
internal_value=-1.08111e-06 -3.03874e-05 -2.60767e-05 -0.000154954 -7.91285e-05 -0.000132433 -5.11671e-05 -7.89016e-05 -2.29429e-05 -0.000112909 -0.000205839 -0.000322542 -1.74738e-05 7.87791e-05 0.000200307 -2.01343e-05 -1.03703e-06 -3.62229e-05 7.45354e-05 -2.48358e-05 -8.7668e-05 -2.58939e-05 -0.000106857 -5.15762e-05 -4.12333e-05 -5.38095e-05 -2.71977e-05 -5.47723e-05 -9.6368e-05 -1.39486e-06
internal_weight=568681 103822 100361 3461 2393 1935 1379 14044 5315 8729 2255 1068 86317 2314 1398 84003 38415 45588 1967 1244 3181 2141 916 4746 43621 33152 4217 3673 2905 10469
internal_count=568681 103822 100361 3461 2393 1935 1379 14044 5315 8729 2255 1068 86317 2314 1398 84003 38415 45588 1967 1244 3181 2141 916 4746 43621 33152 4217 3673 2905 10469
is_linear=0
shrinkage=0.03


Tree=19
num_leaves=31
num_cat=0
split_feature=0 8 29 2 13 35 38 2 1 28 12 20 37 15 23 21 3 2 35 11 20 38 13 28 31 35 2 38 20 35
split_gain=0.0846302 0.0684475 0.0744827 0.0582291 0.0459129 0.0407243 0.040466 0.0474014 0.0404587 0.0393789 0.0364669 0.0323269 0.0316752 0.0301887 0.0301601 0.0576273 0.0278959 0.0278323 0.0473699 0.0340407 0.044268 0.041621 0.0298741 0.0273877 0.0284429 0.0267364 0.0311107 0.025124 0.0446562 0.0304038
threshold=0.41950166225433355 0.043656742200255401 -0.21137479692697522 0.41166466474533087 0.43809871375560766 -0.44627264142036432 -0.25836129486560816 0.4463686496019364 0.4641572386026383 -0.41272504627704615 0.16420634090900424 -0.45970448851585383 -0.077052142471075044 -0.46641474962234492 0.39273729920387274 0.18401702493429187 0.46441236138343817 0.49221777915954595 0.43172106146812445 0.48418948054313665 -0.45298065245151514 -0.40601159632205958 0.45307256281375891 0.030252186581492427 -0.31936077773571009 0.27103835344314581 0.47952194511890417 0.25850497186183935 -0.058722110465168946 0.36581273376941686
decision_type=2 2 2 2 2 2 8 2 2 2 2 8 2 2 2 10 2 2 2 2 10 8 2 2 2 2 2 10 10 2
left_child=10 3 8 11 6 -6 7 -4 -3 -10 -1 -2 16 -7 15 -5 -9 19 22 25 21 -21 -19 24 -8 -12 -27 28 -11 -29
right_child=1 2 4 14 5 13 23 12 9 27 17 -13 -14 -15 -16 -17 -18 18 -20 20 -22 -23 -24 -25 -26 26 -28 29 -30 -31
leaf_value=9.4403408950373599e-06 -0.0001811638984439959 7.8258562413980495e-06 -1.6082820650011552e-05 -0.00056917833907544756 -0.00036661946434703971 8.8391482551546601e-05 -0.00023461055855530312 0.0001558583403606588 0.0003596383319840156 6.0527521036279855e-05 1.9043425062714873e-07 -5.1889087036116037e-05 -2.84191535212104e-05 -0.0001368215606871123 -8.5948293528235176e-05 -9.0316269646835981e-05 0.00046940685010842112 0.0001527934648588892 0.00035163320273996388 -9.0116741160711298e-05 -4.0459789524361735e-05 -0.00045923802627341394 -5.5480511238795991e-05 2.020555394741021e-05 -6.0541302141012549e-05 -2.5458114757660354e-05 -0.00022382398118165529 0.00018071021695068002 0.00034710377228403563 -0.00013495585739258529
leaf_weight=355458 1941 5573 2707 524 567 656 1011 686 579 1550 122808 16383 420 2773 568 400 413 1042 483 662 5596 468 1500 3040 4978 34023 717 423 709 741
leaf_count=355458 1941 5573 2707 524 567 656 1011 686 579 1550 122808 16383 420 2773 568 400 413 1042 483 662 5596 468 1500 3040 4978 34023 717 423 709 741
internal_value=5.49498e-07 -3.81662e-05 -6.92396e-06 -8.04357e-05 -4.41583e-05 -0.000133162 -1.72462e-05 5.92822e-05 6.01361e-05 0.00013278 4.0045e-06 -6.56741e-05 0.000192816 -9.36044e-05 -0.000260086 -0.000365065 0.000276859 -7.54485e-06 8.24772e-05 -9.20746e-06 -7.52512e-05 -0.000245679 3.0158e-05 -5.30911e-05 -9.02679e-05 -6.38335e-06 -2.96154e-05 9.34711e-05 0.000151604 -1.968e-05
internal_weight=569399 46642 26826 19816 17251 3996 13255 4226 9575 4002 522757 18324 1519 3429 1492 924 1099 167299 3025 164274 6726 1130 2542 9029 5989 157548 34740 3423 2259 1164
internal_count=569399 46642 26826 19816 17251 3996 13255 4226 9575 4002 522757 18324 1519 3429 1492 924 1099 167299 3025 164274 6726 1130 2542 9029 5989 157548 34740 3423 2259 1164
is_linear=0
shrinkage=0.03


Tree=20
num_leaves=31
num_cat=0
split_feature=0 26 37 8 30 22 29 25 22 1 24 7 4 31 0 38 25 28 3 8 0 27 8 26 3 3 13 25 16 27
split_gain=0.0927967 0.0714694 0.0553482 0.0545185 0.0445826 0.0447598 0.0389874 0.054327 0.0405178 0.0322714 0.0325926 0.0603729 0.0362592 0.0347138 0.0298717 0.0280376 0.0276685 0.0332424 0.0275272 0.0259715 0.0301875 0.0258089 0.0361046 0.0316334 0.0309446 0.0245926 0.0236333 0.0236118 0.0341556 0.022273
threshold=0.33172942698001867 0.023649728856980804 -0.49664428830146784 0.43897783756256109 0.47683362662792211 -0.45298065245151514 -0.41272504627704615 0.49221777915954595 -0.010033556725829838 0.49664428830146795 0.45307256281375891 0.17755264788866046 0.26490327715873724 0.37159061431884771 0.49103121459484106 -0.1450444087386131 -0.036877427250146859 -0.35231085121631617 0.48662193119525915 -0.48653183877468104 0.45847702026367193 0.49245272576808935 0.45801258087158209 -0.2781506478786468 0.47683362662792211 0.2382863983511925 -0.4798318743705749 0.49664428830146795 -0.2922577410936355 0.41950166225433355
decision_type=2 2 2 2 2 8 2 2 8 2 2 2 2 2 2 10 2 2 2 2 2 2 2 2 2 2 2 2 2 2
left_child=15 4 3 -3 19 -6 16 9 -9 10 -8 12 13 -12 -11 -1 -4 -18 27 20 -2 22 26 -23 -24 -7 -21 -17 -29 -13
right_child=1 2 6 -5 5 25 7 8 -10 14 11 29 -14 -15 -16 18 17 -19 -20 21 -22 23 24 -25 -26 -27 -28 28 -30 -31
leaf_value=1.5370904937207055e-05 -7.5829142327066604e-05 5.4192554735239548e-05 6.9167823978708523e-06 0.00046227142483286891 -0.00047198082939271552 2.3823912187247973e-05 -9.3599028517383123e-06 -3.3141060709977057e-05 -0.00042556472387776352 -1.5393922778211458e-05 -0.00012563724787217271 8.55168449861472e-05 -0.00027936435921393105 0.0001587945864881109 0.0002685604472625067 1.3991235504866606e-06 0.00028408988591556715 6.0619207674100251e-05 -9.8733766488040062e-05 -0.00016800435313543967 -0.00033254110003514548 -6.7070580164180294e-05 -7.7809078209987802e-05 0.00030049573600149842 -0.00041233174850931393 -0.00022563679574618857 -3.8879033382176077e-05 -0.00028778023988528895 3.2221818249259841e-05 -5.6031385192652012e-05
leaf_weight=165996 1256 961 5302 417 420 606 40859 441 506 655 3455 2015 1258 426 667 301014 807 2277 2508 1326 610 413 570 414 440 845 28845 606 582 1968
leaf_count=165996 1256 961 5302 417 420 606 40859 441 506 655 3455 2015 1258 426 667 301014 807 2277 2508 1326 610 413 570 414 440 845 28845 606 582 1968
internal_value=-7.26246e-08 -2.6668e-05 -7.19061e-06 0.000180123 -6.0448e-05 -0.000202656 -1.14765e-05 -2.11152e-05 -0.000245076 -1.69342e-05 -2.08142e-05 -7.20533e-05 -0.000139898 -9.40886e-05 0.000128813 5.45132e-06 4.85326e-05 0.000119825 4.7128e-08 -5.25358e-05 -0.000161074 -4.61599e-05 -5.0559e-05 0.000118327 -0.000226155 -0.000122001 -4.46078e-05 8.70159e-07 -0.000132051 1.56127e-05
internal_weight=568465 97759 62014 1378 35745 1871 60636 52250 947 51303 49981 9122 5139 3881 1322 470706 8386 3084 304710 33874 1866 32008 31181 827 1010 1451 30171 302202 1188 3983
internal_count=568465 97759 62014 1378 35745 1871 60636 52250 947 51303 49981 9122 5139 3881 1322 470706 8386 3084 304710 33874 1866 32008 31181 827 1010 1451 30171 302202 1188 3983
is_linear=0
shrinkage=0.03


Tree=21
num_leaves=31
num_cat=0
split_feature=0 7 30 9 29 12 8 19 12 1 24 5 29 28 30 7 10 22 31 13 22 39 8 14 6 15 6 39 7 10
split_gain=0.0928699 0.0771884 0.0496072 0.0467196 0.0480065 0.038889 0.0360447 0.0372119 0.0355052 0.0340986 0.0517856 0.033236 0.0329705 0.0295314 0.0357208 0.028256 0.0267368 0.0421335 0.027356 0.0251356 0.0269672 0.0257 0.0250855 0.0245408 0.0241787 0.0228213 0.0250049 0.0215397 0.0201921 0.0338925
threshold=0.43133513629436498 0.42469435930252081 0.48662193119525915 -0.22480142861604688 -0.045776918530464165 0.15747082233428958 0.010135597549378874 -0.37915775179862971 0.050361584872007377 0.49664428830146795 0.48662193119525915 -0.022305141203105446 -0.016722595319151875 -0.01056390395388007 -0.019842519424855706 0.23151255398988727 0.48586554825305944 0.043656742200255401 -0.036877427250146859 0.47976386547088629 -0.21803475916385648 0.48615899682044988 -0.24493220448493955 -0.31205530464649195 0.47069558501243597 -0.45970448851585383 0.1366749703884125 0.45307256281375891 0.21118935942649844 0.030252186581492427
decision_type=2 2 2 2 2 2 2 10 2 2 2 8 2 2 2 2 2 8 2 2 8 2 2 2 8 2 10 2 2 2
left_child=5 2 8 -3 13 -1 22 -8 24 10 25 -12 -11 14 -5 -13 18 -18 -16 -7 27 -22 -4 -15 -2 26 -10 -21 29 -27
right_child=1 3 6 4 -6 19 7 -9 9 12 11 15 -14 23 16 -17 17 -19 -20 20 21 -23 -24 -25 -26 28 -28 -29 -30 -31
leaf_value=8.9778277943610601e-06 -2.2723539211401826e-05 -0.00026079357060473777 -0.00017503713989756205 0.00043967938648253364 -2.6945087212750897e-05 -5.8636040115396552e-06 0.00011542128944188186 -0.00024015467696690828 -6.2212883934816571e-05 0.00024460658984244477 -1.8930527086546325e-05 -0.00044249139388747921 -7.0963225060535751e-05 0.00016834294287997091 0.00020167584898825389 -0.00014211867560317266 0.00044876605772047436 4.1554853773661932e-05 -0.00012256872850028634 -2.7190237901270006e-05 -6.9646316936738712e-05 -0.00027841285376761869 -0.00050349208562388626 -8.0446667154101571e-05 0.00016288522354067776 -3.4829880312990799e-05 -0.00035020763649741711 0.00020172210825464512 -1.8427556285204378e-05 -0.00014310238388425345
leaf_weight=354742 11614 404 409 457 2751 165201 449 620 557 556 425 739 622 634 430 473 480 433 491 1164 5636 578 456 791 658 5319 529 531 5899 5100
leaf_count=354742 11614 404 409 457 2751 165201 449 620 557 556 425 739 622 634 430 473 480 433 491 1164 5636 578 456 791 658 5319 529 531 5899 5100
internal_value=-1.00294e-07 -4.34207e-05 -6.17427e-05 4.83325e-05 6.80168e-05 3.28959e-06 -0.000208995 -9.11206e-05 -5.2916e-05 -7.73391e-05 -8.70343e-05 -0.000247908 7.87867e-05 0.000138202 0.000204678 -0.000327389 0.000144053 0.000258184 2.9356e-05 -8.36675e-06 -6.05783e-05 -8.9481e-05 -0.000351963 3.06447e-05 -1.26471e-05 -7.17691e-05 -0.000204413 4.52846e-05 -6.28215e-05 -8.79146e-05
internal_weight=569148 41296 34425 6871 6467 527852 1934 1069 32491 20219 19041 1637 1178 3716 2291 1212 1834 913 921 173110 7909 6214 865 1425 12272 17404 1086 1695 16318 10419
internal_count=569148 41296 34425 6871 6467 527852 1934 1069 32491 20219 19041 1637 1178 3716 2291 1212 1834 913 921 173110 7909 6214 865 1425 12272 17404 1086 1695 16318 10419
is_linear=0
shrinkage=0.03


Tree=22
num_leaves=31
num_cat=0
split_feature=36 35 36 38 38 1 28 7 24 17 38 25 18 13 25 6 7 8 38 27 9 0 25 18 7 7 23 35 24 13
split_gain=0.0662808 0.0377395 0.0528119 0.042067 0.0353293 0.0352482 0.0549528 0.0560834 0.0326799 0.0458991 0.0474828 0.0366938 0.0322813 0.0276583 0.0504642 0.0276479 0.0315899 0.0261865 0.0372587 0.0323874 0.0341419 0.0281074 0.0357164 0.0363437 0.0340158 0.0308618 0.028362 0.039835 0.0270617 0.0375365
threshold=0.21784532815217975 0.097359016537666335 0.48662193119525915 -0.17109678685665128 0.4385290145874024 0.49664428830146795 -0.01056390395388007 0.34589572250843054 0.40521778166294103 0.4463686496019364 0.46465381979942327 0.4463686496019364 -0.32545009255409235 0.39273729920387274 0.34589572250843054 0.36995935440063482 0.31106737256050115 0.45254182815551763 -0.083612978458404527 0.466554805636406 0.49095004796981817 0.43133513629436498 0.41289757192134863 0.43868599832057958 0.257464349269867 -0.37241181731224055 0.41289757192134863 0.45196153223514562 0.466554805636406 0.34451952576637274
decision_type=2 2 2 8 8 2 2 2 2 2 8 2 2 2 2 10 2 2 10 2 2 2 2 2 2 2 2 2 2 2
left_child=-1 2 13 15 5 17 7 -7 -6 10 -10 -12 -8 14 -2 16 -4 21 -19 -20 -21 25 24 -24 26 -3 27 -23 -29 -30
right_child=1 4 3 -5 8 6 12 -9 9 -11 11 -13 -14 -15 -16 -17 -18 18 19 20 -22 22 23 -25 -26 -27 -28 28 29 -31
leaf_value=7.0179534817746333e-06 -4.7444504393008894e-06 3.9586001975947207e-05 -2.125594805746124e-05 -0.00018505878088344768 -5.091936956944428e-05 0.00043135869885241698 8.6981768874578195e-05 4.4225567583342675e-05 -0.00032623084742355282 -0.00040637921494659455 -0.00012735694957238873 0.00019527601974456105 -0.00027950707476431786 -2.971850326449e-05 5.3409917488465874e-05 -0.00017113815475756303 0.00029791964303253082 9.4995220717170907e-05 2.0703253629762197e-05 -0.00031653908976329078 7.9064641127549451e-06 -1.7943681959669092e-05 -0.00018976141998959263 9.9480490327960366e-05 2.83572932429554e-05 -3.2422555423822165e-05 8.6040563724893124e-05 -0.00010682566093094514 -4.1371535082095e-05 -0.00040089039975869982
leaf_weight=406414 46771 6454 857 2477 6230 581 428 789 598 598 835 498 420 18333 18828 547 403 3544 2426 640 529 4175 3000 443 4093 31286 912 4482 412 717
leaf_count=406414 46771 6454 857 2477 6230 581 428 789 598 598 835 498 420 18333 18828 547 403 3544 2426 640 529 4175 3000 443 4093 31286 912 4482 412 717
internal_value=5.45805e-07 -1.56599e-05 -2.40172e-06 -0.000105019 -3.14434e-05 -2.38499e-05 9.34377e-05 0.00021034 -8.79895e-05 -0.000178749 -0.000106525 -6.26687e-06 -9.5676e-05 2.84791e-06 1.19524e-05 5.1117e-06 8.23716e-05 -2.79859e-05 2.60956e-05 -4.19017e-05 -0.000170898 -3.4887e-05 -6.54626e-05 -0.000152365 -4.51444e-05 -2.0101e-05 -7.3266e-05 -8.81851e-05 -0.000140325 -0.000271208
internal_weight=568720 162306 88216 4284 74090 65331 2218 1370 8759 2529 1931 1333 848 83932 65599 1807 1260 63113 7139 3595 1169 55974 18234 3443 14791 37740 10698 9786 5611 1129
internal_count=568720 162306 88216 4284 74090 65331 2218 1370 8759 2529 1931 1333 848 83932 65599 1807 1260 63113 7139 3595 1169 55974 18234 3443 14791 37740 10698 9786 5611 1129
is_linear=0
shrinkage=0.03


Tree=23
num_leaves=31
num_cat=0
split_feature=35 8 25 2 24 36 16 38 32 25 18 38 3 26 29 24 16 11 14 8 28 32 11 21 3 15 39 8 10 26
split_gain=0.0799132 0.0560826 0.0614317 0.0582296 0.0690165 0.0513226 0.0511185 0.0469038 0.0563653 0.0554758 0.0437206 0.0382823 0.0404974 0.0371525 0.0348335 0.031079 0.0761432 0.0301095 0.0294732 0.029074 0.0279127 0.0357618 0.0267992 0.0398142 0.0249725 0.0279054 0.0232699 0.0225836 0.0379717 0.029502
threshold=0.40572874248027807 0.27169632911682134 0.16409231722354892 0.4049357026815415 0.37925247848033911 0.48662193119525915 0.26490327715873724 -0.35901738703250879 -0.11742048338055609 0.43820796906948095 0.45986577868461614 -0.32520878314971918 0.41950166225433355 0.31229026615619665 -0.058722110465168946 0.466554805636406 -0.077052142471075044 0.090756561607122435 0.050361584872007377 -1.0000000180025095e-35 -0.078272271901369081 -0.0076340327505022279 0.41950166225433355 0.22542115300893786 -0.38581016659736628 0.27130751311779028 0.45782060921192175 -0.47306366264820093 -0.41272504627704615 -0.4394956231117248
decision_type=2 2 2 2 2 2 2 10 2 2 2 8 2 2 2 2 2 2 2 2 2 2 2 10 2 2 2 2 2 2
left_child=5 2 26 27 -5 17 20 8 9 -3 14 19 24 -14 15 22 -17 -1 -12 -7 -6 -22 -9 -24 -13 -26 -2 28 -4 -30
right_child=1 7 3 4 6 11 -8 10 -10 -11 18 12 13 -15 -16 16 -18 -19 -20 -21 21 -23 23 -25 25 -27 -28 -29 29 -31
leaf_value=9.4984048863366309e-06 -2.6881779417694941e-05 7.7849683629972109e-05 6.3394749382038008e-06 8.2938913225743979e-05 -0.00036190646790678981 -0.00015585873488118914 -0.00057116729485615363 4.8019552914050599e-05 8.0352601620800743e-06 0.00041204715215246507 -3.5762824459809608e-05 -0.00024861363291723849 -0.00037511774296243171 -5.6916448386491716e-05 -5.0888984377937397e-05 -9.9259821651523478e-05 0.00040774942751257244 -5.5835592432525444e-06 -0.00032371524173376205 0.00010655148321474647 -0.00029509278313655934 8.7826954316286987e-05 0.00011402426565971519 -0.00024383593198229613 -8.5584899783488032e-05 0.00019020022499697988 0.00015825795721446389 -5.9063244218734787e-05 -0.0004586340825983293 -0.00016224103730393016
leaf_weight=317931 18489 1096 776 501 690 545 497 4568 3240 752 607 469 967 505 7462 462 610 190512 673 1196 431 430 437 745 1058 468 622 11844 433 1017
leaf_count=317931 18489 1096 776 501 690 545 497 4568 3240 752 607 469 967 505 7462 462 610 190512 673 1196 431 430 437 745 1058 468 622 11844 433 1017
internal_value=-8.35074e-07 -3.47353e-05 -5.74774e-05 -9.96438e-05 -0.000231351 2.88666e-06 -0.000308265 4.61963e-06 8.36007e-05 0.000215329 -2.1237e-05 -9.07201e-05 -0.000148225 -0.000267073 -6.1272e-06 4.28367e-05 0.000190346 3.84724e-06 -0.000188499 2.3986e-05 -0.000220901 -0.000105043 1.50532e-05 -0.000111684 -5.96384e-05 -3.18337e-07 -2.07765e-05 -7.56356e-05 -0.000163155 -0.000253285
internal_weight=570033 56382 35730 16619 2549 513651 2048 20652 5088 1848 15564 5208 3467 1472 14284 6822 1072 508443 1280 1741 1551 861 5750 1182 1995 1526 19111 14070 2226 1450
internal_count=570033 56382 35730 16619 2549 513651 2048 20652 5088 1848 15564 5208 3467 1472 14284 6822 1072 508443 1280 1741 1551 861 5750 1182 1995 1526 19111 14070 2226 1450
is_linear=0
shrinkage=0.03


Tree=24
num_leaves=31
num_cat=0
split_feature=0 26 0 12 30 15 4 17 11 11 31 9 4 30 24 22 14 17 0 11 18 4 19 14 19 35 37 0 20 12
split_gain=0.0781478 0.037584 0.0559261 0.0435505 0.0547283 0.0487314 0.0433074 0.0392885 0.0350939 0.033661 0.0269941 0.0265905 0.0254444 0.0247512 0.029578 0.0501086 0.0681577 0.0384829 0.0257193 0.024135 0.0345527 0.0311146 0.0444607 0.0351832 0.0235958 0.0214308 0.0343025 0.0228433 0.0220838 0.0241062
threshold=0.33172942698001867 -0.17101350426673886 0.48596473038196569 0.45307256281375891 0.25170098245143896 -0.41827458143234247 0.16403125226497653 0.18458957225084308 0.45986577868461614 0.40614514052867895 -0.077879715710878358 0.48606254160404211 0.48662193119525915 0.49221777915954595 0.49664428830146795 0.083917114883661284 -0.45298065245151514 -0.33219130337238306 0.49283143877983099 0.20472994446754458 -0.17101350426673886 0.466554805636406 0.010135597549378874 -0.43286086618900294 0.063794087618589415 0.45307256281375891 0.003788096248172224 0.29197315871715551 -0.3581824898719787 0.41166466474533087
decision_type=2 2 2 2 2 2 2 2 2 2 2 2 2 2 2 10 2 2 2 2 2 2 8 2 8 2 2 2 10 2
left_child=8 2 11 13 -5 -6 9 24 -1 -4 -8 12 -2 14 19 16 17 -16 -15 -3 21 23 -23 -21 -7 27 -27 28 29 -10
right_child=1 3 6 4 5 7 10 -9 25 -11 -12 -13 -14 18 15 -17 -18 -19 -20 20 -22 22 -24 -25 -26 26 -28 -29 -30 -31
leaf_value=7.1495097809442963e-06 -4.2356255633598639e-05 -5.1553998013697284e-06 -0.00023432303879776872 0.00028806261316073958 0.00022726083811850162 -5.2110294586772179e-05 -0.00014956535627479628 8.8694353997918057e-05 -1.3346605175115403e-06 0.00010890621862884752 -0.00046093607799176946 -0.00026648542373805426 0.00019069734814633796 -5.7552165536624766e-05 0.00019699149248950679 -0.00013917713580782442 0.00040773367311773833 -0.00019674867793134559 -0.00031340443741298293 -0.00011546540140018885 -7.0050002852890581e-05 0.00027658708756988696 -9.0168262966502396e-05 1.8181563297946873e-05 -0.00036439414395145658 0.00029375861728624775 -8.8281104411865293e-05 -0.00026090861281068833 -1.8462539954189505e-05 -0.00016023905018946774
leaf_weight=454361 19927 42486 506 924 670 435 431 710 1343 504 637 457 421 1273 455 592 674 420 483 2438 15554 788 468 6420 434 427 403 424 10952 2376
leaf_count=454361 19927 42486 506 924 670 435 431 710 1343 504 637 457 421 1273 455 592 674 420 483 2438 15554 788 468 6420 434 427 403 424 10952 2376
internal_value=5.34128e-07 -2.38194e-05 -5.74775e-05 -1.35744e-05 9.5026e-05 1.47929e-05 -0.000205516 -7.62241e-05 5.61494e-06 -6.36597e-05 -0.000337833 -4.25998e-05 -3.74431e-05 -1.83695e-05 -1.55803e-05 9.39583e-05 0.00018338 7.9086e-06 -0.000129302 -1.90347e-05 -4.19968e-05 1.17189e-06 0.000140297 -1.8691e-05 -0.000210444 -3.81452e-05 0.00010942 -4.63262e-05 -3.99511e-05 -0.000103013
internal_weight=568393 98107 22883 75224 3173 2249 2078 1579 470286 1010 1068 20805 20348 72051 70295 2141 1549 875 1756 68154 25668 10114 1256 8858 869 15925 830 15095 14671 3719
internal_count=568393 98107 22883 75224 3173 2249 2078 1579 470286 1010 1068 20805 20348 72051 70295 2141 1549 875 1756 68154 25668 10114 1256 8858 869 15925 830 15095 14671 3719
is_linear=0
shrinkage=0.03


Tree=25
num_leaves=31
num_cat=0
split_feature=0 7 12 9 10 9 5 7 38 0 30 23 25 38 18 14 18 25 29 10 15 5 30 1 29 35 20 19 13 28
split_gain=0.0776273 0.0538963 0.0425999 0.0416403 0.0381158 0.0632979 0.0481131 0.0382935 0.0367167 0.0338638 0.0384085 0.0526825 0.0369502 0.0378273 0.035992 0.0550208 0.0294698 0.0324691 0.0283261 0.0275247 0.0272923 0.0265544 0.0262791 0.0258776 0.0331246 0.0257838 0.0296034 0.0254145 0.0297343 0.0300574
threshold=0.40614514052867895 0.29828247427940374 -0.004310665186494588 -0.39258971810340876 0.37925247848033911 0.47952194511890417 0.33806170523166662 0.20415349304676059 -0.14426303654909131 0.47318433225154882 0.39849410951137548 0.39273729920387274 0.34589572250843054 -0.4394956231117248 0.097359016537666335 -0.2717756032943725 0.31881627440452581 0.49664428830146795 -0.23179569095373151 0.30546234548091894 0.023649728856980804 0.34643459320068365 0.35910767316818243 -0.49664428830146784 -0.38581016659736628 -0.30533944070339197 -0.42605021595954889 -0.49272717535495753 0.44500453770160681 0.19775807857513431
decision_type=2 2 2 2 2 2 10 2 10 2 2 2 2 10 2 2 2 2 2 2 2 10 2 2 2 2 10 8 2 2
left_child=8 2 21 -3 5 9 -6 -8 23 12 25 14 13 22 15 -12 -10 -18 -19 -14 -15 -2 -4 24 -1 -11 -27 -5 -29 -30
right_child=1 3 4 27 6 -7 7 -9 16 10 11 -13 19 20 -16 -17 17 18 -20 -21 -22 -23 -24 -25 -26 26 -28 28 29 -31
leaf_value=-0.00033419387487030851 -2.5295982450422791e-05 -0.00024349346665998459 -0.00012341951116936578 0.00016513877178746925 -0.00040077119672323272 0.00014633718111735312 -0.00026706767994873578 0.00013901166124589926 1.6439332996802439e-06 -0.00030331584660654823 -0.00025080266033403518 1.4647910185077409e-05 5.0437087731443412e-05 -9.3343302440675498e-06 -9.7057053838380059e-05 -0.00068051048062449545 -1.8826283844549775e-05 -0.00035808766729058551 -4.3626926932768401e-05 -0.00015998015997712467 -0.00011148617763607952 0.00012606507475834523 -0.00039155151338703229 1.5276406792557431e-05 -2.3602287139435396e-05 0.00016387045875183116 -9.2014650962183168e-05 2.9248676020727351e-05 -0.00012295400095125474 9.0520614684349516e-05
leaf_weight=412 12517 558 820 980 719 1152 408 409 272825 402 722 530 3548 4255 443 437 57251 467 568 654 5264 1128 556 182210 1161 479 2427 12680 2484 771
leaf_count=412 12517 558 820 980 719 1152 408 409 272825 402 722 530 3548 4255 443 437 57251 467 568 654 5264 1128 556 182210 1161 479 2427 12680 2484 771
internal_value=-1.23966e-07 -3.42217e-05 -5.47844e-05 9.17452e-06 -7.94934e-05 -6.91958e-05 -0.000223513 -6.45567e-05 3.47538e-06 -8.13512e-05 -0.000145487 -0.000244553 -5.81596e-05 -8.72852e-05 -0.000329865 -0.000417259 -2.49309e-06 -2.18546e-05 -0.000187583 1.73856e-05 -6.58819e-05 -1.27002e-05 -0.000233807 1.4228e-05 -0.00010655 -8.1095e-05 -4.94194e-05 1.76486e-05 8.48009e-06 -7.22667e-05
internal_weight=569237 54343 36870 17473 23225 21689 1536 817 514894 20537 5440 2132 15097 10895 1602 1159 331111 58286 1035 4202 9519 13645 1376 183783 1573 3308 2906 16915 15935 3255
internal_count=569237 54343 36870 17473 23225 21689 1536 817 514894 20537 5440 2132 15097 10895 1602 1159 331111 58286 1035 4202 9519 13645 1376 183783 1573 3308 2906 16915 15935 3255
is_linear=0
shrinkage=0.03


Tree=26
num_leaves=31
num_cat=0
split_feature=36 35 38 39 35 39 22 24 20 25 27 22 20 38 18 25 18 13 31 2 29 16 21 20 25 13 13 21 5 16
split_gain=0.0579094 0.0310852 0.0486688 0.0497042 0.0561892 0.0420748 0.0367488 0.0306594 0.0302364 0.0365236 0.0287201 0.0276287 0.0351621 0.0282812 0.0266876 0.03775 0.0366836 0.0350038 0.0323292 0.0285249 0.0285236 0.0258375 0.0236311 0.022511 0.0217684 0.0268343 0.0214808 0.0213414 0.0386015 0.0278405
threshold=0.31881627440452581 0.097359016537666335 0.4385290145874024 0.48662193119525915 0.47993287444114691 0.49664428830146795 0.23162547498941424 0.44500453770160681 0.47735816240310674 0.45986577868461614 0.40514095127582556 0.13850788027048114 0.49245272576808935 0.47735816240310674 0.48662193119525915 0.47069558501243597 -0.46641474962234492 0.4463686496019364 -0.045141067355871194 0.44491800665855413 -0.11742048338055609 -0.47306366264820093 0.17790922522544864 0.34489440917968756 0.33895461261272436 0.39849410951137548 0.21815130859613421 -0.47306366264820093 0.47879832983016973 -0.40601159632205958
decision_type=2 2 8 2 2 2 8 2 10 2 2 10 10 10 2 2 2 2 2 2 2 2 10 8 2 2 2 10 10 2
left_child=-1 5 3 27 -5 14 -7 11 9 -9 -6 23 13 -13 15 16 21 19 -19 -17 -21 -2 -20 -4 -18 -26 -15 28 -3 -29
right_child=1 2 7 4 10 6 -8 8 -10 -11 -12 12 -14 26 -16 17 24 18 22 20 -22 -23 -24 -25 25 -27 -28 29 -30 -31
leaf_value=4.7465378943504182e-06 6.3426701276608018e-05 -6.2267869289937249e-06 -4.5143769343639642e-05 -5.1673095650319559e-05 -4.8623449038132096e-07 -6.1742935167189542e-05 -0.00035661619655654754 -0.0002644161693367927 -0.00044684142493459973 8.3886181445871812e-05 0.00025102847928222153 4.9879526685460979e-05 0.00023705230368380265 -4.2155425155341893e-05 -0.0001151301507464414 6.414420527711421e-05 -1.426378402732489e-05 0.00011307376863245024 -8.9953028712639855e-06 0.00044112105474428473 0.00014750916535606439 -0.00011994402676771858 -0.00025528780768592296 -0.00023814874898439833 5.7307871422716666e-05 -2.2876286278195193e-05 -0.00030866560126286118 -0.00011806079735779325 0.00031148225261490818 -3.238245411396412e-05
leaf_weight=465484 844 1808 974 1643 560 1409 514 805 411 400 1501 1083 424 593 1727 1660 23812 1277 1083 456 873 3687 509 1238 11147 5656 499 3805 415 32620
leaf_count=465484 844 1808 974 1643 560 1409 514 805 411 400 1501 1083 424 593 1727 1660 23812 1277 1083 456 873 3687 509 1238 11147 5656 499 3805 415 32620
internal_value=2.34664e-07 -2.00688e-05 -3.74748e-05 -2.57866e-05 7.90553e-05 -4.52984e-06 -0.000141997 -0.000114337 -0.000227076 -0.000149058 0.000183016 -7.6076e-05 -9.63261e-06 -5.85868e-05 5.09297e-07 4.44666e-06 -4.85631e-06 7.60282e-05 1.11139e-06 0.000147694 0.000250794 -8.57227e-05 -8.88428e-05 -0.000153749 4.184e-06 3.03198e-05 -0.000165636 -3.58524e-05 5.42139e-05 -4.13625e-05
internal_weight=568917 103433 48779 42352 3704 54654 1923 6427 1616 1205 2061 4811 2599 2175 52731 51004 45146 5858 2869 2989 1329 4531 1592 2212 40615 16803 1092 38648 2223 36425
internal_count=568917 103433 48779 42352 3704 54654 1923 6427 1616 1205 2061 4811 2599 2175 52731 51004 45146 5858 2869 2989 1329 4531 1592 2212 40615 16803 1092 38648 2223 36425
is_linear=0
shrinkage=0.03


Tree=27
num_leaves=31
num_cat=0
split_feature=36 13 2 35 35 35 22 29 0 12 15 0 30 35 2 5 25 28 25 20 1 16 29 28 12 19 6 12 29 6
split_gain=0.0838206 0.0391483 0.0356612 0.0308588 0.0306608 0.0300067 0.0376509 0.0422226 0.0348915 0.0345306 0.0686186 0.0346251 0.0276104 0.0351655 0.0305295 0.0296291 0.0299622 0.029585 0.025715 0.0298187 0.0266658 0.0304048 0.0393363 0.0250173 0.0239677 0.0237727 0.0233575 0.0232703 0.022917 0.0202993
threshold=0.35240399837493902 0.39849410951137548 0.49221777915954595 0.34489440917968756 -0.058722110465168946 -0.47306366264820093 0.2385489493608475 -0.33219130337238306 0.466554805636406 0.466554805636406 -0.4394956231117248 0.36497211456298834 0.47993287444114691 0.28454907238483435 0.48418948054313665 -0.42280606925487513 0.37925247848033911 -0.38581016659736628 0.36497211456298834 0.49245272576808935 0.466554805636406 0.29932886362075811 -0.17109678685665128 -0.47306366264820093 0.043656742200255401 0.28547459840774542 0.43801879882812506 0.41950166225433355 -0.030160912312567231 0.40842382609844213
decision_type=2 2 2 2 2 2 8 2 2 2 2 2 2 2 2 10 2 2 2 8 2 2 2 2 2 10 8 2 2 10
left_child=24 2 4 -4 18 6 7 -3 26 12 -11 -12 15 -14 -15 16 -7 28 -2 20 21 23 -23 -20 -1 -22 -9 -8 -17 -6
right_child=1 5 3 -5 29 9 27 8 -10 10 11 -13 13 14 -16 17 -18 -19 19 -21 25 22 -24 -25 -26 -27 -28 -29 -30 -31
leaf_value=9.4214144831959495e-06 -1.7293160050117455e-05 0.00011529621109103281 0.00028657642930633698 7.2878791659604751e-06 -5.0747879418975162e-05 3.5858009231296521e-05 -0.00016595095403331851 -3.0776490550854947e-05 -0.00037302887731244081 0.00029741618699195474 7.2596575618844196e-05 -0.00023084617862533522 -2.6170287046664363e-05 -0.00031334705154899831 -3.149126268031847e-05 0.00022633676951693116 -0.00022561606915041263 -4.0198092566260467e-05 -0.00018799802613904789 -0.00017009843534277044 0.00030206043697819104 0.00027062723971365936 3.6396151016679639e-05 1.8798935233566424e-05 -4.2443974967076297e-06 1.1764718963166386e-05 -0.00027182831365399584 -0.00042844531555222113 -9.8717432782925749e-06 1.1340217005992196e-05
leaf_weight=296367 16102 814 639 790 24145 548 898 1738 436 763 793 576 1382 1174 492 685 1375 13936 583 541 686 975 1882 4685 189257 401 448 469 788 5892
leaf_count=296367 16102 814 639 790 24145 548 898 1738 436 763 793 576 1382 1174 492 685 1375 13936 583 541 686 975 1882 4685 189257 401 448 469 788 5892
internal_value=-7.06174e-07 -2.8255e-05 -1.41658e-05 0.0001333 -1.79593e-05 -5.78055e-05 -0.00012582 -7.24496e-05 -0.000130952 -4.3245e-05 7.13921e-05 -5.58236e-05 -5.52666e-05 -0.000138404 -0.000230794 -4.05747e-05 -0.000151303 -2.66669e-05 5.98976e-06 4.44077e-05 5.7176e-05 3.83783e-05 0.000116997 -4.39974e-06 4.09561e-06 0.000196052 -8.11907e-05 -0.000258467 0.00010076 -3.85691e-05
internal_weight=570260 84636 57321 1429 55892 27315 4803 3436 2622 22512 2132 1369 20380 3048 1666 17332 1923 15409 25855 9753 9212 8125 2857 5268 485624 1087 2186 1367 1473 30037
internal_count=570260 84636 57321 1429 55892 27315 4803 3436 2622 22512 2132 1369 20380 3048 1666 17332 1923 15409 25855 9753 9212 8125 2857 5268 485624 1087 2186 1367 1473 30037
is_linear=0
shrinkage=0.03


Tree=28
num_leaves=31
num_cat=0
split_feature=35 8 18 4 36 18 14 19 29 28 6 6 29 12 6 35 1 6 12 25 24 35 37 37 31 39 31 28 31 18
split_gain=0.0660333 0.0705571 0.0604925 0.0597735 0.0460949 0.0386811 0.0354162 0.0420829 0.0340946 0.0338185 0.0334286 0.0280867 0.0289891 0.0271056 0.0270959 0.0356689 0.0256965 0.0244624 0.0230439 0.0226219 0.0219338 0.0216514 0.0210686 0.0486438 0.024819 0.0223524 0.0196261 0.0193566 0.0185679 0.0182022
threshold=0.46399636566638952 0.19775807857513431 -0.48653183877468104 0.42620199918746954 0.48406349122524267 -0.46641474962234492 0.49215674400329595 0.48418948054313665 -0.25850497186183924 -0.17109678685665128 -0.044679151847958558 -0.41844293475151056 0.050361584872007377 -0.14426303654909131 0.13241579383611682 0.41810730099678045 0.48586554825305944 0.36610658466815954 0.41289757192134863 0.31881627440452581 0.19804988801479342 -0.49664428830146784 0.466554805636406 0.48662193119525915 -0.35231085121631617 0.45986577868461614 -0.30533944070339197 0.17118690907955172 -0.065774019807577119 0.41289757192134863
decision_type=2 2 2 2 2 2 2 8 2 2 8 10 2 2 8 2 2 10 2 2 2 2 2 2 2 2 2 2 2 2
left_child=4 5 3 -3 13 10 7 14 9 28 -2 12 -10 -1 -6 16 21 27 -18 -12 -14 -16 24 -24 25 -4 -26 -11 -7 -13
right_child=1 2 22 -5 6 8 -8 -9 11 17 19 29 20 -15 15 -17 18 -19 -20 -21 -22 -23 23 -25 26 -27 -28 -29 -30 -31
leaf_value=1.2509314876914336e-05 -2.4312153783332751e-05 -2.4358319987166487e-05 -3.6909322088554207e-05 0.00047246565174826076 1.4729304584874648e-05 -0.0004182025724317241 0.00017813281807003582 -0.00037650259282755931 0.00024763353984719324 -0.00027864058492339301 -0.00017744662752410716 -6.3099156823571002e-05 0.00010144596751650164 -1.4275559452791989e-06 -0.00029908935876788112 -0.00034295185347574085 0.00015973767078065703 0.00010056892730254689 -9.8117435928131506e-05 -0.00046236357751780585 -0.00014715101867449521 -8.8816084894312688e-05 -0.00037861435969408039 5.9378466182392026e-05 0.00020289110007577053 -0.00030475428405968036 6.3932661877058246e-06 -1.7328442714048778e-05 -0.00017945493320999399 -0.0002641027364942684
leaf_weight=200124 446 401 875 465 2407 537 483 410 505 538 479 5414 648 337211 531 512 637 483 593 566 611 2477 432 467 478 405 7325 480 692 430
leaf_count=200124 446 401 875 465 2407 537 483 410 505 538 479 5414 648 337211 531 512 637 483 593 566 611 2477 432 467 478 405 7325 480 692 430
internal_value=6.09042e-07 -4.95402e-05 5.72422e-06 0.00024476 2.69511e-06 -0.000100183 -6.8516e-05 -8.44739e-05 -7.94253e-05 -0.000170197 -0.000242624 -4.66728e-05 5.80056e-05 3.7632e-06 -6.72426e-05 -0.000108724 -7.96863e-05 -7.3862e-05 3.56334e-05 -0.000334685 -1.94085e-05 -0.000126803 -1.52378e-05 -0.000152942 -1.45522e-06 -0.000123363 1.86747e-05 -0.000156796 -0.000286307 -7.83148e-05
internal_weight=568062 22677 10848 866 545385 11829 8050 7567 10338 2730 1491 7608 1764 537335 7157 4750 4238 1501 1230 1045 1259 3008 9982 899 9083 1280 7803 1018 1229 5844
internal_count=568062 22677 10848 866 545385 11829 8050 7567 10338 2730 1491 7608 1764 537335 7157 4750 4238 1501 1230 1045 1259 3008 9982 899 9083 1280 7803 1018 1229 5844
is_linear=0
shrinkage=0.03


Tree=29
num_leaves=31
num_cat=0
split_feature=0 27 36 11 36 14 19 17 0 28 15 27 14 6 20 21 6 0 20 20 1 19 27 36 36 27 1 12 12 4
split_gain=0.058973 0.0535914 0.0337735 0.0307518 0.0299861 0.0586493 0.0279001 0.0632361 0.0436195 0.0359461 0.0510409 0.0408045 0.027061 0.0258444 0.0256988 0.0235777 0.0257388 0.0231067 0.0226733 0.0247293 0.0339197 0.0223673 0.0217018 0.020129 0.0199414 0.0193481 0.0179006 0.0178819 0.017345 0.017046
threshold=0.37189744412899023 0.49664428830146795 0.49095004796981817 0.46357001364231115 0.29932886362075811 0.49664428830146795 0.41827458143234258 0.1245805360376835 0.47318433225154882 -0.299328863620758 0.37159061431884771 0.41950166225433355 0.4385290145874024 0.47069558501243597 0.466554805636406 -0.49283143877983088 0.37398266792297369 0.47118844091892248 0.49664428830146795 -0.39930471777915949 -0.49664428830146784 -0.23126304149627683 0.42620199918746954 0.41950166225433355 0.47132579982280737 0.49664428830146795 -0.39930471777915949 -0.1590028181672096 0.39138861000537878 0.47318433225154882
decision_type=2 2 2 2 2 2 8 2 2 2 2 2 2 10 8 10 8 2 8 10 2 10 2 2 2 2 2 2 2 2
left_child=3 4 13 27 22 6 12 8 -8 10 -9 23 15 -3 -13 16 -6 -12 19 20 -5 -21 -2 -11 -14 28 -17 -1 -22 -29
right_child=1 2 -4 18 5 -7 7 9 -10 11 17 14 24 -15 -16 26 -18 -19 -20 21 25 -23 -24 -25 -26 -27 -28 29 -30 -31
leaf_value=1.2629932688281765e-05 -1.2787927119386359e-05 8.3959225654816949e-05 -5.6253632937006041e-05 -0.00035043802706608994 0.00028038354139250465 0.00022219934634116494 -0.00015025683346625235 0.00011323640566933722 -0.00046427145874558307 4.6911315980590812e-05 -0.00012910050275537376 0.00035121578417507502 1.5339673471771311e-05 0.00035790393440443492 2.2809734059140856e-05 -0.00019031518226089966 -5.1328269504059179e-05 -0.00036408039304378071 -0.00022170144107187115 7.8349624019326031e-05 1.2177482376316075e-05 -2.8876739347245976e-05 8.5735967557809146e-05 -0.00017566029510313456 0.00024723366656670799 0.00011796214022239398 -4.5353666742443494e-05 -4.2824919057629397e-07 -0.00015164360927113921 4.8842578064099481e-05
leaf_weight=178710 27817 623 562 420 405 719 1186 552 602 744 1013 452 1243 623 403 776 422 608 568 2120 876 9829 2159 703 447 435 33137 292636 1713 6449
leaf_count=178710 27817 623 562 420 405 719 1186 552 602 744 1013 452 1243 623 403 776 422 608 568 2120 876 9829 2159 703 447 435 33137 292636 1713 6449
internal_value=-1.59548e-08 -2.47638e-05 0.000136151 3.75341e-06 -2.87461e-05 -4.46782e-05 -4.92237e-05 -0.000107678 -0.000257976 -4.71851e-05 -0.000134417 3.53838e-05 -3.91475e-05 0.000222691 0.000198476 -4.48558e-05 0.000112527 -0.000218928 -3.71965e-05 -3.02487e-05 -0.000100952 -9.80296e-06 -5.66559e-06 -6.16847e-05 7.77685e-05 -6.52602e-05 -4.87258e-05 5.12211e-06 -9.63804e-05 6.35747e-07
internal_weight=568952 75196 1808 493756 73388 43412 42693 6263 1788 4475 2173 2302 36430 1246 855 34740 827 1621 15961 15393 3444 11949 29976 1447 1690 3024 33913 477795 2589 299085
internal_count=568952 75196 1808 493756 73388 43412 42693 6263 1788 4475 2173 2302 36430 1246 855 34740 827 1621 15961 15393 3444 11949 29976 1447 1690 3024 33913 477795 2589 299085
is_linear=0
shrinkage=0.03


Tree=30
num_leaves=31
num_cat=0
split_feature=0 7 18 19 26 29 26 3 27 11 11 18 11 27 31 12 4 19 12 13 11 26 24 11 4 38 19 39 27 38
split_gain=0.0401536 0.0557292 0.0341979 0.0332669 0.0502249 0.0313627 0.0301734 0.0592675 0.0357221 0.0304601 0.0320287 0.0289303 0.02637 0.0308378 0.0256318 0.0276227 0.0251479 0.0244846 0.0241261 0.022006 0.0211905 0.0210857 0.0195461 0.0228651 0.0313722 0.0179031 0.0177225 0.0237586 0.0260887 0.017036
threshold=0.33172942698001867 0.42620199918746954 -0.45298065245151514 -0.35920709371566767 -0.4394956231117248 -0.39930471777915949 -0.21803475916385648 0.34515425562858587 0.41188235580921179 0.29197315871715551 0.34489440917968756 0.14400359243154529 0.34489440917968756 -0.4798318743705749 0.05709491856396199 0.45307256281375891 0.45986577868461614 -0.49272717535495753 0.41950166225433355 0.41827458143234258 0.47083835303783422 0.043656742200255401 0.49283143877983099 0.47976386547088629 0.14453627169132235 -0.0040325203444808713 0.48418948054313665 0.466554805636406 0.47152988612651831 -0.23868755251169202
decision_type=2 2 2 10 2 2 2 2 2 2 2 2 2 2 2 2 2 10 2 2 2 2 2 2 2 10 10 2 2 10
left_child=12 2 6 5 -5 -3 7 -2 9 -8 -11 -7 29 -14 26 18 21 -10 25 -19 -17 22 23 -4 -25 -16 27 28 -6 -1
right_child=1 3 16 4 14 11 8 -9 17 10 -12 -13 13 -15 15 20 -18 19 -20 -21 -22 -23 -24 24 -26 -27 -28 -29 -30 -31
leaf_value=1.812368836035667e-05 -9.6311137152622518e-05 0.00029447460594992709 -3.7649914160960395e-05 -0.00029971891635694999 -6.4559362515205117e-06 0.00014379884708223042 -4.0457291837570978e-05 -0.00050227816431638178 0.00021972788765747369 -0.00038397610565120139 -0.00010485363754653528 -9.2589066068637639e-05 -0.00020610013434734133 -1.1022084309598881e-05 -2.5325854155813254e-05 0.00034819631436037372 -0.00021692057265832311 0.00012020794690127277 -0.00012856433410452157 -0.00015878232131979344 6.5852601622028568e-05 -3.9016731696068532e-06 -0.00021289440302043954 0.00026631827307322281 -7.600319860788079e-05 0.00014942840242694957 0.00016274063353396032 0.00010319131127136554 -0.00018901889646728658 3.9898030453535654e-06
leaf_weight=102592 1491 778 28563 422 1750 1552 4018 406 618 526 1234 656 728 62232 829 544 558 500 590 498 431 46554 543 519 436 1429 422 805 1170 304663
leaf_count=102592 1491 778 28563 422 1750 1552 4018 406 618 526 1234 656 728 62232 829 544 558 500 590 498 431 46554 543 519 436 1429 422 805 1170 304663
internal_value=1.11885e-06 -1.63655e-05 -2.45796e-05 4.60221e-05 1.53658e-05 0.000131841 -7.89257e-05 -0.000185375 -5.14016e-05 -8.62493e-05 -0.000189971 7.34669e-05 4.75724e-06 -1.33101e-05 3.24038e-05 8.83335e-05 -1.80274e-05 7.29605e-05 4.08119e-05 -1.92018e-05 0.000225322 -1.65507e-05 -3.61317e-05 -3.28091e-05 0.000110865 8.54405e-05 -1.92446e-05 -4.0242e-05 -8.00016e-05 7.55064e-06
internal_weight=568057 97842 86464 11378 8392 2986 9291 1897 7394 5778 1760 2208 470215 62960 7970 3823 77173 1616 2848 998 975 76615 30061 29518 955 2258 4147 3725 2920 407255
internal_count=568057 97842 86464 11378 8392 2986 9291 1897 7394 5778 1760 2208 470215 62960 7970 3823 77173 1616 2848 998 975 76615 30061 29518 955 2258 4147 3725 2920 407255
is_linear=0
shrinkage=0.03


Tree=31
num_leaves=31
num_cat=0
split_feature=30 15 35 29 24 1 5 31 35 11 27 22 4 12 31 18 22 29 4 31 25 4 2 2 31 1 5 12 35 17
split_gain=0.0460268 0.0264333 0.0349697 0.0218413 0.0325457 0.0312098 0.0342067 0.0324936 0.0267927 0.0242129 0.0226981 0.0494921 0.0458545 0.0506431 0.039546 0.0246385 0.022452 0.0267094 0.0204326 0.0305279 0.047876 0.0298914 0.0203543 0.0191049 0.0229196 0.0172806 0.017092 0.0170452 0.0240319 0.0236729
threshold=0.37251612544059759 0.15108475089073184 0.33189558982849127 -0.32563473284244532 0.466554805636406 0.466554805636406 0.42334401607513433 -0.077879715710878358 0.48662193119525915 0.41950166225433355 0.45986577868461614 0.16554810106754306 0.37925247848033911 0.19131659716367724 -0.21863426268100736 -0.26490327715873713 -0.46641474962234492 -0.016722595319151875 0.48662193119525915 0.13091243803501132 0.42620199918746954 0.49664428830146795 -0.49277968704700464 0.47083835303783422 0.24448499828577044 0.39138861000537878 0.49664428830146795 0.40558609366416937 0.3916164785623551 -0.28521004319190973
decision_type=2 2 2 2 2 2 8 2 2 2 2 10 2 2 2 2 8 2 2 2 2 2 2 2 2 2 10 2 2 2
left_child=1 18 26 5 -5 8 9 -8 -2 -7 12 14 16 -14 -12 -15 17 -6 27 21 -21 -20 -4 24 25 -18 -3 -1 -29 -30
right_child=3 2 22 4 10 6 7 -9 -10 -11 11 -13 13 15 -16 -17 23 -19 19 20 -22 -23 -24 -25 -26 -27 -28 28 29 -31
leaf_value=9.8496801765177667e-06 -1.4340319634769993e-07 -3.903606072757495e-07 -0.00024535592509579993 -2.062206884538727e-05 -0.00030440524402646646 0.00011317217521072652 0.00038247364598148172 7.2180855960162169e-05 -0.00023948170453360208 -0.00015786589388054297 0.000322763559657998 -0.00020962988902526535 1.1480484685262688e-05 -0.00050390884755620638 -1.2797362167867043e-05 -0.00021938264261309512 1.2939024696678338e-05 -2.5491420157217924e-05 0.00012095182483896022 1.753308952272106e-05 0.00037705771006018169 -0.00012948850404193729 -3.2652444198070421e-05 0.00013841858325664203 8.4610781746375049e-05 -0.00015345187680946136 0.0001383983646022941 -4.9374433888873735e-06 -0.00018745049203453893 -1.6469927117228279e-05
leaf_weight=299872 12199 145547 401 49282 663 667 574 645 426 518 482 645 476 536 882 606 829 575 893 682 644 807 28615 517 789 1723 793 15048 1399 1514
leaf_count=299872 12199 145547 401 49282 663 667 574 645 426 518 482 645 476 536 882 606 829 575 893 682 644 807 28615 517 789 1723 793 15048 1399 1514
internal_value=4.97924e-07 3.77073e-06 -5.59517e-06 -2.1736e-05 -3.00857e-05 1.04889e-05 0.000109324 0.000220214 -8.40244e-06 -5.63651e-06 -8.34674e-05 4.99101e-06 -0.000109904 -0.000248584 0.000107267 -0.000356141 -6.54726e-05 -0.000176104 8.8894e-06 8.63492e-05 0.000193659 2.00432e-06 -3.56755e-05 -2.96085e-05 -5.59452e-05 -9.95614e-05 3.71125e-07 8.14923e-06 -2.02307e-05 -9.89456e-05
internal_weight=569249 496215 175356 73034 58005 15029 2404 1219 12625 1185 8723 2009 6714 1618 1364 1142 5096 1238 320859 3026 1326 1700 29016 3858 3341 2552 146340 317833 17961 2913
internal_count=569249 496215 175356 73034 58005 15029 2404 1219 12625 1185 8723 2009 6714 1618 1364 1142 5096 1238 320859 3026 1326 1700 29016 3858 3341 2552 146340 317833 17961 2913
is_linear=0
shrinkage=0.03


Tree=32
num_leaves=31
num_cat=0
split_feature=13 38 29 7 26 5 35 23 21 24 38 29 19 14 16 35 38 3 14 1 27 3 14 5 14 28 7 4 18 18
split_gain=0.0486556 0.0354088 0.034451 0.0351982 0.0348926 0.0347113 0.0340233 0.0388703 0.0307753 0.0271688 0.0338016 0.0313712 0.0327115 0.0295207 0.0484079 0.0266442 0.0260426 0.0229476 0.0288119 0.0228982 0.0286504 0.0221168 0.0207711 0.0205622 0.0205317 0.0197802 0.0221308 0.0344597 0.034263 0.0322214
threshold=0.39177928864955908 0.48455575108528143 -0.42605021595954889 -0.49267388880252833 -0.43286086618900294 0.48576495051383978 0.47705537080764776 0.45986577868461614 0.49233704805374151 0.466554805636406 -0.49267388880252833 -0.37915775179862971 0.43156538903713232 -0.43286086618900294 -0.37915775179862971 0.49664428830146795 -0.43286086618900294 0.48634795844554907 0.41950166225433355 0.48586554825305944 0.43885339796543127 0.46441236138343817 -0.045141067355871194 0.1488955616950989 0.43189549446105963 0.19804988801479342 0.17755264788866046 0.23162547498941424 0.39198911190032965 -0.4394956231117248
decision_type=2 10 2 2 2 8 2 2 10 2 10 2 8 2 2 2 8 2 2 2 2 2 2 8 2 2 2 2 2 2
left_child=1 6 4 -4 22 -6 -1 19 9 10 -5 -11 13 14 -13 16 -15 -12 -19 25 -21 -3 -2 -16 -14 26 27 29 -28 -8
right_child=2 21 3 8 5 -7 7 -9 -10 11 17 12 24 15 23 -17 -18 18 -20 20 -22 -23 -24 -25 -26 -27 28 -29 -30 -31
leaf_value=5.6719138750671726e-06 -0.00026820607521717109 -4.2247844863802268e-05 -0.00026147820427608497 0.00014397770352904141 3.9612324012161508e-05 0.00026969416650957507 -0.00033652435194300175 0.0001962569062902095 0.00015604561866453106 0.00012112839197143121 -2.0389628389571607e-05 -7.2258288586637712e-05 -0.00036629101138869731 -0.00023238903994152155 -0.00017556227119494824 0.00020852019161062075 -1.4916626962660607e-05 -6.8628861573218986e-05 -0.00034217109897844247 0.00024013391927106125 -7.4331458504621616e-05 -0.0002247906058027387 5.8077933771220682e-06 -0.00045423122256484381 -8.9024268252338386e-05 1.2399815397819483e-05 5.4955706662411025e-06 -0.00035251145185656108 -0.00029283469580966592 -6.9586896280410927e-05
leaf_weight=486737 473 8416 586 1070 5493 652 475 527 782 684 40584 3317 571 554 517 409 4100 2210 403 458 581 634 513 468 424 1537 2234 645 400 2589
leaf_count=486737 473 8416 586 1070 5493 652 475 527 782 684 40584 3317 571 554 517 409 4100 2210 403 458 581 634 513 468 424 1537 2234 645 400 2589
internal_value=3.86295e-07 3.504e-06 -2.42957e-05 -3.2115e-05 3.78124e-05 6.44231e-05 4.57708e-06 -5.17841e-05 -2.96727e-05 -3.23261e-05 -2.18143e-05 -7.44021e-05 -8.7416e-05 -6.98722e-05 -0.000127562 -2.06988e-05 -4.12467e-05 -2.59534e-05 -0.000111961 -6.66436e-05 6.52553e-05 -5.52699e-05 -0.000127014 -0.0003112 -0.000250201 -8.40955e-05 -0.00010746 -0.000154602 -4.07451e-05 -0.000111929
internal_weight=569043 505233 63810 56679 7131 6145 496183 9446 56093 55311 44267 11044 10360 9365 4302 5063 4654 43197 2613 8919 1039 9050 986 985 995 7880 6343 3709 2634 3064
internal_count=569043 505233 63810 56679 7131 6145 496183 9446 56093 55311 44267 11044 10360 9365 4302 5063 4654 43197 2613 8919 1039 9050 986 985 995 7880 6343 3709 2634 3064
is_linear=0
shrinkage=0.03


Tree=33
num_leaves=31
num_cat=0
split_feature=36 30 8 1 27 30 31 38 35 22 1 13 35 8 29 29 31 38 10 5 35 0 1 16 38 39 5 12 2 14
split_gain=0.0586199 0.0606609 0.0494191 0.0363197 0.0286837 0.0356415 0.043167 0.022088 0.021982 0.0368267 0.0269783 0.0268854 0.0295185 0.0317857 0.0262219 0.0235273 0.0232725 0.0220405 0.0282653 0.0273307 0.0451806 0.0218301 0.0216859 0.0429589 0.0211611 0.0206756 0.0206436 0.0200395 0.0191139 0.0188952
threshold=0.31881627440452581 0.49221777915954595 0.010135597549378874 0.37149409949779516 0.49664428830146795 0.33806170523166662 0.19131659716367724 0.15108475089073184 0.097359016537666335 -0.49664428830146784 0.47318433225154882 0.45986577868461614 -0.49267388880252833 0.47318433225154882 -0.1843871399760246 0.18485705554485324 -0.13082086294889447 0.43189549446105963 -0.40601159632205958 0.24020861089229587 0.46399636566638952 0.47993287444114691 0.49664428830146795 -0.21803475916385648 -0.48653183877468104 0.4385290145874024 0.40035460889339453 0.32449445128440862 -0.42605021595954889 0.39849410951137548
decision_type=2 2 2 2 2 2 2 10 2 8 2 2 2 2 2 2 2 10 2 10 2 2 2 2 8 2 8 2 2 2
left_child=7 4 3 -3 8 6 -6 -1 11 10 -10 -2 13 -13 16 -16 -14 21 -19 20 25 27 24 -24 -23 -20 -18 -11 29 -29
right_child=1 2 -4 -5 5 -7 -8 -9 9 17 -12 12 14 -15 15 -17 26 18 19 -21 -22 22 23 -25 -26 -27 -28 28 -30 -31
leaf_value=8.8417335056819651e-06 2.0898511459401657e-06 -8.4570611771658111e-05 -6.7995012634437999e-05 -0.00044727117918696925 4.8342562997788714e-05 -2.6394704854753969e-05 0.00037332125057616472 -5.0294194233532546e-06 1.8883735608574639e-05 -2.0716307064829337e-06 0.00029346930847474139 -0.00035403963402397888 0.00018962407344852011 -2.8923379910445551e-05 -0.00015973479352072656 8.8496974591303071e-06 -9.9436083278319965e-05 5.9106589936428226e-05 -4.6675112096094176e-05 -5.2288627380882019e-05 -0.00038504114222251922 5.8692790898059568e-05 -0.00016095853512427497 0.00027089031762900402 -0.00013367975906760979 -0.00028556039167947637 0.00015096823807437854 -8.5598295559947152e-05 -3.4550599160605502e-05 -0.00030765657463030754
leaf_weight=310864 45380 402 2421 665 950 1607 594 154739 909 19350 490 585 687 500 1785 1272 959 929 1315 2618 747 581 402 408 4177 426 417 1585 11004 436
leaf_count=310864 45380 402 2421 665 950 1607 594 154739 909 19350 490 585 687 500 1785 1272 959 929 1315 2618 747 581 402 408 4177 426 417 1585 11004 436
internal_value=-3.09664e-07 -2.07182e-05 -0.000143524 -0.000312675 -1.64257e-05 7.25133e-05 0.000174965 4.23177e-06 -1.93231e-05 -3.45507e-05 0.000116458 -5.92396e-06 -6.44417e-05 -0.000205849 -3.41327e-05 -8.97876e-05 4.83733e-05 -3.93799e-05 -9.25953e-05 -0.000120258 -0.000191283 -3.08936e-05 -8.5714e-05 5.72161e-05 -0.000110115 -0.000106424 -2.30087e-05 -2.14418e-05 -5.01944e-05 -0.000134783
internal_weight=569204 103601 3488 1067 100113 3151 1544 465603 96962 45377 1399 51585 6205 1085 5120 3057 2063 43978 6035 5106 2488 37943 5568 810 4758 1741 1376 32375 13025 2021
internal_count=569204 103601 3488 1067 100113 3151 1544 465603 96962 45377 1399 51585 6205 1085 5120 3057 2063 43978 6035 5106 2488 37943 5568 810 4758 1741 1376 32375 13025 2021
is_linear=0
shrinkage=0.03


Tree=34
num_leaves=31
num_cat=0
split_feature=0 14 26 22 0 26 7 39 13 38 2 5 6 7 25 2 5 4 24 5 5 6 28 20 4 7 35 38 26 5
split_gain=0.0592234 0.0608976 0.0416341 0.0396944 0.0363635 0.0506955 0.0390025 0.0330433 0.0320702 0.0305032 0.0330058 0.0449116 0.0267764 0.0271006 0.0371373 0.0303926 0.0262612 0.0248972 0.0223014 0.0323927 0.0261407 0.026333 0.0239266 0.034225 0.0354568 0.0209736 0.0209336 0.0193793 0.0193573 0.0203016
threshold=0.466554805636406 0.49664428830146795 0.21147392690181735 0.49141615629196173 0.49664428830146795 0.45986577868461614 0.13743132352828982 0.49664428830146795 0.4463686496019364 0.083917114883661284 -0.49664428830146784 -0.38727100193500513 0.2284832447767258 0.45186515152454382 0.39273729920387274 0.48662193119525915 0.43090185523033148 -0.31205530464649195 0.43172106146812445 -0.20818126201629636 0.47570809721946722 0.4339232742786408 0.11754836142063142 0.16554810106754306 0.15108475089073184 0.38509631156921392 0.26512607932090765 0.33895461261272436 0.37149409949779516 0.16170942038297656
decision_type=2 2 2 8 2 2 2 2 2 10 2 8 10 2 2 2 8 2 2 10 8 8 2 10 2 2 2 8 2 10
left_child=9 2 17 4 6 7 8 -6 28 -1 11 -11 -8 14 -14 -15 -7 26 19 -19 21 22 23 24 -20 -13 -2 -21 -4 -30
right_child=1 -3 3 -5 5 16 12 -9 -10 10 -12 25 13 15 -16 -17 -18 18 20 27 -22 -23 -24 -25 -26 -27 -28 -29 29 -31
leaf_value=7.8365971295801546e-06 0.00018036060930049961 0.00027532793684951595 -0.000173878029696065 -0.00030711626114113971 0.00033241783136086887 5.6901346651426967e-05 0.00010078322413674322 5.0292078876157463e-05 -0.00033598662973032841 -0.00032621028512512561 -5.4101463681848537e-06 4.3275976739221311e-05 1.1051833492041924e-05 -5.4177163811960388e-05 -0.00022924254151014467 0.00025857270442986415 -0.00024293969292680837 -0.00024562817827016362 -0.00013881252571718667 -7.2000913560969524e-05 -0.00039983043506003135 6.2913398876844435e-05 -4.0942784443721652e-05 -3.390195773790765e-05 -0.00045636880404744616 -0.00020149449328935493 -6.9329562730753014e-05 0.00012494582777509294 -0.00010448876424041892 0.0001083335673978199
leaf_weight=322490 409 494 1157 414 786 612 1865 712 519 665 224006 1037 1269 645 1053 480 447 784 547 1873 454 420 688 490 782 441 1074 581 935 694
leaf_count=322490 409 494 1157 414 786 612 1865 712 519 665 224006 1037 1269 645 1053 480 447 784 547 1873 454 420 688 490 782 441 1074 581 935 694
internal_value=5.59389e-08 -5.03995e-05 -5.87072e-05 -2.21958e-05 -1.13742e-05 8.77619e-05 -4.08594e-05 0.000199546 -0.000121607 1.91304e-06 -6.53397e-06 -0.000123435 9.51402e-06 -4.00159e-05 -9.84346e-05 8.03653e-05 -7.07491e-05 -0.000110837 -0.000135695 -7.90528e-05 -0.000189549 -0.000155682 -0.000192408 -0.00024916 -0.000327679 -3.0621e-05 2.79872e-07 -2.50547e-05 -8.06118e-05 -1.37127e-05
internal_weight=568823 20184 19690 11588 11174 2557 8617 1498 3305 548639 226149 2143 5312 3447 2322 1125 1059 8102 6619 3238 3381 2927 2507 1819 1329 1478 1483 2454 2786 1629
internal_count=568823 20184 19690 11588 11174 2557 8617 1498 3305 548639 226149 2143 5312 3447 2322 1125 1059 8102 6619 3238 3381 2927 2507 1819 1329 1478 1483 2454 2786 1629
is_linear=0
shrinkage=0.03


Tree=35
num_leaves=31
num_cat=0
split_feature=12 6 1 20 39 14 2 30 36 17 38 35 14 29 19 17 38 39 12 17 16 22 30 35 29 30 1 30 2 35
split_gain=0.0457381 0.0341856 0.0393733 0.0288915 0.0383857 0.0457928 0.0254998 0.0241553 0.0228274 0.0299022 0.0219469 0.02033 0.0345281 0.0338813 0.0303849 0.0336589 0.0258126 0.0288808 0.0274461 0.0373164 0.024195 0.0227395 0.022199 0.0220952 0.0220199 0.019534 0.0286802 0.0217656 0.0191175 0.024944
threshold=0.31229026615619665 0.46035675704479223 -0.49277968704700464 -0.45298065245151514 0.47993287444114691 -0.48653183877468104 0.45793896913528448 0.4385290145874024 0.48406349122524267 -0.41272504627704615 0.12542516738176349 0.35875959694385534 0.49664428830146795 0.39966443181037908 0.48634795844554907 0.48418948054313665 0.27865724265575414 0.48662193119525915 0.40614514052867895 0.39177928864955908 0.40572874248027807 0.17118690907955172 0.19804988801479342 0.47993287444114691 0.016816227696835998 0.40521778166294103 0.4463686496019364 0.45307256281375891 0.48418948054313665 0.49664428830146795
decision_type=2 10 2 10 2 2 2 2 2 2 10 2 2 2 10 2 10 2 2 2 2 10 2 2 2 2 2 2 2 2
left_child=8 3 -3 4 6 7 -2 -6 10 -10 -1 -5 13 14 15 16 17 20 22 21 25 -20 -18 -15 -24 26 -13 -27 29 -12
right_child=1 2 -4 11 5 -7 -8 -9 9 -11 28 12 -14 23 -16 -17 18 -19 19 -21 -22 -23 24 -25 -26 27 -28 -29 -30 -31
leaf_value=9.5053919704821303e-06 -7.3312527236978094e-05 -0.00020892205427207515 3.5872576831443916e-05 -1.1854770481513865e-05 -0.00021607308084773701 -0.00040655043562984984 8.5058079400866671e-05 7.7652647980388701e-05 0.00014526571218589505 -0.00010022510391275036 -4.4780324306587378e-06 -8.5937146127146246e-05 0.00020053782660934451 -1.6825759594132079e-05 -0.00027746684092981176 0.00017919760115511467 -0.00016585050391370923 0.00017861968325592537 -1.6185369001680542e-05 -0.00043046930547952384 8.6678731880000112e-05 -0.00027035834259804689 0.0001710791704736144 0.00015532498379777987 -0.00012319312973145646 -0.00030741579798819642 0.000127293476095116 -6.5261840875113487e-05 0.00011875921700572309 -0.00022197411342415402
leaf_weight=296619 5160 608 13758 67925 534 631 1103 462 505 3394 159230 3973 478 3902 668 457 931 463 674 559 834 590 509 800 400 658 653 682 1119 466
leaf_count=296619 5160 608 13758 67925 534 631 1103 462 505 3394 159230 3973 478 3902 668 457 931 463 674 559 834 590 509 800 400 658 653 682 1119 466
internal_value=-5.48862e-08 -1.76852e-05 2.53742e-05 -2.43354e-05 -7.92211e-05 -0.000208608 -4.53302e-05 -8.04093e-05 4.05026e-06 -6.81388e-05 4.66705e-06 -1.92413e-05 -4.83356e-05 -5.55519e-05 -8.21829e-05 -7.04893e-05 -8.10873e-05 -4.82281e-05 -0.000145932 -0.000228163 -6.39134e-05 -0.000136017 -6.36673e-05 1.27315e-05 4.1655e-05 -8.50748e-05 -5.56281e-05 -0.000185567 -4.25719e-06 -5.12655e-06
internal_weight=568745 107412 14366 93046 7890 1627 6263 996 461333 3899 457434 85156 17231 16753 12051 11383 10926 7263 3663 1823 6800 1264 1840 4702 909 5966 4626 1340 160815 159696
internal_count=568745 107412 14366 93046 7890 1627 6263 996 461333 3899 457434 85156 17231 16753 12051 11383 10926 7263 3663 1823 6800 1264 1840 4702 909 5966 4626 1340 160815 159696
is_linear=0
shrinkage=0.03


Tree=36
num_leaves=31
num_cat=0
split_feature=0 26 22 5 29 25 1 36 7 20 14 4 26 24 1 15 1 26 38 36 14 0 38 6 21 29 11 7 16 38
split_gain=0.0647496 0.0726348 0.0544258 0.0857752 0.0345707 0.0343723 0.0329838 0.0309311 0.0265176 0.0403537 0.0288509 0.0264738 0.0264399 0.0248891 0.0239745 0.0552048 0.0239174 0.0437917 0.0240738 0.0232768 0.0215338 0.0214341 0.0213027 0.0199135 0.0190221 0.0195145 0.0192152 0.0397753 0.0210091 0.0166633
threshold=0.47318433225154882 0.21147392690181735 -0.21102430671453473 0.35818248987197882 -0.40601159632205958 0.33277405798435217 0.35837019979953771 0.11161036416888238 -0.0039685040246695271 -0.39138861000537867 -0.34529945254325861 -0.31205530464649195 -0.35844881832599634 0.41289757192134863 -0.49664428830146784 -0.48653183877468104 0.466554805636406 0.33895461261272436 0.25850497186183935 0.45307256281375891 0.036974893882870681 0.49664428830146795 -0.22480142861604688 0.45279304683208471 0.40545859932899481 -0.26490327715873713 0.47083835303783422 0.17118690907955172 0.043656742200255401 0.47735816240310674
decision_type=2 2 8 8 2 2 2 2 2 10 2 2 2 2 2 2 2 2 8 2 2 2 10 8 10 2 2 2 2 10
left_child=7 6 3 8 5 -4 23 22 10 -10 -3 13 -13 -8 15 -9 18 -18 -6 -19 -21 -5 -1 -2 25 -14 27 28 -27 -16
right_child=1 2 4 21 16 -7 11 14 9 -11 -12 12 24 -15 29 -17 17 19 -20 20 -22 -23 -24 -25 -26 26 -28 -29 -30 -31
leaf_value=1.9103399351780323e-05 -8.9887235652401051e-05 0.00017407020383256719 -7.8797526848278001e-05 0.00014187745363015752 4.8690164249297163e-05 0.00029762907168098758 -0.00018400373473768315 -0.00039005904269628867 -0.00029156458711051425 3.2016025510032014e-05 -0.00012407496128812625 -0.00037909110440052834 -5.6171058276091826e-05 0.00013211685384010059 -4.7599804695119793e-06 -3.6889427203196834e-05 0.00010681169515212079 -9.5948794594097087e-05 -0.00015954969732027765 -0.00017933272558685266 -0.00043414351355919079 0.00035292625530094888 2.3959065247957889e-06 0.00016098006778834045 -1.1490860823008227e-05 -0.00019086081272659243 -0.00040698147707908495 1.6000588137165139e-05 -0.00043351760354932609 -4.9448276652766483e-05
leaf_weight=94245 735 754 449 1124 1306 409 417 460 689 685 464 624 703 462 194730 2631 422 768 796 623 609 721 253180 451 591 948 477 580 503 7801
leaf_count=94245 735 754 449 1124 1306 409 417 460 689 685 464 624 703 462 194730 2631 422 768 796 623 609 721 253180 451 591 948 477 580 503 7801
internal_value=-2.67386e-07 -5.91605e-05 -7.65455e-06 7.00481e-05 -7.17248e-05 0.000102003 -0.000136942 1.47048e-06 -4.12661e-05 -0.00013118 6.04056e-05 -0.000168863 -0.00019867 -1.82345e-05 -7.75148e-06 -9.05362e-05 -0.000104825 -0.000168897 -3.05496e-05 -0.000227314 -0.000307772 0.00022581 6.92852e-06 6.05838e-06 -0.000168141 -0.000196848 -0.000235901 -0.000193924 -0.000277371 -6.48362e-06
internal_weight=569357 16310 9819 4437 5382 858 6491 553047 2592 1374 1218 5305 4426 879 205622 3091 4524 2422 2102 2000 1232 1845 347425 1186 3802 3211 2508 2031 1451 202531
internal_count=569357 16310 9819 4437 5382 858 6491 553047 2592 1374 1218 5305 4426 879 205622 3091 4524 2422 2102 2000 1232 1845 347425 1186 3802 3211 2508 2031 1451 202531
is_linear=0
shrinkage=0.03


Tree=37
num_leaves=31
num_cat=0
split_feature=35 36 28 19 4 14 35 36 4 13 21 35 6 3 16 6 13 13 38 23 2 2 25 31 27 37 2 28 15 38
split_gain=0.0560037 0.0349552 0.0481908 0.0702753 0.0445006 0.0731282 0.0413268 0.0387151 0.0377583 0.0345722 0.0291986 0.0287742 0.035004 0.0269592 0.0234495 0.0241244 0.0287003 0.0258838 0.022932 0.0226554 0.0217184 0.0196624 0.0195589 0.0194463 0.018991 0.0189199 0.0354317 0.0219681 0.0243497 0.0188883
threshold=0.40572874248027807 0.48406349122524267 -0.45970448851585383 0.43310962617397314 0.42490601539611822 -0.45298065245151514 0.48418948054313665 0.48662193119525915 0.33858561515808111 0.39177928864955908 0.4463686496019364 0.49227787554264074 0.39712753891944891 0.45801258087158209 0.23743686825037005 0.3430562317371369 0.29835322499275213 0.4516685158014298 -0.25836129486560816 0.35910767316818243 0.4463686496019364 0.466554805636406 0.49664428830146795 -0.11185250431299208 0.31229026615619665 0.016816227696835998 0.4641572386026383 -0.2717756032943725 -0.38581016659736628 0.48455575108528143
decision_type=2 2 2 10 2 2 2 2 2 2 8 2 10 2 2 10 2 2 10 2 2 2 2 2 2 2 2 2 2 10
left_child=9 4 -3 6 11 23 19 -8 -9 18 25 14 21 -12 -2 17 24 -16 20 -4 -1 -13 -11 -6 -17 27 -27 -7 -29 -20
right_child=1 2 3 -5 5 10 7 8 -10 22 13 12 -14 -15 15 16 -18 -19 29 -21 -22 -23 -24 -25 -26 26 -28 28 -30 -31
leaf_value=1.5399235015529806e-05 -1.2578143337405898e-05 0.00018328876998183611 -6.522994218955448e-05 -0.00043044210669649713 0.00042816036238056573 0.00017045971296372278 -0.0002542917735793531 0.00027004520208740866 -3.6249386738553235e-05 -1.6502991986666074e-05 0.00028630058573278489 -0.00018150067361367834 0.00014266441566876999 3.2044674783637112e-06 -9.3197750184653366e-05 7.734966559065418e-06 -0.00015940221175675235 0.00014138773748799283 2.5064110716564466e-06 -0.00032348234450656758 0.00011363903596140592 3.956825748935123e-05 -0.00010280361613096761 0.0001663705064267396 0.00023160287394319984 1.9042499855954066e-06 -0.00019764421931378623 -0.0001959596310157592 3.6905153275017298e-05 -4.5982538905661728e-05
leaf_weight=106256 27861 446 515 632 403 792 432 522 1129 49355 583 2668 404 619 9231 785 493 435 344963 765 2055 415 2473 732 594 2360 1202 496 1998 7375
leaf_count=106256 27861 446 515 632 403 792 432 522 1129 49355 583 2668 404 619 9231 785 493 435 344963 765 2055 415 2473 732 594 2360 1202 496 1998 7375
internal_value=-5.37843e-07 -2.8878e-05 -0.000109578 -0.000142649 -2.19756e-05 3.79223e-05 -8.7449e-05 -4.78785e-06 6.16352e-05 2.58779e-06 6.0073e-06 -3.481e-05 -0.000117295 0.000141742 -2.74818e-05 -6.34278e-05 3.49937e-05 -8.25055e-05 5.20155e-06 -0.000220887 1.72735e-05 -0.000151711 -2.06399e-05 0.000262251 0.000105139 -1.79897e-05 -6.57984e-05 3.3877e-05 -1.0004e-05 1.49018e-06
internal_weight=568989 56512 4441 3995 52071 9185 3363 2083 1651 512477 8050 42886 3487 1202 39399 11538 1872 9666 460649 1280 108311 3083 51828 1135 1379 6848 3562 3286 2494 352338
internal_count=568989 56512 4441 3995 52071 9185 3363 2083 1651 512477 8050 42886 3487 1202 39399 11538 1872 9666 460649 1280 108311 3083 51828 1135 1379 6848 3562 3286 2494 352338
is_linear=0
shrinkage=0.03


Tree=38
num_leaves=31
num_cat=0
split_feature=0 1 22 35 13 36 7 0 0 4 4 17 39 17 11 4 37 16 11 22 7 3 13 5 15 13 13 38 28 0
split_gain=0.0564393 0.0353225 0.0969763 0.084049 0.0529206 0.0357033 0.0321794 0.02879 0.0276411 0.0268003 0.0262923 0.0254083 0.0241592 0.0373528 0.0275751 0.0264806 0.0240772 0.03959 0.0289068 0.0260934 0.0239904 0.0440804 0.0326801 0.0312962 0.0223559 0.0330522 0.0206797 0.0217609 0.0256588 0.0223852
threshold=0.41950166225433355 0.49664428830146795 -0.39273729920387263 0.48418948054313665 0.47683362662792211 0.48406349122524267 -0.19122581928968427 -0.49664428830146784 0.48406349122524267 0.090756561607122435 0.42490601539611822 0.1245805360376835 0.45782060921192175 0.47318433225154882 0.45986577868461614 -0.49267388880252833 0.44485473632812506 0.39151957631111151 0.47976386547088629 0.10409675538539888 0.35864076018333441 0.40614514052867895 0.4463686496019364 0.46457038819789892 -0.057004502043128007 -0.30533944070339197 -0.35901738703250879 -0.10399362072348593 -0.37915775179862971 0.47993287444114691
decision_type=2 2 10 2 2 2 2 2 2 2 2 2 2 2 2 2 2 2 2 10 2 2 2 8 2 2 2 8 2 2
left_child=7 5 3 -3 10 6 9 -1 -7 26 -4 -12 14 -14 -9 -16 18 -18 24 -19 21 22 -10 -22 25 -8 -2 28 -28 -29
right_child=1 2 4 -5 -6 8 16 12 20 -11 11 -13 13 -15 15 -17 17 19 -20 -21 23 -23 -24 -25 -26 -27 27 29 -30 -31
leaf_value=-7.4798656567603208e-05 -0.00018918764677341667 1.9195685079571646e-06 0.0002190707875811106 0.00055789800049229103 -0.00027750435545249278 -3.3252572417179018e-05 -0.00012014961987943354 3.3714357742427249e-06 -0.00021898548511142671 -0.00023422791039699045 -0.00020295275774580564 0.00012196697187537742 3.2217092187459387e-05 0.00024184889563681446 0.00017715276952965479 -4.8776355578852036e-05 -7.213367928135047e-05 1.1621893261410431e-05 0.0001466444328523639 0.000259531875418812 0.00014307427824001179 -0.0003708691523983528 0.00011395032410222964 -0.00021729136036646978 -5.7450573629137186e-05 1.981458753709012e-05 0.00015935446836067653 -5.7389803620341464e-05 -3.0068263421064947e-05 -0.00022797295108305986
leaf_weight=4299 976 441 518 540 630 2269 1752 496593 705 839 449 401 7622 841 475 12737 1012 614 887 1006 425 994 414 423 11330 10977 804 4479 3065 812
leaf_count=4299 976 441 518 540 630 2269 1752 496593 705 839 449 401 7622 841 475 12737 1012 614 887 1006 425 994 414 423 11330 10977 804 4479 3065 812
internal_value=-3.99712e-07 -3.19719e-05 6.78318e-05 0.000310504 -5.22711e-05 -3.87765e-05 -2.87813e-05 2.42609e-06 -0.00011226 -7.2204e-05 5.27159e-05 -5.00313e-05 3.0681e-06 5.33098e-05 2.23303e-06 -4.05259e-05 -1.14809e-05 7.46464e-05 -2.05943e-05 0.000166219 -0.000172488 -0.000226384 -9.58899e-05 -3.7121e-05 -2.68183e-05 4.70935e-07 -5.85749e-05 -4.4467e-05 9.60418e-06 -8.39496e-05
internal_weight=569329 46762 2979 981 1998 43783 38553 522567 5230 10975 1368 850 518268 8463 509805 13212 27578 2632 24946 1620 2961 2113 1119 848 24059 12729 10136 9160 3869 5291
internal_count=569329 46762 2979 981 1998 43783 38553 522567 5230 10975 1368 850 518268 8463 509805 13212 27578 2632 24946 1620 2961 2113 1119 848 24059 12729 10136 9160 3869 5291
is_linear=0
shrinkage=0.03


Tree=39
num_leaves=31
num_cat=0
split_feature=0 6 36 0 1 0 22 12 22 12 3 8 30 35 12 27 1 15 29 26 8 2 7 26 14 7 30 14 32 6
split_gain=0.0403598 0.0647532 0.0392946 0.0481636 0.0370233 0.0548757 0.0378161 0.0386774 0.0373886 0.0367653 0.0359133 0.0316351 0.0399151 0.0407159 0.0369586 0.0300984 0.0288584 0.0570661 0.0274963 0.0246057 0.0340043 0.0231623 0.0228356 0.0199874 0.0308903 0.0199222 0.0198093 0.0197238 0.022264 0.0262853
threshold=0.41950166225433355 0.38927203416824346 0.49221777915954595 0.49283143877983099 0.49664428830146795 0.49215674400329595 0.17886559665203097 0.2981210350990296 -0.15144564956426618 0.28547459840774542 0.47094413638114935 0.27169632911682134 0.25170098245143896 0.45307256281375891 0.030252186581492427 0.49664428830146795 -0.49664428830146784 -0.48653183877468104 -0.016901542432606217 0.23113761842250827 -0.063697375357151018 0.41289757192134863 0.45782060921192175 -0.1576878875494003 0.21102430671453479 -0.21193220466375348 0.37853804230690008 0.46457038819789892 -0.2781506478786468 -0.079627800732851015
decision_type=2 10 2 2 2 2 8 2 10 2 2 2 2 2 2 2 2 2 2 2 2 2 2 2 2 2 2 2 2 10
left_child=16 4 3 15 5 11 7 -6 19 -5 -4 12 -2 -14 25 18 17 -1 -3 20 -7 -10 -11 24 -13 -15 -16 28 29 -25
right_child=1 2 10 9 6 8 -8 -9 21 22 -12 23 13 14 26 -17 -18 -19 -20 -21 -22 -23 -24 27 -26 -27 -28 -29 -30 -31
leaf_value=-0.00036648267887298252 -2.3687604812101232e-05 6.8202684976534459e-05 0.00010533874536666849 0.00045446670300600827 -7.6550447865634878e-06 -2.5587199495871775e-05 -0.00013889023330975514 0.0003454960698064932 -0.00011914343887538353 -2.3509470230435036e-05 -0.00021654578863239082 1.8023715172151951e-05 -5.5957294699100002e-05 -0.00020939203620402624 -0.00015057881066714293 0.00024463436814993109 3.1824951433982845e-06 -3.3452611637256357e-05 -4.9324444390981557e-05 8.1568882144166382e-06 -0.00039674040765483797 -0.00035248214672685825 0.00027889559584551126 -0.00025904643496677589 -0.00030496178875522067 3.0763226548732604e-05 -0.00033651677845575388 0.00018770199766739084 3.5618834500985875e-05 -5.9494935837858844e-06
leaf_weight=522 12171 4078 461 427 501 484 432 619 627 483 924 651 5509 489 895 552 519093 3596 3180 1278 403 1035 408 533 440 819 1301 591 6232 1156
leaf_count=522 12171 4078 461 427 501 484 432 619 627 483 924 651 5509 489 895 552 519093 3596 3180 1278 403 1035 408 533 440 819 1301 591 6232 1156
internal_value=1.69436e-07 -2.65562e-05 3.89531e-05 6.15608e-05 -4.56044e-05 -5.20391e-05 9.73213e-05 0.000188854 -0.000159037 0.000228607 -0.000109419 -3.86913e-05 -5.91582e-05 -0.000106978 -0.000186805 3.31141e-05 2.55426e-06 -7.64532e-05 1.67127e-05 -7.63162e-05 -0.00019676 -0.000265693 0.000116524 6.47282e-06 -0.000113823 -5.99271e-05 -0.000261762 2.20068e-05 9.42295e-06 -8.68742e-05
internal_weight=569890 46679 10513 9128 36166 34614 1552 1120 3827 1318 1385 30787 21184 9013 3504 7810 523211 4118 7258 2165 887 1662 891 9603 1091 1308 2196 8512 7921 1689
internal_count=569890 46679 10513 9128 36166 34614 1552 1120 3827 1318 1385 30787 21184 9013 3504 7810 523211 4118 7258 2165 887 1662 891 9603 1091 1308 2196 8512 7921 1689
is_linear=0
shrinkage=0.03


Tree=40
num_leaves=31
num_cat=0
split_feature=0 21 11 12 13 38 15 27 11 25 37 38 38 17 11 12 25 25 1 19 19 12 11 31 14 23 28 25 25 31
split_gain=0.0504592 0.0426909 0.0455895 0.0320207 0.0232583 0.0490651 0.0334202 0.0466803 0.0314346 0.0309146 0.0293435 0.0349786 0.0266501 0.0274171 0.0223988 0.0219599 0.0359774 0.0363986 0.0337615 0.0306057 0.023886 0.0214974 0.0373349 0.025912 0.0206702 0.0208305 0.0204484 0.030826 0.0285254 0.0204474
threshold=0.33172942698001867 -0.49283143877983088 0.38509631156921392 0.050361584872007377 0.39849410951137548 0.48662193119525915 0.4463686496019364 0.35240399837493902 0.48662193119525915 0.37925247848033911 -0.36572171747684473 0.25170098245143896 0.4463686496019364 -0.4394956231117248 0.48418948054313665 0.4385290145874024 0.47683362662792211 0.48662193119525915 0.44463601708412176 0.4385290145874024 -0.46641474962234492 0.30546234548091894 0.45720390975475317 0.25769412517547613 0.37891006469726568 -0.065051443874835954 -0.4394956231117248 0.41222143173217779 0.29932886362075811 0.16554810106754306
decision_type=2 8 2 2 2 10 2 2 2 2 2 10 10 2 2 2 2 2 2 8 8 2 2 2 2 2 2 2 2 2
left_child=-1 2 -2 -3 6 8 12 9 15 -8 -10 -12 13 -5 -4 16 18 -18 20 21 -6 23 -23 -20 -14 -26 -9 28 -28 -15
right_child=1 3 14 4 5 -7 7 26 10 -11 11 -13 24 29 -16 -17 17 -19 19 -21 -22 22 -24 -25 25 -27 27 -29 -30 -31
leaf_value=4.4470896530668087e-06 -0.0001272847681335805 -1.6111270340574396e-06 0.00037972525634763846 -0.00010786156472527601 -0.00024548353226616068 -0.00034949456487241121 -0.00011455552928031106 0.00030484566646625847 0.00023364151777155041 0.0001686484894700532 0.00010972550203637924 -0.00022100578715837787 -6.3632790755323299e-05 -3.6618586779532021e-05 0.00011220119506153484 -0.00025382492874492888 0.00020255188972397435 -0.00012059350228557385 -0.00013761858789147137 -0.00040418485825596562 -1.1366242972185675e-05 -0.00043223283947201621 -5.8199594734324203e-05 0.00010121289441893757 -6.3118826451869628e-05 -0.00033730109431348001 3.5819836293103436e-05 -5.4532536493356819e-05 0.00032633961197321172 1.3667531701172155e-05
leaf_weight=470997 428 40837 509 3506 429 545 1638 511 560 430 678 485 2005 21574 643 615 789 508 1557 410 3691 477 481 545 421 622 590 776 624 10973
leaf_count=470997 428 40837 509 3506 429 545 1638 511 560 430 678 485 2005 21574 643 615 789 508 1557 410 3691 477 481 545 421 622 590 776 624 10973
internal_value=3.74345e-07 -1.92267e-05 0.000134965 -2.17709e-05 -3.66176e-05 -7.40331e-05 -2.65186e-05 5.01793e-05 -6.03596e-05 -5.51406e-05 5.72816e-05 -2.8906e-05 -3.54914e-05 -2.82701e-05 0.000232655 -8.17293e-05 -6.9548e-05 7.60302e-05 -9.44921e-05 -0.000163306 -3.62794e-05 -0.00012982 -0.000246977 -7.55091e-05 -0.000120536 -0.00022828 0.000137138 9.27643e-05 0.000186594 -1.9666e-05
internal_weight=568854 97857 1580 96277 55440 11770 43670 4569 11225 2068 1723 1163 39101 36053 1152 9502 8887 1297 7590 3470 4120 3060 958 2102 3048 1043 2501 1990 1214 32547
internal_count=568854 97857 1580 96277 55440 11770 43670 4569 11225 2068 1723 1163 39101 36053 1152 9502 8887 1297 7590 3470 4120 3060 958 2102 3048 1043 2501 1990 1214 32547
is_linear=0
shrinkage=0.03


Tree=41
num_leaves=31
num_cat=0
split_feature=36 30 0 29 4 22 35 15 25 24 18 1 31 29 27 29 2 22 16 27 24 4 16 8 29 0 29 0 8 29
split_gain=0.040644 0.0346019 0.0425169 0.0249119 0.0236372 0.0214481 0.0228588 0.02276 0.0261391 0.0295644 0.0268124 0.0241285 0.0269928 0.0305829 0.0220648 0.0204099 0.0243773 0.0263335 0.0204012 0.0552521 0.0399097 0.0258771 0.024036 0.0265622 0.0436014 0.0305785 0.0205363 0.0234521 0.0256079 0.0290365
threshold=0.12403007596731187 0.49221777915954595 0.466554805636406 -0.1383797079324722 0.49664428830146795 -0.49664428830146784 0.097359016537666335 -0.40601159632205958 0.33895461261272436 -0.43286086618900294 0.49298237264156347 0.47683362662792211 0.24448499828577044 -0.010453088674694298 -0.47306366264820093 -0.4798318743705749 -0.030160912312567231 0.47993287444114691 0.34489440917968756 0.49245272576808935 0.48662193119525915 0.42620199918746954 0.37925247848033911 0.4463686496019364 0.15144564956426623 0.32554237544536596 -0.47306366264820093 0.43310962617397314 -0.030160912312567231 -0.19169799238443372
decision_type=2 2 2 2 2 8 2 2 2 2 2 2 2 2 2 2 2 8 2 2 2 2 2 2 2 2 2 2 2 2
left_child=-1 4 -3 -4 5 -2 7 -7 -9 -10 11 14 13 -13 -11 -16 -17 -18 26 20 21 -20 -23 24 -24 -25 -8 -28 -29 -30
right_child=1 2 3 -5 -6 6 18 8 9 10 -12 12 -14 -15 15 16 17 -19 19 -21 -22 22 23 25 -26 -27 27 28 29 -31
leaf_value=6.6968932920119178e-06 7.4540187441817291e-05 -3.0910661969342223e-05 -9.2422527366185013e-05 -0.00034540116100482233 6.8217269713177886e-05 -3.6069257306270498e-05 0.00011706692750699304 -6.7361033202157198e-06 0.00013815609127578829 -0.00017324072816613212 -0.00020454571294045162 0.00032260016432775521 -6.0380491407629271e-05 6.3269224199192137e-05 -0.00018461337451000173 6.2225068684979167e-05 6.7683217612378982e-06 -0.0002274250319208698 -6.3452578758941354e-05 -0.00036630240258053547 0.00022554586514709845 -0.00016746697517962397 0.00022397016277973306 0.00010110656316611082 -8.4777389675935513e-05 -0.00026180745908623509 -6.1610425684892753e-06 -9.5542529222069042e-05 6.155576670020982e-05 -4.8515205016832055e-05
leaf_weight=353733 2697 3311 672 745 3587 14934 1047 68275 1986 542 466 726 570 936 428 8816 16136 434 15689 471 484 461 1290 418 596 400 52119 6155 2933 8070
leaf_count=353733 2697 3311 672 745 3587 14934 1047 68275 1986 542 466 726 570 936 428 8816 16136 434 15689 471 484 461 1290 418 596 400 52119 6155 2933 8070
internal_value=4.40998e-07 -9.83264e-06 -9.00094e-05 -0.000226917 -8.02904e-06 -9.353e-06 -1.04636e-05 -1.5519e-06 3.64158e-06 2.6463e-05 1.87832e-05 2.24939e-05 0.000116978 0.000177803 1.44509e-05 1.84573e-05 2.19524e-05 5.00881e-07 -2.17584e-05 -4.86438e-05 -4.07216e-05 -4.76728e-05 3.05013e-05 6.47453e-05 0.000126469 -7.73761e-05 -1.41794e-05 -1.61796e-05 -4.65904e-05 -1.9145e-05
internal_weight=569127 215394 4728 1417 210666 207079 204382 114249 99315 31040 29054 28588 2232 1662 26356 25814 25386 16570 90133 19809 19338 18854 3165 2704 1886 818 70324 69277 17158 11003
internal_count=569127 215394 4728 1417 210666 207079 204382 114249 99315 31040 29054 28588 2232 1662 26356 25814 25386 16570 90133 19809 19338 18854 3165 2704 1886 818 70324 69277 17158 11003
is_linear=0
shrinkage=0.03


Tree=42
num_leaves=31
num_cat=0
split_feature=25 35 29 26 38 23 22 8 24 24 35 14 25 11 7 29 14 14 38 30 29 26 37 11 11 35 29 23 3 29
split_gain=0.0334636 0.0329991 0.0358916 0.0594026 0.0356906 0.0324879 0.0384077 0.0334249 0.0300539 0.026422 0.040503 0.0389493 0.0324588 0.0504555 0.0259373 0.0342645 0.0287555 0.03301 0.0295711 0.0244729 0.0240816 0.0229594 0.0362841 0.0303521 0.0214772 0.0338622 0.0209257 0.0197924 0.0192706 0.0188171
threshold=0.063794087618589415 0.27187095582485205 -0.12587480992078778 -0.13176169991493222 0.16554810106754306 0.41856157779693609 -0.38581016659736628 0.46441236138343817 0.42620199918746954 0.47318433225154882 0.41289757192134863 -0.19122581928968427 0.48406349122524267 0.40521778166294103 -0.37915775179862971 -0.40601159632205958 0.39273729920387274 0.29151678085327154 0.43962624669075018 0.4641572386026383 -0.45298065245151514 -0.48653183877468104 0.47152988612651831 0.44485473632812506 0.37925247848033911 0.42620199918746954 -0.37915775179862971 0.37251612544059759 0.41950166225433355 -0.023463716730475422
decision_type=2 2 2 2 10 2 8 2 2 2 2 2 2 2 2 2 2 2 10 2 2 2 2 2 2 2 2 2 2 2
left_child=-1 21 3 4 19 20 -7 -8 14 29 -11 12 13 -12 15 -6 17 -16 -18 28 24 22 26 -24 25 -5 -2 -13 -3 -4
right_child=1 2 9 5 8 6 7 -9 -10 10 11 27 -14 -15 16 -17 18 -19 -20 -21 -22 -23 23 -25 -26 -27 -28 -29 -30 -31
leaf_value=5.9386404268412622e-06 -0.0001327971151441709 -5.6769759267691552e-06 -8.7111288848242986e-05 5.2067414504729255e-05 0.00022936545579667038 0.00036074124258299192 0.00019536012783243336 -9.3400392505088795e-05 -0.00036305225056911319 7.0243870920789572e-05 -1.0689654688028881e-05 -0.00044282075125850313 0.00013660351760633174 -0.00039441248092413913 -0.00016551745243972133 -9.9129877362335797e-05 -0.00045221134528096083 0.00014865762980358947 -9.9194687521271183e-05 -0.00020142442673495224 8.4288311625399097e-06 2.1713788696890053e-07 -5.3338413718379735e-05 -0.00041725743005127566 -1.7520165958846365e-05 0.00042226596293121606 2.6732693439083693e-06 -0.00017239820649526274 0.00017025402561210301 -2.7332371898554116e-05
leaf_weight=321927 1342 3181 5407 472 427 564 820 630 416 776 784 547 431 499 988 816 462 422 403 472 11054 171315 402 421 495 416 4257 469 670 38079
leaf_count=321927 1342 3181 5407 472 427 564 820 630 416 776 784 547 431 499 988 816 462 422 403 472 11054 171315 402 421 495 416 4257 469 670 38079
internal_value=-4.3755e-07 -8.73317e-06 -2.62265e-05 4.74133e-06 -5.94067e-05 4.14099e-05 0.000152884 7.01183e-05 -0.000124667 -4.1189e-05 -0.000120313 -0.000174537 -8.64277e-05 -0.000161828 -9.55289e-05 1.4646e-05 -0.000155526 -7.1103e-05 -0.000290756 1.31764e-07 2.32498e-05 -1.87203e-06 -5.75168e-05 -0.000242273 0.0001408 0.000228265 -2.99759e-05 -0.000320887 2.52933e-05 -3.47835e-05
internal_weight=569364 247437 69700 22708 8257 14451 2014 1450 3934 46992 3506 2730 1714 1283 3518 1243 2275 1410 865 4323 12437 177737 6422 823 1383 888 5599 1016 3851 43486
internal_count=569364 247437 69700 22708 8257 14451 2014 1450 3934 46992 3506 2730 1714 1283 3518 1243 2275 1410 865 4323 12437 177737 6422 823 1383 888 5599 1016 3851 43486
is_linear=0
shrinkage=0.03


Tree=43
num_leaves=31
num_cat=0
split_feature=36 38 18 2 35 35 19 26 1 19 19 13 26 15 25 4 3 7 35 5 25 36 13 7 35 15 26 38 35 4
split_gain=0.046897 0.0258288 0.0233616 0.0394572 0.0355868 0.0540169 0.0322668 0.03167 0.0224805 0.0322852 0.0427318 0.0342373 0.0214989 0.0213406 0.0222394 0.0211983 0.0370246 0.0265693 0.0346486 0.0262014 0.0194705 0.0190696 0.0197708 0.0180484 0.0222286 0.0295016 0.0285416 0.0363774 0.0241938 0.030991
threshold=0.31881627440452581 0.41880904138088232 -0.46641474962234492 0.47318433225154882 0.48418948054313665 0.34489440917968756 0.23192141205072406 0.14453627169132235 0.31881627440452581 0.38593547046184545 0.42620199918746954 0.47318433225154882 -0.48653183877468104 0.49126620590686804 0.42508503794670111 0.34589572250843054 0.41827458143234258 -0.35231085121631617 0.25170098245143896 0.45720390975475317 0.47069558501243597 0.48596473038196569 0.45986577868461614 0.47108417749404913 0.4463686496019364 -0.039034796878695481 0.2450322434306145 -0.45818765461444849 0.48418948054313665 0.40521778166294103
decision_type=2 8 2 2 2 2 10 2 2 8 8 2 2 2 2 2 2 2 2 10 2 2 2 2 2 2 2 10 2 2
left_child=-1 2 3 6 5 7 -2 -5 12 -10 -11 15 20 23 -15 17 -17 -12 -19 -18 -3 22 -14 24 -4 26 -26 -28 -29 -30
right_child=1 8 13 4 -6 -7 -8 -9 9 10 11 -13 21 14 -16 16 19 18 -20 -21 -22 -23 -24 -25 25 -27 27 28 29 -31
leaf_value=3.1852245376439919e-06 -6.9039719758730915e-05 -1.9463970334774614e-05 -6.2301267868083721e-06 -6.152035911492113e-05 0.0002413282532573 -0.00026249488268636963 -0.00032395047350015558 0.00027205001339052699 -0.00016367508354734388 0.00016950358181176719 3.0020261456803907e-05 -0.0003354777628033206 3.7423976959484318e-06 -1.5129369110130561e-05 0.00022146222506695855 0.00023425489071724371 -0.00016806416093730745 -5.2912216836585699e-05 -0.00038401135214452444 0.00010299746502676258 -0.00030775951805826925 0.00019310038798446154 -0.00019501266961445679 3.5628806102853364e-05 -6.8531254250434466e-05 -9.7103133083144557e-05 -0.00012573580118459005 3.2983040915240968e-05 0.00037332885012286574 3.2433829916564202e-05
leaf_weight=465816 8149 437 56926 498 661 531 464 511 3192 729 655 409 5574 687 733 521 807 609 530 520 400 426 480 7273 2924 6127 681 1200 576 410
leaf_count=465816 8149 437 56926 498 661 531 464 511 3192 729 655 409 5574 687 733 521 807 609 530 520 400 426 480 7273 2924 6127 681 1200 576 410
internal_value=-8.75751e-07 -1.91266e-05 -1.28931e-05 -5.41796e-05 5.89811e-05 -2.03381e-05 -8.3132e-05 0.000108426 -5.51163e-05 -8.99368e-05 -4.04567e-05 -7.85646e-05 -1.71078e-05 -7.12866e-06 0.000107693 -4.88734e-05 2.24271e-05 -0.000122037 -0.000208981 -6.18697e-05 -0.000159247 1.46889e-06 -1.23118e-05 -9.28458e-06 -1.40339e-05 -5.12721e-05 -2.69811e-06 6.44487e-05 0.000123999 0.000233326
internal_weight=569456 103640 88351 10814 2201 1540 8613 1009 15289 7972 4780 4051 7317 77537 1420 3642 1848 1794 1139 1327 837 6480 6054 76117 68844 11918 5791 2867 2186 986
internal_count=569456 103640 88351 10814 2201 1540 8613 1009 15289 7972 4780 4051 7317 77537 1420 3642 1848 1794 1139 1327 837 6480 6054 76117 68844 11918 5791 2867 2186 986
is_linear=0
shrinkage=0.03


Tree=44
num_leaves=31
num_cat=0
split_feature=12 35 26 25 29 19 11 25 11 36 6 6 20 1 20 19 35 5 38 36 6 1 38 20 29 7 26 16 0 23
split_gain=0.0376707 0.0238525 0.0493478 0.0378725 0.034626 0.0285769 0.0306225 0.0517182 0.0240074 0.0327575 0.0400177 0.0253285 0.0267098 0.0241419 0.023869 0.0273492 0.0238487 0.0377472 0.0244444 0.0224246 0.0271923 0.023181 0.0222776 0.0219234 0.0273052 0.0213914 0.0211275 0.0204735 0.0239771 0.0343521
threshold=0.13763252645730975 0.3916164785623551 -0.13754194974899289 0.47318433225154882 -0.47306366264820093 0.49239532649517065 0.49664428830146795 0.48586554825305944 0.48662193119525915 0.49095004796981817 0.40458683669567114 0.44139115512371069 0.37925247848033911 0.43116609752178198 0.48662193119525915 0.47318433225154882 0.46399636566638952 0.36146230995655065 -0.49664428830146784 0.49221777915954595 0.46035675704479223 0.47683362662792211 0.44525898993015295 0.47993287444114691 0.083917114883661284 0.30546234548091894 0.28466880321502691 0.40572874248027807 0.48662193119525915 0.41204395890235906
decision_type=2 2 2 2 2 10 2 2 2 2 10 10 10 2 10 10 2 10 8 2 10 2 10 8 2 2 2 2 2 2
left_child=16 8 5 4 -4 6 7 23 11 13 -11 -2 -13 -10 15 22 18 -18 -1 20 21 -5 27 24 -3 -19 -24 28 -6 -30
right_child=1 2 3 19 14 -7 -8 -9 9 10 -12 12 -14 -15 -16 -17 17 25 -20 -21 -22 -23 26 -25 -26 -27 -28 -29 29 -31
leaf_value=0.00013756624636052748 -7.8352706647472377e-06 -0.00011686051676870005 0.0002415669725534826 0.00025075070258404216 -1.2584547510185691e-05 -0.00029578415528469293 0.00016296609532795141 -0.00031502092500033994 -6.4835307600005334e-05 -6.4670623675342425e-05 -0.00041134700432120356 1.0767920905565886e-05 9.9972688179139879e-05 9.3311010203939678e-05 -0.00022929775560158304 0.00016685710577548249 -7.1072557422962416e-05 0.00024126520241641932 6.3285351581561187e-06 -1.9323615975237103e-05 0.0003529992133688972 -2.6485152768044076e-05 -1.7577620414321762e-05 0.00015390709885124403 -2.7079488573785727e-05 -4.3384049997006638e-06 -0.00025578833066217327 9.0213413198854457e-05 -0.0002350115569789642 6.4715085607934796e-05
leaf_weight=1272 147928 5657 440 452 11041 502 492 758 3799 776 483 14069 3838 1116 490 674 7154 566 352957 821 506 654 636 403 6616 715 702 1458 1051 504
leaf_count=1272 147928 5657 440 452 11041 502 492 758 3799 776 483 14069 3838 1116 490 674 7154 566 352957 821 506 654 636 403 6616 715 702 1458 1051 504
internal_value=-2.02119e-07 -1.04514e-05 -3.34646e-05 -2.24609e-06 -1.8112e-05 -7.54732e-05 -6.7325e-05 -7.5874e-05 -5.92e-06 -6.39577e-05 -0.000199862 -3.75554e-06 2.99323e-05 -2.881e-05 -2.5155e-05 -1.879e-05 5.61602e-06 -4.42085e-05 6.80367e-06 0.000108207 0.000172878 8.80472e-05 -2.70224e-05 -6.13364e-05 -6.85238e-05 0.000105208 -0.000143529 -1.58363e-05 -2.81735e-05 -0.000138073
internal_weight=568530 205866 33857 19429 16996 14428 13926 13434 172009 6174 1259 165835 17907 4915 16556 16066 362664 8435 354229 2433 1612 1106 15392 12676 12273 1281 1338 14054 12596 1555
internal_count=568530 205866 33857 19429 16996 14428 13926 13434 172009 6174 1259 165835 17907 4915 16556 16066 362664 8435 354229 2433 1612 1106 15392 12676 12273 1281 1338 14054 12596 1555
is_linear=0
shrinkage=0.03


Tree=45
num_leaves=31
num_cat=0
split_feature=30 8 9 23 3 20 10 11 25 30 24 20 26 17 25 36 12 30 17 16 21 5 36 5 39 31 25 0 20 31
split_gain=0.037904 0.0278513 0.0572687 0.0242645 0.0181035 0.0315209 0.024158 0.0269989 0.0288207 0.0390186 0.0382779 0.0283162 0.0198582 0.0193504 0.0184277 0.0308318 0.0177106 0.015725 0.0149384 0.0146822 0.0191881 0.014752 0.024582 0.0309208 0.0303722 0.035368 0.0171498 0.0163166 0.0157537 0.0163028
threshold=0.39151957631111151 -0.070446167141199098 0.37891006469726568 0.39966443181037908 0.49283143877983099 0.43310962617397314 0.47318433225154882 0.45986577868461614 0.25170098245143896 -0.023463716730475422 0.11754836142063142 0.31848688423633581 -0.11154051870107649 -0.44627264142036432 0.49664428830146795 0.45202739536762243 0.070949185639619841 0.030252186581492427 0.49298237264156347 0.49221777915954595 0.49118925631046301 0.45720390975475317 0.49221777915954595 0.47570809721946722 0.47108417749404913 1.0000000180025095e-35 0.11754836142063142 -0.1182512156665325 0.43200582265853887 -0.40601159632205958
decision_type=2 2 2 2 2 8 2 2 2 2 2 8 2 2 2 2 2 2 2 2 8 8 2 10 2 2 2 2 10 2
left_child=4 2 -2 -4 6 14 16 8 13 10 -10 12 -9 -8 15 17 -1 -6 19 20 21 26 24 -24 -23 -26 -3 -28 29 -29
right_child=1 18 3 -5 5 -7 7 11 9 -11 -12 -13 -14 -15 -16 -17 -18 -19 -20 -21 -22 22 23 -25 25 -27 27 28 -30 -31
leaf_value=7.458433863229663e-06 -4.0979062557167707e-05 1.6353614055530024e-05 -0.00037758722208205167 -8.3415208054597205e-05 7.9493376686761745e-05 -0.00024236194271081376 -0.00018365818379645094 -0.00026351959314004574 0.00014277390285263373 7.4021843616612224e-05 0.00051152847655026651 0.0001088604330214636 3.1711442367068189e-06 3.6660301629064104e-05 -0.00018823663807460478 0.00016752582514840275 -4.2339192175332953e-06 -0.00013297480617342332 -0.00014622249915191788 0.00015856461888715765 -0.0002143283989353575 2.2541162010366074e-05 6.0538664175165368e-05 -0.00029848659761797408 0.00037785767606777988 2.3529531490197594e-05 -3.1508489535764161e-06 -0.0001286831041133055 -0.00015088657961089168 -2.8352811203641836e-05
leaf_weight=303816 12548 11092 671 412 453 707 419 588 694 3229 400 583 433 2182 463 787 189188 970 713 457 402 5351 425 423 500 507 13878 1621 1213 13835
leaf_count=303816 12548 11092 671 412 453 707 419 588 694 3229 400 583 433 2182 463 787 189188 970 713 457 402 5351 425 423 500 507 13878 1621 1213 13835
internal_value=6.13167e-07 -2.11259e-05 -5.91565e-05 -0.000267464 3.37113e-06 -6.57231e-05 3.83808e-06 5.38698e-05 7.95452e-05 0.000126932 0.000281014 -5.67693e-05 -0.000151484 6.0131e-07 -1.82735e-05 1.80217e-05 2.97155e-06 -6.52546e-05 -1.08341e-05 -8.86291e-06 -1.04485e-05 -8.72699e-06 3.08765e-05 -0.000119942 5.11488e-05 0.000201448 -1.55865e-05 -2.71859e-05 -4.71828e-05 -3.89517e-05
internal_weight=568960 64048 13631 1083 504912 3380 501532 8528 6924 4323 1094 1604 1021 2601 2673 2210 493004 1423 50417 49704 49247 48845 7206 848 6358 1007 41639 30547 16669 15456
internal_count=568960 64048 13631 1083 504912 3380 501532 8528 6924 4323 1094 1604 1021 2601 2673 2210 493004 1423 50417 49704 49247 48845 7206 848 6358 1007 41639 30547 16669 15456
is_linear=0
shrinkage=0.03


Tree=46
num_leaves=31
num_cat=0
split_feature=0 26 3 36 7 39 22 0 21 11 4 21 8 7 37 15 18 22 0 8 3 15 15 15 12 8 8 28 36 18
split_gain=0.0429768 0.0594016 0.0392604 0.0444999 0.0381493 0.0360698 0.0480123 0.0349651 0.0329357 0.0317629 0.0314578 0.0276088 0.0269257 0.0453476 0.0350967 0.02566 0.025516 0.0223522 0.0296046 0.0283803 0.0204415 0.0463018 0.022856 0.034882 0.0252875 0.026679 0.0199538 0.0195442 0.0193599 0.0185729
threshold=0.35910767316818243 -0.13754194974899289 0.42490601539611822 0.49288246035575872 0.18458957225084308 0.47108417749404913 -0.39273729920387263 0.466554805636406 -0.47306366264820093 0.47976386547088629 0.39198911190032965 0.07720848917961122 0.47993287444114691 0.45782060921192175 0.44485473632812506 -0.19175507128238675 -0.39930471777915949 0.48662193119525915 0.48406349122524267 -0.32545009255409235 0.466554805636406 -0.46641474962234492 0.46441236138343817 0.39198911190032965 0.003788096248172224 0.47152988612651831 0.46441236138343817 -0.19169799238443372 0.17118690907955172 -0.45298065245151514
decision_type=2 2 2 2 2 2 10 2 10 2 2 10 2 2 2 2 2 8 2 2 2 2 2 2 2 2 2 2 2 2
left_child=-1 2 9 16 7 20 26 -3 -9 17 28 -11 14 -14 15 -8 -4 18 -2 -20 29 -22 23 24 -23 -26 -7 -18 -10 -6
right_child=1 4 3 -5 5 6 12 8 10 11 -12 -13 13 -15 -16 -17 27 -19 19 -21 21 22 -24 -25 25 -27 -28 -29 -30 -31
leaf_value=3.9702331231094084e-06 -5.1024164754391585e-05 -9.6264093004389047e-06 -0.00030878716704324386 -0.00039902557410306669 -8.8933125298842886e-05 0.00016480477524748305 0.00014757443130358167 0.00017455760116100242 8.4997302353603403e-05 0.00030686730772247901 -0.00033567416661245593 -4.0001082613337387e-05 -0.00033027469067964068 7.901673329018731e-05 0.00031015740922653745 -5.9414763499938223e-05 6.5409286525458982e-05 0.00014761290623641358 -0.00033955483024523112 -6.1944026587813333e-05 0.00021238035084812637 9.6795762290083131e-05 -0.0002986744913788344 0.00018978745355844543 -6.603894393815646e-05 -0.00028020845729344925 0.00042157351762859299 -0.00015101256219129841 -9.6616784203700808e-05 2.7069741192720451e-05
leaf_weight=487999 15113 25632 413 598 1329 785 992 414 570 403 459 409 409 575 515 1158 734 457 645 682 498 459 422 409 1418 828 428 750 6172 17219
leaf_count=487999 15113 25632 413 598 1329 785 992 414 570 403 459 409 409 575 515 1158 734 457 645 682 498 459 422 409 1418 828 428 750 6172 17219
internal_value=6.12955e-07 -1.96378e-05 -6.41798e-05 -0.000175381 -4.80167e-06 2.13732e-05 9.54053e-05 -2.64078e-05 -8.28073e-05 -4.84227e-05 -9.78252e-05 0.00013379 4.07613e-05 -9.27166e-05 9.02078e-05 3.63302e-05 -0.000103158 -5.7253e-05 -6.30342e-05 -0.00019841 5.39858e-06 -5.57216e-05 -9.39728e-05 -6.5365e-05 -0.000104501 -0.000145886 0.00025811 -4.4247e-05 -8.11591e-05 1.87145e-05
internal_weight=568894 80895 20204 2495 60691 27444 4862 33247 7615 17709 7201 812 3649 984 2665 2150 1897 16897 16440 1327 22582 4034 3536 3114 2705 2246 1213 1484 6742 18548
internal_count=568894 80895 20204 2495 60691 27444 4862 33247 7615 17709 7201 812 3649 984 2665 2150 1897 16897 16440 1327 22582 4034 3536 3114 2705 2246 1213 1484 6742 18548
is_linear=0
shrinkage=0.03


Tree=47
num_leaves=31
num_cat=0
split_feature=0 6 29 17 0 14 26 11 35 35 21 17 12 6 5 37 11 1 20 28 27 0 16 35 1 24 8 11 35 12
split_gain=0.0255997 0.0326876 0.0350832 0.03443 0.0480871 0.0510322 0.0320984 0.0317231 0.0308973 0.0271772 0.0247611 0.0248082 0.0275915 0.02717 0.0296161 0.0244849 0.0240857 0.0306404 0.0251841 0.0292305 0.0228248 0.0223387 0.0218063 0.0399176 0.0349598 0.0270992 0.0241823 0.0384003 0.0215071 0.0222075
threshold=0.36497211456298834 0.40842382609844213 -0.045776918530464165 0.22491610795259478 0.43310962617397314 0.47318433225154882 0.40533427894115454 0.42490601539611822 -0.11071263998746871 0.49307949841022497 -0.48653183877468104 -0.39273729920387263 0.49664428830146795 0.079915966838598265 0.12542516738176349 -0.41940896213054651 0.48662193119525915 0.48406349122524267 -0.41272504627704615 -0.25083892047405237 0.37251612544059759 0.47118844091892248 0.26490327715873724 0.466554805636406 0.49111093580722814 0.49095004796981817 0.42620199918746954 0.41289757192134863 0.48418948054313665 0.023649728856980804
decision_type=2 10 2 2 2 2 2 2 2 2 8 2 2 8 10 2 2 2 10 2 2 2 2 2 2 2 2 2 2 2
left_child=9 10 3 -3 -5 6 -6 -4 -9 16 20 13 22 14 -12 -10 -1 18 19 -18 -2 -17 25 24 -24 -13 27 -25 29 -27
right_child=1 2 7 4 5 -7 -8 8 15 -11 11 12 -14 -15 -16 21 17 -19 -20 -21 -22 -23 23 26 -26 28 -28 -29 -30 -31
leaf_value=3.047239271329335e-06 -3.1102599665740649e-05 2.2916885932061912e-05 2.6574819492233675e-05 -1.1993896388538324e-05 0.00048505178009630202 -3.0946507562006887e-05 0.00016838240965891661 -0.00030857734760174549 0.00014988131031608187 0.00022863628886222144 -6.3420510034226292e-05 -4.0307721580762893e-06 0.0002220124810416116 -0.00013512182073666343 0.00017452622851555553 1.2594237695520861e-05 -0.00040552843416327239 0.0001264943999759541 -4.7317289627184765e-05 -9.2435810136312762e-05 0.00021138133803693261 -0.0002467446712145094 -3.7247904401915098e-05 -0.00016391900188401806 0.00022342583622523193 -2.3770070627634757e-05 -0.00033292531442671294 0.00010468170700201736 4.360004281199046e-05 -0.00022024195875891097
leaf_weight=483775 641 4534 3703 926 708 409 507 556 402 468 2088 38156 408 3739 597 590 413 701 3951 757 752 594 13187 2314 470 840 504 596 714 1351
leaf_count=483775 641 4534 3703 926 708 409 507 556 402 468 2088 38156 408 3739 597 590 413 701 3951 757 752 594 13187 2314 470 840 504 596 714 1351
internal_value=-2.12754e-08 -1.58354e-05 2.77884e-05 7.26335e-05 0.000160597 0.000258479 0.000355364 -2.65941e-05 -0.000118207 2.53752e-06 -2.4338e-05 -2.70272e-05 -2.08775e-05 -8.29485e-05 -1.00626e-05 -4.99537e-05 2.31673e-06 -5.82858e-05 -8.37772e-05 -0.000205455 0.000100374 -0.00011849 -2.26201e-05 -5.11065e-05 -2.812e-05 -1.07674e-05 -0.000142709 -0.000108737 -9.89322e-05 -0.000145367
internal_weight=569351 79286 12929 7084 2550 1624 1215 5845 2142 490065 66357 64964 58540 6424 2685 1586 489597 5822 5121 1170 1393 1184 58132 17071 13657 41061 3414 2910 2905 2191
internal_count=569351 79286 12929 7084 2550 1624 1215 5845 2142 490065 66357 64964 58540 6424 2685 1586 489597 5822 5121 1170 1393 1184 58132 17071 13657 41061 3414 2910 2905 2191
is_linear=0
shrinkage=0.03


Tree=48
num_leaves=31
num_cat=0
split_feature=12 35 3 23 13 39 8 2 12 23 27 18 35 14 37 8 7 26 29 37 35 29 18 19 26 3 3 39 13 2
split_gain=0.0330489 0.0247594 0.0292174 0.0234773 0.027335 0.0277058 0.0200075 0.0333487 0.0361827 0.0217969 0.0264592 0.0177805 0.0172865 0.0327115 0.033232 0.0494597 0.0348241 0.0320394 0.0511234 0.0297045 0.027436 0.0252566 0.0250354 0.0243798 0.0237757 0.0246898 0.0261987 0.0223435 0.0205904 0.0563789
threshold=0.28547459840774542 0.46399636566638952 0.47993287444114691 -0.28521004319190973 0.34451952576637274 0.17118690907955172 0.010135597549378874 0.28547459840774542 -0.077052142471075044 0.25850497186183935 0.43885339796543127 0.29932886362075811 0.26512607932090765 0.49664428830146795 0.36434625089168554 0.47318433225154882 0.4641572386026383 -0.043551212176680558 -0.4394956231117248 0.45307256281375891 0.45307256281375891 -0.25203305482864374 -0.31787468492984766 0.016816227696835998 0.14453627169132235 0.36476325988769537 0.45986577868461614 0.45142260193824774 0.46399636566638952 0.49221777915954595
decision_type=2 2 2 2 2 2 2 2 2 2 2 2 2 2 2 2 2 2 2 2 2 2 2 8 2 2 2 2 2 2
left_child=1 11 6 4 -2 -6 7 -3 -9 -8 -11 -1 28 14 16 17 -14 18 -16 -17 22 -22 -18 -24 -19 -26 -27 -20 29 -5
right_child=3 2 -4 12 5 -7 9 8 -10 10 -12 -13 13 -15 15 19 20 24 27 -21 21 -23 23 -25 25 26 -28 -29 -30 -31
leaf_value=8.6842678522613146e-06 7.3615186761034398e-06 -3.9499850089768993e-05 0.00016843874217089817 -8.5659109326782251e-06 9.1063191680737745e-06 0.00025351337532184101 -5.1186298825275249e-05 1.755884695878805e-06 -0.00030381756737536832 0.00010580647478935275 -0.00015105075776580023 -7.2772385395312571e-06 -4.1856123413699542e-05 0.00017127266421092797 -0.0004295674790750084 -0.0001261467630319244 -0.00015408546248891569 0.00019850461621170087 -4.2696445899790574e-05 -0.0004850627901942164 0.00026884798168141716 4.8476111522956168e-05 -5.1492668501679788e-05 0.00016298971770974558 0.00016733007063406304 -0.00022689659907644473 5.7098323357158664e-05 -0.00024001681510083672 -5.8985538671578255e-05 0.00020451089090620897
leaf_weight=357831 14954 3439 588 65514 810 853 4803 514 1074 1974 432 76176 20377 659 420 409 792 521 2659 432 754 1223 1048 860 400 658 514 633 7000 1127
leaf_count=357831 14954 3439 588 65514 810 853 4803 514 1074 1974 432 76176 20377 659 420 409 792 521 2659 432 754 1223 1048 860 400 658 514 633 7000 1127
internal_value=8.82405e-07 4.6684e-06 -3.63979e-05 -1.29135e-05 2.02326e-05 0.000135236 -4.63708e-05 -9.2248e-05 -0.000205518 -1.42962e-05 5.92532e-05 5.88263e-06 -1.8111e-05 -3.6384e-05 -4.07536e-05 -0.000100344 -2.49124e-05 -6.88973e-05 -0.000121709 -0.000314046 4.88407e-05 0.000133453 -1.33781e-05 4.55275e-05 2.48996e-05 -3.35285e-05 -0.000102917 -8.125e-05 -1.00777e-05 -4.93232e-06
internal_weight=569448 446831 12824 122617 16617 1663 12236 5027 1588 7209 2406 434007 106000 32359 31700 6646 25054 5805 3712 841 4677 1977 2700 1908 2093 1572 1172 3292 73641 66641
internal_count=569448 446831 12824 122617 16617 1663 12236 5027 1588 7209 2406 434007 106000 32359 31700 6646 25054 5805 3712 841 4677 1977 2700 1908 2093 1572 1172 3292 73641 66641
is_linear=0
shrinkage=0.03


Tree=49
num_leaves=31
num_cat=0
split_feature=13 9 0 35 8 17 4 28 38 19 17 4 38 28 9 27 14 9 15 7 0 5 7 18 37 5 18 5 24 38
split_gain=0.0390568 0.0381399 0.0270687 0.0240408 0.0428397 0.0424323 0.0335402 0.029123 0.0211172 0.0318908 0.0196403 0.0194282 0.0188599 0.0202054 0.0190151 0.0214892 0.0185883 0.0202729 0.018218 0.0232752 0.0179188 0.0242963 0.030566 0.0366059 0.0301221 0.0250192 0.0358299 0.0290592 0.0275928 0.0212413
threshold=0.39849410951137548 -0.49664428830146784 -0.45298065245151514 0.37251612544059759 -0.4798318743705749 -0.37915775179862971 0.4385290145874024 -0.11200463399291037 0.40614514052867895 0.4463686496019364 0.4463686496019364 0.097359016537666335 -0.23063284158706662 -0.32572281360626215 0.45307256281375891 0.4463686496019364 0.050361584872007377 0.39138861000537878 0.24475421756505969 -0.4798318743705749 0.43310962617397314 0.49069747328758245 0.42469435930252081 -0.39930471777915949 0.23151255398988727 0.20818126201629641 0.3712496310472489 0.16440654546022418 0.45986577868461614 -0.49267388880252833
decision_type=2 2 2 2 2 2 2 2 8 10 2 2 10 2 2 2 2 2 2 2 2 10 2 2 2 8 2 10 2 10
left_child=3 2 -2 12 5 -5 18 8 10 -10 16 -7 14 -14 -1 -16 -8 -18 19 -6 29 22 25 -24 -25 27 -27 -22 -28 -3
right_child=1 20 -4 4 6 11 7 -9 9 -11 -12 -13 13 -15 15 -17 17 -19 -20 -21 21 -23 23 24 -26 26 28 -29 -30 -31
leaf_value=1.2862209798563877e-05 -0.00038016133093621513 0.00010937528229804739 -7.3519508600056302e-05 -0.00037615576751797228 0.00014147970389816924 3.322491222564478e-05 0.00017891540898806106 -1.8748710816843026e-05 -0.00018815430728288206 0.00014124740851702056 0.00033470413297652531 -0.00018172655734182943 -1.612465699116541e-05 3.7242131665617238e-06 3.2647240057745617e-06 0.00021071887518806203 0.00015424191613901386 -0.00010540614277216292 -4.8847372920491167e-05 -1.2602093069052254e-05 -4.5224445490743178e-05 -0.00026097931032936463 0.00027921741335692319 -0.00012978267613672349 0.00015504806278929481 -0.00016054101907661224 0.00020742246636904296 0.00019332028561732054 -0.00010657684192316575 -1.5895934447179868e-05
leaf_weight=116374 435 1241 635 541 895 801 1512 3182 489 553 407 703 55436 275502 865 926 496 572 14197 35271 3733 482 508 830 545 3620 469 514 522 46611
leaf_count=116374 435 1241 635 541 895 801 1512 3182 489 553 407 703 55436 275502 865 926 496 572 14197 35271 3733 482 508 830 545 3620 469 514 522 46611
internal_value=-1.00667e-06 -2.38661e-05 -0.000200548 1.69636e-06 -1.62013e-05 -0.000150797 -1.13952e-05 4.90747e-05 0.000102554 -1.36566e-05 0.000143003 -6.77844e-05 4.07261e-06 3.98908e-07 1.43604e-05 0.000111099 0.000111587 1.54917e-05 -2.00613e-05 -8.75098e-06 -2.06325e-05 -5.4733e-05 -4.52436e-05 6.4273e-05 -1.65818e-05 -6.85704e-05 -0.000116881 -1.59679e-05 4.26139e-05 -1.2625e-05
internal_weight=568867 60145 1070 508722 59619 2045 57574 7211 4029 1042 2987 1504 449103 330938 118165 1791 2580 1068 50363 36166 59075 11223 10741 1883 1375 8858 4611 4247 991 47852
internal_count=568867 60145 1070 508722 59619 2045 57574 7211 4029 1042 2987 1504 449103 330938 118165 1791 2580 1068 50363 36166 59075 11223 10741 1883 1375 8858 4611 4247 991 47852
is_linear=0
shrinkage=0.03


Tree=50
num_leaves=31
num_cat=0
split_feature=1 7 36 25 28 22 13 37 22 30 39 6 36 27 18 37 13 0 8 13 25 7 22 15 15 37 4 15 8 16
split_gain=0.0274846 0.0650211 0.0509895 0.0380222 0.0452636 0.0420642 0.0256602 0.0238946 0.034266 0.0316203 0.0273198 0.0260478 0.0228047 0.0346503 0.030883 0.0248332 0.0320071 0.0233804 0.035505 0.037498 0.0350467 0.0309786 0.0289848 0.0280113 0.0246348 0.0311385 0.0241772 0.0239317 0.0227054 0.0224878
threshold=0.49664428830146795 -0.007299659075215458 0.48406349122524267 0.47318433225154882 -0.010033556725829838 0.13091243803501132 0.42490601539611822 0.043656742200255401 -0.30464260280132288 0.47683362662792211 0.49664428830146795 0.32373654842376715 0.466554805636406 0.49245272576808935 0.47735816240310674 0.4385290145874024 0.47083835303783422 0.36497211456298834 0.37925247848033911 0.39966443181037908 0.11754836142063142 -0.2922577410936355 -0.33842268586158747 0.35198226571083074 0.41204395890235906 0.39273729920387274 0.45986577868461614 0.44500453770160681 0.39822661876678472 0.31229026615619665
decision_type=2 2 2 2 2 8 2 2 10 2 2 10 2 2 2 2 2 2 2 2 2 2 8 2 2 2 2 2 2 2
left_child=2 -2 12 6 5 -5 -3 9 -9 11 29 -4 17 14 15 16 -14 -1 20 26 -19 22 -22 -21 -24 -26 27 28 -20 -10
right_child=1 3 7 4 -6 -7 -8 8 10 -11 -12 -13 13 -15 -16 -17 -18 18 19 23 21 -23 24 -25 25 -27 -28 -29 -30 -31
leaf_value=3.5209954258640397e-06 0.00034383766593743095 5.8185685658460943e-06 6.8176221848428685e-05 0.00032594388611311993 -8.2893532186577461e-05 -1.2017644381594989e-06 -0.00026238641936983224 -0.00033082066685181634 -0.00012435715864294073 -0.00015111016562671873 -0.00024852458249212091 -8.982497391128636e-05 1.9257883935330505e-06 0.00026953062163362178 -0.00021638911562937233 0.00020849523656416721 0.00019860744988414402 -9.3102851489846749e-07 0.00015060635416534529 8.1352577221015567e-08 -0.00020401516721034094 -2.9938889510889625e-05 -3.4493624201755872e-05 -0.00020299830376241306 1.2116429763046587e-05 -0.00031349690671713548 0.00017486558546388856 0.00021580838727003023 -1.6787321731642525e-05 5.1357668057379744e-05
leaf_weight=481752 680 804 2715 894 785 581 524 604 1367 1391 721 1423 5393 600 408 772 854 27093 917 3248 1853 20633 4372 743 421 697 1713 628 3412 1243
leaf_count=481752 680 804 2715 894 785 581 524 604 1367 1391 721 1423 5393 600 408 772 854 27093 917 3248 1853 20633 4372 743 421 697 1713 628 3412 1243
internal_value=1.3641e-06 7.71184e-05 7.90467e-07 2.57545e-05 0.000100459 0.000197941 -0.000101179 -6.82213e-05 -0.000124635 -2.79192e-05 -8.63694e-05 1.37563e-05 1.9674e-06 5.21349e-05 3.42335e-05 4.90888e-05 2.90877e-05 1.23092e-06 -1.55516e-05 3.45378e-05 -2.52531e-05 -4.87987e-05 -0.00010168 -3.81386e-05 -6.68311e-05 -0.000191862 7.80157e-05 4.42625e-05 1.89366e-05 -4.07972e-05
internal_weight=569241 4268 564973 3588 2260 1475 1328 9464 3935 5529 3331 4138 555509 8027 7427 7019 6247 547482 65730 10661 55069 27976 7343 3991 5490 1118 6670 4957 4329 2610
internal_count=569241 4268 564973 3588 2260 1475 1328 9464 3935 5529 3331 4138 555509 8027 7427 7019 6247 547482 65730 10661 55069 27976 7343 3991 5490 1118 6670 4957 4329 2610
is_linear=0
shrinkage=0.03


Tree=51
num_leaves=31
num_cat=0
split_feature=13 0 29 27 2 5 6 29 38 11 23 37 14 1 25 19 21 29 10 38 2 19 17 38 39 11 1 39 29 27
split_gain=0.044908 0.0346298 0.0379576 0.0365295 0.0542697 0.0513845 0.0300789 0.0296186 0.0295524 0.0288483 0.0267124 0.0217513 0.0322202 0.0212606 0.031825 0.0237327 0.0237042 0.0228001 0.0202759 0.0195212 0.0303503 0.0273335 0.041888 0.0194481 0.0191819 0.0188347 0.0195003 0.0188056 0.0208119 0.0183621
threshold=0.39849410951137548 0.45307256281375891 -0.1383797079324722 0.42520184814929968 0.49221777915954595 0.41985401511192327 0.45617236196994787 0.37891006469726568 -0.45298065245151514 0.45986577868461614 0.1113109514117241 0.1380131393671036 -0.33219130337238306 -0.49664428830146784 0.49664428830146795 -0.37241181731224055 -0.36572171747684473 -0.45298065245151514 0.4463686496019364 0.090756561607122435 0.4463686496019364 -0.43286086618900294 -0.32545009255409235 0.39966443181037908 0.48662193119525915 0.48615899682044988 0.48662193119525915 0.33196638524532324 -0.17781506478786466 0.49664428830146795
decision_type=2 2 2 2 2 8 8 2 8 2 2 2 2 2 2 10 10 2 2 10 2 8 2 10 2 2 2 2 2 2
left_child=19 13 3 10 5 -5 -6 8 9 -4 -3 12 -12 14 -2 -15 18 -18 -17 20 25 22 -22 -10 -19 26 -1 -23 -29 -21
right_child=1 2 7 4 6 -7 -8 -9 23 -11 11 -13 -14 15 -16 16 17 24 -20 29 21 27 -24 -25 -26 -27 -28 28 -30 -31
leaf_value=6.5569335017327844e-06 -4.0744745224357194e-05 7.9450436462975808e-05 -0.00041776344586249192 0.00042884896611199733 -0.00024493418155997429 -1.2902088796677577e-06 9.5442016602146699e-05 2.3446338764633741e-05 -7.8404754390033383e-05 -0.00010653275355021013 -0.00020323321941924269 -0.00033125649943332216 0.00012546773961101166 2.9936013384960877e-05 -0.00032886196483311836 -5.0813140478040715e-05 7.7044315909219997e-05 -1.4035362079254856e-05 -0.00019901658815826818 -4.7442854620383855e-06 6.0952540034739951e-05 -2.4923073394420616e-05 0.00036931598756671417 -0.00027031459820702429 -0.00017609641876668774 -0.00014719132606105581 0.00020077882770397958 0.000211156665677221 3.4758111937554273e-05 0.00010517472040474788
leaf_weight=294680 1327 579 689 549 475 452 443 888 2396 449 742 452 409 10120 458 6334 2466 28426 949 204845 1095 2461 616 588 663 706 456 854 2002 1367
leaf_count=294680 1327 579 689 549 475 452 443 888 2396 449 742 452 409 10120 458 6334 2466 28426 949 204845 1095 2461 616 588 663 706 456 854 2002 1367
internal_value=2.18675e-07 -2.436e-05 -7.81803e-05 -1.04432e-05 8.47966e-05 0.000236529 -8.14201e-05 -0.000133496 -0.000167281 -0.000296964 -9.42083e-05 -0.000157037 -8.63569e-05 -1.4683e-05 -0.000116091 -1.09628e-05 -2.16247e-05 -1.03552e-05 -7.0371e-05 3.10888e-06 7.95618e-06 6.95272e-05 0.000173471 -0.000116997 -1.77883e-05 6.49121e-06 6.86381e-06 3.58152e-05 8.80575e-05 -4.01056e-06
internal_weight=568936 59854 9111 4101 1919 1001 918 5010 4122 1138 2182 1603 1151 50743 1785 48958 38838 31555 7283 509082 302870 7028 1711 2984 29089 295842 295136 5317 2856 206212
internal_count=568936 59854 9111 4101 1919 1001 918 5010 4122 1138 2182 1603 1151 50743 1785 48958 38838 31555 7283 509082 302870 7028 1711 2984 29089 295842 295136 5317 2856 206212
is_linear=0
shrinkage=0.03


Tree=52
num_leaves=31
num_cat=0
split_feature=0 26 25 21 22 30 0 13 38 2 27 29 13 0 22 6 21 18 1 8 29 22 6 17 27 31 0 30 0 6
split_gain=0.0341224 0.033989 0.0347057 0.0463387 0.035001 0.0327245 0.0305713 0.0304849 0.0414319 0.0360986 0.0279047 0.0289279 0.0270973 0.0259855 0.0411124 0.037138 0.0433704 0.0346132 0.0331693 0.0382129 0.0248547 0.024516 0.0239884 0.0332009 0.0309847 0.0247939 0.0238344 0.0258427 0.0228328 0.0206205
threshold=0.31153479218482977 -0.21803475916385648 0.47952194511890417 0.46457038819789892 -0.35931712388992304 0.19804988801479342 0.47318433225154882 0.44500453770160681 -0.13819655776023862 0.37925247848033911 -0.051597364246845238 -0.42605021595954889 0.47318433225154882 0.47318433225154882 0.48662193119525915 0.37745475769042974 -0.34489440917968744 -0.49664428830146784 0.49303127825260168 0.37853804230690008 -0.43286086618900294 -0.4798318743705749 0.15232808887958529 -0.35931712388992304 0.38593547046184545 0.063794087618589415 0.49283143877983099 0.36581273376941686 0.49103121459484106 -0.13759057968854901
decision_type=2 2 2 10 10 2 2 2 10 2 2 2 2 2 8 10 10 2 2 2 2 8 8 2 2 2 2 2 2 10
left_child=-1 5 13 4 21 -2 -6 9 -9 10 -7 -12 -8 17 15 18 -17 -3 20 -20 -15 -4 24 -24 -22 28 27 -18 -25 -26
right_child=1 2 3 -5 6 7 12 8 -10 -11 11 -13 -14 14 -16 16 26 -19 19 -21 22 -23 23 25 29 -27 -28 -29 -30 -31
leaf_value=3.370697753630951e-06 -1.76072815204403e-05 0.00021599394982146111 4.0298195459991643e-05 0.00038383866860333021 0.00010211641143779569 2.2656385912193353e-05 1.7795009862968195e-05 -3.3667720076897965e-05 -0.00035132962150100864 6.1862010184931672e-05 -0.00036339476539457759 -0.00010900037325425729 -0.00026556231955457475 0.00011008460701894806 -0.00032419737836241516 -0.00014399767642715155 0.00015416522029793086 -5.9602444914171415e-06 0.00025802682849241862 -0.00012069799171741727 -0.00011090297936741584 0.00036240723913542509 -0.00039721165933171012 -0.00011152068892409018 -7.2310108776135564e-05 -2.1792009891830835e-05 0.00025531967771874668 -0.00011091202264587038 -0.00034646967116632859 0.00020741975521242388
leaf_weight=459661 13091 628 411 404 1038 1327 627 652 850 1555 435 4494 577 485 471 739 795 71448 535 420 2514 437 482 956 405 1147 757 553 616 549
leaf_count=459661 13091 628 411 404 1038 1327 627 652 850 1555 435 4494 577 485 471 739 795 71448 535 420 2514 437 482 956 405 1147 757 553 616 549
internal_value=-2.13202e-07 -1.52707e-05 -6.78235e-06 8.57132e-05 4.56226e-05 -4.8213e-05 -1.66659e-05 -9.11696e-05 -0.000214571 -6.71964e-05 -9.93228e-05 -0.000132142 -0.000119069 -1.06626e-05 -5.26787e-05 -4.07178e-05 5.24301e-05 -3.99666e-06 -7.3411e-05 9.19425e-05 -9.55819e-05 0.00020858 -0.000110681 -0.00016981 -5.57735e-05 -0.000128191 0.000121745 4.54047e-05 -0.000205195 8.91483e-05
internal_weight=569059 109398 86994 3494 3090 22404 2242 9313 1502 7811 6256 4929 1204 83500 11424 10953 2844 72076 8109 955 7154 848 6669 3201 3468 2719 2105 1348 1572 954
internal_count=569059 109398 86994 3494 3090 22404 2242 9313 1502 7811 6256 4929 1204 83500 11424 10953 2844 72076 8109 955 7154 848 6669 3201 3468 2719 2105 1348 1572 954
is_linear=0
shrinkage=0.03


Tree=53
num_leaves=31
num_cat=0
split_feature=12 1 22 28 35 11 11 1 20 39 5 35 18 29 8 7 4 3 35 20 5 21 8 2 25 17 28 14 5 17
split_gain=0.0202545 0.0161574 0.057712 0.0528627 0.0501969 0.0258943 0.0740278 0.0226857 0.0556186 0.0404245 0.0192851 0.0190717 0.0267467 0.0296736 0.0262147 0.0237217 0.065728 0.0400775 0.0358845 0.0288369 0.0272822 0.0321424 0.0261561 0.0427044 0.0244386 0.0232303 0.0230854 0.021853 0.0211237 0.0208382
threshold=0.016816227696835998 0.49664428830146795 -0.36572171747684473 -0.39930471777915949 0.47705537080764776 0.45720390975475317 0.49111093580722814 0.49303127825260168 0.43200582265853887 0.48615899682044988 0.41985401511192327 0.37251612544059759 0.49664428830146795 0.27187095582485205 -0.47306366264820093 0.20415349304676059 0.33858561515808111 0.43156538903713232 0.47705537080764776 0.17755264788866046 0.44561520218849188 -0.38593547046184534 0.27169632911682134 0.40614514052867895 0.41856157779693609 0.42520184814929968 -0.42605021595954889 -0.2717756032943725 0.051341960206627853 -0.34589572250843043
decision_type=2 2 8 2 2 2 2 2 8 2 10 2 2 2 2 2 2 2 2 10 10 10 2 2 2 2 2 2 10 2
left_child=-1 7 4 -4 -3 10 -7 11 9 -9 -5 -2 13 14 29 16 17 22 24 20 21 -20 23 -16 26 -21 -17 -24 -28 -13
right_child=1 2 3 5 -6 6 -8 8 -10 -11 -12 12 -14 -15 15 18 -18 -19 19 25 -22 -23 27 -25 -26 -27 28 -29 -30 -31
leaf_value=5.6210724496700282e-06 -2.3617382846822047e-06 1.1162626246098228e-05 0.00024670677288147601 -8.1700643708729475e-05 0.00043125082269585783 -0.00037113877630243913 6.074908658983413e-05 -8.728144984191336e-05 0.00018624984141617245 -0.00043444863942943723 0.00018658875736754884 -0.00028973936357447539 0.00017116261910059751 6.3991787972267276e-06 -7.320258067189381e-05 0.00014781291195123617 -0.00040013479093553995 0.00020222605090839868 1.2701035893523775e-05 -0.00012630697476455986 -1.9894024915381369e-05 0.00032681590566288089 0.00015600241322346616 -0.00036558609199117108 -0.00012022933268865521 0.00014889165358961665 -0.00017115275539671107 -3.77312705168279e-05 -9.2322954460157263e-06 -7.899591456342167e-05
leaf_weight=294618 224871 458 556 503 572 709 705 880 415 455 446 651 613 15475 8402 733 503 519 434 820 584 899 746 466 2421 404 810 1699 6279 1201
leaf_count=294618 224871 458 556 503 572 709 705 880 415 455 446 651 613 15475 8402 733 503 519 434 820 584 899 746 466 2421 404 810 1699 6279 1201
internal_value=1.59675e-07 -5.70777e-06 5.446e-05 -1.38631e-05 0.000246358 -7.5955e-05 -0.000156891 -6.58885e-06 -0.000113945 -0.000207955 4.50178e-05 -5.885e-06 -2.40273e-05 -2.6846e-05 -4.55014e-05 -3.76148e-05 -6.76092e-05 -5.3147e-05 -9.94143e-06 7.86113e-05 0.000150959 0.000225402 -6.50308e-05 -8.89614e-05 -3.71462e-05 -3.5003e-05 -1.13103e-05 2.1774e-05 -2.79486e-05 -0.000154233
internal_weight=568847 274229 3949 2919 1030 2363 1414 270280 1750 1335 949 268530 43659 43046 27571 25719 12335 11832 13384 3141 1917 1333 11313 8868 10243 1224 7822 2445 7089 1852
internal_count=568847 274229 3949 2919 1030 2363 1414 270280 1750 1335 949 268530 43659 43046 27571 25719 12335 11832 13384 3141 1917 1333 11313 8868 10243 1224 7822 2445 7089 1852
is_linear=0
shrinkage=0.03


Tree=54
num_leaves=31
num_cat=0
split_feature=13 38 35 22 8 39 28 38 35 8 29 6 4 26 28 16 0 8 8 30 3 22 7 24 0 38 25 29 0 4
split_gain=0.0314386 0.0254712 0.0222826 0.026623 0.0258688 0.0198017 0.0250326 0.0330618 0.0195762 0.0317782 0.0193766 0.0337381 0.027887 0.0204859 0.0201569 0.020935 0.0195601 0.0269723 0.0283899 0.0320384 0.0298567 0.0215456 0.0317478 0.0390773 0.0290814 0.0217022 0.0313508 0.0827784 0.0198839 0.0190291
threshold=0.39849410951137548 -0.23063284158706662 -0.49664428830146784 0.31229026615619665 0.47993287444114691 0.48418948054313665 -0.070949185639619813 -0.40601159632205958 0.37251612544059759 -0.49277968704700464 -0.42605021595954889 0.4903379380702973 0.36476325988769537 -0.21137479692697522 -0.2717756032943725 0.34489440917968756 0.27187095582485205 0.48644052445888525 0.49664428830146795 0.4385290145874024 0.48662193119525915 -0.46641474962234492 0.19804988801479342 0.49664428830146795 0.45847702026367193 -0.29180648922920221 0.44491800665855413 -0.1383797079324722 0.46441236138343817 0.47993287444114691
decision_type=2 10 2 10 2 2 2 8 2 2 2 8 2 2 2 2 2 2 2 2 2 10 2 2 2 10 2 2 2 2
left_child=1 5 3 4 -2 29 7 -7 -3 -10 11 13 -13 -4 -15 -16 -12 21 20 -20 -19 22 23 24 -18 26 28 -28 -23 -1
right_child=2 8 10 -5 -6 6 -8 -9 9 -11 16 12 -14 14 15 -17 17 18 19 -21 -22 25 -24 -25 -26 -27 27 -29 -30 -31
leaf_value=1.0077875922582637e-05 -0.00015113755618479077 2.7330208058819759e-07 -9.6161581256367165e-05 -0.00033634955665282843 0.00011737642792297603 0.00031709286624346551 -3.6433194272966856e-05 -1.1000799307844599e-05 -0.00023269219082041275 -1.8440402865465549e-05 -1.0493970160659481e-05 1.4752214952913388e-05 0.00034581736086311662 0.00018704684948777693 4.002208811734509e-05 -0.00015671725035759727 -7.9224210867257167e-05 -0.00011360785073451132 -0.00017814227195565101 0.00017010530039305777 -0.00042234282298580172 3.5790545038066371e-05 8.4203426828791719e-05 2.2524940797294513e-05 -0.00039959030239627541 -4.5486353011370174e-05 0.00051051235690589163 -2.0823486405008085e-05 -0.00014204280244809091 9.1847557386610598e-05
leaf_weight=132734 961 331224 1391 402 475 725 661 442 623 40047 33799 414 505 661 2940 573 401 657 540 409 498 1896 503 543 720 9720 402 732 795 2602
leaf_count=132734 961 331224 1391 402 475 725 661 442 623 40047 33799 414 505 661 2940 573 401 657 540 409 498 1896 503 543 720 9720 402 732 795 2602
internal_value=-4.83185e-07 1.93666e-06 -2.10324e-05 -0.000123595 -6.2121e-05 1.29859e-05 0.000110797 0.00019379 -2.13882e-06 -2.17788e-05 -1.7767e-05 3.10804e-05 0.00019844 3.13633e-06 3.63785e-05 7.57849e-06 -2.39082e-05 -4.93364e-05 -0.000149967 -2.78458e-05 -0.000249207 -3.5774e-05 -0.000123385 -0.000186264 -0.000286704 -2.16769e-05 3.87881e-05 0.00017035 -1.7078e-05 1.16567e-05
internal_weight=568995 509058 59937 1838 1436 137164 1828 1167 371894 40670 58099 6484 919 5565 4174 3513 51615 17816 2104 949 1155 15712 2167 1664 1121 13545 3825 1134 2691 135336
internal_count=568995 509058 59937 1838 1436 137164 1828 1167 371894 40670 58099 6484 919 5565 4174 3513 51615 17816 2104 949 1155 15712 2167 1664 1121 13545 3825 1134 2691 135336
is_linear=0
shrinkage=0.03


Tree=55
num_leaves=31
num_cat=0
split_feature=0 26 7 8 22 3 25 17 6 22 1 11 18 17 19 21 23 36 23 1 19 2 36 38 21 2 8 25 19 10
split_gain=0.0266147 0.0268656 0.0242364 0.0208643 0.0526478 0.0428857 0.0281361 0.026147 0.0442373 0.0207962 0.0385788 0.0460355 0.025227 0.0220065 0.0200754 0.0289562 0.0200497 0.023443 0.0201455 0.0199526 0.0199085 0.0187211 0.0218917 0.0200641 0.0180156 0.0183027 0.0310778 0.0272426 0.0173238 0.017133
threshold=0.27854746580123907 -0.34589572250843043 0.49664428830146795 0.47735816240310674 -0.36572171747684473 0.48431348800659185 0.47683362662792211 0.49664428830146795 0.38927203416824346 -0.46641474962234492 0.49664428830146795 0.43116609752178198 -0.49664428830146784 -0.21803475916385648 -0.4718968123197555 -0.4394956231117248 0.39859968423843389 0.27859869599342352 0.13091243803501132 0.48406349122524267 -0.23817513883113858 -0.49664428830146784 0.40521778166294103 0.26526175439357763 -0.27872478961944575 0.29932886362075811 0.30498139560222631 0.16409231722354892 -0.35920709371566767 -0.40601159632205958
decision_type=2 2 2 2 8 2 2 2 8 10 2 2 2 2 10 10 2 2 2 2 8 2 2 8 8 2 2 2 8 2
left_child=21 29 3 7 -5 20 -7 9 -9 10 11 12 -3 16 15 -11 17 -14 -19 -8 -6 22 -1 -24 -15 -26 27 -27 -4 -2
right_child=1 2 28 4 5 6 19 8 -10 14 -12 -13 13 24 -16 -17 -18 18 -20 -21 -22 -23 23 -25 25 26 -28 -29 -30 -31
leaf_value=-1.9194308499907789e-05 -1.1327821226584902e-05 0.00015668686721620841 0.00026779431591513695 0.00016320104278929126 0.0001660434358796076 -0.00039913246406047555 3.0157773619909516e-05 -5.4437618138619745e-05 0.00036633149665016274 1.6702625777113779e-05 0.00022415675533331273 -0.00030232273350857744 -3.2984040195394256e-05 0.00015287377529055464 -4.9584669419217703e-06 0.00024993757081345189 7.2266008776013921e-05 -0.00034034791449549426 -0.00012294290238878922 -0.00023146238361802926 -7.3412997608230556e-05 4.6596927098773552e-06 -6.7374266144704822e-05 -0.00034202053864581156 2.4871498449273853e-05 -1.3956243473040154e-05 5.9712824491225768e-05 -0.00032029656362263502 3.7140805237185057e-05 -7.6915912025059144e-05
leaf_weight=2786 6153 513 464 687 404 570 400 446 439 1662 425 670 907 495 94447 664 401 723 843 741 1265 439088 577 407 1944 422 623 680 778 8590
leaf_count=2786 6153 513 464 687 404 570 400 446 439 1662 425 670 907 495 94447 664 401 723 843 741 1265 439088 577 407 1944 422 623 680 778 8590
internal_value=6.22423e-07 -1.15215e-05 -6.49181e-06 -7.97996e-06 -7.45815e-05 -0.000123251 -0.000228333 -5.42513e-06 0.000156044 -6.79535e-06 -5.13459e-05 -6.58435e-05 -4.44886e-05 -5.93538e-05 -2.81018e-06 8.40688e-05 -0.000123055 -0.00015489 -0.000224838 -0.000140281 -1.48062e-05 4.0875e-06 -6.23911e-05 -0.000183271 -1.51977e-05 -3.82269e-05 -0.000109069 -0.000204167 0.000124762 -4.95689e-05
internal_weight=569214 126356 111613 110371 4067 3380 1711 106304 885 105419 8646 8221 7551 7038 96773 2326 2874 2473 1566 1141 1669 442858 3770 984 4164 3669 1725 1102 1242 14743
internal_count=569214 126356 111613 110371 4067 3380 1711 106304 885 105419 8646 8221 7551 7038 96773 2326 2874 2473 1566 1141 1669 442858 3770 984 4164 3669 1725 1102 1242 14743
is_linear=0
shrinkage=0.03


Tree=56
num_leaves=31
num_cat=0
split_feature=26 38 25 30 7 35 20 2 6 8 25 37 16 30 37 28 8 8 6 11 38 3 36 28 14 31 35 35 8 2
split_gain=0.0224583 0.0328556 0.0386112 0.0224892 0.0212894 0.018399 0.0495385 0.0410513 0.0228874 0.0293095 0.0297267 0.0211815 0.0378859 0.0312731 0.0409237 0.030804 0.0278626 0.0219822 0.025971 0.0353827 0.0286485 0.0207017 0.0298958 0.0182894 0.0181348 0.0170546 0.0242988 0.017084 0.0176485 0.0430845
threshold=0.41856157779693609 -0.25874295830726618 0.47318433225154882 0.466554805636406 0.49283143877983099 0.46399636566638952 -0.49664428830146784 -0.4798318743705749 0.35476978123188024 0.40614514052867895 0.070949185639619841 0.15097505599260333 -0.33842268586158747 0.33895461261272436 -0.28521004319190973 -0.0075192220974713555 0.1981945335865021 0.47152988612651831 0.41592712700366979 0.4115345180034638 0.33895461261272436 0.49221777915954595 0.49288246035575872 -1.0000000180025095e-35 -0.49277968704700464 0.2450322434306145 0.48418948054313665 0.49227787554264074 -0.020135134458541867 0.257464349269867
decision_type=2 8 2 2 2 2 8 2 8 2 2 2 2 2 2 2 2 2 10 2 8 2 2 2 2 2 2 2 2 2
left_child=5 2 3 24 -3 21 -7 -8 9 10 -9 12 15 -14 -15 16 -10 18 19 -13 -20 -1 -23 -11 -2 27 -27 28 29 -12
right_child=1 4 -4 -5 -6 6 7 8 11 23 25 17 13 14 -16 -17 -18 -19 20 -21 -22 22 -24 -25 -26 26 -28 -29 -30 -31
leaf_value=6.9351493283959353e-07 -0.00012873630701830142 9.095412619069385e-06 0.00025519558542763811 -0.00010624263556820458 -0.00014887281878967027 0.00027429897431853608 -0.00031077217976844287 1.986284245856755e-06 -0.00013926547298647197 -1.2797494821198697e-05 -7.7534702390690579e-05 -0.00022861649154242336 3.9643763632526868e-05 0.0004912009278193795 8.7495472125214468e-05 -0.00027607486861964183 0.00020786680812186477 -0.00025124443383697922 -4.5532041602309621e-05 9.1674783124466428e-05 0.00029198380562834019 -3.4241605270963971e-05 -0.00026892884576877379 0.00024177751255721397 6.602356630049562e-05 -0.00014969989049118303 0.00011353497700290673 -0.00024440299814415593 -3.5613932807981051e-05 -0.0004312617858141567
leaf_weight=500535 439 35124 854 791 775 450 484 2532 401 665 1046 764 1284 403 511 422 412 409 490 511 407 3412 561 400 10855 655 591 1248 1430 434
leaf_count=500535 439 35124 854 791 775 450 484 2532 401 665 1046 764 1284 403 511 422 412 409 490 511 407 3412 561 400 10855 655 591 1248 1430 434
internal_value=9.73657e-07 2.0423e-05 6.13895e-05 4.74943e-05 5.64463e-06 -8.51768e-07 -3.25659e-05 -4.16466e-05 -3.27704e-05 -6.30203e-05 -8.28551e-05 1.25333e-05 6.12743e-05 0.000135756 0.000268886 -7.13114e-05 3.70373e-05 -5.22836e-05 -1.38384e-05 -0.000100534 0.000109141 1.51436e-07 -6.79722e-05 8.41772e-05 5.8346e-05 -0.000122537 -2.4933e-05 -0.000151655 -0.000111178 -0.000183461
internal_weight=569295 48838 12939 12085 35899 520457 15949 15499 15015 9001 7936 6014 3433 2198 914 1235 813 2581 2172 1275 897 504508 3973 1065 11294 5404 1246 4158 2910 1480
internal_count=569295 48838 12939 12085 35899 520457 15949 15499 15015 9001 7936 6014 3433 2198 914 1235 813 2581 2172 1275 897 504508 3973 1065 11294 5404 1246 4158 2910 1480
is_linear=0
shrinkage=0.03


Tree=57
num_leaves=31
num_cat=0
split_feature=30 9 22 23 23 28 12 0 0 26 27 12 30 3 29 22 38 26 4 6 13 29 12 18 22 36 17 23 1 21
split_gain=0.0256202 0.0251917 0.0770737 0.0412232 0.0551686 0.0358103 0.0344999 0.0284189 0.0218758 0.0258142 0.0308475 0.0359337 0.030062 0.0272554 0.0384186 0.0269564 0.0217565 0.0234803 0.0336941 0.0286884 0.0271388 0.0208604 0.0186939 0.0245683 0.016725 0.0166244 0.0254552 0.0435975 0.0131246 0.0170186
threshold=0.39151957631111151 0.48662193119525915 -0.3583701997995376 0.44513021409511572 0.31881627440452581 -0.13754194974899289 0.43310962617397314 0.47993287444114691 0.47318433225154882 -0.19122581928968427 0.45801258087158209 0.38593547046184545 0.45753696560859686 0.34515425562858587 -0.22480142861604688 -0.11742048338055609 -0.26490327715873713 0.39198911190032965 0.47318433225154882 0.46743549406528478 0.49293276667594915 -0.070949185639619813 -0.045141067355871194 -0.37915775179862971 0.13091243803501132 0.49221777915954595 0.1245805360376835 0.31167945265769964 -0.49277968704700464 0.45196153223514562
decision_type=2 2 10 2 2 2 2 2 2 2 2 2 2 2 2 10 10 2 2 8 2 2 2 2 10 2 2 2 2 8
left_child=16 8 5 4 -4 -3 24 -5 -2 21 11 12 22 -14 -15 -12 17 20 -19 -20 -1 -10 -11 -24 -6 28 -27 -28 29 -18
right_child=1 2 3 7 6 -7 -8 -9 9 10 15 -13 13 14 -16 -17 25 18 19 -21 -22 -23 23 -25 -26 26 27 -29 -30 -31
leaf_value=9.9579352419402661e-06 -1.7368431239600091e-05 0.00047302855642036384 -0.00010873412693816108 -2.785242780251783e-05 0.00019217912018937663 0.0001059826736125277 0.00035019885330418526 -0.00030722666428889263 -0.00034758116882104061 7.5920571158394894e-06 0.00028265024304200434 -0.00034427731034173553 0.00020146057895443917 0.00017830164476129978 -0.00018178662543282461 -5.0308633914064002e-05 -9.0279007310044437e-05 3.8506074913090976e-05 5.9553846408074865e-05 0.00040611103268011628 -0.00019779677213780251 -7.194706665348035e-05 -0.00039678919212467867 -9.8320366819672233e-05 -6.7876572514998177e-05 3.7522086102724835e-05 5.8179369066843594e-05 -0.00033632432262369592 -1.6810417445879296e-07 9.0394946425167988e-05
leaf_weight=104089 53627 466 1025 778 412 496 599 559 519 466 414 423 567 409 725 447 2772 12413 438 420 559 476 415 619 463 794 403 652 382573 556
leaf_count=104089 53627 466 1025 778 412 496 599 559 519 466 414 423 567 409 725 447 2772 12413 438 420 559 476 415 619 463 794 403 652 382573 556
internal_value=5.36476e-08 -1.78428e-05 4.82018e-05 -1.22294e-05 5.96753e-05 0.00028682 0.000176728 -0.000146073 -2.32112e-05 -8.0252e-05 -4.93318e-05 -8.76718e-05 -5.27957e-05 3.35114e-05 -5.14902e-05 0.000111197 2.31565e-06 1.35991e-05 5.1176e-05 0.000231922 8.82938e-06 -0.000217748 -0.000150242 -0.000220765 5.53604e-05 -1.11604e-06 -9.06137e-05 -0.000186496 -6.8489e-07 -5.99139e-05
internal_weight=569574 63905 4798 3836 2499 962 1474 1337 59107 5480 4485 3624 3201 1701 1134 861 505669 117919 13271 858 104648 995 1500 1034 875 387750 1849 1055 385901 3328
internal_count=569574 63905 4798 3836 2499 962 1474 1337 59107 5480 4485 3624 3201 1701 1134 861 505669 117919 13271 858 104648 995 1500 1034 875 387750 1849 1055 385901 3328
is_linear=0
shrinkage=0.03


Tree=58
num_leaves=31
num_cat=0
split_feature=0 30 4 19 8 35 23 6 0 29 23 17 31 11 11 35 30 18 7 14 23 29 18 38 27 25 25 29 28 5
split_gain=0.0339318 0.0315071 0.0284079 0.0244 0.0270683 0.037412 0.0233533 0.0368359 0.0186756 0.0437641 0.0279349 0.0234454 0.025342 0.0176587 0.0239455 0.0205587 0.0275607 0.0223622 0.0195001 0.0216794 0.0234878 0.0175932 0.0175894 0.0325519 0.0170948 0.0176323 0.0276813 0.0279496 0.0326575 0.0324341
threshold=0.27103835344314581 0.27854746580123907 0.49221777915954595 0.33895461261272436 0.47318433225154882 0.35240399837493902 0.33277405798435217 0.47785948216915136 -0.49664428830146784 -0.40601159632205958 0.30525226891040808 0.33895461261272436 0.15108475089073184 0.47318433225154882 0.43801879882812506 0.49227787554264074 0.33277405798435217 -0.20462171733379361 -0.36572171747684473 0.40545859932899481 -0.13139231503009793 -0.052161069586873048 0.47318433225154882 -0.025485586374998089 0.49134182929992681 0.39138861000537878 0.41950166225433355 0.083917114883661284 -0.025893997400999066 0.11278963834047319
decision_type=2 2 2 10 2 2 2 10 2 2 2 2 2 2 2 2 2 2 2 2 2 2 2 10 2 2 2 2 2 10
left_child=8 2 24 22 13 -6 -4 -8 9 10 -1 12 -11 14 15 16 21 -18 -19 -20 -21 -5 -3 -24 25 -2 27 28 29 -27
right_child=1 3 6 4 5 -7 7 -9 -10 11 -12 -13 -14 -15 -16 -17 17 18 19 20 -22 -23 23 -25 -26 26 -28 -29 -30 -31
leaf_value=-6.831951773956336e-05 -8.7214878907223245e-06 -1.8106608017880349e-05 0.00028693838461879231 -0.00027153337994158499 -3.2065359427808567e-05 -0.00038643350343562288 -0.0001692610671233379 0.00023099217387741942 4.4117789577166115e-06 -0.00012739641727012925 -0.000405760496141933 0.00012913285315128731 6.7261798615633346e-05 -0.00019710910702448769 8.3073300983674665e-05 -0.00025523975540142413 0.00011191297175640743 -0.00022240935610501431 -9.2378996285712406e-05 -0.00010727108819036316 0.00017305340364339589 -5.7019279777832281e-05 -2.0799872958118893e-05 -0.00029645211973182065 -0.00018959185047495383 0.00011731998068912285 -2.0689676851911169e-06 2.299378497553517e-05 1.2318980663043144e-06 0.0004869096857951263
leaf_weight=428 78726 32993 527 703 510 560 404 404 432644 1587 457 823 958 746 1110 476 975 496 1569 401 775 678 1107 583 441 400 5274 1413 430 470
leaf_count=428 78726 32993 527 703 510 560 404 404 432644 1587 457 823 958 746 1110 476 975 496 1569 401 775 678 1107 583 441 400 5274 1413 430 470
internal_value=-2.33067e-07 -1.35513e-05 -3.25892e-06 -3.43955e-05 -7.83889e-05 -0.00021939 0.000133563 3.12429e-05 3.7962e-06 -5.86885e-05 -0.000245155 -9.11042e-06 -5.41459e-05 -5.91087e-05 -4.45224e-05 -6.79421e-05 -5.15865e-05 -1.3349e-05 -5.12602e-05 -1.96399e-05 7.7368e-05 -0.000167385 -2.29615e-05 -0.000117076 -5.3698e-06 -4.41114e-06 3.80327e-05 0.000115711 0.000215542 0.000320248
internal_weight=569068 132171 88489 43682 8999 1070 1335 808 436897 4253 885 3368 2545 7929 7183 6073 5597 4216 3241 2745 1176 1381 34683 1690 87154 86713 7987 2713 1300 870
internal_count=569068 132171 88489 43682 8999 1070 1335 808 436897 4253 885 3368 2545 7929 7183 6073 5597 4216 3241 2745 1176 1381 34683 1690 87154 86713 7987 2713 1300 870
is_linear=0
shrinkage=0.03


Tree=59
num_leaves=31
num_cat=0
split_feature=0 26 30 3 13 12 10 12 13 19 14 36 7 26 24 0 35 35 12 30 37 0 13 6 39 26 22 19 26 8
split_gain=0.0294109 0.0413603 0.0353993 0.0338657 0.032198 0.0340772 0.0379357 0.0283769 0.0252652 0.0235104 0.020891 0.0414859 0.0329154 0.0358847 0.0320533 0.0302303 0.0506408 0.0298288 0.02327 0.0206841 0.0370456 0.0203232 0.0195026 0.0247388 0.0199115 0.0188346 0.0185812 0.0280317 0.0189712 0.0306845
threshold=0.23162547498941424 0.20472994446754458 0.2450322434306145 0.43962624669075018 -0.039034796878695481 0.4385290145874024 0.47132579982280737 0.45307256281375891 0.47083835303783422 -0.43286086618900294 -0.19795162230730054 0.43962624669075018 0.17812155932188037 0.37251612544059759 0.4463686496019364 0.49664428830146795 0.48418948054313665 0.49118925631046301 0.17118690907955172 0.4641572386026383 -0.45970448851585383 -0.49664428830146784 0.45753696560859686 0.27946965396404272 0.47108417749404913 0.38475373387336737 -0.46641474962234492 -0.4718968123197555 -0.33881792426109308 0.28454907238483435
decision_type=2 2 2 2 2 2 2 2 2 10 2 2 2 2 2 2 2 2 2 2 2 2 2 10 2 2 8 10 2 2
left_child=21 2 8 26 -5 6 -6 10 -2 -9 15 -12 17 14 -14 19 -17 -13 -15 22 -21 -1 24 -24 -3 -26 -4 -28 29 -29
right_child=1 7 3 4 5 -7 -8 9 -10 -11 11 12 13 18 -16 16 -18 -19 -20 20 -22 -23 23 -25 25 -27 27 28 -30 -31
leaf_value=-6.066689490910812e-05 -1.3886409197171819e-05 1.1384629488450194e-05 -0.00012116700563647599 4.9401619823969287e-05 -0.000167807042056769 -0.00029571231931829864 0.00016027523123436063 0.0002801268684244322 0.00016289684330807853 5.3628511869622699e-05 9.1230160596139979e-07 -0.00012557784002228058 -4.0183109775667124e-05 5.7491974476411438e-05 0.00031801487512543992 -4.2246520461638551e-05 0.00032335761372111795 -0.00041745635129251132 -0.00016740171761889586 -0.00024350337882846396 3.6042694829140247e-05 5.2282748711804278e-06 0.0002664883186896207 -1.0627050020907492e-05 1.8612950030468969e-06 0.00026473399074338199 0.00012886347361246219 -0.00012647668068570744 -2.2286766911195265e-05 8.080812530915276e-05
leaf_weight=4246 57213 18204 2265 677 1361 1284 404 558 727 1531 37856 1281 485 575 406 607 762 415 1432 727 1008 411515 648 517 438 548 935 3824 15258 765
leaf_count=4246 57213 18204 2265 677 1361 1284 404 558 727 1531 37856 1281 485 575 406 607 762 415 1432 727 1008 411515 648 517 438 548 935 3824 15258 765
internal_value=4.18309e-07 -1.08405e-05 -2.48271e-05 -5.33495e-05 -0.000137158 -0.000178608 -9.22307e-05 6.58542e-06 -1.16405e-05 0.000115176 3.12668e-06 -9.42891e-06 -9.44607e-05 -3.27912e-05 0.000124754 2.58409e-05 0.000162122 -0.000199027 -0.000103005 1.73255e-05 -8.18169e-05 4.55387e-06 2.58121e-05 0.000144467 1.85372e-05 0.000149152 -3.97467e-05 -3.08188e-05 -3.84026e-05 -9.18211e-05
internal_weight=568472 152711 84713 26773 3726 3049 1765 67998 57940 2089 65909 42450 4594 2898 891 23459 1369 1696 2007 22090 1735 415761 20355 1165 19190 986 23047 20782 19847 4589
internal_count=568472 152711 84713 26773 3726 3049 1765 67998 57940 2089 65909 42450 4594 2898 891 23459 1369 1696 2007 22090 1735 415761 20355 1165 19190 986 23047 20782 19847 4589
is_linear=0
shrinkage=0.03


Tree=60
num_leaves=31
num_cat=0
split_feature=38 26 1 28 29 35 36 5 22 30 5 1 12 37 26 36 38 12 3 37 1 15 35 11 25 28 17 27 26 28
split_gain=0.0269438 0.0253541 0.0192366 0.0402978 0.0402049 0.0332023 0.0239148 0.0291863 0.0245 0.0373768 0.0221298 0.0203121 0.0190399 0.0248035 0.019013 0.0277911 0.0240823 0.0289222 0.0238611 0.0248524 0.0235583 0.0223961 0.0193608 0.053912 0.0249104 0.0231593 0.0192104 0.0185145 0.0177703 0.0229105
threshold=0.47318433225154882 0.49221777915954595 0.49664428830146795 -0.14527567476034162 0.090756561607122435 0.466554805636406 0.48406349122524267 -0.46804255247116083 -0.46641474962234492 0.47683362662792211 0.33450756967067724 -0.48653183877468104 0.48586554825305944 0.45307256281375891 0.39198911190032965 0.47718597948551184 -0.25874295830726618 0.050361584872007377 0.49283143877983099 0.42490601539611822 0.47683362662792211 -0.42605021595954889 0.47993287444114691 0.41950166225433355 0.47069558501243597 0.13091243803501132 0.30546234548091894 0.33895461261272436 -0.10499014332890509 -0.39930471777915949
decision_type=10 2 2 2 2 2 2 8 10 2 8 2 2 2 2 2 8 2 2 2 2 2 2 2 2 2 2 2 2 2
left_child=2 12 6 4 5 -4 14 -8 9 10 -9 -10 -2 -14 22 16 20 -18 19 27 -16 -22 -1 25 -25 -24 -21 -19 29 -13
right_child=1 -3 3 -5 -6 -7 7 8 11 -11 -12 28 13 -15 15 -17 17 18 -20 26 21 -23 23 24 -26 -27 -28 -29 -30 -31
leaf_value=2.6724434127993859e-07 -4.0301855187691969e-05 -0.00026423470328221569 0.00014099532665287287 -2.86191930958302e-05 8.6973872989003332e-07 0.00047630066613642302 0.00019277147248703626 7.1289682910537515e-05 -0.00022377005016300304 -0.00036587814075614809 -0.00020993178205833422 0.00018006782290437624 0.00024425875492607279 -5.2957022873656055e-05 3.7701305821693372e-05 0.00023566103295529137 1.8042223284588638e-05 -0.00011602580034351229 -0.00023644070835534856 -5.6293833146081935e-05 0.00033480557845501515 6.6455904963702919e-05 -0.00014814601156829413 0.00021971988035670101 -6.2462762578200143e-05 1.4994584590360468e-05 0.00019503984798101967 -1.8412047031911185e-05 -6.6461225343923642e-05 -1.7260691658179363e-05
leaf_weight=477065 14777 424 650 1907 776 455 417 540 472 547 456 720 491 504 13646 512 33079 2459 517 432 473 681 3149 776 433 1039 720 6012 3417 1923
leaf_count=477065 14777 424 650 1907 776 455 417 540 472 547 456 720 491 504 13646 512 33079 2459 517 432 473 681 3149 776 433 1039 720 6012 3417 1923
internal_value=1.5024e-07 -3.79778e-05 1.26703e-06 6.85512e-05 0.000166695 0.000282096 8.01953e-07 -4.91219e-05 -6.18365e-05 -0.000168972 -5.82693e-05 -3.63093e-05 -3.17317e-05 9.46803e-05 1.5865e-06 1.77319e-05 1.57685e-05 4.45412e-06 -3.98475e-05 -2.9051e-05 4.87833e-05 0.000178378 -3.72539e-07 -5.68217e-05 0.000118974 -0.000107733 0.000101116 -4.68512e-05 -2.13638e-05 3.69712e-05
internal_weight=569469 16196 553273 3788 1881 1105 549485 8492 8075 1543 996 6532 15772 995 540993 58531 58019 43219 10140 9623 14800 1154 482462 5397 1209 4188 1152 8471 6060 2643
internal_count=569469 16196 553273 3788 1881 1105 549485 8492 8075 1543 996 6532 15772 995 540993 58531 58019 43219 10140 9623 14800 1154 482462 5397 1209 4188 1152 8471 6060 2643
is_linear=0
shrinkage=0.03


Tree=61
num_leaves=31
num_cat=0
split_feature=30 38 28 0 8 9 5 0 28 1 10 7 10 22 6 12 38 26 1 6 5 3 1 15 35 6 24 28 8 39
split_gain=0.0311352 0.0360647 0.0301242 0.0270452 0.0512297 0.0286785 0.0308535 0.0483311 0.026369 0.0621914 0.0312437 0.0444889 0.0444814 0.034536 0.0258348 0.0663 0.0232894 0.0202965 0.0182018 0.0168268 0.0200165 0.0219307 0.0229438 0.0379945 0.0191267 0.0191545 0.0321128 0.0198859 0.018206 0.0225693
threshold=0.39151957631111151 -0.49664428830146784 -0.070949185639619813 0.46441236138343817 0.010135597549378874 0.19056183844804767 0.29026618599891668 0.49103121459484106 -0.35231085121631617 0.47966079413890844 0.17781506478786471 0.24460320174694064 0.33858561515808111 -0.38581016659736628 0.32373654842376715 0.43310962617397314 0.11754836142063142 0.39198911190032965 0.48586554825305944 0.4339232742786408 0.080532368272542967 0.49283143877983099 0.45307256281375891 0.27815064787864691 0.36581273376941686 0.27523735165596014 0.32465183734893804 -0.16440654546022412 0.36497211456298834 0.44525898993015295
decision_type=2 8 2 2 2 2 10 2 2 2 2 2 2 10 8 2 10 2 2 10 10 2 2 2 2 10 2 2 2 2
left_child=16 2 -2 -3 5 -5 7 -7 9 -6 -10 12 -12 -13 -15 18 17 -1 -16 24 -21 22 28 -24 -18 -26 -27 -28 29 -22
right_child=1 3 -4 4 8 6 -8 -9 10 -11 11 13 -14 14 15 -17 19 -19 -20 20 21 -23 23 -25 25 26 27 -29 -30 -31
leaf_value=4.3948169138413651e-06 0.00025559219651371347 -1.6109263964750842e-05 -4.2132358521806372e-06 8.8398869490742033e-06 -0.00016070393616320874 -0.00029645079510630509 -0.00039499106786163377 5.8554964225197308e-05 0.00015573339238102182 0.0003071224874731177 -6.7070717690343319e-05 0.0002251541247018818 -0.00039630593462722821 9.4352244237021158e-05 -0.0001486601977256 0.00015040947725665705 -4.7721187484946955e-06 2.8852240453083837e-05 -0.0004328351840493244 -9.7223304209671533e-05 4.6518323986581742e-05 -0.00011276870735253816 -7.9318567791882991e-06 0.00033060085531641336 -4.8115952713913581e-05 -3.4830060971210391e-05 0.00027643587505892393 4.9800167557752765e-05 -3.6589986483336199e-05 0.00027332279000731417
leaf_weight=279963 760 54330 839 558 429 826 698 583 551 606 850 467 650 646 415 460 157049 34268 419 1031 6098 770 550 641 18081 3073 548 943 2310 413
leaf_count=279963 760 54330 839 558 429 826 698 583 551 606 850 467 650 646 415 460 157049 34268 419 1031 6098 770 550 641 18081 3073 548 943 2310 413
internal_value=-4.59346e-07 -2.01571e-05 0.000120093 -2.37646e-05 -7.46647e-05 -0.000182334 -0.000232765 -0.000150183 -2.21913e-05 0.00011353 -5.38848e-05 -8.37691e-05 -0.000211419 -3.67432e-06 -5.96304e-05 -0.000136637 2.0371e-06 7.06282e-06 -0.000294866 -6.20921e-06 2.8459e-05 4.0556e-05 5.24486e-05 0.000175503 -8.48974e-06 -3.42589e-05 2.0623e-05 0.000134384 3.5654e-05 6.13019e-05
internal_weight=569825 64087 1599 62488 8158 2665 2107 1409 5493 1035 4458 3907 1500 2407 1940 1294 505738 314231 834 191507 11813 10782 10012 1191 179694 22645 4564 1491 8821 6511
internal_count=569825 64087 1599 62488 8158 2665 2107 1409 5493 1035 4458 3907 1500 2407 1940 1294 505738 314231 834 191507 11813 10782 10012 1191 179694 22645 4564 1491 8821 6511
is_linear=0
shrinkage=0.03


Tree=62
num_leaves=31
num_cat=0
split_feature=8 0 15 1 7 26 26 11 38 19 30 8 30 0 7 3 1 26 11 8 15 26 31 25 6 0 1 31 26 1
split_gain=0.0257752 0.0297493 0.0280164 0.0247507 0.060101 0.0370749 0.0299211 0.0286865 0.0238947 0.0235741 0.0213741 0.021028 0.0209019 0.0324582 0.0549618 0.0388801 0.0477744 0.025317 0.0204649 0.0204001 0.0192562 0.0197069 0.0186324 0.0177168 0.0245431 0.0166475 0.0243471 0.0220353 0.0170376 0.0163967
threshold=-0.49277968704700464 0.40614514052867895 -0.16440654546022412 0.49664428830146795 -0.036877427250146859 0.40533427894115454 0.19804988801479342 0.48615899682044988 0.47318433225154882 0.34589572250843054 0.37251612544059759 0.48431348800659185 0.39151957631111151 0.47696729004383093 0.41844293475151068 0.39151957631111151 0.47069558501243597 0.24460320174694064 0.47976386547088629 0.36581273376941686 0.15817375481128695 0.38475373387336737 -0.026120857335627076 0.49221777915954595 0.46743549406528478 0.49103121459484106 0.47069558501243597 -0.019842519424855706 -0.19175507128238675 0.48586554825305944
decision_type=2 2 2 2 2 2 2 2 10 10 2 2 2 2 2 2 2 2 2 2 2 2 2 2 8 2 2 2 2 2
left_child=1 18 -3 8 -5 6 7 -6 12 10 -7 29 20 -14 15 16 -15 -17 -1 22 21 23 -19 -2 -25 26 -22 -27 -28 -10
right_child=3 2 -4 4 5 9 -8 -9 11 -11 -12 -13 13 14 -16 17 -18 19 -20 -21 25 -23 -24 24 -26 27 28 -29 -30 -31
leaf_value=-5.8482499796257679e-06 5.2591133943396393e-06 -3.4013816859859974e-05 -0.00036526301530358295 0.00033992443006885154 -0.00011706681124606958 0.00015229666838184266 0.00025467103026812762 0.0001687012699096575 -2.3553294439096571e-05 -0.00027672166330485631 -0.00010799270966021825 -0.00019740684351295378 -8.8935235552596466e-06 -0.00013275723438038712 0.0001242212877489995 -0.00036682891286019627 0.00019092460887213121 -0.00038408404073754651 -0.00015438006674227005 -1.1629097773889994e-05 -5.8409506621782399e-06 2.788744988999226e-05 -0.00010570366762634829 2.5096328140178494e-06 -0.0002876400563960684 -0.00029320938464715815 -7.3632536315582564e-05 1.8021422499399052e-05 0.00013438606647219706 -0.00021165732135671343
leaf_weight=4564 282491 421 502 633 656 433 782 592 14124 405 781 691 53205 1372 890 716 574 412 1012 592 160285 37669 466 641 434 406 434 401 1796 420
leaf_count=4564 282491 421 502 633 656 433 782 592 14124 405 781 691 53205 1372 890 716 574 412 1012 592 160285 37669 466 641 434 406 434 401 1796 420
internal_value=2.28117e-08 -5.93334e-05 -0.000216157 7.09886e-07 7.24763e-05 2.52793e-05 0.000110437 1.87533e-05 1.57892e-07 -8.15189e-05 -1.4669e-05 -3.6884e-05 1.19825e-06 -1.5783e-05 -8.86105e-05 -0.000134642 -3.67947e-05 -0.000221183 -3.30337e-05 -0.000148243 3.2391e-06 7.5033e-06 -0.000239187 4.79457e-06 -0.000116201 -5.14801e-06 -4.46865e-06 -0.00014023 9.37537e-05 -2.9127e-05
internal_weight=568800 6499 923 562301 4282 3649 2030 1248 558019 1619 1214 15235 542784 58227 5022 4132 1946 2186 5576 1470 484557 321235 878 283566 1075 163322 162515 807 2230 14544
internal_count=568800 6499 923 562301 4282 3649 2030 1248 558019 1619 1214 15235 542784 58227 5022 4132 1946 2186 5576 1470 484557 321235 878 283566 1075 163322 162515 807 2230 14544
is_linear=0
shrinkage=0.03


Tree=63
num_leaves=31
num_cat=0
split_feature=38 10 15 26 1 29 8 17 8 35 12 1 0 12 11 35 35 36 5 11 30 5 35 17 21 16 38 35 21 38
split_gain=0.0227294 0.030963 0.0305927 0.0212347 0.0202928 0.0559732 0.0414017 0.023927 0.0175083 0.0302749 0.0175839 0.0170193 0.0340471 0.0154807 0.0208479 0.025109 0.0240459 0.023402 0.0207333 0.019644 0.0196239 0.0251022 0.0192328 0.0316531 0.0264119 0.0211254 0.0232979 0.0187768 0.0186317 0.0165922
threshold=0.35198226571083074 0.49664428830146795 -0.48653183877468104 0.19804988801479342 0.49664428830146795 -0.39930471777915949 0.33277405798435217 0.19098299741744998 -0.48653183877468104 0.47318433225154882 0.48662193119525915 0.31881627440452581 0.47118844091892248 0.15747082233428958 0.43962624669075018 0.48625412583351141 0.28454907238483435 0.29197315871715551 0.44561520218849188 0.38509631156921392 0.39849410951137548 0.30695703625679022 0.030252186581492427 0.38509631156921392 0.45986577868461614 0.32554237544536596 0.4385290145874024 -0.43286086618900294 0.39273729920387274 0.45307256281375891
decision_type=10 2 2 2 2 2 2 2 2 2 2 2 2 2 2 2 2 2 8 2 2 10 2 2 10 2 10 2 10 10
left_child=4 2 -2 -3 8 -6 -7 -8 9 10 -1 12 -4 19 17 16 27 20 -18 -13 21 -15 24 25 -19 26 -24 -16 -23 -29
right_child=1 3 11 -5 5 6 7 -9 -10 -11 -12 13 -14 14 15 -17 18 22 -20 -21 -22 28 23 -25 -26 -27 -28 29 -30 -31
leaf_value=-1.3062222071396533e-05 -0.00022219647707000261 0.00026178662420286465 -8.9372567443863179e-06 -1.1120251561321008e-05 0.0003595766121032044 0.00026204704997984785 -8.6607109679353767e-05 0.00015609897032312612 2.9275110416813419e-06 -0.00029309049100454375 -0.00016830714170993716 -1.7700715016205603e-05 0.00025263228896964539 -5.8999725018374346e-05 -7.3492879765758338e-05 0.00019921356612985619 -2.5167029923723206e-05 -0.00010251742674127216 -0.00029666847561267689 0.00019444900838355253 -0.00019678894676449283 1.9660798376604317e-05 -2.3504514777590225e-05 -0.00026128299505220388 0.00015228783947240397 6.6613173654978276e-05 -0.00026863788135917023 9.1809526929166385e-06 0.0002955718279812625 0.00026038196073287874
leaf_weight=6639 633 603 64597 440 520 512 1718 454 472443 401 719 7341 441 1273 760 490 569 1734 449 405 416 474 704 1600 454 598 686 511 404 432
leaf_count=6639 633 603 64597 440 520 512 1718 454 472443 401 719 7341 441 1273 760 490 569 1734 449 405 416 474 704 1600 454 598 686 511 404 432
internal_value=1.67535e-07 -1.40408e-05 -1.60426e-05 0.000147646 2.6959e-06 7.78273e-05 2.21089e-05 -3.53928e-05 2.193e-06 -4.24774e-05 -2.84401e-05 -1.44691e-05 -7.12508e-06 -3.92009e-05 -6.11853e-05 3.77114e-06 -3.20249e-05 -8.61599e-05 -0.000146637 -6.37205e-06 -1.0728e-05 2.6e-05 -0.000119607 -0.00016229 -4.91942e-05 -8.17084e-05 -0.000145539 3.69425e-05 0.000148516 0.000125784
internal_weight=569420 86014 84971 1043 483406 3204 2684 2172 480202 7759 7358 84338 65038 19300 11554 3211 2721 8343 1018 7746 2567 2151 5776 3588 2188 1988 1390 1703 878 943
internal_count=569420 86014 84971 1043 483406 3204 2684 2172 480202 7759 7358 84338 65038 19300 11554 3211 2721 8343 1018 7746 2567 2151 5776 3588 2188 1988 1390 1703 878 943
is_linear=0
shrinkage=0.03


Tree=64
num_leaves=31
num_cat=0
split_feature=18 8 16 0 28 31 6 15 24 36 4 36 22 5 6 28 6 13 4 36 13 18 16 35 25 21 0 35 26 0
split_gain=0.0175219 0.0317008 0.0276444 0.0364545 0.0314017 0.0268051 0.0230467 0.0212209 0.0207173 0.0204959 0.020316 0.0186578 0.0221743 0.0305409 0.0401033 0.0256665 0.0267371 0.0211971 0.0193013 0.0180293 0.0395654 0.0179003 0.0171007 0.0253094 0.0256475 0.0263807 0.0241527 0.022176 0.0194367 0.0280862
threshold=0.33208893239498144 0.49245272576808935 0.21803475916385653 0.29932886362075811 -0.37241181731224055 -0.1450444087386131 0.44881153106689459 -0.083612978458404527 0.45986577868461614 0.48406349122524267 0.47132579982280737 0.48662193119525915 -0.19795162230730054 0.47570809721946722 0.39712753891944891 -0.23817513883113858 0.088010776787996306 0.39273729920387274 0.11776661872863771 0.45202739536762243 0.28466880321502691 -0.37915775179862971 0.34489440917968756 -0.27872478961944575 0.29820537567138677 0.32449445128440862 0.38509631156921392 0.49118925631046301 0.37831963598728185 0.41950166225433355
decision_type=2 2 2 2 2 2 10 2 2 2 2 2 8 8 8 2 10 2 2 2 2 2 2 2 2 10 2 2 2 2
left_child=1 9 4 5 -3 -4 -2 10 19 22 -6 18 13 14 15 -13 -17 -14 -11 -8 -21 -20 28 24 -24 -26 -27 -25 29 -1
right_child=6 2 3 -5 7 -7 8 -9 -10 11 -12 12 17 -15 -16 16 -18 -19 21 20 -22 -23 23 27 25 26 -28 -29 -30 -31
leaf_value=4.8880626867429193e-06 -1.5370821207022543e-05 0.00036509028130722181 0.00027425150596133065 -0.00023592317349635105 -7.9398499188144774e-05 -3.687890984712287e-05 3.4963572829603539e-05 0.00027991302478566529 -0.00012110267556955317 -8.9662463766368094e-07 0.00014726521682151565 -0.00014848297394260567 1.6249554644741573e-05 -0.00017378220594382719 0.00029882623769237129 0.00021490544036379484 -4.0568646246939007e-05 -0.00015663032941488585 -0.0003017202343047059 0.0003647453434940562 -2.4434488538237679e-05 -8.061085905560244e-05 -6.0350434216637737e-06 -1.7775709386625839e-05 -5.3215946919069941e-05 7.4952010632003548e-05 0.00029026366567869936 -0.00017033988605900298 2.3211168102175631e-05 -3.583687092018194e-05
leaf_weight=318514 90201 488 401 446 675 628 6078 420 657 749 732 600 1112 514 564 703 758 1483 655 475 454 673 12349 55938 1328 4972 510 861 48766 15997
leaf_count=318514 90201 488 401 446 675 628 6078 420 657 749 732 600 1112 514 564 703 758 1483 655 475 454 673 12349 55938 1328 4972 510 861 48766 15997
internal_value=4.23428e-07 2.82423e-06 8.91232e-05 -1.23854e-05 0.000153574 8.58408e-05 -1.11261e-05 9.53976e-05 3.87864e-05 2.12204e-06 3.87317e-05 -4.60348e-05 -1.8046e-05 3.55543e-05 7.70484e-05 1.52082e-05 8.29849e-05 -8.27705e-05 -0.000122847 5.39293e-05 0.000176319 -0.000191107 2.94211e-06 -1.00611e-05 1.97484e-05 6.64436e-05 9.54749e-05 -2.0118e-05 5.51929e-06 2.9395e-06
internal_weight=568701 470836 3790 1475 2315 1029 97865 1827 7664 467046 1407 7811 5734 3139 2625 2061 1461 2595 2077 7007 929 1328 459235 75958 19159 6810 5482 56799 383277 334511
internal_count=568701 470836 3790 1475 2315 1029 97865 1827 7664 467046 1407 7811 5734 3139 2625 2061 1461 2595 2077 7007 929 1328 459235 75958 19159 6810 5482 56799 383277 334511
is_linear=0
shrinkage=0.03


Tree=65
num_leaves=31
num_cat=0
split_feature=0 26 23 24 39 23 7 22 15 25 7 25 8 32 24 4 8 0 2 35 38 24 6 2 26 5 39 35 28 15
split_gain=0.0214264 0.0450759 0.0573103 0.0349794 0.0300255 0.0472256 0.0306788 0.0284921 0.0258967 0.0257874 0.0245293 0.0223272 0.025246 0.021813 0.0241438 0.0381982 0.0246377 0.0209753 0.023532 0.0275173 0.0199465 0.0474 0.019921 0.0198261 0.029761 0.0196346 0.0243338 0.0195547 0.0184974 0.0177243
threshold=0.46441236138343817 -0.21137479692697522 0.38500662147998815 0.48615899682044988 0.49227787554264074 0.46441236138343817 0.47705537080764776 -0.49664428830146784 -0.47306366264820093 0.466554805636406 0.13743132352828982 0.21815130859613421 0.050361584872007377 -0.32545009255409235 0.31167945265769964 0.25707611441612249 -0.32572281360626215 0.49664428830146795 0.47318433225154882 0.49307949841022497 -0.1450444087386131 0.466554805636406 -0.0043863023165613404 0.47665333747863775 0.43310962617397314 0.26718233525753027 0.4641572386026383 0.43962624669075018 -0.33881792426109308 0.31153479218482977
decision_type=2 2 2 2 2 2 2 8 2 2 2 2 2 2 2 2 2 2 2 2 8 2 8 2 2 8 2 2 2 2
left_child=29 3 7 13 6 9 8 -3 -4 -6 11 28 25 -2 16 22 -15 18 19 -12 -14 -22 -16 -10 -25 26 -13 -20 -9 -1
right_child=1 2 4 -5 5 -7 -8 10 23 -11 17 12 20 14 15 -17 -18 -19 27 -21 21 -23 -24 24 -26 -27 -28 -29 -30 -31
leaf_value=3.3540788213476273e-06 7.2507904745986913e-05 0.0001288720008334476 -0.00024120721499113653 -0.00032174512663656502 0.00011874389347772979 -2.9378455307305014e-05 0.00019681637694765513 0.00014487288619420726 5.8420459379417149e-05 0.00038257188452442512 -3.1507199743203736e-05 -0.00034626224423974395 -0.00018964770111858979 -0.00033522056212749348 -7.2062627633474004e-05 -0.00024585885244449211 -6.7532275891149488e-05 0.00014591460017460056 3.5353380384361207e-06 0.0001989153075814558 -0.00015254170635043389 0.00024919014860559825 0.00019632130916177694 -0.00029641049809118282 5.2682644635974864e-05 -0.00040804235775783064 -5.3142691791093147e-05 -0.00024622707699945164 -7.1077911866484648e-05 -1.0425876289679719e-05
leaf_weight=443057 664 766 408 639 633 791 699 428 2197 726 3336 415 811 682 455 504 571 638 454 532 659 427 529 401 467 449 648 734 1926 103652
leaf_count=443057 664 766 408 639 633 791 699 428 2197 726 3336 415 811 682 455 504 571 638 454 532 659 427 529 401 467 449 648 734 1926 103652
internal_value=-4.41913e-07 -2.90676e-05 -9.25273e-06 -0.000119688 6.40161e-05 0.000154812 1.69673e-05 -4.71703e-05 -1.96916e-05 0.00026145 -5.90424e-05 -0.000102621 -0.000151587 -8.09376e-05 -0.000118238 -3.60904e-05 -0.000214734 -1.48336e-05 -3.53659e-05 6.16041e-07 -7.80572e-05 6.24607e-06 7.27445e-05 1.04842e-05 -0.000110131 -0.000242721 -0.000169738 -0.000151546 -3.13674e-05 7.41358e-07
internal_weight=569298 22589 18545 4044 6322 2150 4172 12223 3473 1359 11457 5763 3409 3405 2741 1488 1253 5694 5056 3868 1897 1086 984 3065 868 1512 1063 1188 2354 546709
internal_count=569298 22589 18545 4044 6322 2150 4172 12223 3473 1359 11457 5763 3409 3405 2741 1488 1253 5694 5056 3868 1897 1086 984 3065 868 1512 1063 1188 2354 546709
is_linear=0
shrinkage=0.03


Tree=66
num_leaves=31
num_cat=0
split_feature=38 15 26 11 26 25 15 30 2 39 2 7 38 8 24 35 38 39 5 38 23 24 39 21 37 35 18 18 39 35
split_gain=0.0208428 0.0247466 0.0239536 0.0192389 0.0165644 0.0389502 0.0268678 0.0221602 0.0241114 0.0343525 0.0138642 0.0275978 0.0119996 0.0186615 0.0154925 0.0138827 0.0296788 0.0245002 0.0213673 0.0241996 0.0211137 0.0192082 0.0115238 0.0113933 0.012561 0.0114429 0.0113874 0.0113773 0.0116852 0.0112631
threshold=0.16554810106754306 -0.42605021595954889 -0.45970448851585383 0.49111093580722814 0.39198911190032965 0.48586554825305944 -0.45298065245151514 0.47683362662792211 0.47665333747863775 0.39822661876678472 0.39966443181037908 0.2382863983511925 -0.2719943225383758 0.39198911190032965 0.47993287444114691 0.47705537080764776 -0.4798318743705749 0.33277405798435217 0.45017729699611669 -0.4798318743705749 0.29180648922920233 0.45782060921192175 0.39966443181037908 0.38593547046184545 -0.29863440990447992 0.11754836142063142 -0.19847105443477628 -0.47306366264820093 0.43310962617397314 0.41950166225433355
decision_type=10 2 2 2 2 2 2 2 2 2 2 2 8 2 2 2 10 2 8 10 2 2 2 8 2 2 2 2 2 2
left_child=4 2 -2 10 29 7 -7 12 9 -9 -4 -12 15 -14 23 17 -17 -6 19 -19 -18 -21 -13 24 25 -15 -26 28 -3 -1
right_child=1 27 3 -5 5 6 -8 8 -10 -11 11 22 13 14 -16 16 20 18 -20 21 -22 -23 -24 -25 26 -27 -28 -29 -30 -31
leaf_value=3.9163552497257955e-06 -0.00022685991127614758 -3.2795904404886953e-05 -3.1630031184195316e-05 0.00013852007093828435 3.3586329486915751e-05 0.00037984917783089728 5.5370675058350399e-05 -1.8306833283599339e-05 0.00010244731268934762 -0.0003552736875738508 -0.00034303774963428572 -0.00014504618639086102 2.3352727209387186e-05 -4.543131285555996e-05 -0.00020496354067672776 -0.00021210371899185092 -5.9395907191224177e-05 0.00029839362426502432 0.00031527605598911598 0.00012364074184678214 0.00020540914174454905 -8.1107651202448703e-05 5.3434289864917222e-05 0.00012509652663030314 -0.00015982375538669099 0.00015635343137664694 -3.3744322009520029e-05 -4.5582394817926952e-06 -0.00020380486360926752 -1.8978789497129917e-05
leaf_weight=315450 712 1306 4215 470 9980 443 474 617 400 479 414 571 21306 483 447 563 625 413 482 1058 464 663 474 421 804 513 3143 180442 489 20591
leaf_count=315450 712 1306 4215 470 9980 443 474 617 400 479 414 571 21306 483 447 563 625 413 482 1058 464 663 474 421 804 513 3143 180442 489 20591
internal_value=7.22939e-07 -7.415e-06 -6.33262e-05 -4.40372e-05 4.7745e-06 2.21299e-05 0.000214532 1.79644e-05 -9.50889e-05 -0.000167457 -5.93762e-05 -0.000138773 2.20751e-05 1.03557e-05 -3.72563e-05 4.43568e-05 -3.7237e-05 5.50791e-05 0.000136633 9.50016e-05 5.42744e-05 4.47504e-05 -5.53646e-05 -2.29253e-05 -3.57596e-05 5.90211e-05 -5.97656e-05 -5.30819e-06 -8.02538e-05 2.51293e-06
internal_weight=568912 189093 6856 6144 379819 43778 917 42861 1496 1096 5674 1459 41365 27117 5811 14248 1652 12596 2616 2134 1089 1721 1045 5364 4943 996 3947 182237 1795 336041
internal_count=568912 189093 6856 6144 379819 43778 917 42861 1496 1096 5674 1459 41365 27117 5811 14248 1652 12596 2616 2134 1089 1721 1045 5364 4943 996 3947 182237 1795 336041
is_linear=0
shrinkage=0.03


Tree=67
num_leaves=31
num_cat=0
split_feature=38 0 30 30 21 39 0 13 7 29 24 24 12 30 30 5 21 22 38 29 27 12 39 28 28 5 38 12 35 19
split_gain=0.0207458 0.0255277 0.0343316 0.0581662 0.0304161 0.0246674 0.0209675 0.0264264 0.0371039 0.0234439 0.0210686 0.0185924 0.0236109 0.0311884 0.0198034 0.0233814 0.0300606 0.0397477 0.0271638 0.0306586 0.022838 0.0226683 0.0181561 0.034688 0.0333918 0.0247625 0.0564505 0.0220631 0.0185829 0.0183202
threshold=0.16554810106754306 0.49215674400329595 0.42620199918746954 0.37159061431884771 0.27865724265575414 0.49118925631046301 0.49664428830146795 0.48418948054313665 0.22491610795259478 -0.1383797079324722 0.47094413638114935 0.466554805636406 0.42508503794670111 0.45753696560859686 0.20462171733379367 0.24020861089229587 -0.1383797079324722 -0.15097505599260327 -0.41272504627704615 -0.1450444087386131 0.27854746580123907 0.23789755254983905 0.45782060921192175 -0.045141067355871194 0.1245805360376835 0.4385290145874024 -0.17829126864671704 0.38593547046184545 0.47318433225154882 -0.34561291337013239
decision_type=10 2 2 2 10 2 2 2 2 2 2 2 2 2 2 8 8 8 8 2 2 2 2 2 2 10 8 2 2 8
left_child=6 -2 3 5 -4 -3 11 8 9 -8 -10 22 14 -14 20 21 18 -18 19 -17 -13 -16 28 25 -25 -24 -27 29 -1 -26
right_child=1 2 4 -5 -6 -7 7 -9 10 -11 -12 12 13 -15 15 16 17 -19 -20 -21 -22 -23 23 24 27 26 -28 -29 -30 -31
leaf_value=4.9334303130048038e-06 -6.353910775019021e-06 -0.00018871005847442517 -0.00013258403109381406 -0.00049202188506748071 0.00020391286563722593 9.3547557431496921e-05 0.00019470846833249646 -8.1293116955666013e-05 0.00011937228468021818 -7.5929468732711985e-05 0.00040241851806500353 -5.5180921885609805e-05 -2.4803688062022725e-05 0.00030482675953129887 -6.1920496506932712e-05 -0.000172824973055267 0.0001490841299070403 -0.00020077543906108739 -9.4504274498201488e-05 -0.00052157525791255636 0.00011465053371140429 0.00011274860840815598 5.9152495773348392e-05 -0.00016353078986271761 0.00028737597813135546 0.0003736017636311719 -5.4666061552909791e-05 -9.5780157422889633e-05 -5.0388763106790641e-05 3.1409939979291788e-05
leaf_weight=351294 186625 697 464 408 484 452 448 650 451 767 517 1626 689 402 3603 543 605 547 917 400 1253 811 4351 1117 400 733 438 605 5541 659
leaf_count=351294 186625 697 464 408 484 452 448 650 451 767 517 1626 689 402 3603 543 605 547 917 400 1253 811 4351 1117 400 733 438 605 5541 659
internal_value=4.82614e-07 -7.6337e-06 -0.000102575 -0.000188809 3.95492e-05 -7.78249e-05 4.52902e-06 8.5695e-05 0.000135561 2.46361e-05 0.000273114 3.91608e-06 -3.38017e-05 9.83205e-05 -4.78714e-05 -7.37387e-05 -0.000138044 -1.73366e-05 -0.000212312 -0.000324678 1.88742e-05 -2.96456e-05 5.09415e-06 4.89225e-05 -3.7394e-05 9.23825e-05 0.000214306 4.77495e-05 4.07299e-06 0.000129876
internal_weight=568497 189130 2505 1557 948 1149 379367 2833 2183 1215 968 376534 11396 1091 10305 7426 3012 1152 1860 943 2879 4414 365138 8303 2781 5522 1171 1664 356835 1059
internal_count=568497 189130 2505 1557 948 1149 379367 2833 2183 1215 968 376534 11396 1091 10305 7426 3012 1152 1860 943 2879 4414 365138 8303 2781 5522 1171 1664 356835 1059
is_linear=0
shrinkage=0.03


Tree=68
num_leaves=31
num_cat=0
split_feature=9 5 6 13 35 38 29 9 18 6 11 35 14 18 36 0 13 26 22 3 36 4 35 35 5 24 14 35 38 9
split_gain=0.0208463 0.0211586 0.0211656 0.0266313 0.019465 0.0250149 0.0156868 0.0349515 0.0522786 0.0265235 0.0258115 0.028455 0.0375441 0.0400884 0.027186 0.04615 0.0265979 0.0197959 0.0221968 0.0195737 0.0473747 0.019319 0.0150595 0.0315082 0.0289295 0.026624 0.0143011 0.0140202 0.0147204 0.0135352
threshold=-0.49277968704700464 -0.24042131006717679 -0.48742088675498957 0.28466880321502691 0.37251612544059759 0.42490601539611822 -0.21803475916385648 0.49293276667594915 -0.3656089305877685 0.4752576351165772 0.29828247427940374 0.49664428830146795 -0.43286086618900294 -0.28521004319190973 0.49288246035575872 0.49103121459484106 0.47683362662792211 -0.34589572250843043 0.13091243803501132 0.49664428830146795 0.45986577868461614 0.41950166225433355 0.49307949841022497 0.48625412583351141 0.25576958060264593 0.38593547046184545 -0.10399362072348593 0.49664428830146795 -0.49664428830146784 -0.17802415043115613
decision_type=2 8 10 2 2 8 2 2 2 8 2 2 2 2 2 2 2 2 10 2 2 2 2 2 8 2 2 2 8 2
left_child=1 2 -1 -4 5 -3 7 -2 9 -9 27 14 -13 -14 22 17 -17 -16 -19 20 -10 -15 23 29 -25 -26 -5 28 -8 -12
right_child=6 4 3 26 -6 -7 10 8 19 -11 11 12 13 21 15 16 -18 18 -20 -21 -22 -23 -24 24 25 -27 -28 -29 -30 -31
leaf_value=2.1994682101997921e-05 5.9692039922667743e-06 -2.4178801322487163e-05 -5.1965850929878184e-05 -0.00016187951109211102 -0.00019415061244084853 0.00019070065803699317 0.00011292332617643923 0.00013588562678353328 -5.3072058483146958e-05 0.00046968372761716171 3.8206947329909536e-06 -0.00011036555729879819 0.00042821645026383412 0.00019828240902323768 0.00011446070610682839 -0.00013227728222927959 -0.00045018795375963968 -9.49420979341838e-06 -0.00026237885116731302 -0.00011654365005067815 0.00033112425044991485 -6.6498787014560075e-05 -0.00016819520030526903 -5.0259489894768999e-05 6.8601807809673648e-05 0.00040010039860263389 -0.00040751697338705202 -0.00012573062146114392 5.1690609044688468e-07 -2.5872158097363223e-05
leaf_weight=616 156563 3198 760 424 471 565 1042 439 762 431 18070 561 400 516 607 531 436 1004 444 598 453 462 582 530 457 416 468 779 317922 58656
leaf_count=616 156563 3198 760 424 471 565 1042 439 762 431 18070 561 400 516 607 531 436 1004 444 598 453 462 582 530 457 416 468 779 317922 58656
internal_value=-7.77268e-07 -5.41451e-05 -0.000127873 -0.000183551 -1.44437e-05 8.50445e-06 -1.59608e-07 7.81283e-06 0.000114973 0.000304708 -3.3068e-06 -1.81399e-05 9.5156e-05 0.000179019 -2.0839e-05 -0.000108994 -0.000278757 -2.81476e-05 -8.83039e-05 2.27539e-05 9.17052e-05 7.37947e-05 -1.7441e-05 -1.62966e-05 0.00012409 0.000229309 -0.000293846 5.7524e-07 8.87647e-07 -1.88795e-05
internal_weight=569163 6502 2268 1652 4234 3763 562661 159246 2683 870 403415 83672 1939 1378 81733 3022 967 2055 1448 1813 1215 978 78711 78129 1403 873 892 319743 318964 76726
internal_count=569163 6502 2268 1652 4234 3763 562661 159246 2683 870 403415 83672 1939 1378 81733 3022 967 2055 1448 1813 1215 978 78711 78129 1403 873 892 319743 318964 76726
is_linear=0
shrinkage=0.03


Tree=69
num_leaves=31
num_cat=0
split_feature=12 27 8 13 6 2 3 7 1 14 23 0 30 39 18 39 0 26 25 36 23 25 3 38 36 19 18 7 10 8
split_gain=0.0324725 0.0297583 0.0417884 0.0343962 0.0270572 0.0406648 0.0266571 0.0264014 0.0255262 0.0249312 0.0230534 0.0323634 0.0480565 0.0218853 0.0196936 0.0191873 0.0190551 0.0270186 0.0187144 0.0356744 0.0184632 0.016663 0.0199454 0.0179393 0.0166596 0.0238271 0.0338145 0.0282212 0.0220144 0.0217714
threshold=0.39273729920387274 0.49664428830146795 0.49245272576808935 0.41289757192134863 0.21647667139768603 0.49095004796981817 0.48662193119525915 0.48406349122524267 0.49664428830146795 0.39273729920387274 0.4385290145874024 0.29151678085327154 0.41844293475151068 0.47696729004383093 0.063794087618589415 0.39822661876678472 0.21815130859613421 0.19775807857513431 0.49221777915954595 0.40614514052867895 0.34589572250843054 0.48662193119525915 0.46441236138343817 0.070341434329748168 0.42459291219711309 -0.39930471777915949 -0.43286086618900294 0.11071263998746873 0.4463686496019364 0.31229026615619665
decision_type=2 2 2 2 10 2 2 2 2 2 2 2 2 2 2 2 2 2 2 2 2 2 2 10 2 8 2 2 2 2
left_child=16 3 -3 8 5 10 9 -8 18 13 11 -5 -13 15 -4 -6 -1 21 -2 -20 24 22 -18 -24 -19 26 27 -26 29 -27
right_child=1 2 14 4 6 -7 7 -9 -10 -11 -12 12 -14 -15 -16 -17 17 20 19 -21 -22 -23 23 -25 25 28 -28 -29 -30 -31
leaf_value=5.7202700787916101e-06 -1.5946894735952543e-05 -5.6510892456484942e-06 7.9398796454755691e-05 -9.2398118135045683e-05 -0.00015369030296976494 0.00019365903760686545 -0.00036205830945117498 -9.3063329013014695e-05 0.00018037158227371687 7.2857452440458522e-05 -0.0002734622469114303 0.00032992223355912459 -0.00010509179441693336 -0.00029300768520624843 0.00032450271120023825 5.5450187999789679e-05 -2.06891414843961e-05 3.8022637939610354e-06 6.4160500726331691e-05 -0.00027823631556966356 3.4483525648511841e-05 -0.00020751000828928432 -1.1108337082611075e-05 0.00024859712750723668 -0.00019442193838319389 -0.00012992200630179739 0.00021574413431290851 0.00012917940591894902 -0.00028261532036030361 1.4303082414775544e-05
leaf_weight=367623 47258 2747 580 2683 1066 622 752 593 576 693 418 451 446 560 609 617 71259 44863 456 664 16065 414 483 463 584 2027 639 401 454 1749
leaf_count=367623 47258 2747 580 2683 1066 622 752 593 576 693 418 451 446 560 609 617 71259 44863 456 664 16065 414 483 463 584 2027 639 401 454 1749
internal_value=-3.63483e-07 -2.08943e-05 5.88273e-05 -2.63272e-05 -8.0542e-05 -3.00875e-05 -0.000134795 -0.000245023 -1.64552e-05 -8.36385e-05 -6.52938e-05 -4.02941e-05 0.000114854 -0.000132098 0.000206599 -7.71432e-05 2.13897e-06 -7.30522e-06 -1.88355e-05 -0.000139498 6.46695e-06 -1.99696e-05 -1.88657e-05 0.00011727 -2.41257e-06 -4.99661e-05 4.75055e-05 -6.27074e-05 -8.74117e-05 -6.32573e-05
internal_weight=568815 61791 3936 57855 8901 4620 4281 1345 48954 2936 3998 3580 897 2243 1189 1683 507024 139401 48378 1120 66782 72619 72205 946 50717 5854 1624 985 4230 3776
internal_count=568815 61791 3936 57855 8901 4620 4281 1345 48954 2936 3998 3580 897 2243 1189 1683 507024 139401 48378 1120 66782 72619 72205 946 50717 5854 1624 985 4230 3776
is_linear=0
shrinkage=0.03


Tree=70
num_leaves=31
num_cat=0
split_feature=11 3 0 8 31 25 5 0 4 4 18 38 7 24 25 27 36 6 0 38 20 27 11 35 20 6 8 7 7 27
split_gain=0.024977 0.0228707 0.0393358 0.0386655 0.0324105 0.0281042 0.0297988 0.0262585 0.0247956 0.0345316 0.0233371 0.0211799 0.0356334 0.0202046 0.0328581 0.026796 0.0199422 0.0194622 0.0173619 0.0334124 0.0393644 0.0299468 0.0343946 0.0282686 0.0443651 0.0310424 0.0379384 0.0231772 0.0240542 0.0228125
threshold=0.48615899682044988 0.49221777915954595 -0.46641474962234492 0.48662193119525915 0.21147392690181735 0.466554805636406 0.31848688423633581 0.33895461261272436 0.49664428830146795 0.48662193119525915 -0.39930471777915949 -0.49664428830146784 -0.27880360186100001 0.49215674400329595 0.43820796906948095 0.30546234548091894 0.42620199918746954 0.48512990772724157 0.49664428830146795 0.21815130859613421 0.4186519086360932 0.46465381979942327 0.29932886362075811 0.46399636566638952 0.48662193119525915 0.30875958502292639 0.37925247848033911 -0.33208893239498133 0.45782060921192175 0.43156538903713232
decision_type=2 2 2 2 2 2 8 2 2 2 2 8 2 2 2 2 2 8 2 10 10 2 2 2 10 8 2 2 2 2
left_child=11 3 -3 5 16 17 7 -7 9 -4 -8 12 -1 14 15 -14 -5 -2 23 21 -21 22 -20 -13 25 26 -25 -27 29 -29
right_child=1 2 8 4 -6 6 10 -9 -10 -11 -12 18 13 -15 -16 -17 -18 -19 19 20 -22 -23 -24 24 -26 27 -28 28 -30 -31
leaf_value=0.00024941627013579554 -1.4284372095272164e-05 9.0268404288780822e-05 -0.00015234120174672299 3.7958845435834552e-05 -0.00011747264754981304 -7.6289233979523271e-05 -0.00033983441318512984 0.00017901311385308861 -4.5306341912304069e-05 -0.0004738361729629435 -0.00011481456011217789 5.9175433319808758e-07 8.7927659425754914e-05 -0.00016638960054583978 0.00029306775561141875 -0.00013770034489760737 0.00028149858916291109 0.00020719046799382967 0.00027116449795025021 -0.00020887938472323968 0.00015940751884836176 0.00033453051136325896 -4.2802110774156322e-05 -9.0318102784804361e-05 -0.00030088217426672381 0.00013407433728575695 6.855188749445747e-05 3.279715554847899e-06 9.360432613442282e-05 -0.00013721582773462576
leaf_weight=788 1472 632 1003 510 423 1566 579 461 834 430 1468 534264 1279 423 423 739 747 461 482 641 427 540 862 8253 548 1243 1610 3366 1601 1495
leaf_count=788 1472 632 1003 510 423 1566 579 461 834 430 1468 534264 1279 423 423 739 747 461 482 641 427 540 862 8253 548 1243 1610 3366 1601 1495
internal_value=-6.60593e-07 -4.62897e-05 -0.000117943 -1.91491e-05 0.000107673 -5.47379e-05 -9.93573e-05 -1.76321e-05 -0.00017613 -0.000251427 -0.000179805 2.04341e-07 7.21155e-05 2.26349e-05 5.59362e-05 5.03017e-06 0.000183767 3.93295e-05 -2.69855e-07 7.21681e-05 -6.15208e-05 0.000147878 7.09671e-05 -6.58273e-07 -3.75032e-05 -2.91211e-05 -6.43416e-05 1.59889e-05 -6.89755e-06 -4.01227e-05
internal_weight=569570 10586 2899 7687 1680 6007 4074 2027 2267 1433 2047 558984 3652 2864 2441 2018 1257 1933 555332 2952 1068 1884 1344 552380 18116 17568 9863 7705 6462 4861
internal_count=569570 10586 2899 7687 1680 6007 4074 2027 2267 1433 2047 558984 3652 2864 2441 2018 1257 1933 555332 2952 1068 1884 1344 552380 18116 17568 9863 7705 6462 4861
is_linear=0
shrinkage=0.03


Tree=71
num_leaves=31
num_cat=0
split_feature=0 26 30 15 14 18 7 24 7 6 36 20 30 20 35 22 39 2 31 13 38 15 35 13 31 5 29 14 7 14
split_gain=0.0183493 0.0297899 0.0367484 0.0324223 0.0248594 0.0232453 0.0259589 0.0221525 0.0200405 0.0200201 0.0181541 0.0376219 0.0266726 0.0242743 0.0173045 0.0153281 0.0188145 0.0173523 0.0216931 0.0151729 0.0147818 0.0142199 0.0139432 0.0140835 0.0273792 0.013145 0.0130553 0.012797 0.0218277 0.0156979
threshold=0.26512607932090765 0.33842268586158758 0.24448499828577044 -0.49283143877983088 -0.49664428830146784 0.46474730968475347 0.49664428830146795 0.45986577868461614 0.37251612544059759 0.24385204911231997 0.43962624669075018 0.15780642628669742 0.010135597549378874 0.43868599832057958 0.32490874826908117 -0.4798318743705749 0.466554805636406 0.49221777915954595 0.27103835344314581 0.41289757192134863 0.16554810106754306 -0.32545009255409235 0.49118925631046301 0.49664428830146795 -0.10535266622900961 0.25955453515052801 -0.045776918530464165 -0.43286086618900294 0.43840885162353521 -0.038734316825866692
decision_type=2 2 2 2 2 2 2 2 2 10 2 10 2 10 2 10 2 2 2 2 8 2 2 2 2 10 2 2 2 2
left_child=22 2 10 8 9 6 15 21 -3 -4 -2 20 14 -14 -13 16 -5 -17 19 -19 25 -7 23 -1 26 -12 -25 28 -6 -29
right_child=1 3 4 5 27 7 -8 -9 -10 -11 11 12 13 -15 -16 17 -18 18 -20 -21 -22 -23 -24 24 -26 -27 -28 29 -30 -31
leaf_value=3.1652587290675247e-06 -1.0122793152577317e-05 4.7015248993809108e-05 0.00026308202542802827 -0.00011654848085451949 -0.00011779496933120159 6.2519950095685844e-05 0.00022392120932827788 -0.00029246869684552436 0.00034609283872410134 -2.6475905573655231e-05 -4.7896025815534183e-05 0.00037694234563749422 0.00016559910036455279 -0.00013490625194372886 0.00012388325866337298 1.8450229240286643e-05 5.9707192343590907e-05 -1.5183699176101855e-05 0.00010451881404203554 -0.0002341587782325563 -0.00014786825329396049 -0.00014579369835065868 0.00017131575685473915 -3.3308480703319083e-05 -0.00013962289590671229 0.0001218974061700514 0.00017756170838570791 -1.4839889397829773e-05 7.710331137694518e-05 -6.1717643976834009e-05
leaf_weight=432131 55668 403 407 1751 4285 606 503 409 401 440 1028 520 556 413 476 35104 782 474 407 709 650 557 432 638 1690 669 438 11346 581 14850
leaf_count=432131 55668 403 407 1751 4285 606 503 409 401 440 1028 520 556 413 476 35104 782 474 407 709 650 557 432 638 1690 669 438 11346 581 14850
internal_value=-8.42041e-08 -9.79146e-06 -1.93661e-05 1.11031e-05 -4.53716e-05 7.40602e-06 1.18937e-05 -0.000105371 0.000198601 0.000114109 -5.52604e-06 5.37042e-05 0.000150203 3.74502e-05 0.000258436 9.11851e-06 -6.21132e-05 1.40512e-05 -8.2578e-05 -0.000147283 -2.73826e-05 -3.76409e-05 2.90386e-06 2.73264e-06 -6.46236e-05 1.93628e-05 5.33736e-05 -4.97556e-05 -9.44137e-05 -4.14274e-05
internal_weight=569324 133995 91889 42106 31909 41302 39730 1572 804 847 59980 4312 1965 969 996 39227 2533 36694 1590 1183 2347 1163 435329 434897 2766 1697 1076 31062 4866 26196
internal_count=569324 133995 91889 42106 31909 41302 39730 1572 804 847 59980 4312 1965 969 996 39227 2533 36694 1590 1183 2347 1163 435329 434897 2766 1697 1076 31062 4866 26196
is_linear=0
shrinkage=0.03


Tree=72
num_leaves=31
num_cat=0
split_feature=0 35 19 25 16 11 11 30 5 35 35 11 28 13 28 8 30 18 12 14 24 25 3 35 31 13 4 25 28 0
split_gain=0.0174331 0.0201413 0.0168633 0.0413376 0.0153805 0.0185602 0.0240207 0.0163596 0.0208015 0.0254054 0.023051 0.0480928 0.0440057 0.0418615 0.0301563 0.0282941 0.0282201 0.0250576 0.018768 0.018361 0.0360692 0.0367446 0.0240631 0.0192641 0.0247525 0.028346 0.021943 0.0182827 0.0290842 0.0181167
threshold=0.24475421756505969 0.48625412583351141 0.49664428830146795 0.45701970160007482 -0.49277968704700464 0.43310962617397314 0.48615899682044988 0.24448499828577044 -0.32866927981376642 0.47993287444114691 0.49664428830146795 0.43801879882812506 -0.1843871399760246 0.48418948054313665 0.016816227696835998 0.21815130859613421 0.43962624669075018 -0.27872478961944575 -0.0074078137986361972 0.45801258087158209 0.47094413638114935 0.40614514052867895 0.31167945265769964 0.45307256281375891 -0.19204425811767575 0.31229026615619665 0.48393547534942633 0.3849239200353623 -0.26490327715873713 0.48662193119525915
decision_type=2 2 10 2 2 2 2 2 8 2 2 2 2 2 2 2 2 2 2 2 2 2 2 2 2 2 2 2 2 2
left_child=1 2 -1 -4 5 -2 -7 -6 9 27 13 14 -13 18 17 -15 -17 -12 29 23 21 22 -21 -20 25 -25 -26 -9 -29 -10
right_child=4 -3 3 -5 7 6 -8 8 10 -11 11 12 -14 15 -16 16 -18 -19 19 20 -22 -23 -24 24 26 -27 -28 28 -30 -31
leaf_value=2.8173817900323161e-06 -3.9034838014174078e-05 0.00017305391742831742 -1.9170409124887188e-05 -0.00033915442767068851 -3.0221755483152418e-06 0.00031570128927345891 3.9082805649539089e-05 -8.7946047984509013e-05 5.9572614097847411e-06 -0.00026686362072649825 3.3746643847978965e-05 0.00041848355772759147 3.0894916112637728e-05 -0.00035856683629875382 0.00012846037481016042 -0.00024687566468000176 -1.2241179364082542e-05 -0.00026616272618361424 -2.2831973717676299e-05 -5.2524499469532784e-05 0.00029952570469968568 -0.00016704826548176737 0.00022120670497803609 -9.5930540012105533e-05 -0.00014958802412093412 0.00013889441444129693 7.8394093472661125e-05 -0.00010471077511561685 0.00023458912640465619 0.00017312675537836826
leaf_weight=418365 784 613 2094 430 93026 459 719 3525 12530 582 441 519 529 440 621 701 1317 565 20146 511 419 751 646 1055 3633 808 418 451 440 602
leaf_count=418365 784 613 2094 430 93026 459 719 3525 12530 582 441 519 529 440 621 701 1317 565 20146 511 419 751 646 1055 3633 808 418 451 440 602
internal_value=-4.97141e-07 2.60247e-06 2.35011e-06 -7.48076e-05 -9.40635e-06 7.38142e-05 0.000148616 -1.054e-05 -2.40769e-05 -8.21843e-05 -1.78354e-05 6.75102e-05 0.000224981 -2.30409e-05 -3.46764e-05 -0.000143083 -9.45624e-05 -0.000135653 -1.59015e-05 -2.96168e-05 5.0971e-05 -4.88915e-06 0.000100897 -3.68296e-05 -8.43935e-05 6.11298e-06 -0.000125929 -5.72968e-05 6.35887e-05 1.37466e-05
internal_weight=568140 421502 420889 2524 146638 1962 1178 144676 51650 4998 46652 2675 1048 43977 1627 2458 2018 1006 41519 28387 2327 1908 1157 26060 5914 1863 4051 4416 891 13132
internal_count=568140 421502 420889 2524 146638 1962 1178 144676 51650 4998 46652 2675 1048 43977 1627 2458 2018 1006 41519 28387 2327 1908 1157 26060 5914 1863 4051 4416 891 13132
is_linear=0
shrinkage=0.03


Tree=73
num_leaves=31
num_cat=0
split_feature=0 30 26 13 21 6 22 3 0 36 3 2 0 38 4 36 6 6 31 5 28 5 36 2 31 0 1 28 22 24
split_gain=0.0225052 0.0291792 0.0352919 0.0371086 0.0413506 0.0360333 0.0274641 0.0339957 0.0304368 0.0292573 0.0273856 0.0253811 0.0241618 0.0232874 0.0229077 0.0268366 0.0213092 0.0321293 0.0197126 0.0196383 0.0184098 0.0201853 0.0183749 0.0249353 0.0349816 0.0228782 0.0191372 0.0185049 0.018278 0.023256
threshold=0.24475421756505969 0.2450322434306145 -0.2781506478786468 0.44500453770160681 0.097359016537666335 0.12815215438604358 -0.077681992202997194 0.48431348800659185 0.49664428830146795 0.48406349122524267 0.49221777915954595 0.48606254160404211 0.48662193119525915 -0.47212508320808405 0.29932886362075811 0.44500453770160681 0.40094549953937536 0.30455449223518377 -1.0000000180025095e-35 -0.47651654481887812 -0.36546541750431055 0.41188235580921179 0.45307256281375891 0.47318433225154882 -0.17109678685665128 -0.49664428830146784 -0.48653183877468104 -0.2250954136252403 -0.45970448851585383 0.28547459840774542
decision_type=2 2 2 2 10 10 8 2 2 2 2 2 2 10 2 2 10 8 2 10 2 10 2 2 2 2 2 2 8 2
left_child=19 -2 3 28 5 -5 8 12 10 -10 11 13 -8 14 15 -4 17 -14 -13 -1 -9 -22 -21 25 -25 27 -27 -24 -3 -30
right_child=1 2 6 4 -6 -7 7 20 9 -11 -12 18 16 -15 -16 -17 -18 -19 -20 22 21 -23 23 24 -26 26 -28 -29 29 -31
leaf_value=-2.0704536325377054e-05 -5.1718321175629441e-07 -0.00020260769681773808 -0.00011567252349481023 0.00010027590921746627 -0.00044033757482068834 -0.00026837335693129347 -1.9369610386469366e-05 1.9617702487898959e-05 0.00028637800341871128 3.451526019173316e-05 0.00018038164332944567 -1.2799774795914253e-05 -8.5240725968577927e-05 1.0971229537239366e-05 -0.00020764178758845894 0.00014177615425862918 4.518768279890269e-05 -0.00040719189154313679 -0.00029836628124898173 4.0229011412752017e-06 -3.613406605932096e-05 -0.00026427392486233519 3.5685608570068655e-05 0.00034936672923685947 5.4283635359711351e-05 0.00022013714757904764 2.8378900674892569e-05 -0.00022988521592135115 -7.6659351841921103e-05 5.2531216405149018e-05
leaf_weight=28853 94910 676 946 424 502 524 19668 436 638 1164 689 401 776 14991 905 579 415 432 468 385746 495 1203 421 543 1058 513 4535 521 4297 1761
leaf_count=28853 94910 676 946 424 502 524 19668 436 638 1164 689 401 776 14991 905 579 415 432 468 385746 495 1203 421 543 1058 513 4535 521 4297 1761
internal_value=-3.42019e-07 -1.04381e-05 -2.84075e-05 -8.55958e-05 -0.00022277 -0.000104167 -1.78031e-05 -4.00679e-05 7.30178e-06 0.000124776 -3.91188e-06 -1.09491e-05 -2.85868e-05 -3.01128e-06 -8.89627e-05 -1.76396e-05 -0.000139481 -0.000202773 -0.000168236 3.18063e-06 -0.000153947 -0.000198368 4.9332e-06 5.11249e-05 0.000155912 2.29042e-05 4.82629e-05 -0.000112068 -5.57722e-05 -3.90803e-05
internal_weight=569490 147300 52390 8184 1450 948 44206 23425 20781 1802 18979 18290 21291 17421 2430 1525 1623 1208 869 422190 2134 1698 393337 7591 1601 5990 5048 942 6734 6058
internal_count=569490 147300 52390 8184 1450 948 44206 23425 20781 1802 18979 18290 21291 17421 2430 1525 1623 1208 869 422190 2134 1698 393337 7591 1601 5990 5048 942 6734 6058
is_linear=0
shrinkage=0.03


Tree=74
num_leaves=31
num_cat=0
split_feature=38 36 36 7 35 12 35 36 37 8 0 22 39 12 24 4 13 2 7 26 29 26 20 12 7 0 0 35 12 39
split_gain=0.0245321 0.021037 0.0234137 0.0213109 0.0187474 0.0260302 0.0239218 0.0180648 0.0298976 0.0178648 0.0236828 0.0148198 0.0176726 0.0164435 0.0142572 0.0315302 0.0134556 0.0224929 0.0334748 0.0243144 0.0198826 0.0416041 0.0243338 0.0237778 0.0427607 0.0301841 0.0427002 0.0382222 0.0292181 0.0221626
threshold=0.47318433225154882 0.41950166225433355 0.43962624669075018 0.47993287444114691 -0.4798318743705749 0.47318433225154882 0.13091243803501132 0.38500662147998815 0.344627395272255 -0.49277968704700464 0.4463686496019364 0.097359016537666335 0.35214330255985266 0.47108417749404913 0.24440267682075503 0.40614514052867895 0.36581273376941686 0.48606254160404211 0.39273729920387274 0.27815064787864691 -0.2717756032943725 -0.45970448851585383 0.12542516738176349 0.33895461261272436 -0.010033556725829838 -0.45970448851585383 0.43310962617397314 0.32490874826908117 0.38593547046184545 0.47993287444114691
decision_type=10 2 2 2 2 2 2 2 2 2 2 8 2 2 2 2 2 2 2 2 2 2 10 2 2 2 2 2 2 2
left_child=9 3 -3 7 -4 6 -6 14 -9 10 11 12 -1 -13 -2 -16 17 -11 -19 -20 21 22 -18 29 -25 -26 27 28 -27 -23
right_child=1 2 4 -5 5 -7 -8 8 -10 16 -12 13 -14 -15 15 -17 20 18 19 -21 -22 23 -24 24 25 26 -28 -29 -30 -31
leaf_value=-3.7399887478637677e-05 -1.7539638104647971e-05 -0.00025775702350887497 -0.00023693048372722819 0.00019226421979739642 7.6331553816362885e-05 0.00016555814172684212 -0.00015824060327582741 -6.6486867433162991e-05 0.00025132510911680928 3.0802893235809091e-06 -0.00023957045387041896 -4.2240113286213427e-05 0.00011962040134370501 -0.00022450421443406807 -5.3202633837680736e-05 -0.00033581074331077309 -0.00033841245529346326 0.00026438615750202913 -0.00012680868201927104 0.00010765213924627211 -2.0440109964657406e-05 1.614598827297851e-05 -2.8149590325015176e-05 0.00038094259120866904 0.00022370495304386239 0.0002019683654315188 0.00018809690240793802 -0.00030696949283643652 -9.9914675584000356e-05 -0.00013634183977128859
leaf_weight=1945 8650 688 449 407 579 487 1166 526 523 471875 533 1897 953 575 2410 408 448 721 621 1069 51252 15817 456 401 730 442 777 467 788 897
leaf_count=1945 8650 688 449 407 579 487 1166 526 523 471875 533 1897 953 575 2410 408 448 721 621 1069 51252 15817 456 401 730 442 777 467 788 897
internal_value=7.77952e-08 -3.61917e-05 -0.000102845 -1.87505e-05 -6.22818e-05 -2.62486e-05 -8.04169e-05 -2.57598e-05 9.28417e-05 1.14769e-06 -5.07181e-05 -3.1563e-05 1.44696e-05 -8.53694e-05 -3.668e-05 -9.51624e-05 1.70856e-06 3.54831e-06 9.4757e-05 2.1259e-05 -1.03298e-05 1.4084e-05 -0.000183928 2.29797e-05 9.27454e-05 5.56028e-05 5.30016e-06 -7.9008e-05 9.3208e-06 7.8857e-06
internal_weight=568957 16293 3369 12924 2681 2232 1745 12517 1049 552664 5903 5370 2898 2472 11468 2818 546761 474286 2411 1690 72475 21223 904 20319 3605 3204 2474 1697 1230 16714
internal_count=568957 16293 3369 12924 2681 2232 1745 12517 1049 552664 5903 5370 2898 2472 11468 2818 546761 474286 2411 1690 72475 21223 904 20319 3605 3204 2474 1697 1230 16714
is_linear=0
shrinkage=0.03


Tree=75
num_leaves=31
num_cat=0
split_feature=26 10 6 1 19 12 36 2 14 18 39 24 0 13 8 19 24 7 3 6 11 20 0 18 21 36 30 22 26 39
split_gain=0.024489 0.0230772 0.0358699 0.0270018 0.0179733 0.0275931 0.0191591 0.0202061 0.016899 0.0192535 0.016838 0.0226336 0.0163196 0.0264709 0.0328147 0.0467873 0.0306968 0.0284204 0.0278579 0.0227494 0.0303812 0.0320212 0.036096 0.0400437 0.0282563 0.0334634 0.0254259 0.0258562 0.0311669 0.0329445
threshold=-0.49277968704700464 0.49664428830146795 0.47069558501243597 0.44463601708412176 0.41827458143234258 0.4385290145874024 0.43310962617397314 -0.45298065245151514 -0.090577606111764894 -0.29180648922920221 0.23817513883113864 0.21147392690181735 0.23817513883113864 0.49664428830146795 0.48431348800659185 0.41188235580921179 0.46441236138343817 0.4463686496019364 0.48431348800659185 0.40842382609844213 0.48615899682044988 0.2450322434306145 0.36581273376941686 -0.29273785650730128 0.18465003371238711 0.43962624669075018 0.37853804230690008 -0.45298065245151514 -0.2781506478786468 0.49227787554264074
decision_type=2 2 10 2 8 2 2 2 2 2 2 2 2 2 2 10 2 2 2 10 2 8 2 2 10 2 2 10 2 2
left_child=4 12 8 10 -1 -6 7 -7 9 -3 -4 -12 -2 14 19 16 18 -18 -16 26 21 -21 -23 -24 -25 -26 -14 28 -28 -30
right_child=1 2 3 -5 5 6 -8 -9 -10 -11 11 -13 13 -15 15 -17 17 -19 -20 20 -22 22 23 24 25 -27 27 -29 29 -31
leaf_value=-2.4631416014022061e-05 3.8450680844365969e-06 1.4582555738141785e-05 -9.5116003813147947e-05 0.00027181164779690727 7.2047058895470013e-05 1.6622653474041725e-05 -0.00036255615808791346 -0.00024503290726139655 5.459189709003595e-05 -0.00027059787469414109 0.0002766281589070363 -2.4643951403425481e-05 -5.2601306549203905e-06 0.00012401765084560365 -1.8255842691190947e-05 -0.00033884753429146543 -6.803481133550985e-05 0.0002499336849288809 -0.00031711237647159395 3.6331494476780413e-06 -0.0002197906198152266 -1.6139900892788967e-05 0.00041179081635060819 -6.8769881039647534e-05 8.7274719807588363e-05 0.00034531887128871772 -0.00034791228264952783 -2.6171182057487843e-05 -0.0001253695409605072 0.00012747511839108033
leaf_weight=4556 411262 437 411 962 446 490 430 567 1076 404 467 421 107017 1349 635 619 552 452 495 10166 426 1698 457 611 1616 624 441 17486 2611 555
leaf_count=4556 411262 437 411 962 446 490 430 567 1076 404 467 421 107017 1349 635 619 552 452 495 10166 426 1698 457 611 1616 624 441 17486 2611 555
internal_value=6.29778e-07 1.29785e-06 7.14577e-05 0.00015213 -5.7272e-05 -0.000133682 -0.000195456 -0.000124717 -2.39867e-05 -0.000123983 6.2098e-05 0.000135111 7.72269e-07 -7.77708e-06 -8.99937e-06 -0.000111407 -4.41618e-05 7.61675e-05 -0.000150804 -7.02994e-06 2.71666e-05 3.42409e-05 9.62668e-05 0.00015384 0.000111197 0.000160374 -1.11953e-05 -4.12913e-05 -0.000114315 -8.0784e-05
internal_weight=569739 563250 4178 2261 6489 1933 1487 1057 1917 841 1299 888 559072 147810 146461 2753 2134 1004 1130 143708 15598 15172 5006 3308 2851 2240 128110 21093 3607 3166
internal_count=569739 563250 4178 2261 6489 1933 1487 1057 1917 841 1299 888 559072 147810 146461 2753 2134 1004 1130 143708 15598 15172 5006 3308 2851 2240 128110 21093 3607 3166
is_linear=0
shrinkage=0.03


Tree=76
num_leaves=31
num_cat=0
split_feature=8 29 35 35 26 28 19 19 35 12 6 1 36 18 6 35 6 35 28 25 22 3 26 19 6 29 21 3 8 35
split_gain=0.0224736 0.0369551 0.0388214 0.0453833 0.0406145 0.0335343 0.0278111 0.0208664 0.0214555 0.0200731 0.0200275 0.0282653 0.0253466 0.0204921 0.0198023 0.0196466 0.027111 0.0173417 0.0180716 0.0172706 0.0196346 0.0210823 0.0202441 0.0276372 0.0194383 0.0183794 0.0322891 0.0196302 0.0171667 0.0170835
threshold=0.49245272576808935 -0.17109678685665128 -0.41940896213054651 0.45307256281375891 -0.10399362072348593 -0.058055276051163666 -0.22444961965084073 0.41289757192134863 0.46399636566638952 0.39273729920387274 0.45279304683208471 0.38533127307891851 0.44500453770160681 -0.40601159632205958 0.4752576351165772 -0.49267388880252833 0.47069558501243597 0.47705537080764776 -0.09839292615652083 0.35240399837493902 -0.39273729920387263 0.4908673912286759 -0.098252441734075532 0.083917114883661284 0.48512990772724157 0.15780642628669742 0.25850497186183935 0.22444961965084079 0.05709491856396199 0.40572874248027807
decision_type=2 2 2 2 2 2 10 8 2 2 10 2 2 2 8 2 8 2 2 2 10 2 2 10 8 2 10 2 2 2
left_child=9 2 5 4 -4 -2 -6 8 14 10 29 12 -12 -13 -3 16 28 18 -15 -17 25 -22 24 -24 -23 26 -21 -27 -11 -1
right_child=1 7 3 -5 6 -7 -8 -9 -10 15 11 13 -14 17 -16 19 -18 -19 -20 20 21 22 23 -25 -26 27 -28 -29 -30 -31
leaf_value=2.1331776519989886e-06 0.00040850791455714292 4.1734434201982831e-05 -0.00024665849363732776 0.00026891711841616904 0.00026946152342338236 5.9062446887288139e-05 -4.4679201329821274e-05 -0.00015489092176255363 0.00021294129050694889 -0.00014076459242347186 2.5139573875808271e-06 -4.9492198067598028e-05 0.00023943645328124166 0.00018997104086770076 -0.00014788414858562127 -2.9958375671333641e-05 -0.00022593108001712703 0.0003123383411971633 3.1574187965228139e-05 3.4076704889039692e-05 2.7293370047169319e-06 -0.00029510720550132805 0.00016521307291358507 -0.0001367639522817917 -3.199582840444161e-05 0.00012399692601587826 0.00029843715793179831 -8.7208467239347198e-05 7.9398671509621984e-05 -1.7901394743081088e-05
leaf_weight=448527 648 1777 516 627 400 402 659 723 447 545 10360 611 413 1273 676 28600 940 442 1320 1054 21686 621 474 615 426 657 680 965 739 41872
leaf_count=448527 648 1777 516 627 400 402 659 723 447 545 10360 611 413 1273 676 28600 940 442 1320 1054 21686 621 474 615 426 657 680 965 739 41872
internal_value=1.85655e-07 5.40579e-05 0.000127308 5.522e-05 -3.10117e-05 0.00027654 7.53871e-05 -1.18607e-05 2.42079e-05 -4.73358e-07 1.44719e-06 3.62825e-05 1.18104e-05 0.000108361 -1.09091e-05 -1.71861e-05 -0.000104427 0.000140198 0.000109768 -1.36896e-05 3.43517e-06 -6.14558e-06 -9.58421e-05 -5.0176e-06 -0.000189369 7.12587e-05 0.000138864 -1.42298e-06 -1.44163e-05 4.22225e-07
internal_weight=569695 6875 3252 2202 1575 1050 1059 3623 2900 562820 504818 14419 10773 3646 2453 58002 2224 3035 2593 55778 27178 23822 2136 1089 1047 3356 1734 1622 1284 490399
internal_count=569695 6875 3252 2202 1575 1050 1059 3623 2900 562820 504818 14419 10773 3646 2453 58002 2224 3035 2593 55778 27178 23822 2136 1089 1047 3356 1734 1622 1284 490399
is_linear=0
shrinkage=0.03


Tree=77
num_leaves=31
num_cat=0
split_feature=12 8 18 23 23 1 20 3 37 7 9 20 7 14 26 37 15 8 28 11 28 28 35 13 35 15 35 21 35 13
split_gain=0.0212886 0.0327765 0.0286841 0.023123 0.0367031 0.0300665 0.0192396 0.0210788 0.0245002 0.029366 0.0233149 0.02276 0.0226304 0.0225897 0.0206919 0.0190218 0.0164128 0.0163424 0.0288806 0.0215731 0.0336688 0.0162071 0.0162054 0.027014 0.0224608 0.0157637 0.0161575 0.0203019 0.0153908 0.0257788
threshold=0.31125478446483618 0.49664428830146795 -0.42605021595954889 0.33189558982849127 0.42530338466167456 0.49303127825260168 -0.45298065245151514 0.4908673912286759 0.47318433225154882 0.47318433225154882 0.48418948054313665 0.39966443181037908 0.43156538903713232 0.49215674400329595 0.043656742200255401 -0.092169135808944688 0.2385489493608475 0.45801258087158209 -0.11742048338055609 0.48615899682044988 -0.1383797079324722 -0.1843871399760246 -0.31205530464649195 0.41188235580921179 0.45986577868461614 0.466554805636406 0.45307256281375891 0.17118690907955172 0.46399636566638952 0.47083835303783422
decision_type=2 2 2 2 2 2 8 2 2 2 2 10 2 2 2 2 2 2 2 2 2 2 2 2 2 2 2 10 2 2
left_child=28 6 -3 -4 -5 -6 15 12 9 10 -9 16 -8 14 -14 17 21 19 -19 22 -21 -11 -2 24 -24 26 -16 -28 -1 -30
right_child=1 2 3 4 5 -7 7 8 -10 11 -12 -13 13 -15 25 -17 -18 18 -20 20 -22 -23 23 -25 -26 -27 27 -29 29 -31
leaf_value=2.9934243081276111e-06 2.2538217907362761e-05 0.00024220650568129311 -0.00011637284216348922 0.00025177674752469741 0.00010308560561429926 -0.00019714585465297922 -1.7009528065261388e-05 -0.0001246029459778055 0.00012257343033282505 -0.00018501718535424611 -0.00040046005218755451 -0.00023099642961272313 3.5359144339334821e-05 0.00019333774556787444 -3.4719835070361334e-05 -0.00023886324471952261 0.00017569526349345906 0.00015886349780900403 -8.9696197960012914e-05 -0.00039873649910197927 -1.6791339420704036e-05 5.9960796584916649e-05 -8.935663457664575e-05 -0.00030363526221853119 0.00011705175088352191 -0.0001795490587180494 -1.689443477673883e-05 0.00025631377555625408 -4.156575611145532e-05 0.00011311808657832332
leaf_weight=445908 1943 744 687 730 753 485 72989 734 438 423 446 415 13039 634 5631 486 414 843 821 414 409 546 2797 435 562 559 592 406 12437 1042
leaf_count=445908 1943 744 687 730 753 485 72989 734 438 423 446 415 13039 634 5631 486 414 843 821 414 409 546 2797 435 562 559 592 406 12437 1042
internal_value=-7.93659e-07 -1.26879e-05 7.88776e-05 3.23715e-05 8.46218e-05 -1.51706e-05 -1.56319e-05 -1.18034e-05 -8.48962e-05 -0.000115719 -0.000231357 -3.89673e-05 -9.13413e-06 1.84155e-05 1.28398e-05 -5.83227e-05 1.98999e-05 -4.73765e-05 3.64236e-05 -6.86561e-05 -0.000211404 -4.77776e-05 -4.7846e-05 -8.3856e-05 -5.45772e-05 -2.80025e-05 -1.49719e-05 9.56906e-05 2.03844e-06 -2.95329e-05
internal_weight=568762 109375 3399 2655 1968 1238 105976 97266 3416 2978 1180 1798 93850 20861 20227 8710 1383 8224 1664 6560 823 969 5737 3794 3359 7188 6629 998 459387 13479
internal_count=568762 109375 3399 2655 1968 1238 105976 97266 3416 2978 1180 1798 93850 20861 20227 8710 1383 8224 1664 6560 823 969 5737 3794 3359 7188 6629 998 459387 13479
is_linear=0
shrinkage=0.03


Tree=78
num_leaves=31
num_cat=0
split_feature=36 35 20 37 36 18 19 36 15 3 24 14 25 3 29 2 25 31 39 14 20 25 24 18 6 0 6 37 14 31
split_gain=0.0162857 0.0237338 0.0243393 0.0231164 0.0269656 0.0251757 0.0305202 0.0346886 0.0291562 0.0350417 0.0250044 0.0342116 0.0241122 0.0238254 0.0209956 0.03718 0.0341257 0.0286165 0.0183399 0.0293446 0.0280747 0.0252265 0.0290741 0.0285544 0.0268813 0.0209518 0.0204932 0.0199034 0.0237552 0.0250804
threshold=0.18458957225084308 -0.25836129486560816 -0.16440654546022412 -0.49664428830146784 0.48662193119525915 -0.46641474962234492 -0.49664428830146784 0.48596473038196569 0.34589572250843054 0.49664428830146795 0.48418948054313665 0.4463686496019364 0.40521778166294103 0.46441236138343817 -0.21803475916385648 -0.49664428830146784 0.47683362662792211 -0.11887632682919501 0.4463686496019364 -0.17148070782423017 0.070446167141199126 0.42620199918746954 0.43172106146812445 0.19804988801479342 0.3430562317371369 0.48596473038196569 0.34674476087093359 -0.050167785957455628 0.11754836142063142 0.063794087618589415
decision_type=2 2 10 2 2 2 10 2 2 2 2 2 2 2 2 2 2 2 2 2 10 2 2 2 8 2 8 2 2 2
left_child=-1 2 -2 4 12 6 -5 13 18 10 -10 -12 -3 -8 15 -4 -17 -18 25 20 21 -20 -23 24 -24 -7 -21 -28 -29 -30
right_child=1 3 14 5 -6 8 7 -9 9 -11 11 -13 -14 -15 -16 16 17 -19 19 26 -22 22 23 -25 -26 -27 27 28 29 -31
leaf_value=3.348785298857281e-06 -1.7517616973732613e-05 0.00010818434062010626 -0.00020668009842732471 0.00017911912997131725 0.00022972468306419594 -8.9554630273228075e-06 -8.0805321546405167e-05 -0.00024535607247984939 -4.3171202380066539e-05 -0.00026922449318332966 -7.3629963939937618e-05 0.00030607338473508171 -0.00014743792454560036 0.00010653479888667966 9.0039028816657485e-06 5.2418024098074622e-05 0.00042781338716889024 9.9845378603801037e-05 0.00011722049921071129 -7.004145539439662e-05 0.0002680087513961137 0.00012744768687631829 -0.00017609772747682778 -0.00031539139010372281 0.00015688094034085813 -0.00014883419902285476 0.00016917935545870987 -0.00015167435263817265 0.00021957264307859381 -6.0275610125239334e-05
leaf_weight=389497 22824 804 441 401 724 71333 4952 1046 22466 591 408 431 551 688 30538 8323 408 580 2598 2993 633 710 432 405 421 967 793 664 538 601
leaf_count=389497 22824 804 441 401 724 71333 4952 1046 22466 591 408 431 551 688 30538 8323 408 580 2598 2993 633 710 432 405 421 967 793 664 538 601
internal_value=-9.51397e-08 -7.57772e-06 7.22982e-06 -1.56238e-05 8.32778e-05 -1.74335e-05 -7.21534e-05 -8.74687e-05 -1.38022e-05 -4.29984e-05 -3.71484e-05 0.000122734 3.91896e-06 -5.78044e-05 2.12499e-05 5.95494e-05 7.23671e-05 0.000238211 -5.40132e-06 3.10689e-05 8.22991e-05 5.60241e-05 -2.49467e-05 -0.000111283 -1.18418e-05 -1.08466e-05 -1.66484e-05 4.49424e-05 -1.03316e-05 7.26696e-05
internal_weight=568761 179264 63114 116150 2079 114071 7087 6686 106984 23896 23305 839 1355 5640 40290 9752 9311 988 83088 10788 5199 4566 1968 1258 853 72300 5589 2596 1803 1139
internal_count=568761 179264 63114 116150 2079 114071 7087 6686 106984 23896 23305 839 1355 5640 40290 9752 9311 988 83088 10788 5199 4566 1968 1258 853 72300 5589 2596 1803 1139
is_linear=0
shrinkage=0.03


Tree=79
num_leaves=31
num_cat=0
split_feature=13 9 28 5 29 18 20 35 36 16 5 21 5 5 5 23 36 0 5 37 0 13 6 14 6 16 12 31 0 0
split_gain=0.0166211 0.0243811 0.0287497 0.0368921 0.0238633 0.0341577 0.0336521 0.0348609 0.0335497 0.028246 0.0366899 0.0177725 0.0183925 0.0168426 0.0298367 0.038961 0.0184493 0.0133711 0.0266944 0.0284737 0.0164829 0.0400937 0.0349589 0.0140235 0.0169504 0.02135 0.0292851 0.0147438 0.0253701 0.0205432
threshold=0.39849410951137548 -0.49277968704700464 -0.038196288049221032 -0.42280606925487513 -0.43286086618900294 -0.45298065245151514 -0.4798318743705749 0.29197315871715551 0.49221777915954595 -0.49277968704700464 0.42796397209167486 0.48662193119525915 0.49272717535495764 0.38066548109054571 0.18498543649911883 0.29180648922920233 0.48406349122524267 0.49664428830146795 0.48576495051383978 -0.25083892047405237 0.49103121459484106 -0.097268830984830842 0.38533127307891851 0.45986577868461614 0.44881153106689459 0.47318433225154882 0.39273729920387274 0.35170717537403112 0.41950166225433355 0.41950166225433355
decision_type=2 2 2 8 2 2 10 2 2 2 10 10 10 8 10 2 2 2 8 2 2 2 8 2 10 2 2 2 2 2
left_child=17 2 3 -2 8 9 7 -7 -3 -6 13 12 -8 14 -11 -16 -17 20 19 -19 23 -22 -23 -1 27 26 -26 29 -29 -25
right_child=1 4 -4 -5 5 6 11 -9 -10 10 -12 -13 -14 -15 15 16 -18 18 -20 -21 21 22 -24 24 25 -27 -28 28 -30 -31
leaf_value=2.4136051861583956e-06 -0.000413659689420905 2.5423137815028568e-05 5.598923194668489e-05 -5.3943098671802034e-05 8.8140750712669213e-05 2.8440300496007667e-05 -1.3985889751594858e-05 0.00036483666695576964 0.00030454024741229487 -4.3654706628963804e-05 -0.00030069067725256842 0.0001289502005799955 -0.00021395338366894857 5.8628745552030867e-05 -9.5501174155910965e-06 -0.00044700272488829766 -0.00017559635983733021 0.000162962948914579 0.00026988737826821196 -9.8104020650644587e-05 -0.00028533623838449137 -0.00012557849409944208 0.00016887431543381612 -3.8624171553045222e-05 -1.053068170496248e-05 -4.8192384467004005e-05 0.00032050126833623886 -1.2676600470114055e-05 0.00022926370266034517 -0.00016422377130805474
leaf_weight=485515 476 5366 484 551 787 796 43583 417 408 3224 727 766 408 730 574 499 442 657 485 852 610 823 633 9459 464 805 488 6740 404 1330
leaf_count=485515 476 5366 484 551 787 796 43583 417 408 3224 727 766 408 730 574 499 442 657 485 852 610 823 633 9459 464 805 488 6740 404 1330
internal_value=-3.96976e-07 -1.52975e-05 -0.000133887 -0.000223048 -1.2224e-05 -1.85407e-05 -9.14193e-06 0.000146123 4.56384e-05 -8.03126e-05 -0.000101817 -1.33816e-05 -1.58887e-05 -7.48796e-05 -9.55255e-05 -0.000204899 -0.000322707 1.36578e-06 7.8705e-05 1.58859e-05 1.06023e-06 -8.32992e-05 2.71439e-06 1.40685e-06 -2.34062e-05 6.52752e-05 0.000160726 -3.21264e-05 1.3067e-06 -5.4245e-05
internal_weight=569503 60238 1511 1027 58727 52953 45970 1213 5774 6983 6196 44757 43991 5469 4739 1515 941 509265 1994 1509 507271 2066 1456 505205 19690 1757 952 17933 7144 10789
internal_count=569503 60238 1511 1027 58727 52953 45970 1213 5774 6983 6196 44757 43991 5469 4739 1515 941 509265 1994 1509 507271 2066 1456 505205 19690 1757 952 17933 7144 10789
is_linear=0
shrinkage=0.03


Tree=80
num_leaves=31
num_cat=0
split_feature=30 25 35 23 24 8 9 37 35 31 23 37 12 36 39 6 25 17 35 26 3 8 35 23 4 23 27 0 24 6
split_gain=0.0208391 0.0249915 0.0438546 0.0440604 0.0349954 0.0201793 0.0501472 0.0227547 0.0223496 0.0225188 0.0262308 0.0219742 0.0324756 0.0341461 0.0313294 0.0207432 0.0193821 0.0252437 0.0193078 0.0219345 0.0188415 0.037019 0.0253938 0.0408683 0.0274438 0.0222711 0.0185376 0.0154555 0.0277238 0.0200156
threshold=0.39273729920387274 0.49664428830146795 -0.4798318743705749 0.44513021409511572 0.36581273376941686 0.05709491856396199 0.41289757192134863 -0.29180648922920221 0.41810730099678045 0.20472994446754458 -0.10399362072348593 -0.48653183877468104 0.47318433225154882 0.47132579982280737 0.35240399837493902 0.24020861089229587 0.19131659716367724 -0.17109678685665128 -0.45298065245151514 -0.35231085121631617 0.49664428830146795 0.48662193119525915 0.47705537080764776 0.37251612544059759 0.31125478446483618 0.24475421756505969 0.21760215610265735 0.49283143877983099 0.37251612544059759 0.3430562317371369
decision_type=2 2 2 2 2 2 2 2 2 2 2 2 2 2 2 10 2 2 2 2 2 2 2 2 2 2 2 2 2 10
left_child=1 27 -3 4 -4 6 8 -8 18 10 -10 12 13 14 -7 -15 -12 -18 19 -2 22 -22 -13 24 -24 -26 -11 -1 -29 -30
right_child=5 2 3 -5 -6 11 7 -9 9 26 16 20 -14 15 -16 -17 17 -19 -20 -21 21 -23 23 -25 25 -27 -28 28 29 -31
leaf_value=1.1944345865089946e-06 -0.000257118136664133 -0.00035205403609929448 -4.8655840576024002e-05 -0.00026500128366568264 0.00028197156663323269 -1.620874208230008e-05 -0.00012088245917511472 -0.00041877925175295446 -0.00034185034465557485 -0.00012846651145274825 4.3949484641112129e-05 -1.4204141702704497e-05 0.0003187431564950054 4.6186017771666898e-05 0.00028660362926096698 -0.00023275349183726911 -0.00033571886987168097 -4.2329670439238584e-05 -3.1838292103554563e-06 -2.1906370032461601e-05 -0.00031113333988032273 2.1740495290953796e-07 0.00014673263945860657 0.00025631336766074103 1.73832142896286e-05 -0.00026142413726301618 0.0001418944235166082 -0.00011770688499705753 4.8829631700959685e-05 0.00023639702639167417
leaf_weight=502523 594 473 828 498 430 611 525 419 520 406 564 37529 413 444 607 505 466 600 12030 877 543 908 691 821 639 421 496 541 1347 823
leaf_count=502523 594 473 828 498 430 611 525 419 520 406 564 37529 413 444 607 505 466 600 12030 877 543 908 691 821 639 421 496 541 1347 823
internal_value=-8.63324e-07 1.1374e-06 -9.88695e-05 -2.90638e-05 6.56892e-05 -1.73351e-05 -4.45886e-05 -0.000256109 -3.23784e-05 -0.000105559 -0.000158137 -6.52225e-06 7.82616e-05 3.11756e-05 0.000135805 -0.000103128 -9.78026e-05 -0.000172512 -1.57696e-05 -0.000117981 -1.18041e-05 -0.00011763 -7.94658e-06 8.30612e-05 8.33324e-07 -9.4759e-05 2.01278e-05 1.58056e-06 7.28865e-05 0.000120725
internal_weight=569092 507463 2229 1756 1258 61629 17497 944 16553 3052 2150 44132 2580 2167 1218 949 1630 1066 13501 1471 41552 1451 40101 2572 1751 1060 902 505234 2711 2170
internal_count=569092 507463 2229 1756 1258 61629 17497 944 16553 3052 2150 44132 2580 2167 1218 949 1630 1066 13501 1471 41552 1451 40101 2572 1751 1060 902 505234 2711 2170
is_linear=0
shrinkage=0.03


Tree=81
num_leaves=31
num_cat=0
split_feature=12 38 35 37 3 24 38 23 17 0 24 13 23 29 11 35 4 27 25 1 38 23 23 23 20 2 27 25 29 31
split_gain=0.0186618 0.0184029 0.0150207 0.0275384 0.0506625 0.0231567 0.0288924 0.0257379 0.0226955 0.0169113 0.02896 0.0331291 0.0281912 0.0377708 0.0489277 0.0367557 0.0283229 0.0286488 0.0390064 0.0599507 0.0258915 0.0239511 0.020262 0.0201109 0.0164035 0.0272825 0.0205374 0.0338632 0.03694 0.0145821
threshold=0.070949185639619841 -0.49664428830146784 -0.050167785957455628 -0.49664428830146784 0.47683362662792211 0.49215674400329595 -0.21217571943998334 0.42620199918746954 -0.30533944070339197 0.47318433225154882 0.036974893882870681 0.050361584872007377 0.36497211456298834 -0.31229026615619654 0.47993287444114691 0.48418948054313665 0.4641572386026383 0.39966443181037908 0.35198226571083074 0.43962624669075018 -0.1843871399760246 0.27854746580123907 0.33277405798435217 0.18458957225084308 -0.49261982738971705 -0.45298065245151514 0.49664428830146795 0.43310962617397314 -0.058722110465168946 0.010135597549378874
decision_type=2 8 2 2 2 2 10 2 2 2 2 2 2 2 2 2 2 2 2 2 10 2 2 2 10 2 2 2 2 2
left_child=1 -1 5 4 29 24 8 -8 -7 -5 -11 20 16 -14 15 -15 17 18 19 -13 -12 -19 -22 -20 25 -2 -26 -28 -29 -4
right_child=2 -3 3 9 -6 6 7 -9 -10 10 11 12 13 14 -16 -17 -18 21 23 -21 22 -23 -24 -25 26 -27 27 28 -30 -31
leaf_value=0.00011166742065745258 -0.00029724262271392987 4.5887868855036252e-06 -0.00011277085323672283 -1.172950100626537e-05 0.00033249740739108995 0.00014821077542049696 -7.2895657240996042e-05 -0.00035546070247036707 -0.0001324786182077176 -0.0002298594868704478 -7.7969104164533348e-05 -0.00028373184252463297 0.00021297457285720218 -9.5025145282999924e-05 -0.00027693897494158987 0.00018443793619295483 -0.00035985837452465593 0.00011291871612616585 -0.00015978913573585821 0.00022289427485328879 0.00024200011348196859 -0.00015579901069801195 3.683965337635933e-06 -0.00045718185619667121 3.5596634731769074e-06 -2.6833600817323941e-05 -4.7640750486220408e-05 0.00041978120429685432 4.2967886216583439e-05 9.964417159805709e-05
leaf_weight=1441 403 324355 593 113680 576 567 685 502 461 764 713 410 570 957 648 744 418 777 400 411 781 471 541 447 113150 1810 695 451 481 552
leaf_count=1441 403 324355 593 113680 576 567 685 502 461 764 713 410 570 957 648 744 418 777 400 411 781 471 541 447 113150 1810 695 451 481 552
internal_value=3.69243e-07 5.06581e-06 -5.9105e-06 -1.31999e-05 0.000105628 1.70033e-06 -9.41745e-05 -0.000194368 2.22738e-05 -1.48747e-05 -5.4317e-05 -3.78778e-05 -7.20725e-05 -3.93435e-06 -5.72484e-05 2.75727e-05 -0.000131539 -9.7692e-05 -0.00017865 -3.048e-05 6.70319e-05 1.10713e-05 0.000145234 -0.00032024 3.52344e-06 -7.71922e-05 5.0863e-06 0.000110586 0.000227831 -1.03903e-05
internal_weight=569454 325796 243658 124453 1721 119205 2215 1187 1028 122732 9052 8288 6253 2919 2349 1701 3334 2916 1668 821 2035 1248 1322 847 116990 2213 114777 1627 932 1145
internal_count=569454 325796 243658 124453 1721 119205 2215 1187 1028 122732 9052 8288 6253 2919 2349 1701 3334 2916 1668 821 2035 1248 1322 847 116990 2213 114777 1627 932 1145
is_linear=0
shrinkage=0.03


Tree=82
num_leaves=31
num_cat=0
split_feature=8 15 0 5 6 0 29 18 0 2 31 36 26 1 30 26 0 18 15 14 5 31 13 19 1 14 0 1 1 26
split_gain=0.0237103 0.0277938 0.02402 0.0299027 0.0276481 0.0257152 0.0236703 0.020371 0.0171549 0.018495 0.0336188 0.0217966 0.0210894 0.0175481 0.0174957 0.0247267 0.0220276 0.0204813 0.0185847 0.0177066 0.0329064 0.0211887 0.0185842 0.0427444 0.0546248 0.0414981 0.0315716 0.0307238 0.0236751 0.040973
threshold=-0.48653183877468104 -0.49283143877983088 0.41810730099678045 -0.41103501617908472 0.23233891278505328 -0.47306366264820093 -0.085275519639253602 0.21760215610265735 0.26512607932090765 0.49221777915954595 -0.15097505599260327 0.43840885162353521 -0.29282496869564051 0.49303127825260168 0.2450322434306145 -0.39930471777915949 0.48596473038196569 0.49227787554264074 -0.21137479692697522 -0.49664428830146784 0.41985401511192327 0.071921184659004225 0.47683362662792211 -0.031695801764726632 0.49111093580722814 -0.44627264142036432 0.48406349122524267 0.44463601708412176 0.49664428830146795 0.4463686496019364
decision_type=2 2 2 8 10 2 2 2 2 2 2 2 2 2 2 2 2 2 2 2 10 2 2 10 2 2 2 2 2 2
left_child=1 -1 3 6 -4 -5 7 -3 9 13 11 -11 -12 -2 17 16 18 -10 -16 20 21 -17 28 25 -25 26 -24 -27 -21 -30
right_child=8 2 4 5 -6 -7 -8 -9 14 10 12 -13 -14 -15 15 19 -18 -19 -20 22 -22 -23 23 24 -26 27 -28 -29 29 -31
leaf_value=-0.00026858513676575389 3.1196075174097147e-06 -6.7216238946888265e-05 -4.8124778749198979e-05 0.000213927718048806 -0.00033805633933740186 -3.9483887864009294e-06 -4.4282843335838169e-06 -0.00033511960183728057 -1.8359457098506641e-06 8.4156509749083031e-05 -0.000168442408549334 0.00037200848590428307 6.9368014043818087e-05 -0.00013397222497827586 3.4720529260051285e-05 5.7925807238978053e-05 -0.00030213158236029846 0.00018053794265690293 -0.00012609881308214799 -1.9198000386062809e-05 -0.00011775888597193253 0.00035399464118577315 1.8037557808248932e-05 -9.115199919805563e-05 -0.00048755324305762828 -5.2090936063925019e-05 -0.00032702800478290512 0.00024920286882379472 0.00023747507813347537 -9.2024217223255888e-05
leaf_weight=469 424368 465 802 519 463 6217 857 574 81575 499 466 454 1128 832 969 471 423 548 1913 39389 445 402 495 1087 433 542 449 677 839 559
leaf_count=469 424368 465 802 519 463 6217 857 574 81575 499 466 454 1128 832 969 471 423 548 1913 39389 445 402 495 1087 433 542 449 677 839 559
internal_value=-4.12972e-07 -4.53475e-05 -3.45083e-05 -1.6535e-05 -0.000156061 1.31309e-05 -0.000121446 -0.000217004 4.21138e-07 3.33203e-06 8.37739e-05 0.000223725 -7.71687e-07 2.84821e-06 -9.06751e-06 -2.32338e-05 -0.000102359 -5.97147e-07 -7.20943e-05 -1.75014e-05 9.04577e-05 0.000196725 -2.07207e-05 -8.51688e-05 -0.000206523 6.67872e-07 -0.000147795 0.000115906 -1.48817e-05 0.000106005
internal_weight=569329 10366 9897 8632 1265 6736 1896 1039 558963 427747 2547 953 1594 425200 131216 49093 3305 82123 2882 45788 1318 873 44470 3683 1520 2163 944 1219 40787 1398
internal_count=569329 10366 9897 8632 1265 6736 1896 1039 558963 427747 2547 953 1594 425200 131216 49093 3305 82123 2882 45788 1318 873 44470 3683 1520 2163 944 1219 40787 1398
is_linear=0
shrinkage=0.03


Tree=83
num_leaves=31
num_cat=0
split_feature=1 7 16 11 5 2 18 39 27 27 27 27 23 16 17 7 37 6 18 2 38 36 36 14 5 37 2 31 6 27
split_gain=0.0177202 0.0263251 0.0258597 0.0234561 0.0267376 0.0260892 0.0208711 0.0252387 0.0214334 0.0242361 0.0209678 0.020699 0.039409 0.0320383 0.0223788 0.0189687 0.0180263 0.016338 0.0227223 0.0147704 0.0138957 0.0244256 0.0214972 0.0219004 0.0208161 0.0173065 0.0140753 0.0136317 0.0138923 0.0114269
threshold=0.49664428830146795 0.26512607932090765 0.036974893882870681 0.48615899682044988 0.24817479401826861 -0.45298065245151514 -0.091751702129840837 0.43310962617397314 0.45202739536762243 0.48662193119525915 0.45986577868461614 0.466554805636406 0.42530338466167456 -0.30464260280132288 -0.33219130337238306 -0.35231085121631617 0.25170098245143896 0.45617236196994787 0.45801258087158209 0.47083835303783422 0.47318433225154882 0.42459291219711309 0.43962624669075018 0.35830052196979528 -0.3745629340410232 -0.004717400996014475 -0.4394956231117248 0.10409675538539888 0.41915479302406317 0.43310962617397314
decision_type=2 2 2 2 10 2 2 2 2 2 2 2 2 2 2 2 2 10 2 2 10 2 2 2 10 2 2 2 8 2
left_child=3 2 -2 20 5 16 10 8 -8 -10 -6 13 -13 -3 -14 -7 -5 18 -9 27 -1 26 -23 25 -25 -24 -22 28 -17 -28
right_child=1 11 -4 4 6 15 7 17 9 -11 -12 12 14 -15 -16 19 -18 -19 -20 -21 21 22 23 24 -26 -27 29 -29 -30 -31
leaf_value=1.3552475760168813e-06 7.1487998826203782e-05 -0.00025550649319322673 0.00035652164663237617 -1.5329044441596153e-06 -0.0002970809725560296 0.00024125620403653338 -2.7327603999186648e-06 0.00028814113032703622 -0.00032219292056193273 -3.5090064294172109e-05 -8.6558451000834409e-05 0.00027769089735190961 0.00012548006043404495 6.3062631345915245e-05 -0.0001229025015634022 -7.0532575161366937e-06 -0.00023947619850563323 -8.6104124497497273e-05 -1.8247063675399629e-05 0.00013248755998094162 8.0370881044334634e-05 -0.00027790601469403756 -3.7753942189369082e-05 -0.00014061544276081653 0.00013241391760895438 -0.00031196386882533666 -3.1714782606137449e-05 8.8533053924291804e-05 -0.00022500704309729881 7.2738827862802298e-05
leaf_weight=541174 780 530 449 616 747 416 815 406 644 449 1001 579 558 593 758 737 526 500 455 781 1342 552 404 402 635 422 10201 622 400 1029
leaf_count=541174 780 530 449 616 747 416 815 406 644 449 1001 579 558 593 758 737 526 500 455 781 1342 552 404 402 635 422 10201 622 400 1029
internal_value=2.42341e-07 6.12205e-05 0.000177659 -2.16872e-07 -4.79257e-05 8.93018e-06 -9.42923e-05 -4.92852e-05 -0.000119434 -0.00020564 -0.000177702 1.33741e-05 7.37236e-05 -8.82142e-05 -1.74332e-05 5.5969e-05 -0.000112256 4.92113e-05 0.000127878 2.47956e-05 5.65883e-07 -2.79196e-05 -0.000115096 -6.56301e-05 2.62401e-05 -0.000179903 -1.10954e-05 -2.34985e-05 -8.50233e-05 -2.20875e-05
internal_weight=569523 4247 1229 565276 9115 4098 5017 3269 1908 1093 1748 3018 1895 1123 1316 2956 1142 1361 861 2540 556161 14987 2415 1863 1037 826 12572 1759 1137 11230
internal_count=569523 4247 1229 565276 9115 4098 5017 3269 1908 1093 1748 3018 1895 1123 1316 2956 1142 1361 861 2540 556161 14987 2415 1863 1037 826 12572 1759 1137 11230
is_linear=0
shrinkage=0.03


Tree=84
num_leaves=31
num_cat=0
split_feature=30 0 29 1 17 24 15 22 26 15 26 26 39 38 0 32 17 9 38 6 22 22 24 1 16 6 32 12 25 0
split_gain=0.0139807 0.0267738 0.0250228 0.0206312 0.0298653 0.048389 0.0542958 0.0345118 0.0333446 0.0304607 0.027093 0.0235155 0.0232482 0.0254003 0.0279147 0.0247502 0.0225637 0.0224438 0.0213376 0.0193061 0.0269038 0.0180925 0.0179707 0.0179684 0.0178742 0.0184069 0.0235477 0.0301789 0.0183034 0.025141
threshold=0.49221777915954595 0.48596473038196569 -0.1383797079324722 0.47683362662792211 0.17118690907955172 0.47735816240310674 0.22427368909120562 -0.39138861000537867 0.4581876546144486 0.4186519086360932 0.25850497186183935 -0.039034796878695481 0.31167945265769964 -0.26490327715873713 0.48406349122524267 -0.19795162230730054 0.26512607932090765 0.45986577868461614 0.44525898993015295 0.14453627169132235 -0.023463716730475422 -0.45970448851585383 0.41856157779693609 0.35170717537403112 0.023649728856980804 0.46326902508735662 -0.019842519424855706 0.36476325988769537 0.43820796906948095 0.36497211456298834
decision_type=2 2 2 2 2 2 2 10 2 2 2 2 2 8 2 2 2 2 10 10 10 8 2 2 2 10 2 2 2 2
left_child=3 21 -3 23 7 16 -7 8 10 -8 11 -5 17 15 -15 -14 -6 -9 19 -18 -21 -2 -20 -1 -25 28 27 -27 -26 -30
right_child=1 2 -4 4 5 6 9 12 -10 -11 -12 -13 13 14 -16 -17 18 -19 22 20 -22 -23 -24 24 25 26 -28 -29 29 -31
leaf_value=2.068954723175311e-06 -0.00020118728071988047 -2.4392756499293069e-05 -0.0003241068559973276 0.00020221467009641378 0.0002105759813000289 2.1649866467321753e-05 0.00056011129433820416 -4.3202519361769104e-05 -7.941588630324504e-05 0.00022061127140394837 0.00029383227531944726 -0.00010951342069464941 -0.00013024930819150032 -4.7379193921442572e-05 -0.00023079503642951376 9.7644768307979699e-05 0.00015472288697640962 0.00018988651385683881 4.8776707742635678e-06 -0.00019222173162191655 0.00011437477025488652 -3.1202485236542082e-06 -0.00027503817770867473 -2.1354754289770702e-07 -2.9674321736376257e-05 0.00013413422565052265 0.00013850098135142927 -0.00019416608853474015 -3.4440612431946318e-05 -0.00022297365231196018
leaf_weight=478525 438 472 529 446 496 702 416 721 639 591 839 408 612 2275 1107 1373 832 751 413 506 505 5651 402 37511 27062 428 1246 585 1543 1079
leaf_count=478525 438 472 529 446 496 702 416 721 639 591 839 408 612 2275 1107 1373 832 751 413 506 505 5651 402 37511 27062 428 1246 585 1543 1079
internal_value=3.90938e-07 -4.14432e-05 -0.000184422 9.19419e-07 3.68234e-05 9.68401e-05 0.000224904 4.9283e-06 0.000104336 0.00036499 0.00017375 5.37422e-05 -2.90713e-05 -5.80308e-05 -0.000107918 2.70815e-05 2.69571e-05 7.61961e-05 -7.96822e-06 4.85663e-05 -3.94549e-05 -1.76743e-05 -0.000134851 -7.55279e-10 -1.42589e-05 -3.07473e-05 5.16435e-05 -5.55015e-05 -3.70327e-05 -0.000112578
internal_weight=569103 7090 1001 562013 14034 4863 1709 9171 2332 1007 1693 854 6839 5367 3382 1985 3154 1472 2658 1843 1011 6089 815 547979 69454 31943 2259 1013 29684 2622
internal_count=569103 7090 1001 562013 14034 4863 1709 9171 2332 1007 1693 854 6839 5367 3382 1985 3154 1472 2658 1843 1011 6089 815 547979 69454 31943 2259 1013 29684 2622
is_linear=0
shrinkage=0.03


Tree=85
num_leaves=31
num_cat=0
split_feature=35 2 15 12 35 38 13 14 3 31 4 22 22 15 17 5 35 19 2 20 3 15 22 38 18 12 30 1 38 30
split_gain=0.0166007 0.0242254 0.0243969 0.0267317 0.0201173 0.0190284 0.0202066 0.03244 0.0148156 0.0184376 0.0151632 0.0172393 0.0180245 0.0290088 0.0282932 0.0192247 0.0218451 0.0190941 0.0177429 0.0170612 0.0165846 0.0137065 0.0136143 0.0177701 0.0180512 0.0150884 0.0133134 0.0129183 0.012593 0.0275655
threshold=0.25170098245143896 -0.48653183877468104 0.097359016537666335 0.49664428830146795 0.457686796784401 -0.29263775050640101 0.466554805636406 -0.4394956231117248 0.49221777915954595 0.05709491856396199 0.39966443181037908 0.43962624669075018 -0.091918367892503725 0.46441236138343817 0.37251612544059759 0.13346056640148166 0.47083835303783422 0.090513687580823912 0.43133513629436498 0.37149409949779516 0.40558609366416937 0.47166465222835546 -0.49664428830146784 -0.37915775179862971 -0.49664428830146784 0.083917114883661284 0.05709491856396199 -0.45298065245151514 -0.44627264142036432 0.42508503794670111
decision_type=2 2 2 2 2 10 2 2 2 2 2 10 8 2 2 10 2 10 2 10 2 2 8 8 2 2 2 2 10 2
left_child=5 4 3 22 -2 -1 -7 -8 10 -10 27 12 15 14 26 -12 17 -17 -15 -19 -16 -9 23 24 -3 -26 -14 -4 29 -24
right_child=1 2 8 -5 -6 6 7 21 9 -11 11 -13 13 18 20 16 -18 19 -20 -21 -22 -23 28 -25 25 -27 -28 -29 -30 -31
leaf_value=1.4912214245285765e-05 -6.2023300679461837e-05 0.0001801617786031784 -0.00012852195365319367 0.00018829350461664547 -0.00029211087658715838 3.8817231948347535e-07 -0.00020581383628743899 -3.5950423083229332e-05 -0.00022569290898631733 6.4721418651891365e-06 -0.00012040896174123998 0.00014737341528879512 9.1481267733602826e-05 0.00025273379266044075 -7.228054071422309e-05 -4.021126389740344e-05 0.00023920010730906941 0.00027807840238315763 -2.162339810466911e-05 2.0705259595241143e-05 -0.00032885661465937986 0.00010767710331930613 -5.8837762045898966e-06 0.00023330238911991875 7.1834408023118321e-05 -0.00015032346220058236 -6.6677576754503571e-05 -2.4967708722220803e-05 3.1273608670147976e-06 -0.0001291168950879324
leaf_weight=86476 1550 470 1101 680 432 331790 989 7789 701 542 468 809 648 422 408 1191 632 425 414 500 521 638 7148 487 536 546 1754 46177 70987 2108
leaf_count=86476 1550 470 1101 680 432 331790 989 7789 701 542 468 809 648 422 408 1191 632 425 414 500 521 638 7148 487 536 546 1754 46177 70987 2108
internal_value=-6.04762e-07 -9.50541e-06 -8.02329e-06 2.34345e-06 -0.000113388 2.34347e-06 -8.42326e-07 -4.41556e-05 -2.31859e-05 -0.000125216 -2.08774e-05 1.67876e-05 2.29853e-06 -3.88432e-05 -7.84977e-05 5.55614e-05 8.58581e-05 3.91487e-05 0.000118218 0.000140667 -0.000218143 -2.49618e-05 7.84016e-07 7.71453e-05 2.6965e-05 -4.06211e-05 -2.38079e-05 -2.74059e-05 -1.16572e-06 -3.40585e-05
internal_weight=569339 141657 139675 82962 1982 427682 341206 9416 56713 1243 55470 8192 7383 4167 3331 3216 2748 2116 836 925 929 8427 82282 2039 1552 1082 2402 47278 80243 9256
internal_count=569339 141657 139675 82962 1982 427682 341206 9416 56713 1243 55470 8192 7383 4167 3331 3216 2748 2116 836 925 929 8427 82282 2039 1552 1082 2402 47278 80243 9256
is_linear=0
shrinkage=0.03


Tree=86
num_leaves=31
num_cat=0
split_feature=3 29 26 39 2 13 35 13 7 18 0 20 19 26 35 12 35 8 0 21 21 29 5 26 7 3 22 26 22 22
split_gain=0.020805 0.0436351 0.0231526 0.023343 0.0155523 0.0145539 0.026913 0.0509538 0.0587153 0.0406735 0.0287922 0.0483555 0.0340539 0.0402764 0.0190743 0.0374521 0.0378074 0.0499166 0.016566 0.0180853 0.0162637 0.0140529 0.0278313 0.021976 0.0193434 0.0185321 0.0206797 0.0176713 0.0162729 0.0157526
threshold=-0.48653183877468104 -0.43286086618900294 -0.49664428830146784 0.096957076340913786 -0.49277968704700464 0.39849410951137548 0.49664428830146795 0.47083835303783422 0.18458957225084308 -0.29273785650730128 0.47318433225154882 0.45307256281375891 0.38475373387336737 -0.19122581928968427 0.41289757192134863 -0.019842519424855706 0.47318433225154882 0.39966443181037908 0.49664428830146795 -0.26518444716930384 0.49664428830146795 -0.20539174973964688 -0.41103501617908472 -0.2781506478786468 -0.41940896213054651 0.12408681586384775 -0.47306366264820093 -0.45298065245151514 0.47993287444114691 0.44538351893424993
decision_type=2 2 2 2 2 2 2 2 2 2 2 10 8 2 2 2 2 2 2 10 10 2 8 2 2 2 8 2 10 8
left_child=1 2 -1 -4 -5 -2 10 8 -8 -9 20 12 13 -12 18 -16 -17 -18 19 -15 21 22 23 -7 -24 -23 -27 -26 -29 -28
right_child=5 -3 3 4 -6 6 7 9 -10 -11 11 -13 -14 14 15 16 17 -19 -20 -21 -22 25 24 -25 27 26 29 28 -30 -31
leaf_value=6.3633682491239678e-06 1.704718901180806e-06 -1.47062943444671e-05 -7.0508502489493411e-05 -0.00046276480517968188 -0.00019912237343759311 -0.00027248214311098725 -0.00026216248442733389 0.00045414050952435577 0.00020094109023857228 4.3233414649841085e-05 -0.00032551262779727681 0.00017711876175008736 -0.00034539189904874437 -0.00015436290770351539 0.00013180929678031697 -0.00038923059416437136 -0.00030333849361239678 0.00015337467152916229 0.00017920533781839055 8.4601489155880649e-05 0.00015662058091432308 1.5553404280577191e-05 0.00019833947373801294 -1.3304244967185912e-05 -0.00012500507840551298 -0.0001957036058397647 -3.9273522956214847e-05 2.2627297945287961e-05 -0.000155303281036912 6.4088221655738632e-05
leaf_weight=459 500260 8618 477 422 427 540 528 461 445 406 545 547 521 559 413 524 403 441 447 562 505 7662 501 636 809 716 22077 16547 466 1403
leaf_count=459 500260 8618 477 422 427 540 528 461 445 406 545 547 521 559 413 524 403 441 447 562 505 7662 501 636 809 716 22077 16547 466 1403
internal_value=-7.35903e-07 -4.27514e-05 -0.000177317 -0.00024047 -0.000334029 4.68631e-08 -1.40885e-05 9.85244e-05 -5.04733e-05 0.000264407 -1.77516e-05 -8.67159e-05 -0.00011973 -8.87305e-05 -4.93433e-05 -0.000116248 -0.00019155 -6.56989e-05 2.69052e-05 -3.48722e-05 -1.11379e-05 -1.28177e-05 7.23914e-06 -0.000133609 1.63469e-05 -2.5092e-05 -3.79641e-05 1.11225e-05 1.76653e-05 -3.30727e-05
internal_weight=569327 10403 1785 1326 849 558924 58664 1840 973 867 56824 4962 4415 3894 3349 1781 1368 844 1568 1121 51862 51357 19499 1176 18323 31858 24196 17822 17013 23480
internal_count=569327 10403 1785 1326 849 558924 58664 1840 973 867 56824 4962 4415 3894 3349 1781 1368 844 1568 1121 51862 51357 19499 1176 18323 31858 24196 17822 17013 23480
is_linear=0
shrinkage=0.03


Tree=87
num_leaves=31
num_cat=0
split_feature=13 22 39 7 39 32 20 29 3 30 10 37 19 5 14 0 28 35 12 0 13 22 0 32 15 7 3 0 22 22
split_gain=0.0182 0.0187638 0.0475916 0.0283396 0.0172987 0.04135 0.0565272 0.0283549 0.0267915 0.0541108 0.0554635 0.0344546 0.0257227 0.0579231 0.0322528 0.0226458 0.0335778 0.0211473 0.0194273 0.0293393 0.0186 0.0173385 0.0218261 0.0194558 0.0189909 0.0167643 0.0280703 0.0157105 0.0242694 0.0269018
threshold=0.39177928864955908 0.30478277802467352 0.48615899682044988 0.20415349304676059 0.466554805636406 0.25850497186183935 0.29828247427940374 -0.019842519424855706 0.35910767316818243 0.29151678085327154 0.47132579982280737 -0.10399362072348593 -0.46641474962234492 0.29853430390357977 -0.078053325414657579 0.47318433225154882 -0.21217571943998334 0.19162772595882419 0.41950166225433355 0.48662193119525915 0.45986577868461614 -0.39930471777915949 0.43133513629436498 0.21118935942649844 -0.23817513883113858 0.47705537080764776 0.48634795844554907 0.49664428830146795 -0.3726381510496139 0.16415061801671985
decision_type=2 10 2 2 2 2 10 2 2 2 2 2 10 8 2 2 2 2 2 2 2 8 2 2 2 2 2 2 10 10
left_child=27 4 25 -4 15 6 8 -8 11 -10 12 20 13 -11 17 21 -17 -14 19 -7 -6 22 23 24 -2 26 -3 -1 -29 -30
right_child=1 2 3 -5 5 18 7 -9 9 10 -12 -13 14 -15 -16 16 -18 -19 -20 -21 -22 -23 -24 -25 -26 -27 -28 28 29 -31
leaf_value=9.4881555212917793e-07 -7.30989836343953e-05 -2.8964789527468007e-05 -0.00041374501004531942 -0.00011037765094735783 0.00024504967023277716 0.00010432917248117857 0.0002989826126027856 1.1909146348096968e-05 -0.00036728501615123233 1.5900122610988684e-05 0.00017402827254935657 -0.00018357962772592624 -7.444413492598062e-05 -0.00047149011206585342 -0.00025126631710931758 8.3534189512806276e-05 -0.00023159175295834491 0.00022746510368561735 -4.9621594091966717e-08 0.00039405762240256499 4.4986920636599982e-06 -3.4532904064151768e-06 -0.00021149978437726589 -0.00013365428808604079 7.7075880515424329e-05 9.7066043892656838e-05 -0.00025410168211279578 0.00022674298362194517 -0.00012728389426141636 0.00014854179285640987
leaf_weight=503062 1444 11173 448 729 628 823 708 546 547 406 761 401 418 466 400 437 961 400 511 510 530 35737 746 1289 1573 866 512 696 645 609
leaf_count=503062 1444 11173 448 729 628 823 708 546 547 406 761 401 418 466 400 437 961 400 511 510 530 35737 746 1289 1573 866 512 696 645 609
internal_value=-6.30609e-07 -1.57048e-05 -4.67745e-05 -0.000228361 -7.20772e-06 3.30519e-05 -4.05508e-06 0.000175072 -4.96311e-05 -9.67833e-05 -4.37818e-05 5.31037e-05 -0.000123541 -0.000246956 -3.3893e-05 -1.49007e-05 -0.000133193 7.41529e-05 0.000157384 0.000217287 0.000135934 -1.08147e-05 -6.27787e-05 -3.65829e-05 5.19498e-06 -2.95776e-05 -3.90384e-05 1.27911e-06 8.60495e-05 6.78514e-06
internal_weight=568982 63970 13728 1177 50242 8055 6211 1254 4957 3398 2851 1559 2090 872 1218 42187 1398 818 1844 1333 1158 40789 5052 4306 3017 12551 11685 505012 1950 1254
internal_count=568982 63970 13728 1177 50242 8055 6211 1254 4957 3398 2851 1559 2090 872 1218 42187 1398 818 1844 1333 1158 40789 5052 4306 3017 12551 11685 505012 1950 1254
is_linear=0
shrinkage=0.03


Tree=88
num_leaves=31
num_cat=0
split_feature=0 31 30 5 15 38 24 36 5 2 6 0 22 10 16 24 17 37 1 5 3 10 15 10 3 31 13 3 6 25
split_gain=0.0211208 0.0179271 0.0358293 0.0167235 0.0158839 0.0148086 0.017155 0.0317885 0.0183896 0.0179554 0.0333897 0.0145496 0.0254531 0.0261595 0.0144041 0.0191833 0.0238152 0.0316061 0.0184392 0.0179848 0.023884 0.0287924 0.0251231 0.0233901 0.0285107 0.0202195 0.0194227 0.0250779 0.0296346 0.0262335
threshold=-0.49664428830146784 0.043656742200255401 -0.39930471777915949 -0.42802877724170679 -0.40601159632205958 0.47318433225154882 -0.12458053603768347 0.39966443181037908 0.48576495051383978 0.466554805636406 0.29536506533622747 -0.49283143877983088 -0.40601159632205958 0.41289757192134863 0.28547459840774542 0.466554805636406 0.26512607932090765 0.43962624669075018 0.48586554825305944 0.36939799785614019 0.48634795844554907 0.4641572386026383 -0.44627264142036432 0.38593547046184545 0.47094413638114935 0.19131659716367724 0.37149409949779516 0.083917114883661284 -0.32397183775901789 0.44491800665855413
decision_type=2 2 2 10 2 10 2 2 10 2 10 2 10 2 2 2 2 2 2 10 2 2 2 2 2 2 2 2 10 2
left_child=1 2 -1 -3 -4 11 7 -7 9 -8 -11 12 -2 -14 15 -13 17 19 -18 23 21 25 -22 26 -25 -21 -17 -28 -29 -30
right_child=5 3 4 -5 -6 6 8 -9 -10 10 -12 14 13 -15 -16 16 18 -19 -20 20 22 -23 -24 24 -26 -27 27 28 29 -31
leaf_value=-0.00035485816164243365 -0.00011583207460451343 0.00017016951641467032 -0.00020617003376300239 -4.4508971631570741e-05 -8.2124929871237005e-06 -4.7909636398113642e-05 1.4191015003547889e-06 -0.00029710603275931121 0.00018801453522621401 3.3558936611113475e-05 -0.0002768180962427049 4.4853775675060699e-06 6.0826156027510326e-05 0.00033551255623666187 -8.7514485931535037e-06 2.6937696748375761e-05 1.5815453537052359e-05 -0.00030192004118419072 0.00023789641749677324 -5.5725420289673709e-05 4.6115600639156103e-05 0.00029474083182490343 -0.00021265676887435945 -0.00028065345650765011 -1.9736936014287859e-05 0.00019118539060841911 7.4735770510871695e-05 -0.00029255536197144458 -0.00011083641633546631 8.4149835287273387e-05
leaf_weight=468 442 401 493 1580 1331 5034 8779 498 414 626 608 419556 1082 432 112276 2848 1298 405 445 906 753 476 598 834 684 433 874 612 2802 789
leaf_count=468 442 401 493 1580 1331 5034 8779 498 414 626 608 419556 1082 432 112276 2848 1298 405 445 906 753 476 598 834 684 433 874 612 2802 789
internal_value=-2.13061e-07 -6.65814e-05 -0.000123518 -4.16672e-07 -6.25499e-05 2.90483e-07 -2.81875e-05 -7.08383e-05 -5.51303e-06 -1.36943e-05 -0.000120362 1.1195e-06 8.25853e-05 0.000140892 8.26465e-07 3.30263e-06 -3.03042e-05 -4.42592e-05 7.35479e-05 -3.57504e-05 2.6066e-05 9.69286e-05 -6.9147e-05 -5.64816e-05 -0.000163985 2.49449e-05 -3.57091e-05 -7.08353e-05 -0.000101212 -6.78801e-05
internal_weight=568777 4273 2292 1981 1824 564504 15959 5532 10427 10013 1234 548545 1956 1514 546589 434313 14757 13014 1743 12609 3166 1815 1351 9443 1518 1339 7925 5077 4203 3591
internal_count=568777 4273 2292 1981 1824 564504 15959 5532 10427 10013 1234 548545 1956 1514 546589 434313 14757 13014 1743 12609 3166 1815 1351 9443 1518 1339 7925 5077 4203 3591
is_linear=0
shrinkage=0.03


Tree=89
num_leaves=31
num_cat=0
split_feature=36 36 11 18 26 18 19 5 4 5 3 36 11 25 4 31 27 35 8 24 8 35 11 31 4 29 4 16 31 11
split_gain=0.0228487 0.028252 0.0349791 0.0275502 0.0501287 0.0264346 0.0333952 0.0267596 0.0292588 0.0476257 0.043764 0.023348 0.0226177 0.0221609 0.0214824 0.0399629 0.0603101 0.0305004 0.0483947 0.0228041 0.0198236 0.019682 0.0300801 0.0288343 0.0341692 0.0213177 0.0199168 0.027061 0.022616 0.0319664
threshold=0.48406349122524267 0.47718597948551184 0.38593547046184545 -0.016722595319151875 0.071921184659004225 -0.21137479692697522 0.35910767316818243 0.30695703625679022 0.466554805636406 0.46862696111202246 0.28547459840774542 0.48662193119525915 0.45720390975475317 0.45986577868461614 0.34489440917968756 -0.30632658302783961 0.37149409949779516 0.48418948054313665 0.47318433225154882 0.48418948054313665 0.083917114883661284 0.47705537080764776 0.41950166225433355 0.30455449223518377 0.47132579982280737 -0.098252441734075532 -0.28521004319190973 0.20428658276796344 0.2450322434306145 0.35240399837493902
decision_type=2 2 2 2 2 2 8 8 2 8 2 2 2 2 2 2 2 2 2 2 2 2 2 2 2 2 2 2 2 2
left_child=1 21 20 4 -4 6 7 11 10 -10 -9 -2 -12 -5 15 -7 -17 18 -16 -20 -3 -1 26 24 25 -24 27 -23 29 -28
right_child=5 2 3 13 -6 14 -8 8 9 -11 12 -13 -14 -15 17 16 -18 -19 19 -21 -22 22 23 -25 -26 -27 28 -29 -30 -31
leaf_value=1.1275628179240695e-06 -0.00014271347660467189 -0.00016412222357953878 7.9984225859101399e-05 0.00017550031278176738 0.00046202015513929789 -0.00017270099828995279 -0.00026641897385172944 4.5359049254805425e-05 0.00023049517970028554 -0.00016393326251031338 -0.00044582409102957591 6.2078538120347108e-05 -0.00017536543439923598 -8.4340438741492107e-05 -0.00010933345043408792 2.484228671029861e-05 0.00039737140248182433 -0.00020394323171708781 3.9127150764355319e-05 0.00033152258838539363 7.4969363110021482e-05 0.00018564010417857545 0.00034420227458414383 -0.00016556520471641087 -7.8344411223684506e-05 9.2727462229554906e-05 -7.5596136696639277e-05 -0.00011898100840647532 3.8759357309152066e-06 -0.00025404355212867808
leaf_weight=542607 659 621 716 573 541 456 780 449 450 677 529 1986 621 590 1278 1286 553 793 538 428 609 618 514 411 588 746 4766 442 2156 1110
leaf_count=542607 659 621 716 573 541 456 780 449 450 677 529 1986 621 590 1278 1286 553 793 538 428 609 618 514 411 588 746 4766 442 2156 1110
internal_value=-4.74866e-09 8.58234e-07 8.39341e-05 0.00014994 0.000246757 -4.1875e-05 -8.42017e-05 -5.72934e-05 -0.000123074 -5.7998e-06 -0.00020518 1.07094e-05 -0.000302547 4.40856e-05 7.01941e-06 7.61115e-05 0.000138408 -4.52705e-05 1.14583e-05 0.000170746 -4.60928e-05 3.09346e-07 -3.87701e-05 5.90176e-05 0.000109588 0.000197216 -6.31046e-05 5.8694e-05 -7.92316e-05 -0.00010968
internal_weight=569091 557608 3650 2420 1257 11483 6151 5371 2726 1127 1599 2645 1150 1163 5332 2295 1839 3037 2244 966 1230 553958 11351 2259 1848 1260 9092 1060 8032 5876
internal_count=569091 557608 3650 2420 1257 11483 6151 5371 2726 1127 1599 2645 1150 1163 5332 2295 1839 3037 2244 966 1230 553958 11351 2259 1848 1260 9092 1060 8032 5876
is_linear=0
shrinkage=0.03


Tree=90
num_leaves=31
num_cat=0
split_feature=30 21 35 2 29 28 5 14 35 22 21 5 22 22 26 36 29 36 26 18 21 5 26 13 27 15 12 20 4 5
split_gain=0.0197827 0.0195891 0.0188661 0.0166739 0.0277516 0.0198229 0.0244104 0.016121 0.0252768 0.0393394 0.0241997 0.0316844 0.0263514 0.0223771 0.0275887 0.0212653 0.0203145 0.0194788 0.0180656 0.0220489 0.0215372 0.0308534 0.0257312 0.0174948 0.0164486 0.0139718 0.0116391 0.0194817 0.0284906 0.0445964
threshold=0.4641572386026383 0.49233704805374151 -0.49267388880252833 -0.49664428830146784 -0.23151255398988721 0.10409675538539888 -0.4314396977424621 -0.39930471777915949 0.49118925631046301 -0.19081536680459973 -0.42605021595954889 0.26718233525753027 -0.46641474962234492 -0.48653183877468104 0.37831963598728185 0.466554805636406 -0.23151255398988721 0.48662193119525915 -0.32572281360626215 0.41856157779693609 0.036974893882870681 0.20818126201629641 0.35198226571083074 0.43962624669075018 0.21147392690181735 0.25850497186183935 0.14400359243154529 -0.45298065245151514 0.48393547534942633 0.47570809721946722
decision_type=2 10 2 2 2 2 8 2 2 8 10 8 8 10 2 2 2 2 2 2 8 10 2 2 2 2 2 10 2 10
left_child=3 2 -2 4 5 6 -1 10 16 -10 13 12 -12 -4 15 -15 18 -18 19 -9 -20 25 -23 -13 -14 -22 -5 28 -28 -30
right_child=1 -3 7 26 -6 -7 -8 8 9 -11 11 23 24 14 -16 -17 17 -19 20 -21 21 22 -24 -25 -26 -27 27 -29 29 -31
leaf_value=-0.00037059082013159096 -0.00016535595032949528 -0.00022941768831954141 0.00018002199485887767 3.1474953125509571e-06 1.0778970705571472e-05 3.0557113112996812e-05 -0.00011027314515418548 -0.00018844727238717237 0.00036341931257655749 -1.9470923026953337e-05 -0.00022159502452183893 -0.00013775046065215931 -6.3081556512253179e-05 -4.0239130747986689e-05 -0.00023252152646694243 0.00018251324675578804 -2.7982423643252241e-05 -0.00020942457321347988 -1.0153369691602891e-06 8.3759949152764531e-05 0.00013116199213612299 0.0004155979547960922 0.00010472003356822527 -0.00041474417022832871 0.00017639527302890201 -0.00011284901796007924 -6.0039950743386883e-05 -3.5001798204131132e-06 0.00028099151915383154 -4.1168695311162924e-05
leaf_weight=476 822 421 467 356490 2310 453 1016 611 410 566 549 414 637 2061 544 464 9121 556 1967 463 406 464 503 428 420 419 10844 173409 587 1092
leaf_count=476 822 421 467 356490 2310 453 1016 611 410 566 549 414 637 2061 544 464 9121 556 1967 463 406 464 503 428 420 419 10844 173409 587 1092
internal_value=-1.63083e-06 -2.90584e-05 -2.51733e-05 -4.9077e-07 -5.95761e-05 -0.000142762 -0.000195238 -1.97318e-05 -3.56025e-06 0.000143429 -6.15065e-05 -0.000133808 -5.49724e-05 -1.12156e-05 -4.08057e-05 1.25288e-06 -1.35393e-05 -3.86128e-05 3.66408e-05 -7.14089e-05 6.76197e-05 0.000142545 0.000256617 -0.000281765 3.28362e-05 7.36666e-06 -2.6188e-08 -6.11098e-06 -4.22317e-05 7.24595e-05
internal_weight=569390 22713 22292 546677 4255 1945 1492 21470 15486 976 5984 2448 1606 3536 3069 2525 14510 9677 4833 1074 3759 1792 967 842 1057 825 542422 185932 12523 1679
internal_count=569390 22713 22292 546677 4255 1945 1492 21470 15486 976 5984 2448 1606 3536 3069 2525 14510 9677 4833 1074 3759 1792 967 842 1057 825 542422 185932 12523 1679
is_linear=0
shrinkage=0.03


Tree=91
num_leaves=31
num_cat=0
split_feature=30 8 35 32 35 4 30 12 29 18 39 5 25 7 29 27 36 5 35 5 19 5 18 39 35 5 2 27 27 35
split_gain=0.0183141 0.0348182 0.03984 0.0423309 0.0300225 0.0288781 0.0281422 0.0268963 0.0287918 0.0295593 0.0258649 0.0226169 0.0203962 0.0189331 0.0164862 0.0238927 0.0234235 0.018069 0.0164748 0.0215096 0.0137243 0.0201299 0.0224204 0.0254985 0.0211026 0.0226802 0.0287236 0.0169216 0.038818 0.0194463
threshold=0.39151957631111151 0.063794087618589415 0.43310962617397314 0.17729235440492633 0.49118925631046301 0.31125478446483618 0.4385290145874024 -0.019842519424855706 0.10409675538539888 -0.20539174973964688 0.48662193119525915 -0.49664428830146784 0.47318433225154882 0.30546234548091894 -0.21206060796976087 0.49245272576808935 0.48662193119525915 0.44561520218849188 -0.4394956231117248 -0.42802877724170679 0.11801654100418092 0.46457038819789892 0.21079358458518985 -0.043551212176680558 0.46399636566638952 -0.44396261870861048 1.0000000180025095e-35 0.47718597948551184 0.46465381979942327 0.090756561607122435
decision_type=2 2 2 2 2 2 2 2 2 2 2 10 2 2 2 2 2 10 2 10 10 10 2 2 2 8 2 2 2 2
left_child=20 2 18 7 11 -5 -6 -4 9 -9 13 12 -3 -8 15 -13 -16 -18 19 -2 -1 24 27 -24 -22 -26 -27 28 -23 -29
right_child=1 4 3 5 6 -7 10 8 -10 -11 -12 14 -14 -15 16 -17 17 -19 -20 -21 21 22 23 -25 25 26 -28 29 -30 -31
leaf_value=4.7943981650065868e-06 -0.00029255187195219035 4.0764975968823883e-05 -3.1445509721699739e-05 -0.00010525781702806452 -4.90348399266344e-05 0.00020411032182338293 0.00019751551167596166 -0.00022055834149987754 -0.00012059170154046385 -0.00054056551592348667 0.0003160219194571384 4.4115133131920668e-06 0.00026939861461869438 -8.1183271422976595e-05 -1.9507012328225451e-05 0.00018046472255920263 -7.4443704050913332e-05 -0.00030110370819268092 -1.7279224181812469e-05 -5.5761589032668829e-05 -5.5787561381863199e-06 -6.9483741809704611e-06 -7.6088670670235054e-05 0.00015071863516459414 0.00014018713872189891 -0.00023842867253674892 -4.9960775445323983e-05 2.1274229235863141e-05 0.0003073147164142343 -0.00021502679202672908
leaf_weight=312905 441 1905 558 736 725 417 458 598 718 485 667 13298 422 405 25254 722 1139 434 13063 1503 180281 2361 543 2360 422 900 3679 647 406 595
leaf_count=312905 441 1905 558 736 725 417 458 598 718 485 667 13298 422 405 25254 722 1139 434 13063 1503 180281 2361 543 2360 422 900 3679 647 406 595
internal_value=-9.96275e-07 -1.61206e-05 -5.07797e-05 -0.000141595 -1.98387e-06 7.42285e-06 0.000104482 -0.000214154 -0.000270276 -0.000367502 0.000177073 -7.56756e-06 8.32029e-05 6.72923e-05 -1.27577e-05 1.36e-05 -2.65324e-05 -0.000138488 -2.94466e-05 -0.0001107 9.18822e-07 -5.3908e-06 4.48397e-05 0.000108179 -7.26698e-06 -6.79933e-05 -8.74429e-05 -1.18082e-06 4.01038e-05 -9.27428e-05
internal_weight=569047 63948 18519 3512 45429 1153 2255 2359 1801 1083 1530 43174 2327 863 40847 14020 26827 1573 15007 1944 505099 192194 6912 2903 185282 5001 4579 4009 2767 1242
internal_count=569047 63948 18519 3512 45429 1153 2255 2359 1801 1083 1530 43174 2327 863 40847 14020 26827 1573 15007 1944 505099 192194 6912 2903 185282 5001 4579 4009 2767 1242
is_linear=0
shrinkage=0.03


Tree=92
num_leaves=31
num_cat=0
split_feature=12 8 1 36 25 37 26 17 36 13 8 12 39 20 8 12 29 17 11 20 24 15 26 12 20 25 17 39 29 29
split_gain=0.0188994 0.0273756 0.0323909 0.0392682 0.0251589 0.0217432 0.022752 0.019632 0.0194494 0.0247126 0.0322287 0.0408956 0.0247819 0.0223788 0.0191944 0.0380158 0.0274463 0.0263205 0.0164518 0.0153269 0.0151279 0.015464 0.0180827 0.0144947 0.0134385 0.0148928 0.0301589 0.0388263 0.0234024 0.0228728
threshold=0.39273729920387274 0.49664428830146795 -0.33219130337238306 0.48596473038196569 0.47318433225154882 0.42620199918746954 -0.30565547943115229 -0.31205530464649195 0.49095004796981817 0.38500662147998815 -0.11887632682919501 0.47696729004383093 0.49293276667594915 -0.26512607932090754 0.48644052445888525 0.48406349122524267 0.33196638524532324 0.27854746580123907 0.42490601539611822 -0.25083892047405237 0.47735816240310674 -0.49283143877983088 -0.4394956231117248 0.34489440917968756 0.49664428830146795 0.35240399837493902 0.4641572386026383 0.16435961425304416 -0.052161069586873048 0.43962624669075018
decision_type=2 2 2 2 2 2 2 2 2 2 2 2 2 8 2 2 2 2 2 10 2 2 2 2 8 2 2 2 2 2
left_child=4 8 -3 7 -1 6 -6 -4 14 12 -11 13 -10 -12 20 16 17 19 -8 -16 21 22 -2 -20 25 -23 28 -28 -27 -29
right_child=1 2 3 -5 5 -7 18 -9 9 10 11 -13 -14 -15 15 -17 -18 -19 23 -21 -22 24 -24 -25 -26 26 27 29 -30 -31
leaf_value=1.264054804295406e-06 -0.00026751554209595668 -0.00013091858140279274 -9.6361982792545243e-05 0.00029531684635870919 -4.4309696325173932e-05 0.00024266782790740047 0.00021070185557939698 0.0001287886595299654 -0.00010730215279934704 -0.00036540157493342417 -0.00034656663035938619 0.00016279793818931953 0.00013097469677251133 -4.8745850142754359e-05 -0.00025158599818971206 0.00014940700336144274 3.7434045542459114e-05 -0.00039746807789302596 -1.6456783992817346e-07 -1.7044881652304784e-05 0.00014480311391660276 -2.3294934485619953e-05 -2.9169685717832347e-05 0.00015266619314471344 -0.00010633522748838919 -4.6048532887004607e-05 -0.00017958248080690955 0.00019794772030847744 2.1739696785842329e-05 2.8833766791812734e-05
leaf_weight=501391 450 533 603 793 1665 553 784 799 882 507 442 406 692 464 467 448 501 487 1600 532 539 27604 767 848 1287 7569 408 1770 11587 1215
leaf_count=501391 450 533 603 793 1665 553 784 799 882 507 442 406 692 464 467 448 501 487 1600 532 539 27604 767 848 1287 7569 408 1770 11587 1215
internal_value=5.23378e-08 -1.56158e-05 7.71259e-05 0.000128009 1.96157e-06 6.60116e-05 4.56086e-05 3.19548e-05 -1.99145e-05 -8.95421e-05 -0.000164539 -8.47426e-05 -2.3796e-06 -0.000196238 -1.56525e-05 -9.78443e-05 -0.00015406 -0.00021844 9.19247e-05 -0.000128092 -1.18726e-05 -1.35035e-05 -0.000118763 5.31825e-05 -1.09906e-05 -8.52322e-06 9.56231e-06 9.1861e-05 -5.05513e-06 0.000129438
internal_weight=568593 61752 2728 2195 506841 5450 4897 1402 59024 3393 1819 1312 1574 906 55631 2435 1987 1486 3232 999 53196 52657 1217 2448 51440 50153 22549 3393 19156 2985
internal_count=568593 61752 2728 2195 506841 5450 4897 1402 59024 3393 1819 1312 1574 906 55631 2435 1987 1486 3232 999 53196 52657 1217 2448 51440 50153 22549 3393 19156 2985
is_linear=0
shrinkage=0.03


Tree=93
num_leaves=31
num_cat=0
split_feature=38 0 10 26 10 31 17 18 15 18 3 5 14 9 19 16 8 26 28 17 0 13 27 35 29 26 10 17 18 19
split_gain=0.0196894 0.0197631 0.0360766 0.0614178 0.0451522 0.0267497 0.0294461 0.0289313 0.0328685 0.0237187 0.0172868 0.0247294 0.0189456 0.0167378 0.0340786 0.0299181 0.0298587 0.0295705 0.0207316 0.0259514 0.0396059 0.0326766 0.0248199 0.0203399 0.0186527 0.0166418 0.0152909 0.0142325 0.0316724 0.0243188
threshold=0.16554810106754306 0.47318433225154882 -0.26547466218471522 -0.31205530464649195 0.19131659716367724 -0.35931712388992304 -0.1576878875494003 0.37925247848033911 0.39198911190032965 0.13763252645730975 0.48662193119525915 0.49664428830146795 0.45801258087158209 0.45793896913528448 -0.35844881832599634 0.043656742200255401 0.22491610795259478 -0.23838964849710462 -0.31900657713413233 -0.43286086618900294 0.49103121459484106 0.47976386547088629 0.42620199918746954 0.4463686496019364 -0.21137479692697522 -0.37915775179862971 0.11733762547373773 -0.20462171733379361 0.44500453770160681 -0.023463716730475422
decision_type=10 2 2 2 2 2 2 2 2 2 2 8 2 2 8 2 2 2 2 2 2 2 2 2 2 2 2 2 2 10
left_child=13 10 -3 -4 -5 -6 9 8 -8 -7 -2 12 -12 -1 15 16 -15 25 24 23 21 22 -21 -20 -19 -18 -16 -28 29 -29
right_child=1 2 3 4 5 6 7 -9 -10 -11 11 -13 -14 14 26 -17 17 18 19 20 -22 -23 -24 -25 -26 -27 27 28 -30 -31
leaf_value=2.5287411403843685e-06 -5.1684354327842764e-06 0.00014294270054886736 -0.00041148416055958737 -0.0002456486122720267 0.00017954617124482793 -3.5923182561163128e-05 3.0706003312215059e-05 0.00019349688520499815 -0.00024678376412100869 -0.00035381650793797365 -8.5828387177410635e-05 8.3320693843845329e-05 -0.00031367275866483514 -0.00015952944703726292 0.00013229384359984139 0.00031032630784181257 6.7088213171960626e-05 0.00039106213124428309 6.1918014699013259e-05 -0.00013328524499658714 0.00035656709049959031 0.00030621269342626198 0.0001261299524315417 -0.00018242230031903869 0.00011681690981975407 -0.00018516727117321078 -6.8855125390845931e-05 6.9710781862906173e-05 0.00026474989788175007 -5.9881951653236674e-05
leaf_weight=363929 181228 675 472 902 557 424 1350 575 526 416 1520 600 414 469 687 488 438 420 962 634 597 404 675 438 490 489 2824 2210 408 3146
leaf_count=363929 181228 675 472 902 557 424 1350 575 526 416 1520 600 414 469 687 488 438 420 962 634 597 404 675 438 490 489 2824 2210 408 3146
internal_value=-1.0203e-07 -7.99546e-06 -6.20087e-05 -8.87234e-05 -5.58541e-05 -1.08435e-05 -4.35131e-05 9.21566e-06 -4.79936e-05 -0.000195666 -6.25887e-06 -8.39187e-05 -0.000135964 3.84074e-06 3.40801e-05 8.66719e-05 6.80449e-05 8.75388e-05 0.00011853 8.66212e-05 0.000148177 7.39033e-05 4.27081e-07 -1.52772e-05 0.000246266 -6.65346e-05 -2.85306e-06 -1.38055e-05 1.3238e-05 -6.37896e-06
internal_weight=569367 189659 5897 5222 4750 3848 3291 2451 1876 840 183762 2534 1934 379708 15779 6504 6016 5547 4620 3710 2310 1713 1309 1400 910 927 9275 8588 5764 5356
internal_count=569367 189659 5897 5222 4750 3848 3291 2451 1876 840 183762 2534 1934 379708 15779 6504 6016 5547 4620 3710 2310 1713 1309 1400 910 927 9275 8588 5764 5356
is_linear=0
shrinkage=0.03


Tree=94
num_leaves=31
num_cat=0
split_feature=8 30 28 29 17 6 36 30 39 19 20 23 23 18 14 18 19 18 12 7 32 1 24 6 7 12 15 6 39 18
split_gain=0.0163307 0.0198303 0.0216109 0.0203984 0.0224168 0.0225208 0.0253784 0.0154081 0.0123005 0.0377255 0.0439295 0.0362876 0.043078 0.0428691 0.0370196 0.0344243 0.0237659 0.0229954 0.0217745 0.0214269 0.0210305 0.0330669 0.0311531 0.0222311 0.0196746 0.0194181 0.0361829 0.0193931 0.0184492 0.0171038
threshold=-0.4798318743705749 0.37853804230690008 -0.09839292615652083 -0.37241181731224055 0.45782060921192175 0.38927203416824346 -0.065051443874835954 -0.41272504627704615 0.45782060921192175 0.49664428830146795 0.26418928802013403 0.24475421756505969 0.37925247848033911 0.37844152748584753 0.47318433225154882 0.44500453770160681 0.42508503794670111 0.33277405798435217 0.25769412517547613 0.37925247848033911 0.19791415333747867 0.49111093580722814 0.49664428830146795 0.32791291177272802 0.28466880321502691 0.47993287444114691 -0.41272504627704615 0.095666460692882552 0.47696729004383093 0.4322670996189118
decision_type=2 2 2 2 2 8 2 2 2 8 10 2 2 2 2 2 10 2 2 2 2 2 2 10 2 2 2 10 2 2
left_child=1 3 -3 4 5 6 -1 -7 -2 10 16 14 13 19 18 17 20 27 -12 -13 25 22 -22 -23 -11 29 -27 -14 -20 -10
right_child=8 2 -4 -5 -6 7 -8 -9 9 24 11 12 15 -15 -16 -17 -18 -19 28 -21 21 23 -24 -25 -26 26 -28 -29 -30 -31
leaf_value=-2.3298317244768703e-05 4.8297552284318097e-07 -0.0002419841650258871 2.0331677673295689e-05 1.470291951229889e-06 0.00011854090570033385 0.00012286639855560422 -0.0002683653376787044 -9.6948686784328945e-05 -3.6913194070664755e-05 -0.0003236337492450199 -6.9236199321949244e-05 0.00026183511790135505 -9.4775505639975663e-05 0.00048945447785078591 -0.00022979088325428165 -0.00015928205124465347 -0.00019691193192387758 0.00029414927401909523 3.7179446673639581e-05 5.1186550098130775e-06 6.984193805132627e-05 5.1154449741182018e-05 0.00034164692373614565 -0.00022478963170373165 -2.9652558369152781e-05 0.00029371955637023868 -5.3707635211862791e-05 0.00014768488409861518 0.00025290460923304512 0.00010730555875500342
leaf_weight=580 530093 767 442 9856 419 448 1106 759 9491 403 758 759 473 519 470 479 506 505 854 473 3728 505 414 531 411 494 575 764 608 793
leaf_count=580 530093 767 442 9856 419 448 1106 759 9491 403 758 759 473 519 470 479 506 505 854 473 3728 505 414 531 411 494 575 764 608 793
internal_value=6.25371e-07 -3.09303e-05 -0.000146704 -2.01975e-05 -8.44878e-05 -0.0001142 -0.000184694 -1.50211e-05 1.44393e-06 2.22158e-05 2.91427e-05 9.43974e-05 0.000151902 0.000262774 9.23891e-06 6.37066e-05 3.58562e-06 0.000125581 6.06478e-05 0.000164109 9.83802e-06 5.98806e-05 9.77667e-05 -9.10771e-05 -0.00017736 -1.30186e-05 0.000108078 5.49571e-05 0.000128001 -2.5699e-05
internal_weight=568983 14377 1209 13168 3312 2893 1686 1207 554606 24513 23699 6662 3972 1751 2690 2221 17037 1742 2220 1232 16531 5178 4142 1036 814 11353 1069 1237 1462 10284
internal_count=568983 14377 1209 13168 3312 2893 1686 1207 554606 24513 23699 6662 3972 1751 2690 2221 17037 1742 2220 1232 16531 5178 4142 1036 814 11353 1069 1237 1462 10284
is_linear=0
shrinkage=0.03


Tree=95
num_leaves=31
num_cat=0
split_feature=1 8 25 11 31 18 0 14 25 1 5 38 35 8 5 3 37 14 1 1 17 38 27 2 18 24 25 3 35 11
split_gain=0.0166054 0.0429576 0.0484769 0.0443726 0.0286612 0.0214368 0.0180575 0.0454706 0.0250057 0.0358601 0.0263479 0.0460674 0.0227917 0.0355794 0.0889193 0.0258044 0.0255794 0.0189807 0.0175736 0.0230372 0.0182725 0.017325 0.0170519 0.0208453 0.0197419 0.020798 0.017514 0.0226702 0.0220359 0.0160596
threshold=0.49664428830146795 0.32465183734893804 0.47318433225154882 0.466554805636406 0.13763252645730975 -0.077052142471075044 0.47318433225154882 0.49215674400329595 0.39805366098880773 0.47683362662792211 0.39212159812450414 -0.084561213850975023 0.41289757192134863 0.34589572250843054 0.41557779908180242 0.39151957631111151 0.030252186581492427 0.27865724265575414 0.49303127825260168 0.49111093580722814 -0.18511227518320081 -0.3390317559242248 0.41289757192134863 0.42530338466167456 0.37925247848033911 0.37159061431884771 0.22491610795259478 0.28547459840774542 0.49118925631046301 0.43116609752178198
decision_type=2 2 2 2 2 2 2 2 2 2 10 10 2 2 10 2 2 2 2 2 2 10 2 2 2 2 2 2 2 2
left_child=6 -2 29 -4 5 -5 18 8 9 22 11 -11 16 14 15 -14 21 -15 19 -1 -20 -10 24 -24 25 -8 27 -27 -28 -3
right_child=1 2 3 4 -6 -7 7 -9 12 10 -12 -13 13 17 -16 -17 -18 -19 20 -21 -22 -23 23 -25 -26 26 28 -29 -30 -31
leaf_value=7.4031013188605008e-07 0.00026619642743631422 -5.0221019943173048e-05 0.00031038903090805893 -3.3636227554570023e-05 -0.00015009710829378881 0.00023589073323420105 -0.00018430809964684158 0.00022829685303554149 0.00019258876516914825 0.00023202224448605913 0.00031871057893720898 -0.00015801320533038587 -0.00021328692091942227 1.4249470176366774e-05 0.00013208081449864271 -0.00048576491334858228 -0.00013590189510764749 -0.0002184015474554862 -0.00026389552035566355 0.00016245124096848134 -1.4873745717671497e-05 -3.0563203430819321e-05 0.00015552858322904765 -8.289694190324423e-05 0.00011953618532922033 0.00014770824808718147 -0.00016962424204803648 -8.7145806947540953e-05 7.069876099614283e-05 -0.00027053545024471794
leaf_weight=549009 735 820 631 497 589 555 1342 562 566 546 424 525 617 1284 437 687 923 408 448 784 633 681 762 568 457 745 1308 716 458 463
leaf_count=549009 735 820 631 497 589 555 1342 562 566 546 424 525 617 1284 437 687 923 408 448 784 633 681 762 568 457 745 1308 716 458 463
internal_value=3.26397e-07 5.90571e-05 1.56043e-05 9.87186e-05 1.59398e-05 0.000109439 -1.20665e-07 -3.37349e-05 -4.4842e-05 -1.0259e-05 0.000121454 4.11353e-05 -9.31955e-05 -0.000141191 -0.000236019 -0.000359444 -1.69654e-05 -4.28044e-05 7.35187e-07 9.73859e-07 -0.000119549 7.14494e-05 -4.13813e-05 5.3846e-05 -6.66376e-05 -8.54795e-05 -4.39376e-05 3.28021e-05 -0.000107251 -0.000131204
internal_weight=569180 4290 3555 2272 1641 1052 564890 14016 13454 7851 1495 1071 5603 3433 1741 1304 2170 1692 550874 549793 1081 1247 6356 1330 5026 4569 3227 1461 1766 1283
internal_count=569180 4290 3555 2272 1641 1052 564890 14016 13454 7851 1495 1071 5603 3433 1741 1304 2170 1692 550874 549793 1081 1247 6356 1330 5026 4569 3227 1461 1766 1283
is_linear=0
shrinkage=0.03


Tree=96
num_leaves=31
num_cat=0
split_feature=37 2 28 23 15 35 23 15 35 26 31 39 7 7 11 7 30 12 2 28 35 37 29 29 39 5 37 37 27 17
split_gain=0.0117528 0.0321927 0.044399 0.0349804 0.0544117 0.0402173 0.0224051 0.0142232 0.0250859 0.02305 0.0275729 0.0217353 0.0217262 0.0261022 0.0238488 0.0155012 0.0162639 0.0152373 0.0197275 0.021855 0.0199458 0.018504 0.0182046 0.0126766 0.0362776 0.0480868 0.0244981 0.0179667 0.0294738 0.0313915
threshold=-0.1590028181672096 0.49293276667594915 -0.37915775179862971 0.43189549446105963 -0.49664428830146784 0.3916164785623551 0.33277405798435217 -0.47306366264820093 0.49307949841022497 -0.46641474962234492 0.23126304149627688 0.48662193119525915 0.42469435930252081 -0.17109678685665128 0.43801879882812506 -0.36572171747684473 -0.01056390395388007 0.31229026615619665 -0.30589769780635828 -0.21863426268100736 -0.25836129486560816 -0.49277968704700464 -0.29863440990447992 -0.33881792426109308 0.47993287444114691 inf 0.47318433225154882 0.43310962617397314 0.30546234548091894 0.45307256281375891
decision_type=2 2 2 2 2 2 2 2 2 2 2 2 2 2 2 2 2 2 2 2 2 2 2 2 2 8 2 2 2 2
left_child=1 7 -3 6 -5 -6 -4 8 9 10 -1 -9 13 -13 -15 16 -11 -17 19 -19 22 -22 -20 27 -25 26 -26 -2 -29 -30
right_child=23 2 3 4 5 -7 -8 11 -10 15 -12 12 -14 14 -16 17 -18 18 20 -21 21 -23 -24 24 25 -27 -28 28 29 -31
leaf_value=-0.00024671665544313224 2.9300721707563261e-06 0.00034885462982449015 8.7275475921083166e-06 0.00021678106783054254 4.351417846839547e-06 -0.00040434253416226908 0.00027942090724616584 6.7532940800219728e-06 -0.00023884708982689355 -2.5537922460747117e-05 5.3096095088689148e-05 0.00019059400849014672 0.00027280441524690503 6.8064577297115918e-05 -0.00020653118038932699 8.7831157585087564e-06 0.00016481684491860036 -0.00010744988522856147 0.00012555627449816766 0.0001780211992580343 -1.244579753018447e-05 -0.00023601266790293588 -0.00010113065709815969 -3.0630553977234257e-06 -9.5490031955772876e-05 0.00015909473897955361 -0.00031414264406102413 1.0193285632580485e-05 0.00018599105866488237 8.198711108401381e-06
leaf_weight=772 47736 539 462 425 445 412 673 174013 458 710 422 733 493 746 447 7472 920 420 500 542 467 1163 841 311694 3553 612 524 7210 2205 1500
leaf_count=772 47736 539 462 425 445 412 673 174013 458 710 422 733 493 746 447 7472 920 420 500 542 467 1163 841 311694 3553 612 524 7210 2205 1500
internal_value=1.16567e-06 7.15848e-06 0.000105237 4.96955e-05 -5.75487e-05 -0.000194524 0.000170274 5.63609e-06 -2.27197e-05 -1.56002e-05 -0.000141192 7.99771e-06 9.71198e-05 5.09728e-05 -3.56841e-05 -3.99664e-06 8.22514e-05 -1.63844e-05 -6.40994e-05 5.3564e-05 -0.00010225 -0.000172427 -1.63053e-05 -1.93563e-06 -4.31044e-06 -8.70454e-05 -0.000124292 1.08734e-05 4.55786e-05 0.000114226
internal_weight=569109 194075 2956 2417 1282 857 1135 191119 14687 14229 1194 176432 2419 1926 1193 13035 1630 11405 3933 962 2971 1630 1341 375034 316383 4689 4077 58651 10915 3705
internal_count=569109 194075 2956 2417 1282 857 1135 191119 14687 14229 1194 176432 2419 1926 1193 13035 1630 11405 3933 962 2971 1630 1341 375034 316383 4689 4077 58651 10915 3705
is_linear=0
shrinkage=0.03


Tree=97
num_leaves=31
num_cat=0
split_feature=25 39 6 36 24 25 22 17 28 28 0 0 2 6 37 18 13 7 17 0 19 7 6 29 22 19 13 28 18 6
split_gain=0.014041 0.0179243 0.0145507 0.0249533 0.033225 0.0234721 0.0159017 0.0211845 0.0153328 0.0180347 0.0180591 0.0152626 0.0202712 0.0421833 0.0353795 0.0345153 0.017838 0.0177228 0.0285741 0.0284774 0.0174339 0.0168986 0.0235793 0.0163085 0.0206736 0.039583 0.0382357 0.0281058 0.0315411 0.0194699
threshold=-0.016722595319151875 0.45782060921192175 0.44881153106689459 0.49288246035575872 0.48662193119525915 0.48662193119525915 -0.49664428830146784 -0.42605021595954889 -0.10399362072348593 -0.15097505599260327 0.37925247848033911 0.33858561515808111 0.49221777915954595 0.30875958502292639 -0.38593547046184534 0.29197315871715551 0.49664428830146795 0.19804988801479342 -0.4798318743705749 0.49664428830146795 -0.20462171733379361 0.49664428830146795 0.30875958502292639 0.14436987787485125 -0.46641474962234492 -0.4718968123197555 0.39849410951137548 0.090756561607122435 -0.42605021595954889 0.38141870498657232
decision_type=2 2 10 2 2 2 8 2 2 2 2 2 2 10 2 2 2 2 2 2 10 2 10 2 8 8 2 2 2 10
left_child=1 -1 6 4 8 -5 7 -2 9 -4 -11 21 16 14 -14 -16 17 18 -13 -19 -15 -8 -23 24 26 -26 27 28 -20 -27
right_child=2 -3 3 5 -6 -7 11 -9 -10 10 -12 12 13 20 15 -17 -18 19 23 -21 -22 22 -24 -25 25 29 -28 -29 -30 -31
leaf_value=4.1832039091815697e-06 0.00024043642967481777 0.0001326475657531534 2.7465881803640336e-05 3.1214262839028892e-05 0.0002815511151189298 -0.0002462715052973825 -3.0606752587706336e-06 2.4954198606310243e-05 -8.7196099644069871e-06 7.2831991986521037e-05 0.00029104574138589173 -0.00022734557979612802 0.00023125134098395773 -0.00012338049879038852 -0.00027019720342026893 0.00010148928784160947 0.00014367923457279637 -3.0791206787398326e-06 2.6783457231245474e-05 0.00019724192164994884 -0.00037058963325348898 -0.00025298070809511724 2.7101022273580932e-05 -4.7847446387255672e-06 0.00020560808221544824 -5.184374646448047e-05 -0.00032192736519298226 0.00015193069551428748 -0.00032301933865289893 9.1954875222402928e-05
leaf_weight=275280 499 971 9697 499 438 594 209803 2140 9087 1272 462 651 418 529 480 408 602 18916 489 651 518 567 506 15096 581 15946 663 434 429 886
leaf_count=275280 499 971 9697 499 438 594 209803 2140 9087 1272 462 651 418 529 480 408 602 18916 489 651 518 567 506 15096 581 15946 663 434 429 886
internal_value=-2.13754e-07 4.63953e-06 -4.78554e-06 1.86458e-05 2.59548e-05 -0.000120453 -6.69108e-06 6.64529e-05 2.03641e-05 4.34713e-05 0.000132307 -7.41224e-06 -2.10832e-05 -0.00010714 6.84002e-06 -0.000100194 -1.74057e-05 -1.92031e-05 -3.19314e-05 3.68297e-06 -0.000248035 -3.67097e-06 -0.00012187 -2.81818e-05 -4.63501e-05 -3.57753e-05 -0.000137106 -4.47748e-05 -0.000138406 -4.42244e-05
internal_weight=569512 276251 293261 22049 20956 1093 271212 2639 20518 11431 1734 268573 57697 2353 1306 888 55344 54742 35175 19567 1047 210876 1073 34524 19428 17413 2015 1352 918 16832
internal_count=569512 276251 293261 22049 20956 1093 271212 2639 20518 11431 1734 268573 57697 2353 1306 888 55344 54742 35175 19567 1047 210876 1073 34524 19428 17413 2015 1352 918 16832
is_linear=0
shrinkage=0.03


Tree=98
num_leaves=31
num_cat=0
split_feature=3 29 24 31 18 26 35 29 17 37 38 39 22 28 7 7 24 39 4 17 7 22 8 24 27 2 38 27 25 27
split_gain=0.0185264 0.0342523 0.0190064 0.0264308 0.0339528 0.0175314 0.0262002 0.036436 0.0224364 0.0168445 0.0157068 0.0197633 0.0425541 0.0530985 0.0357065 0.0208595 0.0304767 0.0186062 0.0285339 0.0296982 0.0257277 0.0277618 0.0215101 0.0210924 0.0462037 0.0231069 0.0194213 0.0199726 0.0185524 0.0185065
threshold=0.49283143877983099 -0.45298065245151514 0.47318433225154882 0.25170098245143896 -0.21137479692697522 -0.39223228394985193 -0.10399362072348593 -0.17169876396656034 -0.2925227135419845 -0.43286086618900294 0.15703858435153964 0.48615899682044988 0.15747082233428958 -0.34561291337013239 0.40614514052867895 0.090756561607122435 0.47318433225154882 0.48662193119525915 0.27154105901718145 0.090756561607122435 0.05709491856396199 -0.48653183877468104 -0.25898236036300654 0.47318433225154882 0.46465381979942327 0.31848688423633581 -0.47318433225154871 0.29203960299491888 0.31848688423633581 0.39177928864955908
decision_type=2 2 2 2 2 2 2 2 2 2 10 2 10 2 2 2 2 2 2 2 2 10 2 2 2 2 10 2 2 2
left_child=10 -2 5 4 -4 -3 7 -7 9 -8 17 -12 14 -14 15 16 -13 23 19 22 -20 -22 -19 -1 25 -25 28 -28 -27 -29
right_child=1 2 3 -5 -6 6 8 -9 -10 -11 11 12 13 -15 -16 -17 -18 18 20 -21 21 -23 -24 24 -26 26 27 29 -30 -31
leaf_value=4.1472564834390772e-06 0.00013324645438476636 -0.00024451912644972667 -0.00023208238755200404 0.00021754392526522029 0.00010065756183554802 0.0001818035275968662 -0.00013004539383153489 -0.00012068532986266019 -6.8862032530227121e-05 -0.00040709390420446643 -5.4028531838669768e-06 0.00019961846062904637 4.8930262999650921e-05 -0.00031050551812620295 0.00024745174434514063 -0.00020494953169752821 -0.00015306305853055274 8.0508253105192698e-05 -0.00018533835682042825 5.0496894031172043e-07 0.000268081413284593 -5.1532426364265795e-06 0.00035731182209655063 1.362434417036044e-05 0.00019579552204058331 -6.2921824809809607e-05 -0.00016631939477112847 6.7442569280998897e-05 -0.00032683386078168801 -0.00010307691638334447
leaf_weight=358157 790 707 530 410 556 651 405 773 1257 403 189431 461 557 1077 460 512 405 411 516 666 408 1677 677 2028 632 401 1339 1102 608 1172
leaf_count=358157 790 707 530 410 556 651 405 773 1257 403 189431 461 557 1077 460 512 405 411 516 666 408 1677 677 2028 632 401 1339 1102 608 1172
internal_value=-3.46889e-07 -5.0736e-05 -7.64601e-05 1.5283e-05 -6.23652e-05 -0.000109128 -8.10721e-05 1.79048e-05 -0.000149083 -0.000271514 2.34461e-07 -6.70499e-06 -7.75297e-05 -0.000188428 2.15464e-05 -5.51041e-05 3.48164e-05 3.85451e-06 6.54261e-05 0.000158565 2.25068e-06 4.93387e-05 0.000254433 3.11898e-06 -4.7392e-05 -7.07633e-05 -0.00010774 -7.48566e-05 -0.000223596 -2.05082e-05
internal_weight=569179 6482 5692 1496 1086 4196 3489 1424 2065 808 562697 192903 3472 1634 1838 1378 866 369794 4355 1754 2601 2085 1088 365439 7282 6650 4622 3613 1009 2274
internal_count=569179 6482 5692 1496 1086 4196 3489 1424 2065 808 562697 192903 3472 1634 1838 1378 866 369794 4355 1754 2601 2085 1088 365439 7282 6650 4622 3613 1009 2274
is_linear=0
shrinkage=0.03


Tree=99
num_leaves=31
num_cat=0
split_feature=3 14 16 11 1 0 4 31 19 20 35 12 1 28 22 21 12 2 37 39 5 24 18 26 1 39 27 30 26 18
split_gain=0.0136566 0.0293929 0.019068 0.028321 0.0162781 0.0152092 0.014706 0.0137829 0.0112203 0.0179183 0.0142028 0.021482 0.023579 0.0458187 0.0306802 0.0226634 0.0184815 0.0186927 0.020817 0.0172447 0.0235277 0.0138032 0.0148169 0.017127 0.0197108 0.013207 0.0131025 0.0129288 0.0127213 0.0159062
threshold=-0.49277968704700464 0.43310962617397314 0.043656742200255401 0.43310962617397314 -0.49277968704700464 0.21147392690181735 -0.49664428830146784 -0.032316081225872033 0.083917114883661284 -0.45298065245151514 -0.19122581928968427 0.49227787554264074 0.49303127825260168 -0.38581016659736628 0.34501582384109503 0.40614514052867895 0.34489440917968756 -0.44627264142036432 0.42490601539611822 0.48662193119525915 0.2519689947366715 0.47735816240310674 -0.22480142861604688 -0.45970448851585383 0.37251612544059759 0.48615899682044988 0.47152988612651831 0.22491610795259478 -0.44627264142036432 0.13763252645730975
decision_type=2 2 2 2 2 2 2 2 10 10 2 2 2 2 10 10 2 2 2 2 10 2 2 2 2 2 2 2 2 2
left_child=1 2 4 -4 -1 -6 -3 -8 -2 -10 16 12 19 -14 -15 27 25 18 28 -12 -21 22 23 -19 26 -11 -25 -13 29 -18
right_child=8 6 3 -5 5 -7 7 -9 9 10 11 15 13 14 -16 -17 17 21 -20 20 -22 -23 -24 24 -26 -27 -28 -29 -30 -31
leaf_value=-0.00021274522738528481 4.4600746432677085e-06 -0.00031748486558203339 3.1200362606534957e-06 0.00027336535205459307 7.3196471961217693e-06 -0.00019126346278697265 -0.00021384720626081529 2.2461681775071966e-05 -0.00015635293427029804 -5.3017573254708662e-08 -8.1622924286845702e-06 -7.880154332584927e-05 0.00036058364263705071 0.000131635884688741 -0.00016773397317809216 1.1350819739419087e-05 0.00021893865705633047 -6.7571387327464882e-05 0.00022938350243360372 -0.00029739858899443199 3.366777188394769e-06 0.00015252528415886897 -4.6768394570504172e-06 2.5523487006772169e-05 0.0002527715489946477 -0.00015149456895209712 0.00020753743513420974 -0.00029921781910164519 -1.3937720650973158e-05 -3.3954997514546919e-06
leaf_weight=519 331725 409 1873 419 1931 413 448 428 684 57332 150356 425 446 744 511 749 668 705 810 429 501 658 10838 2001 573 513 424 568 1221 505
leaf_count=519 331725 409 1873 419 1931 413 448 428 684 57332 150356 425 446 744 511 749 668 705 810 429 501 658 10838 2001 573 513 424 568 1221 505
internal_value=4.25218e-07 -4.29799e-05 -1.08597e-05 5.34964e-05 -6.23875e-05 -2.83335e-05 -0.000170757 -9.944e-05 9.22131e-07 -4.14397e-06 -3.68648e-06 -8.90848e-06 -7.71178e-06 0.000103033 9.3787e-06 -0.000113363 6.91024e-06 3.30871e-05 9.88267e-05 -8.96368e-06 -0.000137061 1.91731e-05 1.30381e-05 6.47593e-05 9.59989e-05 -1.42203e-06 5.80694e-05 -0.000206607 5.38829e-05 0.000124
internal_weight=569826 6440 5155 2292 2863 2344 1285 876 563386 231661 230977 154729 152987 1701 1255 1742 76248 18403 3204 151286 930 15199 14541 3703 2998 57845 2425 993 2394 1173
internal_count=569826 6440 5155 2292 2863 2344 1285 876 563386 231661 230977 154729 152987 1701 1255 1742 76248 18403 3204 151286 930 15199 14541 3703 2998 57845 2425 993 2394 1173
is_linear=0
shrinkage=0.03


Tree=100
num_leaves=31
num_cat=0
split_feature=0 22 14 18 23 14 4 0 12 16 15 25 31 31 31 15 24 20 22 18 0 18 36 37 26 0 19 21 39 23
split_gain=0.0158171 0.0515216 0.0295852 0.0743345 0.0276548 0.0276491 0.0287995 0.0237913 0.0261449 0.0218351 0.0229188 0.0205584 0.0198495 0.0206123 0.0137239 0.00964999 0.0173965 0.0282211 0.0187802 0.019967 0.015523 0.0308678 0.0238934 0.0160905 0.0200562 0.0146215 0.0139455 0.0219349 0.0149067 0.0127585
threshold=0.49664428830146795 -0.17109678685665128 -0.41940896213054651 -0.48653183877468104 0.35240399837493902 0.45221787691116339 0.47132579982280737 0.49103121459484106 0.41950166225433355 -0.41272504627704615 -0.34561291337013239 0.45176568627357488 0.090756561607122435 -0.27231748402118677 -0.083612978458404527 0.14436987787485125 0.48662193119525915 0.27187095582485205 0.49664428830146795 0.37925247848033911 0.47318433225154882 0.39859968423843389 0.45307256281375891 0.063794087618589415 0.37831963598728185 0.47118844091892248 0.45202739536762243 -0.37189744412899012 0.31881627440452581 -0.47306366264820093
decision_type=2 10 2 2 2 2 2 2 2 2 2 2 2 2 2 2 2 8 10 2 2 2 2 2 2 2 10 10 2 2
left_child=7 2 3 -2 -4 6 11 15 9 -9 -11 -3 13 -12 -10 26 18 -18 20 -20 25 22 23 -22 -25 -17 29 28 -28 -1
right_child=1 5 4 -5 -6 -7 -8 8 14 10 12 -13 -14 -15 -16 16 17 -19 19 -21 21 -23 -24 24 -26 -27 27 -29 -30 -31
leaf_value=3.8592050213289973e-05 0.00021588932425162618 -0.00014242595546932606 9.6606944492426302e-05 -0.00025014901591234573 0.00042065938032013626 0.00013919958975426084 -0.00032853696973985871 0.00014935848238856197 -8.2309122162572905e-05 -0.00027054164450751215 5.2644448380699424e-05 0.00012394060152521664 0.00010174006692686817 -0.00021636482156960792 -0.00031837838225854396 -5.3287680623446815e-06 -7.7207241688932805e-05 0.00021925729249003826 1.4578630628277832e-05 0.00024444256505645685 0.00010427063216978195 0.0001476869214811459 -0.00025957704161007155 -4.0516381671849576e-06 -0.0002595400507146039 0.00011871717017748272 -5.5736374026914878e-05 -1.8304834138145921e-05 -0.00031014988530171444 3.8115392303093217e-06
leaf_weight=9752 924 640 431 450 538 487 414 493 407 405 434 426 690 605 502 194159 456 760 887 543 417 452 746 655 469 849 429 6770 401 343749
leaf_count=9752 924 640 431 450 538 487 414 493 407 405 434 426 690 605 502 194159 456 760 887 543 417 452 746 655 469 849 429 6770 401 343749
internal_value=9.25492e-07 5.81113e-05 0.000152867 6.25521e-05 0.000278984 -5.49602e-05 -0.000119355 4.88263e-07 -7.69747e-05 -2.86764e-05 -7.03111e-05 -3.58167e-05 -2.21232e-05 -0.000104566 -0.000214725 9.77447e-07 -4.30183e-06 0.00010836 -4.99505e-06 0.000102954 -5.78085e-06 -7.65731e-05 -0.000121346 -5.31853e-05 -0.000112005 -4.78265e-06 3.90722e-06 -3.62742e-05 -0.000180881 4.77209e-06
internal_weight=569340 4310 2343 1374 969 1967 1480 565030 3536 2627 2134 1066 1729 1039 909 561494 200393 1216 199177 1430 197747 2739 2287 1541 1124 195008 361101 7600 830 353501
internal_count=569340 4310 2343 1374 969 1967 1480 565030 3536 2627 2134 1066 1729 1039 909 561494 200393 1216 199177 1430 197747 2739 2287 1541 1124 195008 361101 7600 830 353501
is_linear=0
shrinkage=0.03


Tree=101
num_leaves=31
num_cat=0
split_feature=35 13 5 12 26 25 28 28 5 6 28 23 30 2 19 25 35 36 13 2 36 19 28 18 26 19 35 12 23 35
split_gain=0.0210284 0.0313486 0.0385483 0.0347527 0.0651701 0.0333408 0.037795 0.0262348 0.0586575 0.0293569 0.0292108 0.0257644 0.033921 0.0242715 0.0239993 0.0238997 0.0209464 0.0183804 0.0167417 0.0211308 0.0256447 0.0305673 0.018257 0.0220016 0.0297059 0.0182214 0.0261578 0.0196773 0.0185251 0.0167841
threshold=0.40572874248027807 0.46399636566638952 0.47570809721946722 0.46441236138343817 -0.35231085121631617 0.48406349122524267 -0.29180648922920221 -0.057004502043128007 0.36939799785614019 -0.0043863023165613404 0.16554810106754306 0.41950166225433355 0.47993287444114691 0.47993287444114691 -0.4394956231117248 0.45176568627357488 0.47705537080764776 0.43310962617397314 0.47683362662792211 0.49221777915954595 0.48596473038196569 -0.24489701539278028 -0.40601159632205958 -0.47306366264820093 -0.30565547943115229 -0.35844881832599634 -0.25836129486560816 0.4385290145874024 0.33189558982849127 -0.32545009255409235
decision_type=2 2 10 2 2 2 2 2 10 8 2 2 2 2 10 2 2 2 2 2 2 8 2 2 2 8 2 2 2 2
left_child=18 5 3 4 -3 11 -7 8 9 -6 -9 12 13 -2 -13 16 -15 -12 19 -1 21 -21 -20 24 -24 26 28 -27 -25 -23
right_child=1 2 -4 -5 7 6 -8 10 -10 -11 17 14 -14 15 -16 -17 -18 -19 22 20 -22 29 23 25 -26 27 -28 -29 -30 -31
leaf_value=2.1683271442712566e-06 -1.9128504007833922e-05 -0.00030236264470830018 -0.00019052387865107137 0.00031480002754784758 0.00025980682179049363 -5.5776896937370514e-06 -0.00032321256556088612 -0.00011483966878992377 0.00043746762358693798 -5.6428499959016159e-05 0.00027363264071738193 0.00020454678525663001 -0.00018229733926256999 -9.2458646995246578e-05 1.7257074727863001e-05 7.7467981923565859e-06 -0.00039801831676244807 7.3215910101165523e-06 8.2980934726716989e-05 0.0002417596978486392 0.0002956408620775219 8.6347314838648132e-05 -0.00037070055492451331 4.6009158242580402e-05 -6.3824301572449024e-05 -2.787751937730671e-05 -6.1596031917375804e-05 -0.00015360764732919794 0.00029566451196549984 -0.00012950847175693212
leaf_weight=498779 42655 405 504 509 402 646 696 823 532 729 420 717 1229 404 4040 537 410 511 1095 492 445 574 403 656 926 6086 1008 1365 447 720
leaf_count=498779 42655 405 504 509 402 646 696 823 532 729 420 717 1229 404 4040 537 410 511 1095 492 445 574 403 656 926 6086 1008 1365 447 720
internal_value=-1.65408e-07 -1.75904e-05 5.5363e-05 8.43499e-05 5.2918e-05 -2.44711e-05 -0.000171484 9.57871e-05 0.000180781 5.72653e-05 1.46344e-05 -2.04911e-05 -2.74769e-05 -2.31126e-05 4.58562e-05 -0.000147838 -0.000249327 0.000129093 1.74279e-06 2.58134e-06 9.4496e-05 4.30117e-05 -3.32812e-05 -4.50358e-05 -0.000158954 -2.90531e-05 4.85884e-05 -5.10859e-05 0.000148932 -3.383e-05
internal_weight=569165 56169 4835 4331 3822 51334 1342 3417 1663 1131 1754 49992 45235 44006 4757 1351 814 931 512996 501010 2231 1786 11986 10891 1329 9562 2111 7451 1103 1294
internal_count=569165 56169 4835 4331 3822 51334 1342 3417 1663 1131 1754 49992 45235 44006 4757 1351 814 931 512996 501010 2231 1786 11986 10891 1329 9562 2111 7451 1103 1294
is_linear=0
shrinkage=0.03


Tree=102
num_leaves=31
num_cat=0
split_feature=6 1 27 0 11 29 18 6 5 22 27 5 5 17 0 29 22 31 5 16 25 5 22 39 38 14 23 0 29 27
split_gain=0.0235631 0.0246675 0.0244028 0.0212885 0.0236258 0.0345257 0.0382521 0.0616246 0.0439056 0.0363393 0.0499168 0.0310769 0.0291119 0.0240586 0.0223986 0.021199 0.0299728 0.0350983 0.020847 0.0262947 0.0207595 0.0227078 0.020057 0.020012 0.0366565 0.0498806 0.0460564 0.0282308 0.0289263 0.0261326
threshold=0.45279304683208471 -0.49277968704700464 0.49664428830146795 0.47318433225154882 0.26490327715873724 0.40514095127582556 0.38519051671028143 0.32373654842376715 -0.45963668823242182 -0.1843871399760246 0.42520184814929968 0.30286830663681036 0.36146230995655065 -0.25898236036300654 0.49664428830146795 0.36581273376941686 0.28547459840774542 0.21118935942649844 0.034802973270416267 -0.33219130337238306 0.40614514052867895 0.35818248987197882 -0.1576878875494003 0.4641572386026383 0.38593547046184545 0.40614514052867895 0.31229026615619665 -0.49664428830146784 -0.25203305482864374 0.43885339796543127
decision_type=10 2 2 2 2 2 2 10 10 8 2 8 10 2 2 2 8 2 10 2 2 10 10 2 8 2 2 2 2 2
left_child=3 -2 -3 23 12 6 8 11 -6 10 18 -8 14 -12 -5 16 17 -4 -10 -20 -11 -22 -14 -1 25 27 -27 28 -25 -26
right_child=1 2 15 4 5 -7 7 -9 9 20 13 -13 22 -15 -16 -17 -18 -19 19 -21 21 -23 -24 24 29 26 -28 -29 -30 -31
leaf_value=2.0619213431540525e-07 -0.0001367194671654908 2.4931255828703913e-05 0.00021139138550340257 -4.695615549918484e-05 -0.00033483660645098245 7.372281047202628e-05 2.9337820764189974e-05 -0.00020236591113038737 2.03768184394984e-05 -8.0788689698849681e-05 0.00022490773621189794 0.00037692991160380825 0.0003285837735049848 -1.3651499981885233e-05 0.00016771722224760143 -4.3725595730847999e-05 0.00035474631437005562 -0.00012252911480847625 -0.000352570777909756 -7.4472899530514313e-05 -0.00012784900699925263 -0.00037361640701326918 3.3617427996099113e-05 -0.00026619314122079229 -3.7517124811279747e-06 8.6430210496827716e-05 0.0004677192430070604 6.700886964198846e-05 2.790630754542525e-05 -0.00023546507204533749
leaf_weight=517843 775 23559 769 3067 737 1400 475 534 563 1156 729 445 404 782 500 502 565 437 548 693 680 696 421 490 1575 668 495 6142 752 597
leaf_count=517843 775 23559 769 3067 737 1400 475 534 563 1156 729 445 404 782 500 502 565 437 548 693 680 696 421 490 1575 668 495 6142 752 597
internal_value=1.4371e-06 2.89956e-05 3.40183e-05 8.47098e-08 -3.66446e-05 -6.33717e-05 -8.73117e-05 5.167e-05 -0.000118036 -9.01838e-05 -2.46671e-05 0.000199712 2.08029e-05 0.000102166 -1.64798e-05 0.000127681 0.000176239 9.03811e-05 -0.000130878 -0.000199112 -0.000175527 -0.00025396 0.000180267 1.04642e-06 4.16004e-05 6.95576e-05 0.00025132 4.06284e-05 -8.93227e-05 -6.82281e-05
internal_weight=568999 26607 25832 542392 13830 9438 8038 1454 6584 5847 3315 920 4392 1511 3567 2273 1771 1206 1804 1241 2532 1376 825 528562 10719 8547 1163 7384 1242 2172
internal_count=568999 26607 25832 542392 13830 9438 8038 1454 6584 5847 3315 920 4392 1511 3567 2273 1771 1206 1804 1241 2532 1376 825 528562 10719 8547 1163 7384 1242 2172
is_linear=0
shrinkage=0.03


Tree=103
num_leaves=31
num_cat=0
split_feature=8 3 15 31 18 16 11 11 24 30 2 4 30 11 0 11 28 2 7 12 24 37 15 11 3 37 28 0 29 1
split_gain=0.0136766 0.0176184 0.0142069 0.012335 0.0150208 0.0296262 0.0280211 0.0171186 0.0138447 0.0113673 0.017456 0.013136 0.0233161 0.0450806 0.0235918 0.0258391 0.0227883 0.0195733 0.0174248 0.0204509 0.0276903 0.0227004 0.012462 0.0123198 0.011983 0.0113198 0.0227861 0.0214376 0.0203113 0.0137997
threshold=-0.48653183877468104 0.47094413638114935 -0.49283143877983088 0.29932886362075811 0.15108475089073184 -0.45298065245151514 0.43962624669075018 0.41950166225433355 0.35910767316818243 0.12542516738176349 -0.4798318743705749 0.42490601539611822 -0.4394956231117248 0.48615899682044988 0.344627395272255 0.44485473632812506 -0.045141067355871194 0.48606254160404211 0.39966443181037908 0.31229026615619665 0.26490327715873724 0.097359016537666335 0.15108475089073184 0.39966443181037908 0.46441236138343817 -0.49664428830146784 0.16409231722354892 0.49664428830146795 -0.2781506478786468 0.43116609752178198
decision_type=2 2 2 2 2 2 2 2 2 2 2 2 2 2 2 2 2 2 2 2 2 2 2 2 2 2 2 2 2 2
left_child=1 2 -1 4 8 7 -7 -6 -4 11 -11 17 16 14 -14 18 23 22 -16 -20 21 -21 24 -13 -2 26 27 28 -12 -30
right_child=9 -3 3 -5 5 6 -8 -9 -10 10 25 12 13 -15 15 -17 -18 -19 19 20 -22 -23 -24 -25 -26 -27 -28 -29 29 -31
leaf_value=-0.00018975003091983343 6.7102119736861245e-06 -0.00021634998952728123 -1.6319920010387579e-05 5.4733990374552014e-05 -6.1209218320161269e-05 -6.8020593580297601e-05 -0.00028475128541351885 0.00020961627408430178 0.0001445257868302372 9.8087737799589284e-05 0.00018965079072684105 0.00010816193927349488 4.4255853006983618e-06 -0.00025758238052436252 -0.00011815999577012873 0.00029774545105573121 -2.2860733094407775e-05 0.00020124363895791117 0.0001838560347846723 -5.6031812210031835e-05 -0.00017589846484141153 0.00024670017021646081 -5.0627676923811116e-06 0.0003286575616014427 0.00014221279473292125 -6.1051571445705554e-06 -0.000101874088578495 0.00027290084183443785 6.1327565643797891e-05 -0.00016380212769179385
leaf_weight=442 215975 445 3677 1728 402 2029 725 422 544 1470 567 424 8331 496 400 489 469 438 1173 402 453 482 117270 522 579 205949 623 500 570 415
leaf_count=442 215975 445 3677 1728 402 2029 725 422 544 1470 567 424 8331 496 400 489 469 438 1173 402 453 482 117270 522 579 205949 623 500 570 415
internal_value=2.94432e-07 -3.37522e-05 -2.53927e-05 -1.75765e-05 -3.36476e-05 -7.87765e-05 -0.000125899 7.83406e-05 4.70237e-06 9.30444e-07 -4.57948e-06 4.25785e-06 3.31035e-05 1.97008e-05 3.1635e-05 9.81172e-05 0.000147956 3.07972e-06 6.36666e-05 9.29969e-05 1.25096e-05 0.000109946 2.8137e-06 0.000231996 7.07906e-06 -5.30755e-06 5.58941e-05 0.000104055 4.82603e-05 -3.4217e-05
internal_weight=568411 10414 9969 9527 7799 3578 2754 824 4221 557997 210094 347903 13641 12226 11730 3399 1415 334262 2910 2510 1337 884 333824 946 216554 208624 2675 2052 1552 985
internal_count=568411 10414 9969 9527 7799 3578 2754 824 4221 557997 210094 347903 13641 12226 11730 3399 1415 334262 2910 2510 1337 884 333824 946 216554 208624 2675 2052 1552 985
is_linear=0
shrinkage=0.03


Tree=104
num_leaves=31
num_cat=0
split_feature=38 2 35 27 32 0 0 35 26 5 4 30 2 18 32 0 21 12 5 26 0 37 15 18 35 12 5 15 35 0
split_gain=0.0200038 0.0291697 0.0302138 0.0315594 0.0310681 0.0259162 0.0219585 0.0236244 0.0457788 0.0219623 0.0214268 0.0398205 0.0294371 0.0201754 0.0200239 0.0198845 0.0392319 0.0227485 0.0209285 0.0217836 0.0196529 0.0270994 0.0254897 0.0244466 0.0319264 0.0199249 0.0198003 0.0195793 0.0195228 0.0270221
threshold=-0.26490327715873713 0.45793896913528448 0.48418948054313665 0.49134182929992681 -0.11887632682919501 0.49664428830146795 -0.49664428830146784 -0.41940896213054651 -0.21848256140947339 0.45359604060649877 0.45307256281375891 0.023649728856980804 0.48606254160404211 -0.42605021595954889 0.35844881832599645 0.49103121459484106 0.41289757192134863 0.43310962617397314 0.46110199391841894 0.32554237544536596 0.47118844091892248 0.2450322434306145 -0.030160912312567231 -0.45298065245151514 0.48662193119525915 0.2450322434306145 0.088681079447269454 0.17729235440492633 0.45307256281375891 -0.4394956231117248
decision_type=10 2 2 2 2 2 2 2 2 8 2 2 2 2 2 2 10 2 8 2 2 2 2 2 2 2 8 2 2 2
left_child=1 20 3 10 -4 -6 7 9 -9 -2 11 -3 -12 -5 28 -8 18 -18 27 -20 -1 22 23 25 -25 26 -22 -17 29 -13
right_child=6 2 4 13 5 -7 15 8 -10 -11 12 14 -14 -15 -16 16 17 -19 19 -21 21 -23 -24 24 -26 -27 -28 -29 -30 -31
leaf_value=8.7707548377687039e-06 6.9503493919423524e-05 0.00029059840026028042 0.00032978719168706006 4.388834925357981e-05 -4.6372272284809868e-05 0.0002348974265674113 -1.6996346568424089e-06 -0.00033824850477217803 2.0339951313875503e-05 -0.00017063763025051276 0.0002872343227799694 -0.00015228118184619055 3.9158247594974593e-05 -0.00021219681704736886 -0.00019198725251559694 -0.00012724262701801716 0.00020740975681941823 -7.2799189711726545e-05 -0.00040376666570456191 -9.0456445568656098e-05 0.00011135578494398737 0.0001565965905353741 -0.00024240293833924535 -5.0730310861670841e-05 0.0002537431375015863 -0.00026599770561707678 -0.00016192802493406473 5.9084805277088073e-05 -0.00016693560416012809 9.6136603385164819e-05
leaf_weight=125687 1066 436 683 458 673 511 423518 717 571 493 772 476 966 679 463 1752 620 438 401 403 414 463 729 993 439 576 537 706 429 2085
leaf_count=125687 1066 436 683 458 673 511 423518 717 571 493 772 476 966 679 463 1752 620 438 401 403 414 463 729 993 439 576 537 706 429 2085
internal_value=2.81839e-07 1.02004e-05 6.35729e-05 3.39654e-05 0.000170086 7.59709e-05 -2.90722e-06 -8.58012e-05 -0.000180346 -7.0395e-06 6.3109e-05 2.38291e-05 0.000150364 -0.000109559 -1.05969e-05 -2.35362e-06 -6.63162e-05 9.1811e-05 -0.000117727 -0.000249762 6.64782e-06 -5.74986e-05 -8.47274e-05 -4.51958e-05 4.37227e-05 -0.000128324 -4.30383e-05 -7.37021e-05 1.80376e-05 4.95517e-05
internal_weight=569154 138469 8631 6764 1867 1184 430685 2847 1288 1559 5627 3889 1738 1137 3453 427838 4320 1058 3262 804 129838 4151 3688 2959 1432 1527 951 2458 2990 2561
internal_count=569154 138469 8631 6764 1867 1184 430685 2847 1288 1559 5627 3889 1738 1137 3453 427838 4320 1058 3262 804 129838 4151 3688 2959 1432 1527 951 2458 2990 2561
is_linear=0
shrinkage=0.03


Tree=105
num_leaves=31
num_cat=0
split_feature=0 26 29 27 26 6 19 26 37 21 5 27 9 6 4 39 25 31 17 28 29 19 37 37 29 29 0 5 11 13
split_gain=0.0178177 0.0286585 0.0242538 0.0286655 0.0223599 0.0220052 0.018589 0.0328947 0.0315096 0.0269058 0.0336885 0.0241816 0.0212052 0.0241704 0.021156 0.0179101 0.027012 0.0449894 0.0255751 0.0230712 0.023427 0.0312001 0.0220343 0.0270847 0.0448699 0.0247536 0.0235772 0.0190422 0.0181954 0.0179565
threshold=0.47318433225154882 0.21147392690181735 -0.40601159632205958 0.41950166225433355 0.25731724500656133 0.4752576351165772 -0.15917508304119107 0.48615899682044988 0.47318433225154882 -0.34489440917968744 0.36939799785614019 0.30546234548091894 0.45793896913528448 0.32373654842376715 0.27854746580123907 0.45782060921192175 0.49664428830146795 -0.17844655364751813 -0.36572171747684473 -0.057004502043128007 0.05709491856396199 0.21147392690181735 0.27130751311779028 0.47318433225154882 -0.22480142861604688 0.39849410951137548 -0.4394956231117248 0.17672970145940783 0.48615899682044988 0.37925247848033911
decision_type=2 2 2 2 2 10 8 2 2 10 8 2 2 8 2 2 2 2 2 2 2 8 2 2 2 2 2 10 2 2
left_child=15 5 3 -3 -4 -2 9 8 14 12 11 -11 -6 -14 -8 -1 19 -18 -19 22 27 29 28 24 26 -26 -24 -21 -17 -22
right_child=1 2 4 -5 6 -7 7 -9 -10 10 -12 -13 13 -15 -16 16 17 18 -20 20 21 -23 23 -25 25 -27 -28 -29 -30 -31
leaf_value=3.5505968012574623e-07 -9.5820289457382584e-05 -1.0618786999247479e-05 0.00017436239882345707 0.00025688557312469727 -0.00020087798259788941 9.1586569567600522e-05 6.6031497529936661e-05 -0.00025146177281069876 0.0002085547336651611 0.00016241330863511853 0.00024480857961046325 -9.3019398570634489e-05 0.00016431775872394422 -0.00010363198950281695 -0.00012540448283122581 2.0308493041109902e-05 0.00015096388800113635 -0.00038967335430915346 -6.943821734950006e-05 -0.00015362234193774135 5.0492137879042815e-05 -0.00013017046043200186 0.00051464802452068608 -1.7061584086695803e-05 3.4909946198317505e-06 0.00025602033213866643 0.00019863456051659068 4.3469108486207475e-06 0.00017850069783366014 0.00027813268762273214
leaf_weight=536504 6038 762 504 673 681 614 715 771 410 512 766 914 505 726 1841 5520 443 404 502 1200 695 471 424 790 1053 513 457 1587 733 564
leaf_count=536504 6038 762 504 673 681 614 715 771 410 512 766 914 505 726 1841 5520 443 404 502 1200 695 471 424 790 1053 513 457 1587 733 564
internal_value=3.52823e-07 -3.0422e-05 2.26486e-06 0.000115748 -1.73647e-05 -7.84106e-05 -2.98948e-05 -7.82091e-05 -3.24791e-05 1.41821e-05 8.57408e-05 -8.14887e-07 -6.78752e-05 6.72885e-06 -7.18047e-05 1.2697e-06 3.32041e-05 -9.45478e-05 -0.000214931 4.55664e-05 -1.02293e-05 7.62259e-05 7.21065e-05 0.000135534 0.000184668 8.73157e-05 0.000354792 -6.39761e-05 3.91078e-05 0.000153857
internal_weight=568292 16432 9780 1435 8345 6652 7841 3737 2966 4104 2192 1426 1912 1231 2556 551860 15356 1349 906 14007 4517 1730 9490 3237 2447 1566 881 2787 6253 1259
internal_count=568292 16432 9780 1435 8345 6652 7841 3737 2966 4104 2192 1426 1912 1231 2556 551860 15356 1349 906 14007 4517 1730 9490 3237 2447 1566 881 2787 6253 1259
is_linear=0
shrinkage=0.03


Tree=106
num_leaves=31
num_cat=0
split_feature=30 22 31 11 0 8 14 25 5 16 29 4 19 5 25 26 28 5 14 8 25 9 5 11 21 30 4 4 39 25
split_gain=0.0174222 0.0165991 0.0325295 0.0303257 0.0189148 0.0226112 0.0276781 0.0246142 0.0288376 0.0332513 0.0325418 0.0305812 0.0478958 0.0224566 0.0422737 0.0367049 0.037822 0.0223393 0.0222149 0.0238656 0.0271247 0.0271997 0.0230583 0.0289572 0.020467 0.0201642 0.0347028 0.024549 0.0184919 0.018479
threshold=0.24448499828577044 -0.49664428830146784 0.19131659716367724 0.30546234548091894 0.42490601539611822 -0.46641474962234492 -0.41940896213054651 0.49221777915954595 0.1488955616950989 0.25850497186183935 -0.016722595319151875 0.090756561607122435 0.41289757192134863 0.23618742078542712 0.35837019979953771 0.11071263998746873 0.063794087618589415 0.43090185523033148 -0.35231085121631617 0.32554237544536596 0.43310962617397314 0.47952194511890417 0.4385290145874024 0.32554237544536596 -0.30533944070339197 0.41844293475151068 0.4463686496019364 0.41188235580921179 0.466554805636406 0.41856157779693609
decision_type=2 8 2 2 2 2 2 2 10 2 2 2 10 10 2 2 2 10 2 2 2 2 10 2 8 2 2 2 2 2
left_child=-1 2 3 -2 -3 -6 13 8 11 18 25 -8 28 14 -7 -15 17 -17 24 -20 22 -22 23 -21 -10 26 -11 -27 -13 -16
right_child=1 4 -4 -5 5 6 7 -9 9 10 -12 12 -14 15 29 16 -18 -19 19 20 21 -23 -24 -25 -26 27 -28 -29 -30 -31
leaf_value=2.7743092705776026e-06 0.00013238776402885654 -5.6463844478378967e-06 0.00025355613969964177 -0.00014382973355552654 -0.00018772021860884126 -0.0001338467394900829 1.6086409698842426e-05 -0.00017269887691762434 -2.6456091940985968e-05 0.00021644128104362289 -1.6168379845317582e-05 -0.00010198126114893493 -0.00034150945877962967 -0.00030312084006654675 0.00027551614357500769 -0.00029065774806897232 9.4294835696065804e-05 -2.1144302141319769e-05 -9.5916735832109743e-05 2.994239669922159e-05 -0.00026118169381439632 3.5364504748415667e-05 -7.3977028157397204e-05 0.00033331736583566349 0.00024251976253321489 0.00012418404657519539 -0.00012165646745612858 0.00043192328672296299 7.0207177721439182e-05 1.8570317179835507e-05
leaf_weight=421784 711 121859 627 700 832 1339 3260 801 470 733 1230 2222 651 911 405 663 743 473 2761 570 447 707 435 557 541 476 424 470 742 645
leaf_count=421784 711 121859 627 700 832 1339 3260 801 470 733 1230 2222 651 911 405 663 743 473 2761 570 447 707 435 557 541 476 424 470 742 645
internal_value=-3.28522e-07 -9.20654e-06 7.56092e-05 -4.69214e-06 -1.04007e-05 -3.50332e-05 -2.93507e-05 -1.12982e-05 -3.45615e-06 2.95212e-05 0.000106385 -5.05391e-05 -0.0001105 -9.02008e-05 -2.25329e-05 -0.000147856 -7.13718e-05 -0.000179603 -1.0068e-05 -3.39623e-05 2.91394e-05 -8.07592e-05 0.000110329 0.000181493 0.000118442 0.000177801 9.25595e-05 0.000279996 -5.87849e-05 0.000119342
internal_weight=569189 147405 2038 1411 145367 23508 22676 17497 16696 9821 3333 6875 3615 5179 2389 2790 1879 1136 6488 5477 2716 1154 1562 1127 1011 2103 1157 946 2964 1050
internal_count=569189 147405 2038 1411 145367 23508 22676 17497 16696 9821 3333 6875 3615 5179 2389 2790 1879 1136 6488 5477 2716 1154 1562 1127 1011 2103 1157 946 2964 1050
is_linear=0
shrinkage=0.03


Tree=107
num_leaves=31
num_cat=0
split_feature=38 0 5 27 26 0 26 38 1 31 7 0 38 39 6 29 22 20 26 18 25 38 3 7 18 35 0 5 1 26
split_gain=0.014752 0.0341103 0.027929 0.0357384 0.0287044 0.0150169 0.027871 0.028139 0.0274014 0.0269392 0.0189349 0.0176148 0.015764 0.0145391 0.0474685 0.0435241 0.0342853 0.0266085 0.0264929 0.0230273 0.0220605 0.0197002 0.0171194 0.0183991 0.0290424 0.0294997 0.0160249 0.0228487 0.0233018 0.0152243
threshold=0.16554810106754306 0.49664428830146795 0.48367318511009222 0.46465381979942327 0.21147392690181735 0.47318433225154882 0.21784532815217975 -0.27900858223438257 0.45735588669776922 -0.21137479692697522 -0.10399362072348593 0.49283143877983099 -0.38581016659736628 0.47993287444114691 0.48512990772724157 -0.30533944070339197 0.2385489493608475 -0.35231085121631617 -0.29180648922920221 0.23817513883113864 0.4641572386026383 0.37135785818099981 0.48662193119525915 0.43156538903713232 0.48662193119525915 0.47993287444114691 0.41289757192134863 0.47570809721946722 0.30546234548091894 0.12542516738176349
decision_type=10 2 8 2 2 2 2 8 2 2 2 2 10 2 8 2 10 10 2 2 2 10 2 2 2 2 2 8 2 2
left_child=1 5 3 4 -3 -1 7 8 -7 -9 -11 -8 -13 22 16 -16 17 -15 -18 -20 21 -19 23 -2 25 29 27 -24 -29 -25
right_child=13 2 -4 -5 -6 6 11 9 -10 10 -12 12 -14 14 15 -17 18 20 19 -21 -22 -23 26 24 -26 -27 -28 28 -30 -31
leaf_value=2.811273136631821e-06 -7.7206716924552885e-06 -0.00010606227235303443 -8.6305432596271313e-05 0.00032138554761859775 0.00016119929310485441 -8.3983342720219946e-05 -2.0510602567537383e-05 0.00019272772724404657 -0.00032432498001011513 -0.00023897460701095328 3.6408804279451979e-05 0.00025726592935060901 -3.3637623553297908e-06 -0.00022268656443277628 0.00032751503265001692 -3.35343761808751e-05 -0.00041519109919477162 6.4629535635660413e-05 2.7582811036742951e-05 -0.00027480531423035163 0.00016738440948182987 -0.00021905817369647943 -0.0001334862891045581 5.9733010272848353e-05 -0.00021403800359180689 0.00028568561446365648 -0.00019899803766460349 -7.3932270692051222e-05 0.00024097885351891265 -8.8697833597946063e-06
leaf_weight=369092 169483 543 546 741 1041 1000 3792 415 748 426 459 423 403 513 452 855 470 461 415 485 586 406 956 6587 415 409 749 425 404 5207
leaf_count=369092 169483 543 546 741 1041 1000 3792 415 748 426 459 423 403 513 452 855 470 461 415 485 586 406 956 6587 415 409 749 425 404 5207
internal_value=-6.77077e-07 2.73403e-06 0.000105568 0.000150805 6.94906e-05 1.94762e-06 -3.95836e-05 -0.000109833 -0.00018809 -3.97551e-06 -9.73377e-05 6.91997e-06 0.000131587 -7.51842e-06 -5.98935e-05 9.28661e-05 -0.000119841 -3.91658e-05 -0.000234491 -0.0001366 2.67077e-05 -6.91992e-05 -6.19817e-06 -5.11819e-06 2.98164e-05 3.82778e-05 -8.34837e-05 -3.41744e-05 8.05777e-05 2.94633e-05
internal_weight=568907 379629 2871 2325 1584 376758 7666 3048 1748 1300 885 4618 826 189278 4643 1307 3336 1966 1370 900 1453 867 184635 182101 12618 12203 2534 1785 829 11794
internal_count=568907 379629 2871 2325 1584 376758 7666 3048 1748 1300 885 4618 826 189278 4643 1307 3336 1966 1370 900 1453 867 184635 182101 12618 12203 2534 1785 829 11794
is_linear=0
shrinkage=0.03


Tree=108
num_leaves=31
num_cat=0
split_feature=26 37 12 29 36 28 3 26 29 3 18 14 14 29 26 12 15 13 1 28 38 5 19 30 30 24 37 2 7 35
split_gain=0.0217138 0.0315426 0.0166654 0.0151001 0.0329082 0.0454701 0.02597 0.0242062 0.0408077 0.0183704 0.0187017 0.0271192 0.0294629 0.03042 0.0289396 0.0236883 0.0214283 0.0181215 0.0229109 0.0170487 0.0153913 0.0221896 0.0363372 0.0215958 0.0193524 0.0294533 0.0169484 0.0159078 0.0145736 0.0137337
threshold=-0.49277968704700464 0.41950166225433355 0.45793896913528448 -0.44627264142036432 0.44500453770160681 -0.38581016659736628 -0.48653183877468104 -0.31205530464649195 -0.47306366264820093 0.4908673912286759 0.45307256281375891 0.38593547046184545 0.17118690907955172 -0.14426303654909131 0.16409231722354892 0.4516685158014298 -0.40601159632205958 0.47083835303783422 0.45986577868461614 -0.0075192220974713555 -0.49664428830146784 0.29435938596725469 -0.49272717535495753 0.45307256281375891 0.48662193119525915 0.49215674400329595 -0.49664428830146784 0.47083835303783422 -0.038196288049221032 0.36581273376941686
decision_type=2 2 2 2 2 2 2 2 2 2 2 2 2 2 2 2 2 2 2 2 8 8 10 2 2 2 2 2 2 2
left_child=1 -1 -3 4 6 -6 -2 -7 -9 20 11 12 13 15 -13 19 -12 18 -15 -11 21 23 -23 26 -22 27 -5 29 -28 -26
right_child=3 2 -4 9 5 7 -8 8 -10 10 16 14 -14 17 -16 -17 -18 -19 -20 -21 24 22 -24 -25 25 -27 28 -29 -30 -31
leaf_value=-1.7798145609160066e-05 -0.00015561989818775341 -2.2173815264947175e-05 -0.00023703788878631278 0.00023792861789308562 0.00034291518495643201 -0.00010308059667789792 1.6466533508206005e-05 0.00031567584827555821 -7.6781434045497131e-05 0.00032660189459793857 -4.7158302798968311e-05 -4.4763002085075248e-05 -0.00021871677041371268 -0.00013740644030309302 0.0002575399164252987 -7.8477657352616921e-05 -0.00027080775306579258 -0.0002284226317561173 0.00011131858166144685 5.1770415766815515e-05 -1.5651948010039209e-07 -0.00019163578494668101 0.00014779899603805947 0.00030239246112243734 -2.2508476945962229e-05 -0.000220663279634986 0.00010763959912196233 0.0001013336249282455 -9.0802522628307184e-05 -0.00014317488834991908
leaf_weight=4914 801 466 1080 405 639 608 29504 515 431 409 938 563 815 762 562 442 651 594 577 403 513369 639 495 451 4391 799 727 742 598 1044
leaf_count=4914 801 466 1080 405 639 608 29504 515 431 409 938 563 815 762 562 442 651 594 577 403 513369 639 495 451 4391 799 727 742 598 1044
internal_value=-4.64738e-07 -5.51104e-05 -0.000172832 1.63388e-07 2.00105e-05 0.000131964 1.18682e-05 4.3584e-05 0.000137939 -1.05307e-06 -5.03172e-05 -2.23327e-05 -5.892e-05 -1.74994e-05 0.000107193 9.71167e-05 -0.000139906 -9.19717e-05 -3.01955e-05 0.000192491 -4.20305e-07 6.39196e-05 -4.3473e-05 0.000119701 -8.3142e-07 -5.04265e-05 7.06108e-05 -2.80852e-05 1.80693e-05 -4.59075e-05
internal_weight=569334 6460 1546 562874 32498 2193 30305 1554 946 530376 6716 5127 4002 3187 1125 1254 1589 1933 1339 812 523660 3315 1134 2181 520345 6976 1730 6177 1325 5435
internal_count=569334 6460 1546 562874 32498 2193 30305 1554 946 530376 6716 5127 4002 3187 1125 1254 1589 1933 1339 812 523660 3315 1134 2181 520345 6976 1730 6177 1325 5435
is_linear=0
shrinkage=0.03


Tree=109
num_leaves=31
num_cat=0
split_feature=13 25 35 1 19 20 36 15 26 13 9 26 11 7 15 15 1 35 23 38 25 13 29 39 12 1 29 30 39 32
split_gain=0.0128387 0.0220608 0.0231971 0.0302263 0.0277568 0.0229947 0.0368757 0.0214591 0.0197874 0.0250846 0.0194161 0.0245808 0.0224165 0.0270167 0.0243825 0.0182897 0.0212841 0.0237121 0.0251902 0.0229431 0.0180396 0.0166317 0.0164066 0.0234118 0.0160645 0.0158072 0.025857 0.0150272 0.0206528 0.0178418
threshold=0.36581273376941686 0.36497211456298834 -0.2717756032943725 0.4641572386026383 0.35240399837493902 -0.49261982738971705 0.49288246035575872 -0.31886911392211909 0.090756561607122435 0.32477988302707678 0.48606254160404211 0.26490327715873724 0.45720390975475317 -0.10399362072348593 0.43885339796543127 0.22427368909120562 0.4641572386026383 0.41950166225433355 0.16779279708862307 0.47735816240310674 0.27815064787864691 -0.45298065245151514 0.33277405798435217 0.11092468351125719 0.37925247848033911 -0.49277968704700464 -0.023463716730475422 -0.15181878209114072 0.38533127307891851 -0.17844655364751813
decision_type=2 2 2 2 10 10 2 2 2 2 2 2 2 2 2 2 2 2 2 10 2 2 2 2 2 2 2 2 2 2
left_child=1 15 3 8 7 -4 10 -5 9 21 12 -12 27 -14 -15 -1 17 -17 19 22 -20 -3 23 -19 -25 26 -23 28 -7 -30
right_child=-2 2 5 4 -6 6 -8 -9 -10 -11 11 -13 13 14 -16 16 -18 18 20 -21 -22 25 -24 24 -26 -27 -28 -29 29 -31
leaf_value=3.3916516982540955e-06 -1.1574178653306786e-05 0.00016683465829209882 -0.00017367478789246627 0.0001228662020799595 6.8071476285520825e-06 1.9954080152203887e-05 0.00023519605908086302 0.0004245791889983658 -4.6602428150358109e-05 0.00017666885623840347 -5.1645513606913379e-05 0.00021914924016206916 7.0490332685390803e-05 -8.2124666568921467e-05 -0.00033221697293013016 -8.1866867166884671e-06 9.9778948565576759e-05 -2.5043577056158026e-05 -1.9671478449376917e-05 0.00010700685460631512 0.00019788433597396588 -0.00023211199231718636 4.4538495335550349e-06 -0.00015043555629290538 -0.00033664659218509026 4.0099557551411646e-05 8.0897573481210702e-05 -5.6926832542635697e-06 7.8686076064507827e-06 0.00024964703039918326
leaf_weight=329964 76978 817 616 401 491 3795 630 469 2021 1337 477 796 752 1548 448 113353 1554 1190 1502 454 434 510 875 2544 502 7746 430 15264 429 757
leaf_count=329964 76978 817 616 401 491 3795 630 469 2021 1337 477 796 752 1548 448 113353 1554 1190 1502 454 434 510 875 2544 502 7746 430 15264 429 757
internal_value=-1.81965e-07 1.60027e-06 2.30297e-05 5.3716e-05 0.00018766 5.90882e-06 1.04202e-05 0.00028849 3.94068e-05 5.54704e-05 4.49002e-06 0.000118069 -1.84685e-06 -8.20856e-05 -0.000139634 -2.82447e-07 -1.01858e-05 -1.1608e-05 -6.32296e-05 -9.56116e-05 2.9865e-05 3.82509e-05 -0.000113784 -0.00013816 -0.000182125 2.59785e-05 -8.95824e-05 9.07968e-06 5.42695e-05 0.000162988
internal_weight=569084 492106 39734 14222 1361 25512 24896 870 12861 10840 24266 1273 22993 2748 1996 452372 122408 120854 7501 5565 1936 9503 5111 4236 3046 8686 940 20245 4981 1186
internal_count=569084 492106 39734 14222 1361 25512 24896 870 12861 10840 24266 1273 22993 2748 1996 452372 122408 120854 7501 5565 1936 9503 5111 4236 3046 8686 940 20245 4981 1186
is_linear=0
shrinkage=0.03


Tree=110
num_leaves=31
num_cat=0
split_feature=38 36 12 31 20 24 30 13 8 28 28 18 37 38 21 17 29 38 11 12 2 19 26 17 11 17 23 29 8 13
split_gain=0.0177917 0.0155524 0.029887 0.0296077 0.0237286 0.0314053 0.0281954 0.0223135 0.0255542 0.0326908 0.026259 0.0235271 0.0222124 0.0457443 0.0339879 0.0316232 0.020988 0.0169493 0.0162666 0.0130882 0.0117866 0.0300348 0.0306508 0.0257412 0.026858 0.0245564 0.0305461 0.0299568 0.0268779 0.0262476
threshold=0.37844152748584753 0.41204395890235906 0.31125478446483618 0.05709491856396199 0.20483996719121936 0.47993287444114691 0.09127261117100717 0.4516685158014298 -0.44627264142036432 -0.2781506478786468 -0.45298065245151514 0.090418819338083281 0.47152988612651831 0.47993287444114691 0.45196153223514562 0.37844152748584753 -0.050167785957455628 0.46465381979942327 0.45307256281375891 0.23162547498941424 0.45793896913528448 -0.38519051671028132 -0.098252441734075532 0.43962624669075018 0.4516685158014298 -0.19162772595882413 0.42620199918746954 0.090756561607122435 0.48662193119525915 0.44500453770160681
decision_type=10 2 2 2 8 2 2 2 2 2 2 2 2 10 10 2 2 10 2 2 2 8 2 2 2 2 2 2 2 2
left_child=20 -2 4 12 17 6 -6 8 -5 10 -10 -12 14 -14 15 18 -11 -3 -4 -8 -1 22 -22 -23 -25 26 29 -27 -28 -24
right_child=1 2 3 7 5 -7 19 -9 9 16 11 -13 13 -15 -16 -17 -18 -19 -20 -21 21 23 25 24 -26 27 28 -29 -30 -31
leaf_value=1.4511402987066959e-06 -7.7591016249427357e-06 7.2169831623121081e-06 -0.0001785772756668836 0.00023094395181364274 0.00022406807930659085 0.00032667001743631936 -0.00013520145390305229 -0.00016687591709944953 7.2100537891064078e-05 0.0002756238181625032 -5.8273526399848369e-05 -0.00037149376009453465 -6.0385560117514116e-05 -0.0004482285843485748 7.6086389494422652e-05 -0.00033694227648225328 -2.3259810284040462e-05 -0.00020072856672744487 3.0518188491455566e-05 7.8974214886251378e-05 -4.0301864261326669e-05 -1.2548537552630056e-05 4.7216428501364555e-05 0.00025446529017221335 -6.4211912980203745e-06 0.00035619438345003979 8.1343069698430319e-05 5.1379063033909808e-05 -0.00017626984103573311 0.00025629582031878423
leaf_weight=477213 60373 1061 673 435 465 403 660 690 455 416 459 405 555 537 762 608 417 518 652 408 1478 13030 1133 689 721 709 841 493 628 1033
leaf_count=477213 60373 1061 673 435 465 403 660 690 455 416 459 405 555 537 762 608 417 518 652 408 1478 13030 1133 689 721 709 841 493 628 1033
internal_value=4.11298e-07 -1.36423e-05 -4.71782e-05 -8.27097e-05 2.42604e-05 9.44364e-05 3.16647e-05 -1.65904e-05 2.39817e-05 -1.87279e-05 -0.000111342 -0.000207666 -0.00013973 -0.000253447 -9.28861e-05 -0.000159545 0.000127502 -6.18347e-05 -7.62286e-05 -5.34079e-05 2.41394e-06 2.45399e-05 7.90555e-05 6.60513e-07 0.000121956 0.000115534 7.6282e-05 0.00023263 -2.92341e-05 0.000147649
internal_weight=568920 70952 10579 7064 3515 1936 1533 3277 2587 2152 1319 864 3787 1092 2695 1933 833 1579 1325 1068 497968 20755 6315 14440 1410 4837 3635 1202 1469 2166
internal_count=568920 70952 10579 7064 3515 1936 1533 3277 2587 2152 1319 864 3787 1092 2695 1933 833 1579 1325 1068 497968 20755 6315 14440 1410 4837 3635 1202 1469 2166
is_linear=0
shrinkage=0.03


Tree=111
num_leaves=31
num_cat=0
split_feature=26 37 36 31 29 37 1 25 13 12 9 26 26 3 1 28 27 35 6 28 13 29 26 37 29 9 35 35 13 1
split_gain=0.0172572 0.0340658 0.025381 0.0227551 0.019701 0.0151874 0.0139341 0.0138255 0.0292615 0.025541 0.0243405 0.0309812 0.0211625 0.0194743 0.0223561 0.0169851 0.0172656 0.0166196 0.0159883 0.0139745 0.0204612 0.017628 0.0239665 0.032836 0.0442561 0.0390061 0.0351204 0.026274 0.037706 0.0369048
threshold=-0.49277968704700464 0.25850497186183935 0.39156977832317358 -0.026120857335627076 -0.3184868842363357 -0.33219130337238306 -0.44627264142036432 0.36497211456298834 -0.23817513883113858 0.35170717537403112 0.36476325988769537 -0.32572281360626215 0.33842268586158758 0.47318433225154882 0.42620199918746954 -0.49277968704700464 -0.48653183877468104 0.26512607932090765 0.39712753891944891 -0.016722595319151875 -0.1576878875494003 -0.17169876396656034 -0.40601159632205958 0.39273729920387274 -0.31229026615619654 0.4049357026815415 0.2450322434306145 -0.24493220448493955 0.45986577868461614 -0.39273729920387263
decision_type=2 2 2 2 2 2 2 2 2 2 2 2 2 2 2 2 2 2 8 2 2 2 2 2 2 2 2 2 2 2
left_child=1 4 6 -4 5 -1 -3 9 10 -2 -9 -12 -13 -11 18 17 -17 -10 -15 20 -18 22 27 -24 25 -25 -27 28 -22 -29
right_child=7 2 3 -5 -6 -7 -8 8 15 13 11 12 -14 14 -16 16 19 -19 -20 -21 21 -23 23 24 -26 26 -28 29 -30 -31
leaf_value=-0.00023430847066137315 7.6872851267668142e-07 5.8873295542121873e-05 -0.00040755219831746265 -9.679373487415432e-05 5.7184903993496128e-05 -7.6179287959803321e-06 -0.0001166336416339033 3.6926052740573734e-05 -2.4746956739312571e-05 -1.9172233601996523e-05 0.00035648595056034932 2.9737612458007936e-06 0.00024421671800415164 9.6144961944819108e-05 -0.0003076191393619068 -0.0001631556447140426 -8.5253024856837324e-05 -0.00025004154485123878 -0.00012839518277736427 -9.775133773795315e-06 0.00016450555026407089 1.0118659888272396e-05 4.3091834773087729e-05 0.00028709548130423953 0.00035837206483800446 0.00015456811083183706 -0.00016836906508554627 -0.00025330710843654439 -0.00013520122562160635 4.1973009555413663e-05
leaf_weight=416 443854 562 448 410 2577 710 1420 6557 880 41940 509 959 487 405 426 517 1612 435 911 22740 1099 28429 7344 569 760 575 619 772 564 738
leaf_count=416 443854 562 448 410 2577 710 1420 6557 880 41940 509 959 487 405 426 517 1612 435 911 22740 1099 28429 7344 569 760 575 619 772 564 738
internal_value=-9.11914e-08 -4.84947e-05 -0.000126464 -0.000261881 1.14832e-05 -9.26939e-05 -6.68226e-05 4.71489e-07 1.23574e-05 -1.38559e-06 6.47462e-05 0.000157391 8.53415e-05 -2.32708e-05 -0.000121275 5.75728e-06 7.88039e-06 -0.000100599 -5.90888e-05 9.24839e-06 1.92898e-05 2.33732e-05 5.22399e-05 7.5285e-05 0.000168454 8.50234e-05 -1.28586e-05 -1.94342e-05 6.26606e-05 -0.000109665
internal_weight=570244 6543 2840 858 3703 1126 1982 563701 76165 487536 8512 1955 1446 43682 1742 67653 66338 1315 1316 65821 43081 41469 13040 9867 2523 1763 1194 3173 1663 1510
internal_count=570244 6543 2840 858 3703 1126 1982 563701 76165 487536 8512 1955 1446 43682 1742 67653 66338 1315 1316 65821 43081 41469 13040 9867 2523 1763 1194 3173 1663 1510
is_linear=0
shrinkage=0.03


Tree=112
num_leaves=31
num_cat=0
split_feature=10 12 35 12 17 38 24 12 8 5 0 35 23 39 6 5 35 30 13 35 0 10 25 25 20 2 5 24 17 18
split_gain=0.0175438 0.0223102 0.0265618 0.0208716 0.017508 0.0163367 0.0157465 0.014814 0.0145924 0.0216528 0.0241374 0.0173686 0.0280122 0.0167155 0.0416025 0.0229306 0.0393195 0.0208334 0.019178 0.0268805 0.0274645 0.0269342 0.0171817 0.0172656 0.0196971 0.0162558 0.0147245 0.0144275 0.0135203 0.01331
threshold=0.49664428830146795 0.47318433225154882 0.47083835303783422 0.49095004796981817 -0.41272504627704615 -0.15843495726585385 -0.39258971810340876 0.44485473632812506 0.48662193119525915 0.46457038819789892 -0.41940896213054651 -0.49267388880252833 0.35844881832599645 0.47318433225154882 0.32373654842376715 0.31070843338966375 0.41289757192134863 0.41289757192134863 -0.22480142861604688 -0.058722110465168946 0.33895461261272436 -0.40601159632205958 0.36497211456298834 0.33858561515808111 0.19111669063568118 0.40614514052867895 -0.40731194615364069 -0.45970448851585383 0.45307256281375891 -0.42605021595954889
decision_type=2 2 2 2 2 10 2 2 2 10 2 2 2 2 10 8 2 2 2 2 2 2 2 2 8 2 10 2 2 2
left_child=7 4 3 -3 -2 -6 -5 -1 11 10 -10 12 -9 18 15 -15 -17 -16 22 20 26 -21 23 27 -25 28 -20 -13 -24 -23
right_child=1 2 -4 6 5 -7 -8 8 9 -11 -12 13 -14 14 17 16 -18 -19 19 21 -22 29 25 24 -26 -27 -28 -29 -30 -31
leaf_value=7.502096722747729e-07 -0.00017623373653500733 0.00021799000621358571 0.00031684836693097985 0.00016312247364218369 0.00018551438916387467 -3.6354033061166805e-05 -5.6696532565902782e-05 -2.8559213783329359e-06 0.00024427582149597521 -7.4667268250633778e-05 5.982501223444565e-06 1.9138914065616755e-05 -0.00028741668988909504 1.4508326531373611e-05 -0.00019513298172462676 6.0542737893090323e-05 0.0004643936225410175 7.0010987095494253e-05 -0.00012693254930428463 4.7899216200069834e-05 0.00018926906938992099 -0.00028690426121976093 -7.4929804823518052e-06 -5.7644421325893869e-06 -0.00027845818685632613 0.00019462826580023284 -2.3745061804225655e-06 -5.2542425061647087e-05 0.00013722326577494557 -0.00012504809830337653
leaf_weight=534600 465 590 480 402 431 918 1008 666 708 798 820 4988 575 627 656 462 405 438 1204 746 525 535 3096 450 498 537 2883 5104 705 3191
leaf_count=534600 465 590 480 402 431 918 1008 666 708 798 820 4988 575 627 656 462 405 438 1204 746 525 535 3096 450 498 537 2883 5104 705 3191
internal_value=4.72118e-08 6.03865e-05 0.00011869 6.97927e-05 -1.95371e-05 3.53755e-05 6.68267e-06 -4.12251e-07 -2.07035e-05 5.13803e-05 0.000117266 -2.6646e-05 -0.000135947 -2.15831e-05 5.07882e-05 0.000153285 0.000252337 -8.93058e-05 -2.92574e-05 -6.37933e-05 -1.29179e-05 -0.000116116 -8.82837e-06 -2.87017e-05 -0.000150426 4.1698e-05 -3.92886e-05 -1.71298e-05 1.96383e-05 -0.000148994
internal_weight=569511 4294 2480 2000 1814 1349 1410 565217 30617 2326 1528 28291 1241 27050 2588 1494 867 1094 24462 9084 4612 4472 15378 11040 948 4338 4087 10092 3801 3726
internal_count=569511 4294 2480 2000 1814 1349 1410 565217 30617 2326 1528 28291 1241 27050 2588 1494 867 1094 24462 9084 4612 4472 15378 11040 948 4338 4087 10092 3801 3726
is_linear=0
shrinkage=0.03


Tree=113
num_leaves=31
num_cat=0
split_feature=0 26 26 19 38 4 9 29 6 38 38 18 24 12 36 35 18 4 24 28 12 7 7 29 35 7 24 24 31 7
split_gain=0.0230107 0.0286286 0.0465921 0.0303441 0.0279016 0.0272485 0.0289666 0.0242551 0.022189 0.0208231 0.0277748 0.0266022 0.0197932 0.0203127 0.0246218 0.031348 0.0191955 0.0181126 0.0174108 0.0203841 0.0176156 0.0215499 0.0265865 0.0202663 0.0405047 0.0166861 0.0149879 0.0135668 0.0128587 0.0124834
threshold=0.47318433225154882 0.21147392690181735 0.49221777915954595 0.25170098245143896 -0.36643192172050471 -0.19122581928968427 0.23162547498941424 -0.46641474962234492 -0.42237195372581476 0.466554805636406 0.20519568026065829 0.13763252645730975 0.34589572250843054 0.20472994446754458 0.49664428830146795 0.3916164785623551 -0.17812155932188031 0.49103121459484106 0.35170717537403112 -0.35231085121631617 -0.032316081225872033 0.13743132352828982 -0.10535266622900961 -0.026120857335627076 0.47083835303783422 0.14436987787485125 0.32465183734893804 0.41950166225433355 1.0000000180025095e-35 -0.1576878875494003
decision_type=2 2 2 10 10 2 2 2 10 10 10 2 2 2 2 2 2 2 2 2 2 2 2 2 2 2 2 2 2 2
left_child=-1 5 7 4 -4 8 26 -3 16 10 17 25 -8 29 15 -15 -2 18 -9 -20 -21 22 -22 -23 -25 -12 -7 -10 -17 -14
right_child=1 2 3 -5 -6 6 12 9 27 -11 11 -13 13 14 -16 28 -18 -19 19 20 21 23 -24 24 -26 -27 -28 -29 -30 -31
leaf_value=8.9640244154715678e-07 -0.00022490814471221051 0.0002447802161028884 -0.0002345349879132106 -0.00037485792004276244 8.3741964179008291e-05 -8.4218256659950426e-05 -2.0546837371230843e-05 -0.00011154438774000093 9.8807121216619405e-06 0.00017065066973277442 -0.00014632056003172555 -0.00024365370995587507 -0.00018402643121930595 -0.00015533098472452948 -9.400569922521712e-05 -0.00029968782166223514 5.1389769171892417e-05 -0.00015396565221320144 0.00021520407983281861 0.00013846651015126825 5.0003571259913853e-05 -5.0334410131547664e-05 -0.00023929244108424416 -2.3774693779665546e-05 0.00038001383353695507 9.5879879587064732e-05 0.00015154998535634484 0.00025524614164767557 -0.00055469965500728558 3.5546936990231777e-05
leaf_weight=553168 428 416 468 414 507 497 792 550 403 674 436 727 433 691 741 400 462 431 687 1118 539 715 592 481 406 591 456 400 406 486
leaf_count=553168 428 416 468 414 507 497 792 550 403 674 436 727 433 691 741 400 462 431 687 1118 539 715 592 481 406 591 456 400 406 486
internal_value=-1.4052e-07 -3.52081e-05 -2.54229e-06 -0.000162797 -6.9861e-05 -8.3434e-05 -0.00011921 2.42368e-05 2.02454e-05 1.2399e-05 -2.48062e-06 -0.000106127 -0.000154959 -0.000188508 -0.00023715 -0.00030691 -8.25042e-05 3.05917e-05 4.64968e-05 6.58543e-05 3.87226e-05 -2.43608e-06 -0.000102193 6.81885e-05 0.000163225 -7.36274e-06 2.89965e-05 0.000133741 -0.000433366 -6.87755e-05
internal_weight=569515 16347 9752 1389 975 6595 4902 8363 1693 7947 7273 1754 3949 3157 2238 1497 890 5519 5088 4538 3851 2733 1131 1602 887 1027 953 803 806 919
internal_count=569515 16347 9752 1389 975 6595 4902 8363 1693 7947 7273 1754 3949 3157 2238 1497 890 5519 5088 4538 3851 2733 1131 1602 887 1027 953 803 806 919
is_linear=0
shrinkage=0.03


Tree=114
num_leaves=31
num_cat=0
split_feature=38 12 35 2 12 30 7 26 20 3 7 37 18 30 19 12 35 29 30 2 12 38 37 16 1 5 38 23 22 29
split_gain=0.0139555 0.0240022 0.0193031 0.0278268 0.0237328 0.0188146 0.0247108 0.0367049 0.0120814 0.0119594 0.017774 0.0252724 0.0250021 0.0247754 0.0287161 0.0215159 0.0308294 0.0203465 0.024111 0.0116857 0.0246529 0.0386404 0.0142837 0.0165019 0.0164793 0.0114723 0.010474 0.0219835 0.0220742 0.0204938
threshold=0.39893314242362982 0.49664428830146795 0.46399636566638952 0.48606254160404211 0.036974893882870681 0.38593547046184545 -0.37915775179862971 -0.11867455020546912 -0.46641474962234492 0.4908673912286759 0.48662193119525915 -0.49277968704700464 -0.39258971810340876 0.44538351893424993 -0.016722595319151875 0.42620199918746954 -0.016977977938950058 -0.24493220448493955 0.28547459840774542 0.48662193119525915 0.47318433225154882 0.245688371360302 -0.016722595319151875 -0.13082086294889447 0.47683362662792211 0.42334401607513433 -0.49664428830146784 -0.065051443874835954 -0.49664428830146784 -0.17109678685665128
decision_type=10 2 2 2 2 2 2 2 10 2 2 2 2 2 10 2 2 2 2 2 2 8 2 2 2 8 8 2 10 2
left_child=9 2 8 4 -4 6 -6 -8 -2 19 13 -12 -13 15 -15 17 -17 -11 -19 26 21 22 24 -24 -21 -9 27 29 -29 -1
right_child=1 -3 3 -5 5 -7 7 25 -10 10 11 12 -14 14 -16 16 -18 18 -20 20 -22 -23 23 -25 -26 -27 -28 28 -30 -31
leaf_value=1.9588446782801927e-05 -0.00015610693507681959 0.00013466364266019699 3.9940945311015142e-05 0.00010353512270815919 9.7508080068798341e-05 -0.00027956272930890853 -0.0003956113837936629 -0.0001472087668033017 -1.0526904180198938e-05 7.0178101924387121e-05 -0.0001866848373762172 0.00027148982448715436 1.2752618741352644e-05 0.00016915412021530456 -0.00014451380669998378 -6.3429307687994514e-05 -0.0003917921866636018 2.96134203556595e-05 -0.00026986874546741462 0.00013698952271014891 0.00025995772253894334 0.00024496043340104277 -0.00025478478362346715 -9.9363142586529708e-06 -4.9917150061234221e-05 5.9761779202744942e-05 1.0177420309652301e-06 0.00016235125813910924 -4.8676660792467761e-05 0.00028181910816403697
leaf_weight=486 508 951 693 612 418 781 417 568 54350 634 427 409 1705 628 437 493 539 409 576 737 451 584 411 604 975 406 495162 579 1829 593
leaf_count=486 508 951 693 612 418 781 417 568 54350 634 427 409 1705 628 437 493 539 409 576 737 451 584 411 604 975 406 495162 579 1829 593
internal_value=-3.43218e-07 -1.40632e-05 -1.6493e-05 -8.09411e-05 -0.00011554 -0.000157136 -0.000103034 -0.000163563 -1.19032e-05 1.26738e-06 -3.99191e-05 2.11853e-05 6.38536e-05 -8.1647e-05 4.03001e-05 -0.000130605 -0.000237043 -6.17191e-05 -0.000146467 1.7811e-06 5.43861e-05 2.56862e-05 -2.19958e-05 -0.0001106 3.08727e-05 -6.1205e-05 1.38315e-06 5.31202e-05 2.52627e-06 0.00016497
internal_weight=568372 59704 58753 3895 3283 2590 1809 1391 54858 508668 6257 2541 2114 3716 1065 2651 1032 1619 985 502411 3762 3311 2727 1015 1712 974 498649 3487 2408 1079
internal_count=568372 59704 58753 3895 3283 2590 1809 1391 54858 508668 6257 2541 2114 3716 1065 2651 1032 1619 985 502411 3762 3311 2727 1015 1712 974 498649 3487 2408 1079
is_linear=0
shrinkage=0.03


Tree=115
num_leaves=31
num_cat=0
split_feature=18 8 31 36 10 21 20 1 5 29 24 24 23 24 8 2 5 5 23 36 27 19 28 18 31 5 8 1 30 23
split_gain=0.0116888 0.0164533 0.0189039 0.0195653 0.0145199 0.0511867 0.0146964 0.0272409 0.0289005 0.0452614 0.0263414 0.0141676 0.0136186 0.0220501 0.0194191 0.0193253 0.0171231 0.0126535 0.0124636 0.01221 0.0310091 0.0441318 0.0256309 0.0198474 0.0121013 0.0110499 0.0110292 0.0264082 0.0353264 0.032289
threshold=0.33208893239498144 0.49664428830146795 0.21147392690181735 0.47718597948551184 0.49664428830146795 -0.26490327715873713 0.4186519086360932 0.47966079413890844 0.47570809721946722 -0.2717756032943725 0.47735816240310674 0.45782060921192175 0.1113109514117241 0.043656742200255401 -0.39273729920387263 0.3712496310472489 -0.46415723860263819 0.45720390975475317 0.21815130859613421 0.45307256281375891 0.42520184814929968 -0.41272504627704615 -0.11887632682919501 0.4463686496019364 0.050361584872007377 0.49664428830146795 0.466554805636406 0.47966079413890844 0.39849410951137548 0.36497211456298834
decision_type=2 2 2 2 2 10 10 2 8 2 2 2 2 2 2 2 10 8 2 2 2 10 2 2 2 8 2 2 2 2
left_child=1 26 3 17 6 25 19 10 9 -9 11 12 15 16 -15 -8 -14 -3 -16 -2 23 -22 -23 -21 -20 -6 -1 -28 29 -29
right_child=4 2 -4 -5 5 -7 7 8 -10 -11 -12 -13 13 14 18 -17 -18 -19 24 20 21 22 -24 -25 -26 -27 27 28 -30 -31
leaf_value=2.0448922360203283e-06 -8.3984564462611402e-06 -4.4470617355236918e-05 -5.2262365354466843e-05 0.00026188421304910802 4.848102007089928e-05 0.00031494023517777579 -2.8610232555662426e-05 -0.00048117107544972125 4.4995757753597762e-05 -7.30170628182883e-05 0.00020007109973581188 -0.00020157680920419806 -0.00023367018195795725 0.00024818420417216803 0.00015211118150518398 -0.00014612225711872011 -1.5937402144281261e-05 0.00016757169873798377 6.1632846990183822e-05 5.6413400909578149e-05 -0.00027474070671997821 0.00017542157637124857 -8.5216386381456078e-05 0.00026724704214565824 -9.9269745430737618e-05 -0.00015191575793312349 -5.8111248758757279e-05 -2.5233529892420578e-05 -5.4734089849420494e-05 0.00028054008810096296
leaf_weight=458719 76752 555 675 653 511 536 7422 424 421 570 443 422 406 446 581 1509 1495 451 965 1002 497 714 631 669 730 464 7549 503 1368 797
leaf_count=458719 76752 555 675 653 511 536 7422 424 421 570 443 422 406 446 581 1509 1495 451 965 1002 497 714 631 669 730 464 7549 503 1368 797
internal_value=-2.02817e-07 1.75431e-06 8.10385e-05 0.000135263 -9.65121e-06 8.23195e-05 -1.11057e-05 -3.75104e-05 -0.000162656 -0.000250177 -2.51251e-05 -3.24012e-05 -2.69892e-05 1.47873e-05 6.94371e-05 -4.86065e-05 -6.34184e-05 5.13038e-05 3.34777e-05 -5.89278e-06 4.87196e-05 -3.61296e-05 5.34181e-05 0.00014191 -7.84023e-06 -4.74614e-05 1.35797e-06 -2.94549e-05 5.15413e-05 0.00016294
internal_weight=568880 471270 2334 1659 97610 1511 96099 15834 1415 994 14419 13976 13554 4623 2722 8931 1901 1006 2276 80265 3513 1842 1345 1671 1695 975 468936 10217 2668 1300
internal_count=568880 471270 2334 1659 97610 1511 96099 15834 1415 994 14419 13976 13554 4623 2722 8931 1901 1006 2276 80265 3513 1842 1345 1671 1695 975 468936 10217 2668 1300
is_linear=0
shrinkage=0.03


Tree=116
num_leaves=31
num_cat=0
split_feature=38 39 7 20 8 0 20 22 6 38 38 2 6 18 27 1 22 7 36 16 13 20 35 31 36 31 1 5 25 5
split_gain=0.0161324 0.0252344 0.0449809 0.0514825 0.0251938 0.0219576 0.0289146 0.0305811 0.0489201 0.0327171 0.0466882 0.0461356 0.0277198 0.0160434 0.0252883 0.0303935 0.0218495 0.020481 0.0197752 0.0159001 0.0157329 0.0205875 0.0271003 0.0173101 0.0176898 0.0157016 0.0172645 0.0163462 0.014741 0.0332369
threshold=-0.2719943225383758 0.49293276667594915 -0.25836129486560816 -0.4394956231117248 0.43172106146812445 0.49215674400329595 -0.45298065245151514 0.47993287444114691 0.026516673155128959 0.35910767316818243 0.21815130859613421 0.47665333747863775 0.35081173479557043 0.25170098245143896 0.49664428830146795 0.42469435930252081 0.49233704805374151 0.49283143877983099 0.23151255398988727 0.10409675538539888 0.466554805636406 0.45196153223514562 -0.4798318743705749 -0.1319722235202789 0.45986577868461614 0.18458957225084308 0.41289757192134863 0.36531642079353338 0.48586554825305944 -0.48644052445888514
decision_type=10 2 2 10 2 2 10 10 8 10 10 2 10 2 2 2 10 2 2 2 2 10 2 2 2 2 2 10 2 10
left_child=1 -1 -3 4 -4 13 -7 8 -8 10 12 -11 -10 20 16 -16 17 -15 -18 -20 28 22 -22 24 -24 26 -25 -27 -2 -30
right_child=5 2 3 -5 -6 6 7 -9 9 11 -12 -13 -14 14 15 -17 18 -19 19 -21 21 -23 23 25 -26 27 -28 -29 29 -31
leaf_value=7.5947424060802456e-06 1.9146276236484399e-06 0.00034562293302953749 -0.000185706903609052 0.00023224050474847529 7.2830097953340337e-05 -0.00030985636027701504 -0.00025489785661928074 -0.00028452735791372548 -7.8289358601124349e-05 -4.9053351206120014e-06 -0.00028754971772301905 0.00040360427673294906 0.00021867246465575311 -1.4661708878710588e-05 7.5016900047942233e-06 0.00033558983546900508 9.0183353944434641e-06 -0.00016298224324348063 5.4395594232412514e-05 0.00027617658305828486 -0.00022075818808493057 -0.00024495436155353936 1.4491461890280405e-05 -5.4763261247827269e-05 0.00023683885533682772 -4.3097032477337352e-05 -0.00028001944075611293 0.00016709830425908263 0.00031862224261464426 1.4823760957159408e-05
leaf_weight=130597 318249 529 763 775 597 404 599 413 578 556 472 440 537 101322 667 401 2260 835 616 552 594 427 1387 1052 410 1255 426 442 419 1330
leaf_count=130597 318249 529 763 775 597 404 599 413 578 556 472 440 537 101322 667 401 2260 835 616 552 594 427 1387 1052 410 1255 426 442 419 1330
internal_value=3.27169e-07 9.46329e-06 0.000100694 3.86784e-05 -7.25136e-05 -2.46128e-06 -7.23478e-05 -4.48715e-05 -1.2972e-05 4.38975e-05 -4.07134e-05 0.000177779 6.54042e-05 -1.81365e-06 -1.1913e-05 0.000132659 -1.33878e-05 -1.58899e-05 6.10048e-05 0.000160665 1.49079e-06 -4.66271e-05 -3.10003e-05 -7.93245e-06 6.62517e-05 -4.99957e-05 -0.000121134 1.23085e-05 2.39338e-06 8.9001e-05
internal_weight=569904 133261 2664 2135 1360 436643 3999 3595 3182 2583 1587 996 1115 432644 106653 1068 105585 102157 3428 1168 325991 5993 5566 4972 1797 3175 1478 1697 319998 1749
internal_count=569904 133261 2664 2135 1360 436643 3999 3595 3182 2583 1587 996 1115 432644 106653 1068 105585 102157 3428 1168 325991 5993 5566 4972 1797 3175 1478 1697 319998 1749
is_linear=0
shrinkage=0.03


Tree=117
num_leaves=31
num_cat=0
split_feature=0 23 35 29 31 29 35 3 12 24 39 28 24 28 16 30 24 19 39 2 31 8 21 28 29 17 3 29 38 2
split_gain=0.0137379 0.0131312 0.0235937 0.0269661 0.0273988 0.0166182 0.0321382 0.0275273 0.0342826 0.0308318 0.0217385 0.0213121 0.0194043 0.0225267 0.0166959 0.0212693 0.0171205 0.0139052 0.0130906 0.024605 0.037686 0.0232862 0.0259471 0.0212789 0.0221252 0.0197469 0.027363 0.0227139 0.0176595 0.014893
threshold=0.23817513883113864 0.37831963598728185 0.49664428830146795 -0.26490327715873713 0.063794087618589415 -0.39930471777915949 0.4463686496019364 0.48634795844554907 0.46441236138343817 0.49095004796981817 0.45986577868461614 -0.23151255398988721 0.43868599832057958 -0.11742048338055609 0.31881627440452581 0.19804988801479342 0.4463686496019364 0.29932886362075811 0.4463686496019364 0.45986577868461614 -0.1450444087386131 0.49245272576808935 -0.25190883874893183 -0.21803475916385648 -0.37241181731224055 -0.39223228394985193 -0.40601159632205958 -0.17109678685665128 0.39177928864955908 -0.3390317559242248
decision_type=2 2 2 2 2 2 2 2 2 2 2 2 2 2 2 2 2 10 2 2 2 2 10 2 2 2 2 2 10 2
left_child=18 -2 5 -4 -5 6 12 14 9 10 -9 -10 13 -3 -7 17 -17 -16 -1 23 -21 -22 -23 25 -25 -20 27 -27 29 -28
right_child=1 2 3 4 -6 7 -8 8 11 -11 -12 -13 -14 -15 15 16 -18 -19 19 20 21 22 -24 24 -26 26 28 -29 -30 -31
leaf_value=2.0843090306414606e-06 -1.1566074797961323e-05 -0.00017726439661157152 0.00032437183091742943 -8.9989963340291024e-05 0.00021866554770150849 1.8740563993525497e-05 0.00024849149401004103 7.384274548504222e-06 -0.00040849535880190966 0.00016180218481141699 -0.00026592531339011602 -0.00010617662691554324 0.00016785274936572542 3.0960495543050979e-05 0.00013645472025932841 -0.00021652265845927896 1.2071816706001029e-05 -7.7800173654644613e-05 -8.4236086899844171e-05 0.00029330461822262309 0.00019559779290909772 9.9751787741002813e-05 -0.00023225745900079165 -0.00017761207300217983 -1.9830491925463786e-06 0.00038277443566091409 -6.5812538993827475e-05 0.00010686079053613618 -0.00011943173858900583 0.00011738237451099364
leaf_weight=407746 125871 576 433 588 447 14749 666 592 405 550 459 444 662 2305 557 926 429 516 726 769 470 416 413 786 3417 410 528 778 544 1563
leaf_count=407746 125871 576 433 588 447 14749 666 592 405 550 459 444 662 2305 557 926 429 516 726 769 470 416 413 786 3417 410 528 778 544 1563
internal_value=1.49356e-07 -7.60183e-06 1.21145e-05 0.000128425 4.41303e-05 4.90032e-06 5.89177e-05 -6.70779e-06 -0.000100567 -1.84137e-05 -0.000113359 -0.000253469 2.26833e-05 -1.11392e-05 6.73028e-06 -6.60044e-05 -0.00014459 3.36537e-05 2.949e-06 3.55023e-05 0.000128306 2.91339e-05 -6.64489e-05 1.34523e-05 -3.51709e-05 5.83558e-05 8.55835e-05 0.000204484 3.14065e-05 7.10306e-05
internal_weight=569741 151175 25304 1468 1035 23836 4209 19627 2450 1601 1051 849 3543 2881 17177 2428 1355 1073 418566 10820 2068 1299 829 8752 4203 4549 3823 1188 2635 2091
internal_count=569741 151175 25304 1468 1035 23836 4209 19627 2450 1601 1051 849 3543 2881 17177 2428 1355 1073 418566 10820 2068 1299 829 8752 4203 4549 3823 1188 2635 2091
is_linear=0
shrinkage=0.03


Tree=118
num_leaves=31
num_cat=0
split_feature=12 18 13 1 27 3 11 1 25 9 27 16 0 35 31 37 29 0 35 7 1 9 0 39 6 28 25 1 14 37
split_gain=0.0182757 0.0120722 0.0172479 0.0454998 0.0262682 0.0200361 0.0232592 0.0201036 0.0172353 0.0233818 0.014453 0.0224994 0.0207579 0.0203911 0.0183937 0.018882 0.014312 0.0182525 0.0228778 0.019641 0.0189577 0.0176848 0.0175914 0.01606 0.016594 0.0146974 0.0134839 0.0427049 0.0580308 0.0388473
threshold=0.043656742200255401 -0.45970448851585383 0.49111093580722814 0.49664428830146795 0.40614514052867895 0.47993287444114691 0.48418948054313665 0.49227787554264074 0.49221777915954595 0.47318433225154882 0.48662193119525915 0.47718597948551184 0.45130419731140142 0.064760349690914168 0.18360888957977298 -0.098325628787279115 0.016816227696835998 0.27815064787864691 -0.42605021595954889 -0.21824584156274793 0.45307256281375891 0.39273729920387274 -0.45298065245151514 0.45986577868461614 0.15232808887958529 0.18438713997602466 0.47318433225154882 0.48586554825305944 0.45307256281375891 0.010135597549378874
decision_type=2 2 2 2 2 2 2 2 2 2 2 2 2 2 2 2 2 2 2 2 2 2 2 2 8 2 2 2 2 2
left_child=-1 2 5 4 -4 6 7 16 9 -7 26 12 -12 -13 15 -14 17 21 -19 -20 -21 22 -2 25 -25 -18 -3 -28 29 -29
right_child=1 10 3 -5 -6 8 -8 -9 -10 -11 11 13 14 -15 -16 -17 23 18 19 20 -22 -23 -24 24 -26 -27 27 28 -30 -31
leaf_value=3.8365019868952628e-06 -0.00014289332436527751 -5.578644456656845e-06 -8.7770252902223491e-05 0.0001142846645857072 -0.00042561986600913064 -1.5362111338850188e-06 -0.00021726065948046819 -0.00019228854528657814 -7.3304596323929406e-05 0.00029218820620529554 -5.9677996588161555e-05 -4.2284533596526268e-05 -0.00015984005086305413 -0.00034017219198686035 0.00019949079180085579 9.9686653870683544e-05 1.2858244558702609e-05 8.3409144677925944e-05 -0.00030950392411646286 -2.9041568622839785e-05 -0.00026586771451980463 0.0001528137751542008 1.170574951985748e-05 0.00023646045756781466 1.2297322113357627e-06 -0.00013934218984516415 8.6951537419141343e-07 0.00020833132078172854 0.00046560590758432547 -9.9668735792981931e-05
leaf_weight=309809 931 225560 402 420 432 460 588 611 425 509 4683 411 432 413 575 578 4311 433 536 1056 419 522 2233 537 533 648 8649 797 418 670
leaf_count=309809 931 225560 402 420 432 460 588 611 425 509 4683 411 432 413 575 578 4311 433 536 1056 419 522 2233 537 533 648 8649 797 418 670
internal_value=-1.08119e-06 -6.95917e-06 -3.21878e-05 -0.000138562 -0.000265741 -2.30576e-05 -3.43666e-05 -2.57817e-05 8.47836e-05 0.000154161 -5.29743e-06 -4.74648e-05 -2.79389e-05 -0.000193878 6.56229e-05 -1.17976e-05 -1.72635e-05 -4.95056e-05 -0.000112899 -0.000155371 -9.76536e-05 -7.28076e-06 -3.40916e-05 1.55464e-05 0.000120381 -7.27041e-06 -4.02881e-06 2.9131e-05 0.000158115 6.79409e-05
internal_weight=569001 259192 16006 1254 834 14752 13358 12770 1394 969 243186 7092 6268 824 1585 1010 12159 6130 2444 2011 1475 3686 3164 6029 1070 4959 236094 10534 1885 1467
internal_count=569001 259192 16006 1254 834 14752 13358 12770 1394 969 243186 7092 6268 824 1585 1010 12159 6130 2444 2011 1475 3686 3164 6029 1070 4959 236094 10534 1885 1467
is_linear=0
shrinkage=0.03


Tree=119
num_leaves=31
num_cat=0
split_feature=26 19 2 39 13 22 30 24 37 0 12 22 15 37 13 7 35 18 7 30 12 0 35 2 12 26 11 21 37 19
split_gain=0.0108883 0.0222193 0.0399096 0.0252309 0.0300134 0.0233461 0.0228141 0.0208133 0.0179948 0.0166306 0.0156365 0.0238905 0.0164617 0.0194806 0.0448174 0.0187394 0.0167389 0.0153455 0.0160494 0.0142941 0.0136877 0.0152973 0.022369 0.0135493 0.0310496 0.0316502 0.0233336 0.0404536 0.0435793 0.0254933
threshold=0.37149409949779516 -0.47339232265949244 0.49293276667594915 0.47993287444114691 0.29835322499275213 -0.23817513883113858 0.39849410951137548 0.466554805636406 -0.48653183877468104 0.23817513883113864 0.043656742200255401 -0.4798318743705749 -0.47306366264820093 0.43962624669075018 0.21815130859613421 0.40614514052867895 0.28547459840774542 0.010135597549378874 0.49215674400329595 0.45753696560859686 0.1245805360376835 0.32490874826908117 -0.26557111740112299 0.49221777915954595 0.47318433225154882 0.19804988801479342 0.47976386547088629 -0.0040325203444808713 0.11754836142063142 0.245688371360302
decision_type=2 8 2 2 2 8 2 2 2 2 2 10 2 2 2 2 2 2 2 2 2 2 2 2 2 2 2 8 2 10
left_child=9 2 7 10 -5 -6 -7 8 -2 -1 -3 -12 -13 17 16 -16 -15 20 -19 -9 -14 -22 -23 26 25 -25 -11 28 -28 -29
right_child=1 3 -4 4 5 6 -8 19 -10 23 11 12 13 14 15 -17 -18 18 -20 -21 21 22 -24 24 -26 -27 27 29 -30 -31
leaf_value=6.985859310483502e-07 0.00021294613694791464 1.8256219346436003e-05 0.00031888674236405781 8.7173867353872197e-05 1.9584402896266186e-05 -5.8230282740306729e-05 -0.00033695196241483001 2.7556113058532597e-05 1.0143453952460892e-05 -1.3244017097333517e-05 -0.00022386874616954868 0.00014136022726205419 -6.6149304611085223e-05 8.0442886739046367e-05 6.067691584592434e-05 -0.0002051679494085505 0.00034106918180218474 -4.3274255063755835e-05 -0.0002247466535925785 -0.00020318115928025831 -2.8101260208677272e-05 0.00027704962255910043 4.0488028267323977e-05 -0.00025399385832405218 0.00010516281852972648 2.524591058431922e-05 7.9884286499305653e-05 0.00013400845572448123 0.00044213323704340622 -0.00013653033338161362
leaf_weight=381708 733 51371 546 595 457 426 708 566 840 107148 465 628 1830 404 491 448 504 7453 457 409 2538 400 2983 1015 552 565 1077 468 407 903
leaf_count=381708 733 51371 546 595 457 426 708 566 840 107148 465 628 1830 404 491 448 504 7453 457 409 2538 400 2983 1015 552 565 1077 468 407 903
internal_value=-6.65519e-07 9.96396e-06 8.85571e-05 6.58223e-06 -9.35491e-05 -0.000161258 -0.000233671 3.81471e-05 0.000105395 -2.28541e-06 9.72336e-06 -1.38393e-05 -8.3338e-06 -1.37809e-05 7.81072e-05 -6.6984e-05 0.000227247 -2.46607e-05 -5.40294e-05 -7.03153e-05 5.34136e-06 2.75112e-05 6.91928e-05 -1.24421e-05 -8.71736e-05 -0.000154608 -1.09859e-05 7.35105e-05 0.000181529 -4.38785e-05
internal_weight=569095 75252 3094 72158 2186 1591 1134 2548 1573 493843 69972 18601 18136 17508 1847 939 908 15661 7910 975 7751 5921 3383 112135 2132 1580 110003 2855 1484 1371
internal_count=569095 75252 3094 72158 2186 1591 1134 2548 1573 493843 69972 18601 18136 17508 1847 939 908 15661 7910 975 7751 5921 3383 112135 2132 1580 110003 2855 1484 1371
is_linear=0
shrinkage=0.03


Tree=120
num_leaves=31
num_cat=0
split_feature=36 7 3 7 6 5 6 37 20 5 17 28 1 21 5 16 8 35 37 37 3 31 8 0 35 6 9 35 28 35
split_gain=0.0201941 0.0330997 0.0254062 0.0591477 0.0391306 0.0379501 0.0356163 0.0244116 0.0284654 0.0229636 0.0194742 0.0189123 0.0151896 0.0225315 0.0194326 0.0189192 0.0147199 0.0144898 0.0152112 0.00980004 0.0193224 0.0198825 0.0201896 0.0268764 0.0183471 0.0491945 0.0167895 0.0255882 0.0229202 0.0224068
threshold=0.49221777915954595 0.47993287444114691 0.41827458143234258 0.19804988801479342 0.16420634090900424 0.36939799785614019 0.44538351893424993 -0.045141067355871194 -0.4394956231117248 0.36146230995655065 -0.35231085121631617 -0.15097505599260327 -0.48653183877468104 -0.49664428830146784 -0.37937147915363306 -0.20462171733379361 -0.45970448851585383 -0.44627264142036432 0.13743132352828982 0.016816227696835998 0.4908673912286759 0.37251612544059759 0.48644052445888525 0.27103835344314581 0.49664428830146795 0.4339232742786408 0.45307256281375891 0.49227787554264074 -0.11887632682919501 -0.49267388880252833
decision_type=2 2 2 2 10 10 8 2 10 10 2 2 2 10 10 2 2 2 2 2 2 2 2 2 2 8 2 2 2 2
left_child=12 2 5 4 -4 7 9 8 -2 -5 -3 -9 13 -1 15 16 -15 18 -16 26 24 22 -22 -24 -21 -26 29 -28 -29 -14
right_child=1 10 3 6 -6 -7 -8 11 -10 -11 -12 -13 19 14 17 -17 -18 -19 -20 20 21 -23 23 -25 25 -27 27 28 -30 -31
leaf_value=-0.00023260447896434119 -4.8214916969086243e-05 -0.00035093386697713439 -8.9117192749214668e-05 -5.4884679828192498e-05 -0.0004883389710287709 0.00028703653395212232 -0.0001698634418197919 -1.7282913621080497e-05 0.00020800710776963508 0.00020432803509117865 -8.8776404704360022e-05 -0.0002607682821442564 -0.0001037612944694408 -0.00029690120530695299 5.4560548337241193e-06 -3.6920519302134327e-05 -6.103875878577745e-05 -2.1102060050214894e-05 0.00020713969476192872 -2.6902346088312284e-06 -3.497623918230047e-05 9.9991604206469984e-05 -7.3615789056851385e-05 -0.00036618675279587686 -0.00027759891906876076 0.00013493490790184435 2.4096549404631548e-05 0.00030982003829966762 4.5944585260896806e-05 3.1151071280077246e-06
leaf_weight=496 840 460 443 517 442 445 682 768 714 737 578 450 1767 558 817 2035 421 4892 563 262541 1371 459 636 508 691 406 10636 553 634 272076
leaf_count=496 840 460 443 517 442 445 682 768 714 737 578 450 1767 558 817 2035 421 4892 563 262541 1371 459 636 508 691 406 10636 553 634 272076
internal_value=-1.21821e-06 -5.15466e-05 -2.44906e-05 -9.00516e-05 -0.000291731 3.31009e-05 3.16717e-06 -8.54962e-06 7.0086e-05 9.78709e-05 -0.000207194 -0.000108632 -5.83698e-07 -3.76212e-05 -2.69674e-05 -8.94345e-05 -0.000197116 3.14564e-06 8.86354e-05 7.29831e-08 -4.06356e-06 -7.99754e-05 -0.000113086 -0.000205581 -3.20423e-06 -0.00012508 3.93362e-06 3.89207e-05 0.00017044 2.42171e-06
internal_weight=569136 7076 6038 2821 885 3217 1936 2772 1554 1254 1038 1218 562060 9782 9286 3014 979 6272 1380 552278 266612 2974 2515 1144 263638 1097 285666 11823 1187 273843
internal_count=569136 7076 6038 2821 885 3217 1936 2772 1554 1254 1038 1218 562060 9782 9286 3014 979 6272 1380 552278 266612 2974 2515 1144 263638 1097 285666 11823 1187 273843
is_linear=0
shrinkage=0.03


Tree=121
num_leaves=31
num_cat=0
split_feature=8 6 5 31 37 36 28 5 0 20 37 4 23 31 30 30 36 6 7 20 6 37 36 6 24 25 29 23 27 0
split_gain=0.0113045 0.024192 0.022254 0.0234492 0.0217123 0.0198818 0.0178602 0.0171367 0.0143011 0.0120473 0.0110838 0.0331453 0.0218832 0.0199259 0.018025 0.0138745 0.0134023 0.0405377 0.0444274 0.0284389 0.0242596 0.0200666 0.00997959 0.00867911 0.014525 0.0132851 0.0175258 0.0182924 0.0143416 0.0140012
threshold=-0.48653183877468104 -0.47833907604217524 -0.45153459906578058 -0.072491426020860658 0.33830955624580389 0.42459291219711309 -0.25836129486560816 0.27859869599342352 0.25170098245143896 0.063794087618589415 -0.49664428830146784 0.47718597948551184 0.4385290145874024 0.0039064884185791024 0.41844293475151068 0.34589572250843054 0.49664428830146795 0.20034013688564303 0.19098299741744998 -0.24493220448493955 -0.25203305482864374 -0.17148070782423017 0.43962624669075018 0.44881153106689459 0.49095004796981817 -0.039034796878695481 -0.49272717535495753 0.043656742200255401 -0.4925649613142013 -0.40601159632205958
decision_type=2 8 8 2 2 2 2 10 2 10 2 2 2 2 2 2 2 10 2 10 8 2 2 10 2 2 2 2 2 2
left_child=1 -1 6 4 22 8 -3 -7 -5 -10 11 12 13 14 -2 -15 23 20 -19 -20 -18 -22 -4 25 -25 29 27 -27 -28 -12
right_child=10 2 3 5 -6 7 -8 -9 9 -11 16 -13 -14 15 -16 -17 17 18 19 -21 21 -23 -24 24 -26 26 28 -29 -30 -31
leaf_value=0.00013304881491514494 3.4470986828142775e-05 -3.831242554916399e-05 -6.8894374966033315e-05 1.7552707461718623e-05 -0.00022395221949529041 0.00026237565202924399 -0.00027214673635710454 -1.9711940691283927e-06 -0.00021788395503390199 3.1665101171427207e-06 -3.0692058661387627e-05 0.00022422833357486061 -0.00016643165044167183 3.7748784998987903e-05 -0.00018829467516289972 0.00023758298566040395 -0.00015393682269346215 -0.00042407768752146324 -0.00022933386318278715 5.4570986416243196e-05 0.00023874512697346243 -3.3129060718931062e-07 9.03230630413977e-05 1.3824555454729109e-05 0.00018985598555471342 -2.3308953738719329e-05 -9.6997157809706675e-05 0.00024482775050117009 -5.5369232933897774e-06 5.3636862796481605e-06
leaf_weight=736 1122 545 2452 3112 781 482 638 400 483 403 10084 775 535 687 450 571 408 427 564 704 575 687 405 25700 419 412 1542 501 268455 244053
leaf_count=736 1122 545 2452 3112 781 482 638 400 483 403 10084 775 535 687 450 571 408 427 564 704 575 687 405 25700 419 412 1542 501 268455 244053
internal_value=-7.32887e-07 -3.16521e-05 -4.42718e-05 -2.72407e-05 -8.47807e-05 1.57405e-05 -0.000165645 0.000143812 -1.28018e-05 -0.000118425 -1.54704e-07 4.86907e-05 7.71762e-06 4.11099e-05 -3.0085e-05 0.000129611 -5.20243e-07 -6.01204e-05 -0.000163047 -7.25148e-05 4.46961e-05 0.000109619 -4.60879e-05 -1.55286e-07 1.672e-05 -9.95068e-07 -5.61693e-06 0.000124887 -6.06284e-06 3.93187e-06
internal_weight=569108 10437 9701 8518 3638 4880 1183 882 3998 886 558671 4140 3365 2830 1572 1258 554531 3365 1695 1268 1670 1262 2857 551166 26119 525047 270910 913 269997 254137
internal_count=569108 10437 9701 8518 3638 4880 1183 882 3998 886 558671 4140 3365 2830 1572 1258 554531 3365 1695 1268 1670 1262 2857 551166 26119 525047 270910 913 269997 254137
is_linear=0
shrinkage=0.03


Tree=122
num_leaves=31
num_cat=0
split_feature=0 13 32 2 26 39 24 17 23 26 16 22 22 39 10 18 27 22 1 17 0 5 25 12 17 15 15 24 8 12
split_gain=0.024624 0.0200801 0.019818 0.0321454 0.0240853 0.0147001 0.0261995 0.0256948 0.024774 0.0217969 0.0191324 0.0179286 0.0223508 0.0491763 0.0295434 0.0172645 0.0278485 0.0212866 0.0192475 0.0174457 0.0166009 0.0354922 0.0199674 0.043129 0.0259284 0.0282132 0.0257925 0.019109 0.0185798 0.0283714
threshold=-0.49664428830146784 0.49221777915954595 -0.16440654546022412 0.29754370450973516 -0.43286086618900294 0.45986577868461614 -0.13117660582065579 0.4908673912286759 0.48443555831909185 0.49298237264156347 0.49303127825260168 0.49141615629196173 0.41289757192134863 0.49227787554264074 0.33139298856258398 0.33277405798435217 0.49664428830146795 0.49233704805374151 0.31787468492984777 0.49664428830146795 -0.21803475916385648 0.33806170523166662 0.49221777915954595 0.466554805636406 -0.36572171747684473 -0.47306366264820093 -0.4394956231117248 0.41950166225433355 0.45801258087158209 0.47108417749404913
decision_type=2 2 2 2 2 2 2 2 2 2 2 8 10 2 2 2 2 10 2 2 2 10 2 2 2 2 2 2 2 2
left_child=1 2 3 -1 -4 15 -7 8 9 11 -9 12 20 14 -14 -2 17 19 -18 -17 21 -8 24 -24 25 -22 -27 -23 29 -26
right_child=5 -3 4 -5 -6 6 7 10 -10 -11 -12 -13 13 -15 -16 16 18 -19 -20 -21 22 27 23 -25 28 26 -28 -29 -30 -31
leaf_value=-0.00025475161415574563 1.9364182159179342e-06 -0.00024923357084424846 0.00014825241064929766 4.4722003513837946e-05 -5.8114605840209224e-05 -0.00011423599252011249 2.8045654826235584e-05 0.00033571979050495392 -0.00018399114666019819 -0.00013477454209688907 4.6177416586443959e-05 -0.00012254004487621584 -0.00011399196629202179 0.00043271282315958848 0.00019859200213774187 -1.5690692216321854e-05 3.0726830118733922e-05 6.6922926251749908e-05 0.00029601631527134535 -0.00017147670309834679 5.8521247093256012e-06 0.00011306026617498093 -0.00023282709344995555 0.00010501293088327194 6.4448447152942696e-06 0.00039414602312027181 0.00011275125197795228 0.00037766941326130931 0.0001222045953651358 -0.00021980546946072127
leaf_weight=826 452796 497 718 521 1682 1147 2351 418 485 679 402 603 522 402 548 85609 580 2808 421 642 1104 525 795 581 7772 447 853 473 1108 523
leaf_count=826 452796 497 718 521 1682 1147 2351 418 485 679 402 603 522 402 548 85609 580 2808 421 642 1104 525 795 581 7772 447 853 473 1108 523
internal_value=-2.25499e-08 -7.19296e-05 -4.78113e-05 -0.000139444 3.98251e-06 5.19233e-07 2.4704e-05 3.24952e-05 2.56165e-05 3.09803e-05 0.00019604 3.70981e-05 4.25099e-05 0.000154149 4.64543e-05 -4.49654e-07 -1.2445e-05 -1.42208e-05 0.000144126 -1.687e-05 3.24825e-05 9.20266e-05 1.72976e-05 -9.04496e-05 2.99205e-05 0.000117626 0.000211778 0.000240974 7.39639e-06 -8.06773e-06
internal_weight=568838 4244 3747 1347 2400 564594 21738 20591 19771 19286 820 18607 18004 1472 1070 542856 90060 89059 1001 86251 16532 3349 13183 1376 11807 2404 1300 998 9403 8295
internal_count=568838 4244 3747 1347 2400 564594 21738 20591 19771 19286 820 18607 18004 1472 1070 542856 90060 89059 1001 86251 16532 3349 13183 1376 11807 2404 1300 998 9403 8295
is_linear=0
shrinkage=0.03


Tree=123
num_leaves=31
num_cat=0
split_feature=38 7 17 23 21 28 39 26 21 12 35 38 25 27 35 29 24 21 38 39 26 21 29 2 35 29 3 23 22 4
split_gain=0.0136921 0.0276856 0.0312072 0.0167557 0.0295488 0.0202396 0.019271 0.019218 0.0166999 0.0105037 0.0171083 0.0284537 0.024905 0.0257554 0.0297878 0.0166141 0.0183499 0.0311734 0.0244819 0.0213119 0.0223855 0.0297304 0.0258703 0.0228051 0.0178732 0.0168214 0.0163777 0.0158229 0.0157175 0.0169486
threshold=-0.49664428830146784 -0.28547459840774531 -0.37915775179862971 0.030252186581492427 -0.46641474962234492 -0.065545503050088869 0.2450322434306145 0.31881627440452581 -0.49283143877983088 0.28547459840774542 -0.25190883874893183 0.49664428830146795 0.29820537567138677 0.49664428830146795 -0.45298065245151514 0.016816227696835998 0.45202739536762243 -0.43286086618900294 0.29792606830596929 0.48615899682044988 0.083917114883661284 0.41166466474533087 -0.32563473284244532 0.4463686496019364 -0.44627264142036432 0.11754836142063142 -0.49277968704700464 0.4385290145874024 0.39177928864955908 0.42490601539611822
decision_type=8 2 2 2 10 2 2 2 10 2 2 10 2 2 2 2 2 10 10 2 2 10 2 2 2 2 2 2 10 2
left_child=1 2 -1 6 7 -6 -3 8 -5 -2 11 12 27 15 -15 16 19 -18 -19 20 21 23 -23 26 -25 -17 -14 -11 29 -28
right_child=9 3 -4 4 5 -7 -8 -9 -10 10 -12 -13 13 14 -16 25 17 18 -20 -21 -22 22 -24 24 -26 -27 28 -29 -30 -31
leaf_value=3.6839627012675136e-05 1.7845661257104737e-06 8.9959021350750839e-06 0.00039241253949034847 -0.00015528040465819776 -1.7387174585530685e-05 -0.0002936387795572435 0.00027010587200519118 0.00019749799111695195 0.00010641982202412479 -1.1551085482382083e-05 -1.6675022342337563e-05 -0.00018473526123810041 -0.00015536309224362577 2.6233756266177277e-05 0.00032340699992023254 -9.4518490691936037e-05 -6.3508012932835578e-05 0.0001166933740112044 0.00041137981163149993 -0.00014329357193332726 -7.0331882904572492e-05 0.00026527288137013989 2.9882834549572402e-05 3.3978831435214255e-05 0.00030896532733238507 1.153895107189665e-05 4.0274105301013481e-05 -0.00014963630126551246 0.00016340852681477882 -0.00010172236960232314
leaf_weight=483 444216 640 405 449 468 480 413 531 411 16689 77227 677 491 663 553 1508 449 664 413 566 1285 1059 697 419 428 11864 2847 772 628 1019
leaf_count=483 444216 640 405 449 468 480 413 531 411 16689 77227 677 491 663 553 1508 449 664 413 566 1285 1059 697 419 428 11864 2847 772 628 1019
internal_value=5.59869e-08 5.34491e-05 0.000201574 1.41927e-05 -3.05741e-05 -0.000158866 0.000112984 5.73701e-05 -3.04264e-05 -3.4932e-07 -8.18807e-06 6.81361e-06 9.87065e-06 2.87361e-05 0.000162915 2.19677e-05 4.93225e-05 0.000145517 0.000232442 3.36331e-05 4.50677e-05 6.4677e-05 0.000172539 3.19603e-05 0.000174917 -4.83154e-07 7.36908e-06 -1.77384e-05 2.54541e-05 2.68081e-06
internal_weight=569414 4280 888 3392 2339 948 1053 1391 860 565134 120918 43691 43014 25553 1216 24337 10965 1526 1077 9439 8873 7588 1756 5832 847 13372 4985 17461 4494 3866
internal_count=569414 4280 888 3392 2339 948 1053 1391 860 565134 120918 43691 43014 25553 1216 24337 10965 1526 1077 9439 8873 7588 1756 5832 847 13372 4985 17461 4494 3866
is_linear=0
shrinkage=0.03


Tree=124
num_leaves=31
num_cat=0
split_feature=12 6 22 14 36 18 35 31 0 4 36 36 6 17 3 12 27 0 16 27 21 6 15 14 6 14 20 16 17 13
split_gain=0.0101774 0.0117482 0.0203237 0.0178355 0.0250614 0.0397157 0.0233027 0.0221547 0.0189942 0.0146716 0.0150539 0.0242714 0.0203317 0.0227191 0.0149828 0.0145547 0.0146699 0.0120825 0.0214428 0.0460921 0.0271554 0.0202011 0.0177623 0.0349335 0.030848 0.0224793 0.0259525 0.024716 0.0413407 0.0231908
threshold=0.070949185639619841 0.44139115512371069 -0.49267388880252833 0.39273729920387274 0.43962624669075018 0.42620199918746954 -0.46641474962234492 1.0000000180025095e-35 -0.48653183877468104 -0.1843871399760246 0.16415061801671985 0.27815064787864691 0.46326902508735662 0.4641572386026383 0.32554237544536596 0.38593547046184545 0.49134182929992681 0.41810730099678045 -0.4798318743705749 0.39849410951137548 -0.45298065245151514 0.37398266792297369 -0.45970448851585383 -0.45970448851585383 0.10069930180907251 -0.29263775050640101 -0.39138861000537867 -0.3391206413507461 -0.31205530464649195 0.37149409949779516
decision_type=2 10 8 2 2 2 2 2 2 2 2 2 10 2 2 2 2 2 2 2 8 8 2 2 10 2 10 2 2 2
left_child=-1 17 -3 6 9 7 15 -6 -8 -5 14 -12 -13 -14 -11 -4 -17 -2 19 -19 -20 -21 24 -24 -22 26 29 28 -27 -25
right_child=1 2 3 4 5 -7 8 -9 -10 10 11 12 13 -15 -16 16 -18 18 20 21 22 -23 23 25 -26 27 -28 -29 -30 -31
leaf_value=3.1652614445860497e-06 -4.6605833874291957e-06 -0.00017735841770087903 2.4266976660597165e-05 0.00018980279208528726 0.00045570193538398325 -5.9417957471034414e-05 0.00016830095083235594 0.00014344964624811527 9.9391222905943321e-06 6.9167768642117203e-07 -0.00018945324752613199 0.00018576934983343337 5.9026532469079029e-05 -0.00020316946954088778 0.0002458086710878599 -0.00021579941926809298 -1.1502193659411701e-05 -0.00014253609972610627 -0.00017797135453332123 0.00035348571083941078 0.00027185413741934611 6.4063140631195938e-05 -0.00019815166655163293 3.6485240767926423e-05 -7.6383948619102422e-05 -8.6021224324816977e-05 0.00010170363585365011 -4.7001545238683073e-05 0.00033459070173423632 -0.00017940420691967164
leaf_weight=325705 191391 481 673 442 414 401 698 421 18378 496 634 499 790 464 400 906 485 489 1102 459 463 414 1067 1167 437 423 2463 15964 402 714
leaf_count=325705 191391 481 673 442 414 401 698 421 18378 496 634 499 790 464 400 906 485 489 1102 459 463 414 1067 1167 437 423 2463 15964 402 714
internal_value=-3.03362e-07 -4.94222e-06 1.38785e-05 1.74693e-05 6.86006e-05 0.000185091 5.44332e-06 0.000301828 1.58188e-05 2.95556e-05 7.47013e-06 -3.19284e-05 2.57944e-05 -3.883e-05 0.000111624 -9.00634e-05 -0.000145158 -7.24872e-06 -2.66161e-05 8.87916e-05 -3.31448e-05 0.000218514 -2.61617e-05 -3.14741e-05 0.000103784 -2.29689e-05 3.77969e-05 -3.87046e-05 0.000120484 -4.59786e-05
internal_weight=569242 243537 26582 26101 4961 1236 21140 835 19076 3725 3283 2387 1753 1254 896 2064 1391 216955 25564 1362 24202 873 23100 22200 900 21133 4344 16789 825 1881
internal_count=569242 243537 26582 26101 4961 1236 21140 835 19076 3725 3283 2387 1753 1254 896 2064 1391 216955 25564 1362 24202 873 23100 22200 900 21133 4344 16789 825 1881
is_linear=0
shrinkage=0.03


Tree=125
num_leaves=31
num_cat=0
split_feature=29 35 16 11 12 8 5 28 11 23 29 20 15 37 23 29 36 22 22 35 39 7 16 2 11 1 1 1 35 8
split_gain=0.00908885 0.0257158 0.0322183 0.0227325 0.0304024 0.0271311 0.0203892 0.0207065 0.030875 0.0451287 0.0205317 0.020926 0.0196541 0.0184255 0.0369056 0.0181054 0.033929 0.0202908 0.0351838 0.0321681 0.0223648 0.0204181 0.0183201 0.0206515 0.0181545 0.0332026 0.0234553 0.019044 0.0295054 0.0279213
threshold=-0.21137479692697522 -0.48653183877468104 0.47132579982280737 0.47683362662792211 0.31229026615619665 0.29151678085327154 -0.24817479401826856 -0.050167785957455628 0.40521778166294103 0.4581876546144486 -0.23877235502004621 0.49126620590686804 -0.49283143877983088 0.21803475916385653 0.37189744412899023 0.097359016537666335 0.30546234548091894 -0.47306366264820093 -0.49664428830146784 0.47705537080764776 0.4641572386026383 -0.22480142861604688 0.36497211456298834 0.48418948054313665 0.49221777915954595 0.48406349122524267 0.29133562743663793 0.47069558501243597 0.42620199918746954 0.48644052445888525
decision_type=2 2 2 2 2 2 8 2 2 2 2 10 2 2 2 2 2 10 8 2 2 2 2 2 2 2 2 2 2 2
left_child=1 2 3 4 -1 -6 -3 8 -8 10 11 13 -9 -10 -15 16 -2 18 20 21 -18 -20 -17 -24 25 27 -26 29 -29 -19
right_child=15 6 -4 -5 5 -7 7 12 9 -11 -12 -13 -14 14 -16 22 17 24 19 -21 -22 -23 23 -25 26 -27 -28 28 -30 -31
leaf_value=8.0783346015778085e-06 -4.176254447963144e-06 -1.8085169521111504e-05 0.00031445573356765166 -9.863395667265207e-05 6.4471205699392469e-05 0.00035993973713793818 1.2912751674724328e-05 -0.00012820856740066784 7.5814048289824719e-06 0.00029004434365995508 0.00021585049284147655 -0.00014849147997691086 1.1239120850408899e-06 0.00014226913788312686 -0.00013351434105603847 6.3914115483633969e-06 -0.00010687156037784546 -2.7567421545838562e-05 5.1957665644159046e-05 -0.00041820602692255025 0.00019502199742384697 -0.00019888036008768078 -1.4010234552836598e-05 -0.00016613398989005591 -8.2822603777994548e-05 -0.00015882778183815401 0.00018852855099341521 -2.5739204248773258e-05 0.00027748762024439993 -0.00021893499085980144
leaf_weight=1702 146723 30850 459 730 580 540 42512 1062 3919 781 635 489 78174 2990 503 196085 454 19915 418 431 412 933 31955 814 465 1868 719 772 450 701
leaf_count=1702 146723 30850 459 730 580 540 42512 1062 3919 781 635 489 78174 2990 503 196085 454 19915 418 431 412 933 31955 814 465 1868 719 772 450 701
internal_value=-1.94107e-07 5.71533e-06 8.06579e-05 4.96479e-05 8.82186e-05 0.000208854 3.85397e-06 9.01897e-06 2.37607e-05 7.31911e-05 5.3034e-05 3.96922e-05 -6.25491e-07 5.22907e-05 0.000102288 -2.62657e-06 -9.91231e-06 -4.04615e-05 -0.000119272 -0.000195165 3.73412e-05 -0.000121459 2.92135e-06 -1.78386e-05 -3.20325e-05 -3.7768e-05 8.21579e-05 -2.73447e-05 8.72697e-05 -3.41774e-05
internal_weight=569041 165926 4011 3552 2822 1120 161915 131065 51829 9317 8536 7901 79236 7412 3493 403115 174261 27538 2648 1782 866 1351 228854 32769 24890 23706 1184 21838 1222 20616
internal_count=569041 165926 4011 3552 2822 1120 161915 131065 51829 9317 8536 7901 79236 7412 3493 403115 174261 27538 2648 1782 866 1351 228854 32769 24890 23706 1184 21838 1222 20616
is_linear=0
shrinkage=0.03


Tree=126
num_leaves=31
num_cat=0
split_feature=35 26 25 37 36 29 21 25 18 1 5 25 38 1 37 30 35 37 35 13 38 22 2 28 38 14 1 25 13 30
split_gain=0.0136403 0.0182181 0.0253655 0.0329196 0.0228129 0.0472686 0.0264526 0.0370834 0.0274469 0.0275097 0.0255845 0.0334021 0.0279958 0.0341471 0.0249566 0.0230429 0.0480426 0.0404606 0.0226992 0.0219691 0.0294622 0.0207912 0.0202689 0.0184179 0.0161612 0.0205843 0.0183526 0.0331304 0.0150003 0.0151992
threshold=0.25170098245143896 0.21147392690181735 0.47993287444114691 0.30546234548091894 0.41950166225433355 -0.46641474962234492 0.45196153223514562 0.42620199918746954 0.42620199918746954 0.47966079413890844 0.034802973270416267 0.42620199918746954 0.37844152748584753 0.45735588669776922 -0.01339392503723502 0.2450322434306145 0.45986577868461614 -0.21217571943998334 0.45196153223514562 0.49664428830146795 -0.11867455020546912 -0.49664428830146784 0.17118690907955172 -0.10499014332890509 0.41188235580921179 -0.49664428830146784 0.43962624669075018 0.45986577868461614 0.47683362662792211 0.47993287444114691
decision_type=2 2 2 2 2 2 10 2 2 2 10 2 8 2 2 2 2 2 2 2 10 8 2 2 8 2 2 2 2 2
left_child=-1 2 4 19 15 -6 8 -8 9 10 11 14 13 -12 22 -2 -17 -18 -16 20 -4 23 -7 -3 25 -23 -26 -28 -27 -30
right_child=1 21 3 -5 5 6 7 -9 -10 -11 12 -13 -14 -15 18 16 17 -19 -20 -21 -22 24 -24 -25 26 28 27 -29 29 -31
leaf_value=2.7279808371008052e-06 -1.0138051113984678e-05 0.0002757437314360581 4.2090693538124206e-05 -0.0002579049792688213 0.00034603063927582893 0.00020832770421453146 1.2107190751353711e-05 0.00036197423684270125 0.0001837473354465492 -0.00017295006182942017 5.5504418368152319e-05 -0.00027080296003841259 -0.00013725563464364178 0.0003518627614376853 -6.1945629600384861e-06 -3.0070632792201361e-05 -0.00033006028384581444 -7.1799755321745885e-05 -0.00028537729663724966 0.00015901111270227541 -0.00021680162216426087 -0.00018039295827693139 -2.2500782498117983e-05 3.4225230576754438e-05 -6.8165731784680103e-06 7.2436223185144212e-06 -0.00017802175429265633 9.8443514478446681e-05 0.00015104537018691461 -4.8621046237990651e-05
leaf_weight=427195 56464 458 787 866 400 565 689 442 629 926 1970 538 496 417 643 14421 925 1330 433 401 780 504 842 732 4496 46619 1648 503 1257 465
leaf_count=427195 56464 458 787 866 400 565 689 442 629 926 1970 538 496 417 643 14421 925 1330 433 401 780 504 842 732 4496 46619 1648 503 1257 465
internal_value=5.29475e-08 -8.0144e-06 -1.68013e-05 -0.000104887 -1.37494e-05 3.13249e-05 1.62851e-05 0.000150811 -4.2875e-06 -2.18476e-05 2.10405e-06 -5.88088e-05 6.59152e-05 0.000108529 -1.19733e-05 -1.92933e-05 -5.02677e-05 -0.000178728 -0.000120136 -3.65892e-05 -8.73348e-05 5.15751e-06 7.10076e-05 0.000128703 2.48543e-06 8.46014e-06 -4.13661e-05 -0.000113215 1.0466e-05 9.71591e-05
internal_weight=568841 141646 84964 2834 82130 8990 8590 1131 7459 6830 5904 3021 2883 2387 2483 73140 16676 2255 1076 1968 1567 56682 1407 1190 55492 48845 6647 2151 48341 1722
internal_count=568841 141646 84964 2834 82130 8990 8590 1131 7459 6830 5904 3021 2883 2387 2483 73140 16676 2255 1076 1968 1567 56682 1407 1190 55492 48845 6647 2151 48341 1722
is_linear=0
shrinkage=0.03


Tree=127
num_leaves=31
num_cat=0
split_feature=1 7 22 26 1 22 19 36 38 19 19 5 8 20 8 30 2 20 5 22 28 5 26 35 12 37 31 38 23 7
split_gain=0.0137426 0.0381417 0.0227899 0.0303454 0.02254 0.0193635 0.0320985 0.0366852 0.0183976 0.0263765 0.0375334 0.0227352 0.0187805 0.0336781 0.0241633 0.0263837 0.0233964 0.0215227 0.0202874 0.0192192 0.0186826 0.018404 0.0214216 0.0186526 0.0206509 0.0180946 0.0178871 0.0167151 0.01928 0.0166296
threshold=0.49664428830146795 -0.057004502043128007 0.22491610795259478 0.40533427894115454 0.39966443181037908 -0.038196288049221032 -0.15097505599260327 0.49095004796981817 0.47318433225154882 0.47318433225154882 0.43156538903713232 0.37686733901500707 0.010135597549378874 -0.45298065245151514 -0.34501582384109492 -0.2781506478786468 0.2382863983511925 0.49664428830146795 0.27091285586357122 0.14436987787485125 -0.057004502043128007 0.38066548109054571 0.18458957225084308 0.45196153223514562 -0.058055276051163666 0.49261982738971716 -0.0037880962481722231 0.45847702026367193 0.083917114883661284 -0.051100756973028176
decision_type=2 2 10 2 2 8 10 2 10 10 10 8 2 8 2 2 2 10 8 10 2 8 2 2 2 2 2 10 2 2
left_child=4 -2 5 -4 -1 6 7 -3 12 10 -10 -11 13 18 15 -15 19 25 20 -17 -6 23 -23 -16 -25 27 -7 -14 -29 -26
right_child=1 2 3 -5 8 26 -8 -9 9 11 -12 -13 17 14 21 16 -18 -19 -20 -21 -22 22 -24 24 29 -27 -28 28 -30 -31
leaf_value=1.655803087933313e-06 0.00026836298315656648 0.00021807995518712399 4.1133641477716243e-05 -0.00027707767685422217 -0.00023516355203705977 0.00032127428061643094 -0.00022175654019606977 -9.1265144213767462e-05 -6.3104817067445655e-05 -0.000117370574285567 -0.00034803513077781643 0.00012888952377127018 -9.1564161403006889e-06 -0.00015994957568182144 -4.6770664100252791e-05 -4.7493322876057061e-05 0.00027562290292981365 0.00020916066513524604 -0.00032619486920763965 0.00019388018229080515 5.0225071642281755e-05 0.00014506419718540546 -9.655461373308208e-05 -2.1389660577757921e-05 -0.00037948294993423451 -0.00018634982465214601 4.3040729109120167e-05 -5.2095787194630947e-05 0.00020969052713871655 -0.00011978642466755505
leaf_weight=511611 624 750 609 471 400 411 409 624 1206 629 630 705 39885 413 2305 857 500 404 568 442 410 691 615 461 515 497 418 402 659 407
leaf_count=511611 624 750 609 471 400 411 409 624 1206 629 630 705 39885 413 2305 857 500 404 568 442 410 691 615 461 515 497 418 402 659 407
internal_value=1.24219e-07 5.33911e-05 1.64311e-05 -9.89107e-05 -2.83468e-07 6.43175e-05 8.34505e-06 7.7947e-05 -1.87903e-05 -8.87804e-05 -0.000162231 1.2765e-05 -1.43741e-05 -5.47686e-05 -2.86611e-05 5.37201e-05 0.000103386 -6.07694e-06 -0.000190103 3.54906e-05 -9.18567e-05 -6.51848e-05 3.14159e-05 -9.93856e-05 -0.000186112 -8.2251e-06 0.000183168 -6.01806e-06 0.000110943 -0.00026736
internal_weight=569528 4316 3692 1080 565212 2612 1783 1374 53601 3170 1836 1334 50431 8584 7206 2212 1799 41847 1378 1299 810 4994 1306 3688 1383 41443 829 40946 1061 922
internal_count=569528 4316 3692 1080 565212 2612 1783 1374 53601 3170 1836 1334 50431 8584 7206 2212 1799 41847 1378 1299 810 4994 1306 3688 1383 41443 829 40946 1061 922
is_linear=0
shrinkage=0.03


Tree=128
num_leaves=31
num_cat=0
split_feature=17 35 22 36 35 19 19 12 20 26 4 30 28 5 35 12 34 22 22 28 11 14 16 36 23 30 13 1 13 4
split_gain=0.0132307 0.0250867 0.0240261 0.0218433 0.0213273 0.0243191 0.0220941 0.0148001 0.014134 0.0233472 0.0225914 0.0251505 0.058425 0.0270315 0.0184714 0.0262456 0.0317106 0.04032 0.0323563 0.0177694 0.0169022 0.0164028 0.0158615 0.0276188 0.0179292 0.0149133 0.014096 0.0121366 0.0182028 0.0118951
threshold=0.47718597948551184 0.49307949841022497 0.46457038819789892 0.40521778166294103 -0.26557111740112299 0.466554805636406 0.35910767316818243 0.28547459840774542 -0.42605021595954889 0.49221777915954595 0.48393547534942633 1.0000000180025095e-35 -0.32572281360626215 0.46862696111202246 0.36476325988769537 0.46441236138343817 0.18458957225084308 -0.3726381510496139 -0.3726381510496139 -0.21217571943998334 0.49288246035575872 -0.46641474962234492 -0.48653183877468104 0.41810730099678045 0.4385290145874024 0.33895461261272436 -0.25083892047405237 0.45735588669776922 0.41827458143234258 -0.49664428830146784
decision_type=2 2 10 2 2 10 8 2 10 2 2 2 2 10 2 2 2 10 10 2 2 2 2 2 2 2 2 2 2 2
left_child=7 2 3 27 5 6 -5 -1 10 29 14 -12 -13 -14 20 16 17 19 -18 -16 22 -19 23 25 -24 26 -9 28 -2 -10
right_child=1 -3 -4 4 -6 -7 -8 8 9 -11 11 12 13 -15 15 -17 18 21 -20 -21 -22 -23 24 -25 -26 -27 -28 -29 -30 -31
leaf_value=1.8638709359157442e-06 6.2709149653931473e-06 0.00025485988427609416 -0.00013881604839346103 0.0002208073878149076 2.91573206531001e-05 0.00036705598053945971 -5.5837082372287879e-05 3.5483321907496941e-05 -7.5310330046004601e-05 -0.00019002986545777639 -0.00014753068310125714 0.00041211006509207689 0.0002164426504302876 -6.773042331316137e-05 -0.0002157720726494777 7.5752843806846867e-05 0.00018617758880423333 5.9162133309682026e-05 -0.00018377622582259144 -0.00049228330490831804 -0.00016416121215464819 -0.00020538401293749596 -2.5382347983315783e-05 0.00027346388922142918 -0.00019472306930009908 0.00012961661702039082 -0.00020608430571124214 -0.00013710088952649416 0.00018029311385866099 -3.5257340174782073e-06
leaf_weight=439747 9417 416 788 589 1854 438 453 449 2113 608 472 401 402 1111 410 518 402 401 430 483 795 427 6052 407 611 459 407 477 564 97104
leaf_count=439747 9417 416 788 589 1854 438 453 449 2113 608 472 401 402 1111 410 518 402 401 430 483 795 427 6052 407 611 459 407 477 564 97104
internal_value=1.1524e-07 2.7911e-05 2.12654e-05 3.05055e-05 9.72492e-05 0.00018178 0.000101151 -6.37359e-07 -1.02461e-05 -6.20745e-06 -3.77665e-05 4.65426e-05 9.49199e-05 8.69899e-06 -5.42111e-05 -0.000117792 -0.000157204 -0.000230362 -4.93631e-06 -0.000369125 -3.28364e-05 -7.80873e-05 -2.02045e-05 6.07242e-05 -4.11795e-05 -6.68688e-06 -8.04276e-05 9.15514e-06 1.62751e-05 -5.06195e-06
internal_weight=569205 14996 14580 13792 3334 1480 1042 554209 114462 99825 14637 2386 1914 1513 12251 3071 2553 1721 832 893 9180 828 8385 1722 6663 1315 856 10458 9981 99217
internal_count=569205 14996 14580 13792 3334 1480 1042 554209 114462 99825 14637 2386 1914 1513 12251 3071 2553 1721 832 893 9180 828 8385 1722 6663 1315 856 10458 9981 99217
is_linear=0
shrinkage=0.03


Tree=129
num_leaves=31
num_cat=0
split_feature=8 22 36 23 25 22 29 23 29 25 22 36 38 30 20 30 24 36 25 19 2 37 38 8 28 25 20 1 1 1
split_gain=0.0126938 0.0486278 0.0321766 0.0555531 0.0239426 0.0217389 0.0356914 0.0162687 0.0109566 0.0152992 0.0277041 0.0334288 0.0230767 0.0272927 0.0197691 0.0135443 0.01298 0.0198042 0.0265504 0.0227244 0.0200775 0.0191309 0.0169955 0.0123835 0.0185397 0.0158229 0.0180467 0.0408692 0.0140227 0.0306173
threshold=0.49664428830146795 0.21147392690181735 0.42620199918746954 0.42530338466167456 0.49664428830146795 0.32554237544536596 -0.1843871399760246 0.29180648922920233 0.29197315871715551 0.48662193119525915 -0.32545009255409235 0.43840885162353521 -0.31205530464649195 0.25731724500656133 -0.45298065245151514 0.083917114883661284 0.35170717537403112 0.49221777915954595 0.48662193119525915 0.48418948054313665 0.48418948054313665 0.49664428830146795 -0.27154105901718134 0.48431348800659185 -0.1590028181672096 0.28547459840774542 0.48443555831909185 0.24536878615617755 0.48586554825305944 0.47069558501243597
decision_type=2 8 2 2 2 10 2 2 2 2 8 2 8 2 10 2 2 2 2 10 2 2 10 2 2 2 10 2 2 2
left_child=8 2 7 -4 -5 -3 -7 -2 9 15 14 -12 -13 -14 -11 23 21 18 19 20 -18 -10 -19 25 -25 -1 28 -28 29 -27
right_child=1 5 3 4 -6 6 -8 -9 16 10 11 12 13 -15 -16 -17 17 22 -20 -21 -22 -23 -24 24 -26 26 27 -29 -30 -31
leaf_value=1.7014341458724522e-06 -0.00014789855711378527 -0.0002225246659848356 0.00044640958208506796 0.00024976237643191239 -3.0364447653585339e-05 0.00018669509909943061 -0.00016397501993964801 9.441223530420638e-05 6.677594612694222e-06 -4.6302050914326688e-05 -9.9468045143982625e-06 -1.2823784876578522e-05 -9.4276098817966278e-05 -0.00039146150842314903 0.00023833928778687301 -7.0450364381336683e-06 4.1303731213465896e-05 7.339063888218293e-05 0.00027033374433907035 0.00025106266671850671 -0.00012160846036320458 -0.00015068688186765941 -0.00016647808560511546 -0.00024639549023959263 3.4801798803096451e-05 1.9044848525891416e-05 -7.1425171498377173e-06 0.00038078909024627083 -0.00013667705945563007 0.00022939030503425783
leaf_weight=242365 409 582 576 456 664 496 530 606 103571 438 1943 452 492 655 425 173675 10804 404 455 429 717 690 742 428 403 23345 600 402 485 630
leaf_count=242365 409 582 576 456 664 496 530 606 103571 438 1943 452 492 655 425 173675 10804 404 455 429 717 690 742 428 403 23345 600 402 485 630
internal_value=1.46794e-06 5.26437e-05 0.000129992 0.000209566 8.48882e-05 -7.77586e-05 5.71545e-06 -3.71859e-06 1.0755e-06 -1.07078e-06 -5.66398e-05 -9.37498e-05 -0.000194887 -0.000265902 9.49992e-05 -5.16126e-07 9.21351e-06 3.68235e-05 4.78591e-05 3.91694e-05 3.10684e-05 5.6218e-06 -8.20137e-05 3.70462e-06 -0.000111234 4.06538e-06 2.65576e-05 0.00015072 2.14118e-05 2.46655e-05
internal_weight=568869 4319 2711 1696 1120 1608 1026 1015 564550 446738 4405 3542 1599 1147 863 442333 117812 13551 12405 11950 11521 104261 1146 268658 831 267827 25462 1002 24460 23975
internal_count=568869 4319 2711 1696 1120 1608 1026 1015 564550 446738 4405 3542 1599 1147 863 442333 117812 13551 12405 11950 11521 104261 1146 268658 831 267827 25462 1002 24460 23975
is_linear=0
shrinkage=0.03


Tree=130
num_leaves=31
num_cat=0
split_feature=4 26 22 22 2 35 22 11 28 32 11 28 35 2 6 35 22 24 3 8 2 19 0 29 8 6 11 11 4 18
split_gain=0.0147781 0.0187915 0.0290023 0.0252892 0.030925 0.030266 0.0163342 0.0159539 0.0138206 0.0333175 0.0143308 0.0104542 0.00962842 0.0361356 0.0445783 0.0468231 0.0243206 0.0308753 0.0250012 0.0228862 0.0319322 0.0210284 0.0307988 0.026786 0.0266979 0.0213979 0.0291814 0.0360838 0.0260483 0.020769
threshold=0.49664428830146795 0.31153479218482977 0.23817513883113864 -0.023463716730475422 0.48606254160404211 -0.23151255398988721 -0.49664428830146784 0.46357001364231115 -0.14426303654909131 0.19131659716367724 0.30546234548091894 -0.20462171733379361 0.46399636566638952 -0.47306366264820093 0.44881153106689459 0.49307949841022497 0.15828058868646624 -0.036877427250146859 0.37159061431884771 0.45801258087158209 0.30546234548091894 0.41950166225433355 0.48662193119525915 0.11092468351125719 0.27169632911682134 0.42280606925487524 0.39966443181037908 0.4463686496019364 0.41856157779693609 0.15759594738483432
decision_type=2 2 8 8 2 2 8 2 2 2 2 2 2 2 8 2 10 2 2 2 2 10 2 2 2 10 2 2 2 2
left_child=6 3 7 5 11 -2 8 -3 9 10 -1 -5 -8 -14 21 16 17 -16 -18 20 -19 24 23 -23 -15 26 29 -28 -29 -26
right_child=1 2 -4 4 -6 -7 12 -9 -10 -11 -12 -13 13 14 15 -17 18 19 -20 -21 -22 22 -24 -25 25 -27 27 28 -30 -31
leaf_value=0.00012038256252780526 0.00017848439326524079 -4.0637002903615029e-05 -0.00020978112087312702 4.746653584328531e-06 0.00039580413928053706 -0.00012430999341200757 3.7848308067435579e-07 0.00019059753902915853 1.696460677956348e-05 0.00032296120076250192 -0.00010684830359901006 0.00018521896808022708 -0.0002571480716645627 -6.0618781393712248e-05 -0.00011147955781559364 0.00020770989044142937 4.5865905164581427e-05 0.00026303743368530813 -0.00022627583267756658 0.00032518391521709866 -5.0762653682417744e-05 -0.00016519736816989776 -0.00036496959398670984 0.00011328754213529191 4.2554570285299161e-05 -0.00016347303347285239 0.00030683708410107719 0.00019169186137611439 -0.00010358473507685139 -0.00012719469505050756
leaf_weight=614 491 600 515 559 428 720 540059 472 2598 521 407 589 555 8108 649 1439 550 455 661 403 777 870 400 472 2013 475 704 483 582 945
leaf_count=614 491 600 515 559 428 720 540059 472 2598 521 407 589 555 8108 649 1439 550 455 661 403 777 870 400 472 2013 475 704 483 582 945
internal_value=4.76443e-07 5.5344e-05 -2.69603e-05 0.000102139 0.000180964 -1.08568e-06 5.0513e-08 6.19958e-05 5.93492e-05 0.00013019 2.9644e-05 9.81408e-05 -3.88455e-07 -2.0543e-05 -1.38473e-05 6.43252e-05 4.86504e-06 6.24229e-05 -0.000103314 0.00013171 6.63142e-05 -3.94977e-05 -0.000137218 -6.71369e-05 -2.66146e-05 2.63999e-05 4.57844e-05 0.000141801 3.08669e-05 -1.19215e-05
internal_weight=569114 4374 1587 2787 1576 1211 564740 1072 4140 1542 1021 1148 560600 20541 19986 4934 3495 2284 1211 1635 1232 15052 1742 1342 13310 5202 4727 1769 1065 2958
internal_count=569114 4374 1587 2787 1576 1211 564740 1072 4140 1542 1021 1148 560600 20541 19986 4934 3495 2284 1211 1635 1232 15052 1742 1342 13310 5202 4727 1769 1065 2958
is_linear=0
shrinkage=0.03


Tree=131
num_leaves=31
num_cat=0
split_feature=6 37 37 30 39 7 15 15 11 35 11 21 16 31 31 39 35 0 30 24 5 18 12 0 30 28 17 2 3 31
split_gain=0.011314 0.0274205 0.0437211 0.0240976 0.0266669 0.0255906 0.02328 0.0291916 0.0242761 0.0240732 0.0206473 0.0365698 0.0316879 0.0219788 0.0165921 0.0155232 0.0151376 0.0198253 0.0263394 0.0246935 0.0207515 0.0158424 0.0181492 0.0260386 0.0226217 0.0163048 0.0157596 0.0153923 0.0142613 0.0129456
threshold=0.44881153106689459 0.49664428830146795 0.45694290101528173 0.27854746580123907 0.30546234548091894 0.466554805636406 0.47318433225154882 0.35198226571083074 0.3912304043769837 -0.46641474962234492 0.34489440917968756 0.39198911190032965 0.34489440917968756 0.14436987787485125 0.25170098245143896 0.26490327715873724 0.49227787554264074 0.46441236138343817 0.36581273376941686 0.42508503794670111 0.47166465222835546 0.25850497186183935 0.42508503794670111 0.33277405798435217 0.23141238093376162 -0.14527567476034162 -0.29863440990447992 0.4385290145874024 0.44500453770160681 -0.063697375357151018
decision_type=10 2 2 2 2 2 2 2 2 2 2 10 2 2 2 2 2 2 2 2 10 2 2 2 2 2 2 2 2 2
left_child=-1 2 6 4 -4 -5 7 9 -8 14 15 12 -12 28 -2 -9 17 19 -19 21 -21 22 -11 24 25 -24 -18 -23 -13 -26
right_child=1 -3 3 5 -6 -7 8 10 -10 16 11 13 -14 -15 -16 -17 26 18 -20 20 -22 27 23 -25 29 -27 -28 -29 -30 -31
leaf_value=-8.3192897476378157e-07 -0.00015270102247244333 -0.00019504665533953155 0.00011292698186328186 -9.4420819751140186e-05 0.00041082039220628795 0.00021535089935723547 1.9308746317301154e-05 7.7918736480580116e-05 -0.00030852780579308027 9.3823482687993307e-06 0.00017249400772848179 3.9841174107194015e-05 -0.00017180941291153429 0.0004410486296546878 5.0995191524519879e-05 -0.00011005849361313577 3.0564048949180196e-06 1.2542872453006031e-05 -0.0002255399989098434 1.485875288149592e-05 0.00028243292780323544 2.9216590420370068e-05 -0.00025647557094479062 -0.00027362576944651155 -6.8441514553601974e-05 -2.0570160488695983e-05 0.00026301948351741379 0.00017423813430845149 0.00028669763566583413 0.00014484596462081446
leaf_weight=540515 1372 521 600 528 499 424 401 1173 400 8090 507 407 440 400 481 584 406 968 725 489 552 4339 494 501 410 557 425 768 435 652
leaf_count=540515 1372 521 600 528 499 424 401 1173 400 8090 507 407 440 400 481 584 406 968 725 489 552 4339 494 501 410 557 425 768 435 652
internal_value=1.40366e-07 1.85432e-05 2.25818e-05 0.000155583 0.00025067 4.43492e-05 1.20245e-05 1.71146e-05 -0.000146191 3.17047e-06 9.19344e-05 0.000153201 1.23983e-05 0.000259604 -9.98358e-05 1.51687e-05 1.30678e-05 7.41832e-06 -9.0138e-05 1.72667e-05 0.00015808 7.90153e-06 -1.2844e-05 -8.14052e-05 -3.47548e-05 -0.000132825 0.000137556 5.13231e-05 0.000169242 6.2633e-05
internal_weight=569063 28548 28027 2051 1099 952 25976 25175 801 21229 3946 2189 947 1242 1853 1757 19376 18545 1693 16852 1041 15811 10704 2614 2113 1051 831 5107 842 1062
internal_count=569063 28548 28027 2051 1099 952 25976 25175 801 21229 3946 2189 947 1242 1853 1757 19376 18545 1693 16852 1041 15811 10704 2614 2113 1051 831 5107 842 1062
is_linear=0
shrinkage=0.03


Tree=132
num_leaves=31
num_cat=0
split_feature=8 0 15 20 31 26 2 3 0 19 36 36 38 19 26 12 1 3 37 39 3 37 22 8 39 23 38 37 13 13
split_gain=0.0146606 0.0300402 0.0384418 0.0179469 0.0155471 0.0148563 0.0130105 0.0121638 0.0266268 0.0197987 0.0261106 0.0374826 0.0246159 0.0214191 0.017446 0.0140847 0.0273665 0.0113815 0.0240377 0.0193081 0.0112231 0.0246278 0.0205934 0.0177918 0.0246845 0.0233906 0.0162107 0.0224366 0.0161924 0.0110819
threshold=-0.48653183877468104 0.4463686496019364 0.043656742200255401 -0.33219130337238306 0.17729235440492633 -0.45298065245151514 -0.49664428830146784 0.49283143877983099 -0.49283143877983088 -0.030160912312567231 0.49095004796981817 0.45307256281375891 -0.41827458143234247 0.46441236138343817 1.0000000180025095e-35 0.35170717537403112 0.41950166225433355 -0.49664428830146784 0.25850497186183935 0.41844293475151068 0.47993287444114691 0.46399636566638952 -0.46641474962234492 0.49245272576808935 0.42469435930252081 0.4385290145874024 -0.29263775050640101 0.2382863983511925 0.20472994446754458 0.39177928864955908
decision_type=2 2 2 10 2 2 2 2 2 8 2 2 10 10 2 2 2 2 2 2 2 2 10 2 2 2 8 2 2 2
left_child=1 3 -3 4 5 -1 -2 20 -9 10 11 14 -13 15 -10 -11 -17 18 -5 -19 -8 22 -22 25 -25 26 -24 28 -28 -15
right_child=6 2 -4 17 -6 -7 7 8 9 13 -12 12 -14 29 -16 16 -18 19 -20 -21 21 -23 23 24 -26 -27 27 -29 -30 -31
leaf_value=-0.0002624023329663032 -0.00014283235197493332 -1.5803895903651092e-05 -0.00040874344578542321 6.1241972368436236e-05 1.0787522205302312e-05 -6.3603566837389059e-05 7.286457432353027e-07 0.00018659811092404892 -0.00018084902678348295 -2.4528035574098537e-05 -0.00015622178607479698 4.6332228685436157e-05 0.00037260747864121993 0.00012342140057465984 3.6227117579962921e-05 -9.0141101210601304e-05 -0.00033655496532975339 -2.3813749815098672e-06 -0.00021818580604961925 0.0001527439318301025 0.00026074456676468166 -0.00016739523262066509 0.00017058672315976796 9.0747598079268636e-06 0.00030229397493422778 -0.00011239175468889383 9.6105827930652207e-05 0.0001413700644987392 -0.00012534284522315909 -9.2942754451297123e-05
leaf_weight=630 559 477 414 519 783 736 545960 424 523 524 731 425 404 427 882 896 747 5510 576 821 416 454 800 524 501 978 417 777 975 406
leaf_count=630 559 477 414 519 783 736 545960 424 523 524 731 425 404 427 882 896 747 5510 576 821 416 454 800 524 501 978 417 777 975 406
internal_value=-1.10644e-07 -3.5272e-05 -0.000200892 -1.96668e-05 -9.57996e-05 -0.00015653 5.48587e-07 6.94732e-07 -4.04294e-05 -5.68521e-05 -1.82328e-06 4.91694e-05 0.000207883 -0.000111052 -4.52848e-05 -0.000160559 -0.000203533 2.46438e-06 -8.6389e-05 1.79443e-05 1.17161e-06 4.24964e-05 6.04595e-05 4.32122e-05 0.000153931 1.41433e-05 5.60618e-05 1.32321e-05 -5.87914e-05 1.8115e-05
internal_weight=569216 10466 891 9575 2149 1366 558750 558191 6389 5965 2965 2234 829 3000 1405 2167 1643 7426 1095 6331 551802 5842 5388 4972 1025 3947 2969 2169 1392 833
internal_count=569216 10466 891 9575 2149 1366 558750 558191 6389 5965 2965 2234 829 3000 1405 2167 1643 7426 1095 6331 551802 5842 5388 4972 1025 3947 2969 2169 1392 833
is_linear=0
shrinkage=0.03


Tree=133
num_leaves=31
num_cat=0
split_feature=22 24 5 22 13 17 15 6 21 17 36 33 36 26 37 36 37 6 1 21 27 19 26 3 7 6 35 6 37 24
split_gain=0.0130745 0.0326705 0.0241719 0.0192834 0.0237555 0.0153761 0.0198937 0.0132055 0.0198186 0.0166205 0.0128656 0.0106014 0.00980177 0.00941612 0.0254362 0.0149336 0.0142998 0.0156827 0.0126871 0.0121065 0.0100625 0.0348095 0.0318772 0.026862 0.0242584 0.0232507 0.0164845 0.028839 0.0318529 0.0186299
threshold=-0.49664428830146784 0.49664428830146795 0.45017729699611669 -0.49267388880252833 0.41950166225433355 -0.35931712388992304 -0.33219130337238306 -0.23271594941616056 -0.41272504627704615 -0.29180648922920221 -0.057004502043128007 -0.11185250431299208 0.20472994446754458 -0.49277968704700464 0.41950166225433355 0.21815130859613421 -0.26518444716930384 0.42280606925487524 -0.45970448851585383 0.46457038819789892 0.35198226571083074 0.47318433225154882 0.41289757192134863 0.46441236138343817 -0.48653183877468104 0.44881153106689459 0.49118925631046301 -0.19819453358650205 0.29932886362075811 0.49664428830146795
decision_type=10 2 10 10 2 2 2 10 8 2 2 2 2 2 2 2 2 8 2 10 2 10 2 2 2 8 2 8 2 2
left_child=1 2 7 4 5 -2 -7 9 -9 12 -11 -12 -1 14 16 -16 17 -5 -18 -17 26 24 25 -24 -22 -23 29 -28 -29 -15
right_child=3 -3 -4 13 -6 6 -8 8 -10 10 11 -13 -14 20 15 19 18 -19 -20 -21 21 22 23 -25 -26 -27 27 28 -30 -31
leaf_value=5.738624155382895e-05 -0.00017285226495365996 0.00025780810526179618 -0.0001871902128254349 8.4253703882865017e-06 -0.00029004909945124988 0.00018323379752018809 -6.6217816952257071e-05 0.00014606552810940686 -4.1081301492067154e-05 5.0088581248255147e-05 9.8554876612493131e-05 0.00027789116133212415 -0.00013125969842330462 5.0351368869185474e-07 -1.4424110577331787e-05 -0.00029878694500850395 0.00013407698310631398 -0.00020971342619217358 -7.8825197838991045e-07 -9.108482758855427e-05 0.00023501006988349161 5.4485379317309101e-05 8.8983633163205729e-05 -0.00022613489640827545 5.0313136211840753e-06 0.00020078393716765051 -0.0002739539470977351 4.2593866799691814e-05 -0.00023922628946378374 -0.00011588675251634579
leaf_weight=562 537 564 453 655 412 422 852 618 2684 1181 607 604 428 466787 572 561 800 531 2790 475 405 1998 488 468 77757 1924 518 1515 463 1231
leaf_count=562 537 564 453 655 412 422 852 618 2684 1181 607 604 428 466787 572 561 800 531 2790 475 405 1998 488 468 77757 1924 518 1515 463 1231
internal_value=1.2466e-06 4.00455e-05 2.25002e-05 7.14394e-07 -8.72699e-05 -3.97984e-05 1.71941e-05 3.69702e-05 -5.71977e-06 7.85443e-05 0.000121186 0.000189544 -2.46668e-05 1.06525e-06 -3.51322e-05 -0.000137935 -3.04396e-07 -9.01773e-05 2.95542e-05 -0.000205338 1.48333e-06 1.11107e-05 8.87774e-05 -6.60234e-05 6.25287e-06 0.000126583 -2.15978e-07 -7.69537e-05 -2.42447e-05 1.9491e-07
internal_weight=569862 7701 7137 562161 2223 1811 1274 6684 3302 3382 2392 1211 990 559938 6384 1608 4776 1186 3590 1036 553554 83040 4878 956 78162 3922 470514 2496 1978 468018
internal_count=569862 7701 7137 562161 2223 1811 1274 6684 3302 3382 2392 1211 990 559938 6384 1608 4776 1186 3590 1036 553554 83040 4878 956 78162 3922 470514 2496 1978 468018
is_linear=0
shrinkage=0.03


Tree=134
num_leaves=31
num_cat=0
split_feature=18 26 15 39 15 2 2 1 15 13 39 22 15 6 35 21 39 1 31 26 29 19 21 27 18 39 26 37 26 0
split_gain=0.0107167 0.0137569 0.0251384 0.0113452 0.0235038 0.0237616 0.0177176 0.0294699 0.0213525 0.0190625 0.0170552 0.0141412 0.0177484 0.014702 0.0160387 0.023905 0.0288093 0.0181686 0.016505 0.0292237 0.0159984 0.0160234 0.0158342 0.0155993 0.0203827 0.0124354 0.0111356 0.0198218 0.01798 0.0173252
threshold=0.33208893239498144 -0.48653183877468104 0.45307256281375891 0.49293276667594915 0.46441236138343817 0.48418948054313665 0.49293276667594915 0.49303127825260168 -0.46641474962234492 0.47993287444114691 0.42469435930252081 0.49141615629196173 0.33858561515808111 0.45279304683208471 0.457686796784401 0.28547459840774542 0.45142260193824774 0.47993287444114691 0.036974893882870681 0.19804988801479342 -0.1450444087386131 0.39966443181037908 -0.17109678685665128 0.43310962617397314 0.45307256281375891 0.29180648922920233 0.34501582384109503 -0.49664428830146784 0.4581876546144486 0.47318433225154882
decision_type=2 2 2 2 2 2 2 2 2 2 2 8 2 10 2 10 2 2 2 2 2 10 10 2 2 2 2 2 2 2
left_child=26 2 -2 6 5 -5 7 11 -8 10 -10 13 -13 14 17 16 18 -3 19 -16 23 22 -22 -15 -25 -20 29 28 -28 -1
right_child=1 3 -4 4 -6 -7 8 -9 9 -11 -12 12 -14 20 15 -17 -18 -19 25 -21 21 -23 -24 24 -26 -27 27 -29 -30 -31
leaf_value=2.0952618444455222e-07 -2.3016335742043919e-05 -9.963632806160536e-06 -0.00022145252308156625 0.0001336112156480424 0.00026073910678831215 -0.0001758283242505691 5.6770120831314159e-05 0.00018296042291823675 -0.00011184157497687295 -2.0037181366718303e-05 -0.00037779273239770797 8.7635037238740077e-06 0.0001535208610238933 2.062339513421813e-05 0.00015540355479775199 -0.00023115865059788887 0.00017149809464127354 -0.00016863691119115243 -5.0325424739568112e-05 -0.00015745416613673812 -2.7260081393347435e-05 -0.00018109067078472357 0.00014685121752636076 0.0002839744910557367 4.1072230301095972e-05 -0.00026841151897902325 0.00024285870905926758 1.0130210581260872e-05 -8.748850406995196e-06 -4.804669057655834e-05
leaf_weight=389796 2357 77577 751 475 424 404 579 721 453 558 429 2830 1034 1395 521 716 479 645 421 534 1835 421 621 636 607 540 620 74130 429 6803
leaf_count=389796 2357 77577 751 475 424 404 579 721 453 558 429 2830 1034 1395 521 716 479 645 421 534 1835 421 621 636 607 540 620 74130 429 6803
internal_value=-4.87567e-07 -9.51628e-06 -7.15218e-05 -7.47729e-06 8.00985e-05 -8.9893e-06 -8.70548e-06 -6.76103e-06 -9.63909e-05 -0.000157941 -0.000243984 -8.2873e-06 4.77966e-05 -1.07849e-05 -1.39965e-05 -7.9606e-05 -3.53652e-05 -1.12934e-05 -8.51196e-05 -2.94439e-06 3.65761e-05 -1.23595e-05 1.7181e-05 8.97904e-05 0.000166631 -0.000174373 1.38737e-06 1.19727e-05 0.00014085 -6.1942e-07
internal_weight=569741 97963 3108 94855 1303 879 93552 91533 2019 1440 882 90812 3864 86948 81433 3211 2495 78222 2016 1055 5515 2877 2456 2638 1243 961 471778 75179 1049 396599
internal_count=569741 97963 3108 94855 1303 879 93552 91533 2019 1440 882 90812 3864 86948 81433 3211 2495 78222 2016 1055 5515 2877 2456 2638 1243 961 471778 75179 1049 396599
is_linear=0
shrinkage=0.03


Tree=135
num_leaves=31
num_cat=0
split_feature=6 27 35 18 3 18 35 16 39 27 25 30 29 36 25 35 36 13 2 27 0 12 28 22 31 18 2 22 36 29
split_gain=0.0142288 0.0226399 0.0275542 0.0156055 0.0226176 0.0154719 0.0151712 0.0168001 0.0185242 0.0217855 0.020934 0.0300972 0.0245201 0.021846 0.0258246 0.0207114 0.0213642 0.0198684 0.0243782 0.0190248 0.0159294 0.0272242 0.0287391 0.034153 0.0316428 0.0262785 0.0454677 0.0256066 0.0234875 0.0156277
threshold=0.44881153106689459 0.49664428830146795 0.47993287444114691 0.48662193119525915 0.43156538903713232 0.47132579982280737 0.2450322434306145 0.22491610795259478 0.49664428830146795 0.466554805636406 0.39138861000537878 0.38593547046184545 -0.1843871399760246 0.45801258087158209 0.31848688423633581 0.43172106146812445 0.45202739536762243 0.41950166225433355 0.14436987787485125 0.39273729920387274 0.48596473038196569 0.45793896913528448 0.19131659716367724 -0.49664428830146784 0.1113109514117241 0.21079358458518985 0.45986577868461614 -0.37915775179862971 0.41289757192134863 -0.032538114115595811
decision_type=10 2 2 2 2 2 2 2 2 2 2 2 2 2 2 2 2 2 2 2 2 2 2 8 2 2 2 8 2 2
left_child=6 3 5 -2 -5 -3 -1 20 9 10 13 17 -13 -9 -15 -11 -17 18 29 -20 -8 22 23 -22 -24 26 28 -28 -25 -12
right_child=1 2 -4 4 -6 -7 7 8 -10 15 11 12 -14 14 -16 16 -18 -19 19 -21 21 -23 24 25 -26 -27 27 -29 -30 -31
leaf_value=1.4102622250402802e-06 1.6452939171401796e-05 1.3611361772714429e-05 0.00033210369534208441 5.0485042792655909e-05 -0.00025047649358983455 0.00020297141159344705 -6.6348799825187558e-07 -2.836874523332324e-05 0.00016683985038873123 -1.127766634404184e-05 -0.00019896418733283714 0.00035226912921714799 6.6727364534513483e-05 -4.6172214363635245e-05 -0.00035050197688892411 -9.3956959379803647e-05 -0.0003935835612348633 -0.00015423556351747253 0.0002519381466983169 2.1654773648774499e-05 0.00010250433965276378 0.00015726766659055996 -9.2915633801756914e-05 -0.00016663205452688699 0.00024228036139609924 -8.5966296027731814e-06 0.00011258421170563418 -0.00021099687424116291 -0.00045062657121076698 1.1150449941210412e-05
leaf_weight=406005 25133 1523 400 415 473 512 91184 31510 430 647 476 400 815 637 408 466 400 681 545 777 494 469 556 439 450 701 414 449 711 922
leaf_count=406005 25133 1523 400 415 473 512 91184 31510 430 647 476 400 815 637 408 466 400 681 545 777 494 469 556 439 450 701 414 449 711 922
internal_value=-3.98751e-07 2.02744e-05 0.000107558 1.20684e-05 -0.000110829 6.20133e-05 -1.48652e-06 -1.01991e-05 -2.6766e-05 -2.89606e-05 -2.43968e-05 3.53366e-05 0.000162841 -3.28747e-05 -0.000167188 -0.000140185 -0.000235266 -1.0558e-05 2.58475e-05 0.000117769 -3.43771e-06 -5.73389e-05 -8.15395e-05 -0.000125321 5.79318e-05 -0.000167013 -0.000221864 -5.62564e-05 -0.000344586 -6.12957e-05
internal_weight=569442 28456 2435 26021 888 2035 540986 134981 39114 38684 37171 4616 1215 32555 1045 1513 866 3401 2720 1322 95867 4683 4214 3208 1006 2714 2013 863 1150 1398
internal_count=569442 28456 2435 26021 888 2035 540986 134981 39114 38684 37171 4616 1215 32555 1045 1513 866 3401 2720 1322 95867 4683 4214 3208 1006 2714 2013 863 1150 1398
is_linear=0
shrinkage=0.03


Tree=136
num_leaves=31
num_cat=0
split_feature=0 22 5 27 36 6 37 17 0 28 28 38 5 4 37 28 1 15 38 14 13 32 5 28 37 11 29 5 13 0
split_gain=0.0145247 0.0370395 0.0322131 0.0727856 0.0246872 0.0246137 0.0390557 0.0274975 0.020647 0.0211624 0.0156296 0.0255931 0.022205 0.0116848 0.0242088 0.0324029 0.0379255 0.0140124 0.0234145 0.0178981 0.020282 0.0200063 0.0266328 0.0165247 0.015669 0.0197043 0.0240711 0.0130761 0.0187209 0.0130572
threshold=0.49664428830146795 -0.17109678685665128 0.47570809721946722 0.46465381979942327 0.48406349122524267 0.42280606925487524 0.31848688423633581 0.0039064884185791024 0.49215674400329595 0.043656742200255401 -0.11200463399291037 -0.23868755251169202 0.4385290145874024 0.48393547534942633 -0.46641474962234492 0.090756561607122435 0.43962624669075018 -0.17109678685665128 -0.14426303654909131 0.49215674400329595 -0.14426303654909131 -0.10535266622900961 0.47166465222835546 -0.26490327715873713 0.023649728856980804 0.29828247427940374 -0.032538114115595811 0.49664428830146795 0.2450322434306145 -0.43286086618900294
decision_type=2 10 8 2 2 8 2 2 2 2 2 8 8 2 2 2 2 2 10 2 2 2 10 2 2 2 2 8 2 2
left_child=8 2 3 4 -2 7 -7 -3 13 10 11 -10 -13 29 15 16 -15 18 -16 20 24 22 -22 -20 -19 -26 -27 28 -23 -1
right_child=1 5 -4 -5 -6 6 -8 -9 9 -11 -12 12 -14 14 17 -17 -18 19 23 -21 21 27 -24 -25 25 26 -28 -29 -30 -31
leaf_value=-1.7060400603162052e-05 0.00020639937569838753 1.1545619586169922e-05 -7.696266018491074e-05 0.00048830930009717121 -5.2123668160180432e-05 -0.00012811528161480248 0.00026295315365737444 -0.00029825768360467462 7.38443638779124e-05 4.2949336227201962e-05 -0.00029199974485866594 -5.9287247742662366e-05 -0.00034594417760481496 7.9295292978559997e-05 4.5441485607888381e-05 -7.3913829160719951e-05 0.00045557443963663795 -3.3818931203938409e-05 -0.00026143694472027844 0.00021545905350168207 4.3413202361482977e-05 -0.00016589694237152702 -0.00025341410733915822 -5.1394594592937518e-05 -4.7512248817573756e-06 0.00032009593614675869 5.0329331971318408e-05 0.00017190246986269352 6.84353943632603e-05 1.026816721162868e-06
leaf_weight=38618 631 518 500 525 684 442 459 502 555 867 432 592 409 571 1495 414 414 699 497 474 464 465 639 1026 622 677 533 444 857 512596
leaf_count=38618 631 518 500 525 684 442 459 502 555 867 432 592 409 571 1495 414 414 699 497 474 464 465 639 1026 622 677 533 444 857 512596
internal_value=3.58176e-07 5.54736e-05 0.000135371 0.000193175 7.25496e-05 -4.20481e-05 7.18078e-05 -0.000142342 -5.89294e-08 -8.03898e-05 -0.000134126 -8.87097e-05 -0.000178676 3.50941e-07 3.20081e-05 0.000147548 0.000240436 1.36847e-05 -3.87728e-05 4.06568e-05 2.49432e-05 -2.96324e-05 -0.000129279 -0.000121196 8.66802e-05 0.000132591 0.000202651 3.29821e-05 -1.46153e-05 -2.40659e-07
internal_weight=568621 4261 2340 1840 1315 1921 901 1020 564360 2855 1988 1556 1001 561505 10291 1399 985 8892 3018 5874 5400 2869 1103 1523 2531 1832 1210 1766 1322 551214
internal_count=568621 4261 2340 1840 1315 1921 901 1020 564360 2855 1988 1556 1001 561505 10291 1399 985 8892 3018 5874 5400 2869 1103 1523 2531 1832 1210 1766 1322 551214
is_linear=0
shrinkage=0.03


Tree=137
num_leaves=31
num_cat=0
split_feature=22 22 13 24 11 12 17 19 38 6 20 35 36 28 24 16 18 20 11 24 8 31 26 31 18 17 17 22 16 39
split_gain=0.0152675 0.0254425 0.0293595 0.0231842 0.0166579 0.0153776 0.0147032 0.01369 0.0125528 0.0109848 0.0108957 0.0248292 0.0297894 0.0145284 0.010929 0.0632629 0.0382601 0.0371603 0.0111476 0.0296151 0.0180509 0.0169979 0.0218926 0.0166023 0.0136539 0.0204778 0.012932 0.0325014 0.0189645 0.0154946
threshold=-0.49664428830146784 -0.49267388880252833 0.41950166225433355 0.49664428830146795 0.43310962617397314 0.32554237544536596 -0.35931712388992304 -0.4718968123197555 0.15780642628669742 0.038734316825866706 -0.25836129486560816 -0.45298065245151514 0.43143969774246221 -0.4798318743705749 0.48662193119525915 -0.077879715710878358 0.34589572250843054 0.29197315871715551 0.49111093580722814 0.37925247848033911 0.466554805636406 0.38593547046184545 0.47108417749404913 -0.032316081225872033 -0.1383797079324722 -0.39273729920387263 0.37844152748584753 -0.018657755106687542 -0.3184868842363357 0.44525898993015295
decision_type=8 8 2 2 2 2 2 10 10 8 10 2 2 2 2 2 2 10 2 2 2 2 2 2 2 2 2 10 2 2
left_child=3 2 6 4 5 -1 -2 -8 -3 -9 11 12 -10 -13 18 -16 17 -17 20 24 -12 22 26 -21 -20 -26 28 -28 -22 -30
right_child=1 8 -4 -5 -6 -7 7 9 10 -11 14 13 -14 -15 15 16 -18 -19 19 23 21 -23 -24 -25 25 -27 27 -29 29 -31
leaf_value=2.5476218546196905e-05 -0.00018463986261881184 2.5090403885161323e-06 -0.00032983108151466486 0.00023820129825213556 -0.00014674389897845685 0.00021275819643664282 0.00014433631847051025 4.6510742320245922e-05 -2.4723949518452434e-05 -0.00016408974296054665 -4.4974263621001278e-06 -0.00018129312523059593 -0.00027925923541325569 -1.3233928477300166e-05 -0.00023211332463595168 8.3353423027781464e-05 -5.3962533818671961e-05 0.00047083504718149267 -0.00014185859659185304 0.00033430013958831887 -0.00015104224504539161 0.00010329999532014553 -0.00026308146811817158 6.4718775868523887e-05 -0.00012848809367367321 0.00013531482215184952 -0.0002624144256685799 9.8827015468419556e-06 -1.2441321350684594e-05 0.00019039492747949317
leaf_weight=2803 509 369549 406 538 420 450 415 424 928 452 164038 466 740 17028 458 435 444 458 518 417 690 506 505 408 400 740 767 800 1624 418
leaf_count=2803 509 369549 406 538 420 450 415 424 928 452 164038 466 740 17028 458 435 444 458 518 417 690 506 505 408 400 740 767 800 1624 418
internal_value=-7.0318e-07 -1.12817e-06 -0.000102581 5.61402e-05 2.88986e-05 5.19563e-05 -4.9784e-05 4.39595e-06 -7.28363e-07 -6.27808e-05 -6.93384e-06 -2.83961e-05 -0.000138639 -1.78117e-05 -4.56369e-06 6.88726e-05 0.000172935 0.000285098 -5.33479e-06 5.76427e-05 -6.26152e-06 -6.06475e-05 -7.80946e-05 0.000203352 -1.56447e-05 4.244e-05 -5.58043e-05 -0.000124218 -1.62544e-05 2.9805e-05
internal_weight=568754 564543 2206 4211 3673 3253 1800 1291 562337 876 192788 19162 1668 17494 173626 1795 1337 893 171831 2483 169348 5310 4804 825 1658 1140 4299 1567 2732 2042
internal_count=568754 564543 2206 4211 3673 3253 1800 1291 562337 876 192788 19162 1668 17494 173626 1795 1337 893 171831 2483 169348 5310 4804 825 1658 1140 4299 1567 2732 2042
is_linear=0
shrinkage=0.03


Tree=138
num_leaves=31
num_cat=0
split_feature=20 0 6 14 11 0 11 29 7 26 38 28 24 36 22 39 30 31 2 30 22 36 35 6 35 4 7 6 35 37
split_gain=0.013112 0.0240439 0.0411867 0.0406554 0.0281459 0.0219573 0.0245017 0.0292289 0.0322312 0.021596 0.0149362 0.0141543 0.0116378 0.0289651 0.012052 0.0158877 0.0237788 0.0223865 0.0212779 0.0174902 0.0356423 0.0179483 0.0150977 0.0161492 0.0123507 0.0118971 0.022098 0.0104308 0.0237403 0.0258409
threshold=-0.45298065245151514 0.49664428830146795 0.071921184659004225 -0.29863440990447992 0.42490601539611822 0.49103121459484106 0.3250874131917954 -0.21803475916385648 0.083917114883661284 0.25731724500656133 -0.49664428830146784 -0.48653183877468104 0.18401702493429187 0.44500453770160681 0.23162547498941424 0.47696729004383093 0.27815064787864691 -0.016722595319151875 0.49221777915954595 0.36497211456298834 -0.31167945265769953 0.35910767316818243 -0.25083892047405237 0.16079192608594897 -0.47306366264820093 0.35152383148670202 0.41188235580921179 0.40842382609844213 0.49227787554264074 0.48662193119525915
decision_type=8 2 8 2 2 2 2 2 2 2 8 2 2 2 10 2 2 2 2 2 8 2 2 10 2 2 2 10 2 2
left_child=5 10 -3 -4 -5 11 -7 -8 -9 -6 -2 -1 13 -13 15 18 -17 -18 19 24 21 -21 23 -16 -14 -26 -27 -12 29 -29
right_child=1 2 3 4 9 6 7 8 -10 -11 27 12 14 -15 22 16 17 -19 -20 20 -22 -23 -24 -25 25 26 -28 28 -30 -31
leaf_value=-0.0001623931359975276 0.00011177843547577175 -0.00013390792084707248 0.00036746688347052004 -6.2623162405148317e-05 2.0927072926876704e-05 7.5357913109699929e-05 -6.4787865319032193e-06 -0.00042834616340025114 -0.00010250135285796114 0.00031475980940969716 -6.8861335779181447e-07 4.021052983365353e-06 0.00013885172298696807 0.00025864617766134101 -5.3967829751256223e-05 -8.3041681662143676e-05 -4.2133647755751125e-06 0.00026930257981420817 0.0001654630500670464 -4.6336907864447991e-05 8.2906642035010851e-06 -0.00022886730280729313 -1.6942999014356278e-05 -0.00030258283079804448 1.3487237253861694e-06 -0.00027909427082879398 1.4745771097559625e-05 1.5250945117778742e-05 0.00016578707403525306 -0.00012722592413061919
leaf_weight=540 1079 583 556 754 407 505 691 508 596 498 491770 12030 477 406 464 590 471 618 470 731 1912 1466 1053 478 4492 406 514 41824 905 1168
leaf_count=540 1079 583 556 754 407 505 691 508 596 498 491770 12030 477 406 464 590 471 618 470 731 1912 1466 1053 478 4492 406 514 41824 905 1168
internal_value=1.82402e-07 1.24598e-06 8.88032e-05 0.00014776 7.2367e-05 -1.9318e-05 -0.000108109 -0.000159856 -0.000254936 0.000184289 7.87903e-07 -1.17501e-05 -8.62951e-06 1.2535e-05 -2.72366e-05 -1.59744e-05 6.94318e-05 0.000152043 -2.97261e-05 -3.9058e-05 -8.64795e-05 -0.00016862 -9.53873e-05 -0.000181976 -5.87959e-06 -1.88684e-05 -0.000116534 5.62251e-07 1.45724e-05 1.13515e-05
internal_weight=568962 539544 2798 2215 1659 29418 2300 1795 1104 905 536746 27118 26578 12436 14142 12147 1679 1089 10468 9998 4109 2197 1995 942 5889 5412 920 535667 43897 42992
internal_count=568962 539544 2798 2215 1659 29418 2300 1795 1104 905 536746 27118 26578 12436 14142 12147 1679 1089 10468 9998 4109 2197 1995 942 5889 5412 920 535667 43897 42992
is_linear=0
shrinkage=0.03


Tree=139
num_leaves=31
num_cat=0
split_feature=39 38 31 30 20 20 25 6 31 31 22 31 28 4 25 5 7 35 13 39 39 11 31 38 17 5 6 17 13 38
split_gain=0.0186067 0.0254235 0.0272066 0.0416108 0.0244961 0.0371454 0.030706 0.0298343 0.0225229 0.025515 0.0265541 0.0217185 0.0240044 0.0472081 0.0309073 0.0199504 0.0291833 0.0235363 0.0474775 0.0296254 0.0220519 0.0210058 0.0196415 0.019083 0.0216995 0.019671 0.0195637 0.0272728 0.0248671 0.0183688
threshold=0.4385290145874024 0.39273729920387274 -0.31936077773571009 0.21760215610265735 0.40558609366416937 0.097359016537666335 0.4463686496019364 -0.21728150546550748 -0.11887632682919501 0.2382863983511925 0.37159061431884771 -0.35231085121631617 -0.15097505599260327 0.45307256281375891 0.23778449743986133 0.47570809721946722 0.48662193119525915 0.49664428830146795 0.47083835303783422 0.48662193119525915 0.48418948054313665 0.47683362662792211 -0.47306366264820093 0.25170098245143896 0.26512607932090765 0.31070843338966375 -0.31589473783969874 -0.23162547498941419 0.38500662147998815 0.043656742200255401
decision_type=2 10 2 2 10 10 2 10 2 2 10 2 2 2 2 10 2 2 2 2 2 2 2 10 2 10 10 2 2 8
left_child=-1 11 3 -3 5 7 -7 -4 -6 10 -10 12 13 22 -14 17 21 23 19 -19 -18 -17 -2 -13 26 -26 -25 -28 -29 -16
right_child=1 2 4 -5 8 6 -8 -9 9 -11 -12 15 14 -15 29 16 20 18 -20 -21 -22 -23 -24 24 25 -27 27 28 -30 -31
leaf_value=-6.3286440919162942e-07 0.00014646026264741868 -0.0001117831335699804 8.843301212803226e-05 0.00022882969892177685 -0.00027541456584207955 8.2125086299867582e-06 0.00030311185498182406 -0.00019200357592866665 -0.00011970533977580976 -0.00022088595503732216 0.00015105687108736063 3.0685438672842106e-05 0.00010857210189192814 0.00029676663798440441 -0.00021997836437531994 -4.8832551077656167e-05 0.00017487800572830141 -5.0360609401312248e-05 0.00040966155177434759 0.00023024488677990228 -7.6105118754235765e-05 -0.00029652423077890634 -8.2237679154478308e-05 -0.00010784912304080005 0.00012101966365710306 0.00035475595986141117 0.00025422533356233526 -0.00014172691655145578 0.00016604045227237331 -2.0822101684036914e-05
leaf_weight=531720 432 535 499 786 667 899 482 1039 701 685 592 17637 522 501 1201 1019 751 821 477 563 530 435 1429 567 1170 449 594 519 417 639
leaf_count=531720 432 535 499 786 667 899 482 1039 701 685 592 17637 522 501 1201 1019 751 821 477 563 530 435 1429 567 1170 449 594 519 417 639
internal_value=8.08767e-07 2.12131e-05 -3.08517e-05 9.10794e-05 -5.99119e-05 6.7209e-08 0.000112578 -0.000101033 -0.000125855 -7.42907e-05 4.47102e-06 3.29061e-05 -2.62154e-05 4.13335e-05 -9.36539e-05 4.3675e-05 -3.28658e-05 5.27031e-05 0.000154776 6.46203e-05 7.12513e-05 -0.000124455 -2.86502e-05 4.37388e-05 0.000105444 0.000187622 4.14091e-05 9.70635e-05 -4.30683e-06 -0.000151301
internal_weight=569278 37558 6885 1321 5564 2919 1381 1538 2645 1978 1293 30673 4724 2362 2362 25949 2735 23214 1861 1384 1281 1454 1861 21353 3716 1619 2097 1530 936 1840
internal_count=569278 37558 6885 1321 5564 2919 1381 1538 2645 1978 1293 30673 4724 2362 2362 25949 2735 23214 1861 1384 1281 1454 1861 21353 3716 1619 2097 1530 936 1840
is_linear=0
shrinkage=0.03


Tree=140
num_leaves=31
num_cat=0
split_feature=38 20 36 37 25 20 35 36 20 38 25 28 11 35 19 2 3 7 17 37 25 16 35 6 3 38 8 12 8 17
split_gain=0.010518 0.0156849 0.0331221 0.0152452 0.0125071 0.00981799 0.0251725 0.0189682 0.0102588 0.0114016 0.0110313 0.0184409 0.0127461 0.0100158 0.00985521 0.0109945 0.00899155 0.00888526 0.008571 0.0275061 0.0116015 0.00890016 0.00842834 0.038425 0.00881003 0.0111744 0.0144392 0.00809763 0.00806334 0.030718
threshold=-0.10399362072348593 -0.45298065245151514 0.42459291219711309 -0.47212508320808405 0.45176568627357488 0.41289757192134863 0.40572874248027807 0.39273729920387274 0.33277405798435217 -0.165548101067543 0.36497211456298834 -0.12458053603768347 0.44485473632812506 0.40572874248027807 -0.10399362072348593 0.37251612544059759 -0.49277968704700464 0.063794087618589415 0.47718597948551184 -0.11071263998746871 0.25170098245143896 0.12389241904020311 0.47318433225154882 0.26339980959892279 0.45307256281375891 -0.24493220448493955 0.42620199918746954 0.26490327715873724 0.49664428830146795 -0.37915775179862971
decision_type=10 10 2 2 2 10 2 2 8 10 2 2 2 2 10 2 2 2 2 2 2 2 2 8 2 10 2 2 2 2
left_child=5 2 27 -4 -5 8 14 -8 16 10 13 12 -12 -10 -7 17 -1 -16 21 -20 -21 28 24 -24 -23 26 -26 -2 -18 -30
right_child=1 -3 3 4 -6 6 7 -9 9 -11 11 -13 -14 -15 15 -17 18 -19 19 20 -22 22 23 -25 25 -27 -28 -29 29 -31
leaf_value=-6.0687371765682695e-05 2.8232327968937043e-05 -2.4531569866089855e-06 -4.9060342232657789e-05 -0.00013913599834193853 -0.00035274464099754145 0.00012672232995149292 -4.7226746339153753e-05 -0.00032843331658842208 4.5603387662997227e-05 -3.7977764330823221e-05 0.00029850477115652601 -3.8836728634903138e-05 7.3743660740505998e-05 -8.1382315576691909e-05 -3.5006861447195041e-05 -0.00012361450965911699 7.4389353767998554e-06 5.8544186039180399e-05 0.00026204611866486672 6.6972652304644377e-05 -0.00012906751198797707 -2.2568477937056883e-06 -0.00023130437137221013 8.7739609264274429e-05 -0.00014540964111021333 -0.00019808121449050824 9.8955731008071123e-05 -7.6525512257373269e-05 -3.3380064118277679e-05 0.00023963665462314009
leaf_weight=1866 2391 335548 648 578 452 440 457 406 6434 1577 522 410 411 603 2410 763 160405 1458 479 711 426 44676 707 638 400 461 454 908 918 610
leaf_count=1866 2391 335548 648 578 452 440 457 406 6434 1577 522 410 411 603 2410 763 160405 1458 479 711 426 44676 707 638 400 461 454 908 918 610
internal_value=1.03557e-07 -3.23815e-06 -5.6051e-05 -0.000164136 -0.000235365 5.08041e-06 -3.2972e-05 -0.000181768 6.09574e-06 3.58432e-05 4.9764e-05 0.000128263 0.000201326 3.46219e-05 -7.34161e-06 -2.03249e-05 4.7019e-06 3.16209e-07 5.28334e-06 7.38957e-05 -6.96264e-06 4.75001e-06 -6.69197e-06 -8.04354e-05 -4.51834e-06 -8.07538e-05 -1.58594e-05 -7.44817e-07 8.09492e-06 7.64617e-05
internal_weight=569167 340525 4977 1678 1030 228642 5934 863 222708 9957 8380 1343 933 7037 5071 4631 212751 3868 210885 1616 1137 209269 47336 1345 45991 1315 854 3299 161933 1528
internal_count=569167 340525 4977 1678 1030 228642 5934 863 222708 9957 8380 1343 933 7037 5071 4631 212751 3868 210885 1616 1137 209269 47336 1345 45991 1315 854 3299 161933 1528
is_linear=0
shrinkage=0.03


Tree=141
num_leaves=31
num_cat=0
split_feature=39 19 20 19 18 37 14 28 17 4 25 21 23 23 23 23 24 14 31 18 17 8 7 28 36 28 7 25 26 26
split_gain=0.0151312 0.0400174 0.0327246 0.0409196 0.0370041 0.0302763 0.029763 0.0271111 0.0271195 0.0250232 0.0309331 0.0313863 0.0245631 0.03737 0.0265231 0.0218522 0.0211131 0.0195932 0.0187152 0.0180995 0.016603 0.0175659 0.025641 0.0179056 0.0161938 0.0169076 0.0160587 0.0215441 0.0276033 0.0198781
threshold=0.45782060921192175 0.49664428830146795 0.25850497186183935 0.39837129414081579 0.37844152748584753 -0.49277968704700464 -0.090577606111764894 -0.11742048338055609 0.3447438925504685 0.4641572386026383 0.39273729920387274 -0.45970448851585383 0.37925247848033911 0.24475421756505969 0.43962624669075018 0.083917114883661284 0.44500453770160681 0.49283143877983099 -0.35901738703250879 -0.299328863620758 -0.019842519424855706 0.010135597549378874 0.32465183734893804 -0.35901738703250879 0.48406349122524267 -0.1576878875494003 0.49664428830146795 0.43820796906948095 0.43962624669075018 0.43172106146812445
decision_type=2 8 10 10 2 2 2 2 2 2 2 10 2 2 2 2 2 2 2 2 2 2 2 2 2 2 2 2 2 2
left_child=24 2 3 5 6 9 -4 20 -9 10 -2 -12 13 -6 -14 16 -7 -3 19 -17 -8 23 -23 -22 -1 -26 27 29 -29 -20
right_child=1 17 4 -5 12 15 7 8 -10 -11 11 -13 14 -15 -16 18 -18 -19 26 -21 21 22 -24 -25 25 -27 -28 28 -30 -31
leaf_value=-5.1386453665744004e-07 0.00021992231471884614 -0.00028336199610263564 0.00022380831150306454 -0.00020529747955620644 0.00010796813346237947 2.0905454164215066e-05 0.00022794947415301673 7.8608885314870689e-06 -0.0002815630213255967 0.00025941693832142143 8.7686784261507448e-05 -0.00024321405934324398 -7.5696420497326265e-05 0.00043039912063586933 0.00023825646360106669 -0.00020528306680801678 0.00022088750416310361 -1.4076965033651472e-05 7.5573001907695401e-06 -1.2051465195173631e-05 4.7034428794438057e-05 0.00020291025756737939 -2.1380781453573131e-05 -0.00019800796839910127 -0.00017271072754271771 3.3515740170131276e-06 0.00016688633119191803 -2.27500198838014e-05 -0.00022139221026359362 0.00015835506457658185
leaf_weight=541072 602 543 666 766 664 1354 422 703 487 744 621 427 525 638 434 827 724 436 4806 914 565 859 968 496 996 958 492 3997 738 931
leaf_count=541072 602 543 666 766 664 1354 422 703 487 744 621 427 525 638 434 827 724 436 4806 914 565 859 968 496 996 958 492 3997 738 931
internal_value=2.5147e-07 2.24488e-05 2.97363e-05 7.80043e-06 8.26496e-05 1.74173e-05 3.81971e-05 1.02913e-05 -0.000111943 0.000116156 5.03845e-05 -4.81609e-05 0.000183601 0.000268041 6.7377e-05 1.35965e-06 9.13058e-05 -0.00016479 -1.3412e-05 -0.000104487 5.44414e-05 2.8389e-05 8.46046e-05 -6.82981e-05 -8.25996e-07 -8.6814e-05 1.13216e-06 -6.80716e-06 -5.41118e-05 3.22617e-05
internal_weight=569375 26349 25370 17943 7427 17177 5166 4500 1190 2394 1650 1048 2261 1302 959 14783 2078 979 12705 1741 3310 2888 1827 1061 543026 1954 10964 10472 4735 5737
internal_count=569375 26349 25370 17943 7427 17177 5166 4500 1190 2394 1650 1048 2261 1302 959 14783 2078 979 12705 1741 3310 2888 1827 1061 543026 1954 10964 10472 4735 5737
is_linear=0
shrinkage=0.03


Tree=142
num_leaves=31
num_cat=0
split_feature=16 4 39 3 26 21 2 26 4 21 7 4 8 31 35 39 31 30 15 14 30 3 29 31 39 35 38 12 0 29
split_gain=0.0112788 0.0166813 0.0279132 0.023536 0.0287633 0.0346677 0.0158162 0.0298825 0.0175182 0.0151971 0.0170549 0.028593 0.0162492 0.0161063 0.0172614 0.0155548 0.0373856 0.0287645 0.0279445 0.0139089 0.0147014 0.0153446 0.0138162 0.0159017 0.0246462 0.0219751 0.0182821 0.015898 0.0208356 0.0161167
threshold=0.34489440917968756 0.47993287444114691 0.466554805636406 0.45986577868461614 -0.057004502043128007 -0.46641474962234492 0.49664428830146795 0.4385290145874024 0.45986577868461614 0.45986577868461614 0.48662193119525915 0.47718597948551184 -0.45298065245151514 0.07720848917961122 0.036974893882870681 0.47318433225154882 0.31881627440452581 0.43310962617397314 0.4186519086360932 0.37891006469726568 0.41950166225433355 0.47683362662792211 -0.19795162230730054 0.27854746580123907 0.19757670909166339 0.3916164785623551 0.45307256281375891 0.41166466474533087 -0.043551212176680558 0.40514095127582556
decision_type=2 2 2 2 2 10 2 2 2 8 2 2 2 2 2 2 2 2 2 2 2 2 2 2 2 2 10 2 2 2
left_child=1 6 19 -4 -5 -6 -1 8 -8 15 11 12 13 14 -11 -2 17 18 -17 20 -3 -22 23 25 -25 -14 -27 -24 -29 -30
right_child=9 2 3 4 5 -7 7 -9 -10 10 -12 -13 22 -15 -16 16 -18 -19 -20 -21 21 -23 27 24 -26 26 -28 28 29 -31
leaf_value=1.691756022075741e-06 -1.3353044578470326e-05 2.318413740852944e-05 -6.9734662763846537e-05 0.00034477306549740024 -9.9918359754621548e-05 0.00022090779230126515 -8.4216288705558071e-05 9.2991370380446505e-05 -0.00032040334124153408 0.00012659363069715337 -0.00010843556713133488 0.00019510972375016262 3.033315674659431e-05 0.00021148319617535747 -8.3728632870094487e-05 2.2957243892501393e-05 -0.00033731976809871163 0.00016245773798942252 -0.00024049143041110171 0.00013729818597331449 2.2162846512172888e-05 -0.00017379917496585751 2.7938151050905803e-06 4.0228885415413779e-05 -0.00022047316874956876 0.00029985240665293374 4.0157260289957206e-05 -5.4470052570600822e-06 -0.00030246395641250447 -7.8587205778211079e-05
leaf_weight=468251 67912 4615 416 615 494 756 804 563 435 777 970 793 3686 666 625 766 441 491 675 701 647 794 7458 940 488 563 431 1424 504 685
leaf_count=468251 67912 4615 416 615 494 756 804 563 435 777 970 793 3686 666 625 766 441 491 675 701 647 794 7458 940 488 563 431 1424 504 685
internal_value=2.93066e-07 2.12615e-06 4.2474e-05 0.000132969 0.000178314 9.43306e-05 1.34947e-06 -8.71123e-05 -0.00016904 -9.43215e-06 1.36292e-05 1.99015e-05 1.21844e-05 9.1157e-05 3.29047e-05 -1.59987e-05 -9.13394e-05 -3.37438e-05 -0.000101256 1.17736e-05 -2.95861e-06 -8.62671e-05 2.04006e-06 3.76035e-05 -4.97762e-05 6.43147e-05 0.00018877 -1.95448e-05 -8.30711e-05 -0.000175216
internal_weight=569386 479091 9038 2281 1865 1250 470053 1802 1239 90295 20010 19040 18247 2068 1402 70285 2373 1932 1441 6757 6056 1441 16179 6108 1428 4680 994 10071 2613 1189
internal_count=569386 479091 9038 2281 1865 1250 470053 1802 1239 90295 20010 19040 18247 2068 1402 70285 2373 1932 1441 6757 6056 1441 16179 6108 1428 4680 994 10071 2613 1189
is_linear=0
shrinkage=0.03


Tree=143
num_leaves=31
num_cat=0
split_feature=29 15 37 3 31 12 6 31 26 12 36 8 15 21 5 24 36 11 29 27 36 24 23 36 24 26 12 31 26 3
split_gain=0.00896634 0.0173065 0.0139579 0.0155543 0.0158302 0.0127249 0.0127414 0.0138964 0.0169124 0.0125779 0.0232292 0.0125266 0.0145644 0.0134757 0.0132043 0.0219104 0.0271257 0.0214764 0.0210314 0.0178742 0.0139409 0.0130801 0.0126918 0.0168813 0.0126854 0.0180102 0.0238019 0.0352471 0.0181335 0.0177375
threshold=0.29197315871715551 0.38593547046184545 -0.49664428830146784 0.48662193119525915 -0.10535266622900961 0.37251612544059759 0.44881153106689459 0.36413758993148809 0.23113761842250827 0.49307949841022497 0.45986577868461614 -0.45970448851585383 -0.47306366264820093 -0.4798318743705749 -0.34981203079223627 0.33203053474426275 0.42459291219711309 0.31881627440452581 -0.10547338053584097 0.35198226571083074 0.42459291219711309 -0.1576878875494003 0.21815130859613421 0.40521778166294103 0.20462171733379367 -0.4798318743705749 0.47318433225154882 -0.25203305482864374 -0.01373004913330078 0.49664428830146795
decision_type=2 2 2 2 2 2 10 2 2 2 2 2 2 8 8 2 2 2 2 2 2 2 2 2 2 2 2 2 2 2
left_child=11 2 -2 -4 -5 -3 7 8 9 10 -7 12 13 21 17 16 -16 -14 20 -18 -17 -1 23 -19 -13 -26 29 -28 -29 -27
right_child=1 5 3 4 -6 6 -8 -9 -10 -11 -12 24 14 -15 15 18 19 22 -20 -21 -22 -23 -24 -25 25 26 27 28 -30 -31
leaf_value=-0.00017013876791609846 0.00016651351873995902 2.2840583711558724e-06 1.2491656784055521e-05 -0.00022055188938729982 -9.5497874541539e-06 -7.483340662437418e-05 5.8098403734333243e-05 4.5211538823334195e-05 -0.00025283020648605623 -0.00020926987564438604 0.00013311639930166532 2.5355910188430694e-06 -8.9413021812818972e-06 -0.00023981781516948061 -1.9291165381936554e-06 7.9213263090717291e-05 -2.5763979069157166e-05 -0.00017618492885083099 -5.858131621456537e-05 -0.00027831602440615052 0.00032855348203937444 4.9662652346769918e-05 -0.00028237191693598077 5.9862789653140528e-05 -0.00015019992191798835 -7.9758487773420837e-06 0.00026596513228584266 0.00010835660324664786 -0.00011103606435984375 -0.00010292760269713657
leaf_weight=433 513 9324 100196 506 845 4138 853 888 469 490 538 296631 2476 508 10762 414 465 788 405 547 400 534 453 408 793 130927 693 700 639 1785
leaf_count=433 513 9324 100196 506 845 4138 853 888 469 490 538 296631 2476 508 10762 414 465 788 405 547 400 534 453 408 793 130927 693 700 639 1785
internal_value=-4.41779e-08 7.28898e-06 1.19218e-05 1.11245e-05 -8.96178e-05 -2.1014e-05 -5.04282e-05 -6.46873e-05 -8.20552e-05 -6.60928e-05 -5.06746e-05 -1.97633e-06 -2.60806e-05 -0.000116216 -1.82507e-05 -3.38831e-06 -1.59573e-05 -6.4943e-05 0.000117154 -0.000163659 0.00020424 -4.94933e-05 -0.00014847 -9.58316e-05 -9.38721e-07 -8.54209e-06 -7.69732e-06 9.39492e-05 3.61066e-06 -9.26063e-06
internal_weight=569521 118760 102060 101547 1351 16700 7376 6523 5635 5166 4676 450761 18593 1475 17118 12993 11774 4125 1219 1012 814 967 1649 1196 432168 135537 134744 2032 1339 132712
internal_count=569521 118760 102060 101547 1351 16700 7376 6523 5635 5166 4676 450761 18593 1475 17118 12993 11774 4125 1219 1012 814 967 1649 1196 432168 135537 134744 2032 1339 132712
is_linear=0
shrinkage=0.03


Tree=144
num_leaves=31
num_cat=0
split_feature=8 35 31 0 0 2 25 29 35 1 29 4 14 35 36 26 26 37 36 5 29 4 1 35 25 37 4 26 16 36
split_gain=0.0140393 0.0378622 0.0151661 0.0217509 0.0159858 0.0131704 0.0126161 0.0114973 0.0178607 0.0172725 0.0108117 0.0172773 0.0223923 0.0341271 0.0263362 0.0225841 0.0414035 0.0404123 0.0348976 0.0274603 0.0247485 0.0245696 0.0215221 0.01605 0.0371786 0.0152436 0.0159332 0.0145948 0.0133835 0.0386476
threshold=-0.48653183877468104 0.48625412583351141 0.13763252645730975 -0.45298065245151514 -0.48653183877468104 -0.49664428830146784 0.49664428830146795 -0.41272504627704615 0.40614514052867895 -0.43286086618900294 -0.19795162230730054 0.34589572250843054 0.32554237544536596 0.45986577868461614 0.39156977832317358 -0.41940896213054651 0.10409675538539888 0.25170098245143896 0.31139807403087622 0.41557779908180242 -0.40601159632205958 0.39198911190032965 0.47993287444114691 0.49118925631046301 0.4641572386026383 0.31881627440452581 0.49221777915954595 0.44491800665855413 0.47718597948551184 0.29180648922920233
decision_type=2 2 2 2 2 2 2 2 2 2 2 2 2 2 2 2 2 2 2 8 2 2 2 2 2 2 2 2 2 2
left_child=1 2 4 -4 -1 -2 7 9 -9 -6 11 27 23 15 -15 -14 17 -17 -19 -20 -21 -18 -23 -13 -25 -12 -27 28 -7 -30
right_child=5 -3 3 -5 6 10 -8 8 -10 -11 25 12 13 14 -16 16 21 18 19 20 -22 22 -24 24 -26 26 -28 -29 29 -31
leaf_value=-0.00022608688279952678 -0.00014680150652168005 -0.00030978612936654622 0.00022663974603069113 -4.5477861371222867e-08 -0.00026064148403977808 -1.6229905096447e-06 0.00011594980809799207 -7.191422516701324e-06 -0.0001939647124643294 -7.8852021969766115e-06 1.4837034579059282e-06 6.9186206050184351e-06 -6.2201426320976347e-05 8.4182407557167717e-05 -0.00018912763992420285 -7.183693446442028e-05 0.00017725974140698664 0.00010784284259738133 0.00015289569695348362 0.00027685449770999473 0.00060496478562262201 4.0757204729811889e-05 -0.00017972345166478924 -3.9072972473522223e-06 0.00034799025099948146 -1.2810565578666128e-05 -0.00015310166562917704 3.5798221309486509e-05 -1.3203500177214598e-05 0.00021272034421966
leaf_weight=423 529 419 422 3224 512 119212 439 3938 512 457 323836 24675 799 532 760 419 1052 966 459 447 433 3150 446 767 407 64685 727 11157 2050 1010
leaf_count=423 529 419 422 3224 512 119212 439 3938 512 457 323836 24675 799 532 760 419 1052 966 459 447 433 3150 446 767 407 64685 727 11157 2050 1010
internal_value=7.80021e-07 -3.38306e-05 -2.1883e-05 2.674e-05 -5.01053e-05 1.42174e-06 -3.70343e-05 -4.96184e-05 -2.90676e-05 -0.000142735 1.56489e-06 7.90711e-06 2.6564e-05 6.60227e-05 -7.6806e-05 8.86731e-05 0.000105087 0.000197757 0.000246862 0.000345612 0.000443283 5.04699e-05 1.29891e-05 1.20988e-05 0.000119997 -1.18462e-06 -1.43929e-05 2.96793e-06 -3.04267e-08 6.18161e-05
internal_weight=568864 10346 9927 3646 6281 558518 5858 5419 4450 969 557989 168741 35312 9463 1292 8171 7372 2724 2305 1339 880 4648 3596 25849 1174 389248 65412 133429 122272 3060
internal_count=568864 10346 9927 3646 6281 558518 5858 5419 4450 969 557989 168741 35312 9463 1292 8171 7372 2724 2305 1339 880 4648 3596 25849 1174 389248 65412 133429 122272 3060
is_linear=0
shrinkage=0.03


Tree=145
num_leaves=31
num_cat=0
split_feature=12 19 0 1 18 30 20 0 0 21 25 23 4 0 26 1 8 12 31 23 19 39 0 5 4 12 0 39 22 5
split_gain=0.0164123 0.0163552 0.0272776 0.0258486 0.0363224 0.0200245 0.0194676 0.0132144 0.0181918 0.0172661 0.0169228 0.0147143 0.0135093 0.0207253 0.0134015 0.0128252 0.0126632 0.0373357 0.0336644 0.0299659 0.0217117 0.0303855 0.0195881 0.0152172 0.0216107 0.0206107 0.0177615 0.0202727 0.0193671 0.0140282
threshold=0.39273729920387274 0.16425964981317523 0.48662193119525915 0.49664428830146795 -0.49272717535495753 0.39849410951137548 -0.45970448851585383 0.48596473038196569 0.44525898993015295 -0.44627264142036432 0.23778449743986133 0.47993287444114691 -0.44627264142036432 0.21760215610265735 0.20428658276796344 0.29197315871715551 0.45801258087158209 0.45307256281375891 -0.085275519639253602 0.31167945265769964 0.41827458143234258 0.41844293475151068 -0.39258971810340876 -0.47651654481887812 -0.43286086618900294 0.45793896913528448 -0.47306366264820093 0.4641572386026383 0.25850497186183935 0.38066548109054571
decision_type=2 8 2 2 2 2 10 2 2 10 2 2 2 2 2 2 2 2 2 2 10 2 2 8 2 2 2 2 10 10
left_child=-1 3 6 7 -5 -4 -3 8 11 -9 -10 12 13 -2 -11 -12 23 20 19 -19 21 -18 -20 24 25 -8 27 28 -25 -22
right_child=1 2 5 4 -6 -7 16 9 10 14 15 -13 -14 -15 -16 -17 17 18 22 -21 29 -23 -24 26 -26 -27 -28 -29 -30 -31
leaf_value=1.0044302795836259e-06 1.9784140479224426e-05 -0.00023059664567529707 -0.000289521315611497 0.00035149358894485808 1.1887380786400228e-05 -4.200491552360401e-05 -0.00028155093192161918 6.4353034982263504e-05 -8.2755319330222939e-05 -0.00026471970362696139 -1.2765086095430527e-05 -0.00018153635930402427 -1.2459888091871641e-05 0.00024153772320532798 -4.2435468820920869e-05 0.00016857830676607561 -0.00020416668435646929 -5.3313780078962298e-05 4.5849628734846007e-05 0.00027287542400899253 -0.00013713348459921113 0.00011622912873651169 -0.00019730127249827637 0.00010314466207854695 7.2842234245650754e-05 -3.7378575616279339e-05 -1.5381738721433455e-05 0.00023425287530593638 -0.00013618754608484907 -0.00036657860647715598
leaf_weight=507073 2111 401 614 433 789 564 643 420 452 531 474 425 24779 453 453 1328 609 424 519 610 465 459 681 834 468 601 20061 541 466 530
leaf_count=507073 2111 401 614 433 789 564 643 420 452 531 474 425 24779 453 453 1328 609 424 519 610 465 459 681 834 468 601 20061 541 466 530
internal_value=-7.78933e-07 -1.53298e-05 -3.152e-05 -7.00451e-07 0.000134099 -0.000172367 -2.56008e-05 -5.98311e-06 -1.76132e-06 -9.56076e-05 8.00117e-05 -8.42546e-06 -5.66936e-06 5.97491e-05 -0.000163844 0.00012107 -2.25741e-05 -6.9885e-05 1.51354e-05 0.000139889 -0.000161582 -6.66676e-05 -9.26287e-05 -1.39391e-05 -9.98098e-05 -0.000164825 -7.18441e-06 8.17408e-05 1.69686e-05 -0.000261782
internal_weight=569211 62138 29490 32648 1222 1178 28312 31426 30022 1404 2254 27768 27343 2564 984 1802 27911 4297 2234 1034 2063 1068 1200 23614 1712 1244 21902 1841 1300 995
internal_count=569211 62138 29490 32648 1222 1178 28312 31426 30022 1404 2254 27768 27343 2564 984 1802 27911 4297 2234 1034 2063 1068 1200 23614 1712 1244 21902 1841 1300 995
is_linear=0
shrinkage=0.03


Tree=146
num_leaves=31
num_cat=0
split_feature=3 38 20 20 36 23 36 23 14 36 11 5 1 37 1 8 5 25 3 37 5 23 22 19 38 8 3 25 36 3
split_gain=0.0177527 0.0265326 0.0268611 0.0244037 0.0265841 0.0175086 0.0159811 0.0124302 0.0172082 0.0176609 0.0196089 0.0147498 0.016001 0.0202623 0.0113413 0.0116489 0.0114879 0.0112871 0.0103754 0.009985 0.00996011 0.00973381 0.00964348 0.0100496 0.00962288 0.0241869 0.0252681 0.0224084 0.0184745 0.0270325
threshold=0.49664428830146795 0.3856052309274674 -0.49664428830146784 -0.47339232265949244 0.48662193119525915 0.39273729920387274 0.466554805636406 -0.27187095582485193 -0.31787468492984766 0.29197315871715551 0.28547459840774542 0.41188235580921179 0.41144840419292456 0.35837019979953771 0.38533127307891851 0.090756561607122435 -0.08303357288241385 0.29932886362075811 0.31229026615619665 -0.37915775179862971 -0.4314396977424621 -0.44627264142036432 -0.0062509768176823846 0.17812155932188037 0.37844152748584753 0.48431348800659185 0.4908673912286759 0.47993287444114691 0.48596473038196569 0.41289757192134863
decision_type=2 8 10 10 2 2 2 2 2 2 2 10 2 2 2 2 10 2 2 2 10 2 10 10 10 2 2 2 2 2
left_child=7 2 -2 -4 6 -3 22 8 9 -1 19 12 14 17 18 -16 -17 -14 -10 -11 -20 -13 -5 -24 -9 26 28 -27 -26 -30
right_child=1 5 3 4 -6 -7 -8 24 11 10 -12 21 13 -15 15 16 -18 -19 20 -21 -22 -23 23 -25 25 27 -28 -29 29 -31
leaf_value=2.6199995634737098e-05 -0.00024231058465734665 -4.6257466898701709e-05 0.00021626967192194855 5.66648341403959e-05 -0.00021818847346944761 -0.00030603173191230828 0.00018369949777059867 -6.1033564264778403e-07 5.0095670428240656e-06 -1.7375065104667194e-05 0.00030105839024492062 -2.861062861053834e-05 -6.0334362742491828e-05 -0.00020181285842005194 0.00020948032500391764 0.00015600423691519328 -4.1958275675722661e-05 0.00011854321144466452 8.1482911058494017e-05 0.00016530039859040139 -4.5424610422457682e-05 9.8619907061732297e-05 -0.00019540350200316104 1.2594399945460376e-05 -9.1847432298891291e-06 -0.00021906747475278074 0.00022144004483924659 -4.8984076453782994e-06 -1.9887731976567335e-05 -0.00028008684227546484
leaf_weight=17376 420 403 435 757 500 559 432 383622 97352 608 433 700 1246 756 456 406 713 415 604 471 6024 2319 405 419 47365 972 409 797 995 554
leaf_count=17376 420 403 435 757 500 559 432 383622 97352 608 433 700 1246 756 456 406 713 415 604 471 6024 2319 405 419 47365 972 409 797 995 554
internal_value=-2.70897e-07 -6.07139e-05 -2.07999e-05 1.14711e-05 -2.46962e-05 -0.000198803 2.42055e-05 1.93722e-07 8.3371e-06 3.48002e-05 0.000132812 3.83099e-06 1.99915e-06 -7.41606e-05 3.74991e-06 8.33942e-05 3.06129e-05 -1.51999e-05 2.53563e-06 6.31512e-05 -3.37544e-05 6.91226e-05 -2.02561e-05 -9.07547e-05 -2.2394e-06 -1.44687e-05 -1.05467e-05 -0.000123146 -1.25313e-05 -0.000114148
internal_weight=568923 4330 3368 2948 2513 962 2013 564593 129879 18888 1512 110991 107972 2417 105555 1575 1119 1661 103980 1079 6628 3019 1581 824 434714 51092 49323 1769 48914 1549
internal_count=568923 4330 3368 2948 2513 962 2013 564593 129879 18888 1512 110991 107972 2417 105555 1575 1119 1661 103980 1079 6628 3019 1581 824 434714 51092 49323 1769 48914 1549
is_linear=0
shrinkage=0.03


Tree=147
num_leaves=31
num_cat=0
split_feature=0 13 10 27 14 0 7 27 2 27 19 0 7 10 5 7 31 10 13 6 7 5 12 3 0 35 38 38 1 35
split_gain=0.0130595 0.0176126 0.028529 0.0200717 0.0149815 0.0495243 0.0418338 0.0346095 0.0328147 0.0306631 0.0391711 0.0257853 0.0311329 0.0585342 0.0221005 0.0381723 0.0337862 0.0218613 0.0192432 0.0186401 0.0180689 0.0237576 0.0231474 0.0198793 0.0167141 0.0162029 0.0154352 0.0151234 0.0144991 0.0167299
threshold=0.21147392690181735 0.49664428830146795 0.3856052309274674 0.47318433225154882 0.4463686496019364 0.48596473038196569 0.33895461261272436 0.40514095127582556 0.47952194511890417 0.34589572250843054 0.47718597948551184 0.466554805636406 0.15108475089073184 0.37831963598728185 0.47570809721946722 0.41844293475151068 -0.085275519639253602 0.4385290145874024 0.10409675538539888 0.41915479302406317 0.31848688423633581 0.35818248987197882 0.07720848917961122 0.36476325988769537 0.45130419731140142 -0.49267388880252833 0.4385290145874024 -0.031695801764726632 -0.35231085121631617 0.38593547046184545
decision_type=2 2 2 2 2 2 2 2 2 2 8 2 2 2 10 2 2 2 2 10 2 8 2 2 2 2 10 10 2 2
left_child=-1 4 -3 -4 11 8 7 -7 9 24 -11 25 13 26 15 20 -17 -12 -16 -18 21 23 -22 -14 -6 -2 -13 -25 29 -27
right_child=1 2 3 -5 5 6 -8 -9 -10 10 17 12 14 -15 18 16 19 -19 -20 -21 22 -23 -24 27 -26 28 -28 -29 -30 -31
leaf_value=2.5351173168448063e-06 -0.00012250087396424773 0.00025146118578913735 -0.00015024043620720284 0.00011747781139392472 -2.9963174308129648e-06 0.00013027735570898504 -7.1929506091459093e-06 0.00052099267842847742 -0.0001910113343443356 2.1213885521727551e-05 0.00012020482552011806 -5.3124821365025509e-05 0.00011245970399914799 -0.00039571907497342769 2.706521625629879e-05 0.0002784844156652917 -6.5179523016814056e-05 0.00041715939407188505 -0.00019520762085746749 0.00017644476340032152 8.4290997099314527e-05 0.0001656550558181777 -0.00014803740405215215 -0.00018824386794892876 -0.00015679457350639057 -2.1080685351369225e-05 -0.00020073216535700859 2.1463678746252837e-05 -3.5167442256789921e-06 -0.00013591426471579925
leaf_weight=405074 1066 607 465 527 5181 417 564 407 729 1937 493 7400 570 506 569 799 743 416 894 455 500 757 1604 722 715 4263 690 533 128373 1552
leaf_count=405074 1066 607 465 527 5181 417 564 407 729 1937 493 7400 570 506 569 799 743 416 894 455 500 757 1604 722 715 4263 690 533 128373 1552
internal_value=-3.5945e-07 -7.48891e-06 9.12821e-05 -8.2621e-06 -8.46424e-06 2.55629e-05 0.000192242 0.000327197 9.58658e-07 1.71671e-05 9.78559e-05 -1.08968e-05 -4.60061e-05 -8.57958e-05 -3.96469e-06 1.91933e-05 0.00012868 0.000259165 -0.000109163 2.72903e-05 -2.76405e-05 2.55186e-05 -9.26887e-05 -3.31952e-05 -2.18811e-05 -6.54777e-06 -6.59466e-05 -9.97152e-05 -5.61757e-06 -5.191e-05
internal_weight=569528 164454 1599 992 162855 10859 1388 824 9471 8742 2846 151996 16742 8596 8146 6683 1997 909 1463 1198 4686 2582 2104 1825 5896 135254 8090 1255 134188 5815
internal_count=569528 164454 1599 992 162855 10859 1388 824 9471 8742 2846 151996 16742 8596 8146 6683 1997 909 1463 1198 4686 2582 2104 1825 5896 135254 8090 1255 134188 5815
is_linear=0
shrinkage=0.03


Tree=148
num_leaves=31
num_cat=0
split_feature=27 29 24 27 2 0 21 17 29 36 35 11 21 12 1 23 5 27 23 0 18 18 8 5 23 8 30 25 6 2
split_gain=0.00903059 0.032738 0.0358252 0.0257208 0.0373389 0.0214477 0.0187967 0.0201679 0.0175328 0.0154006 0.0148497 0.0502153 0.025492 0.0282598 0.0251468 0.0230884 0.0406265 0.0284689 0.0265329 0.0308909 0.0234736 0.0210338 0.0171513 0.0140924 0.0192242 0.0234786 0.0145499 0.0121348 0.0105557 0.0128561
threshold=0.49664428830146795 -0.39930471777915949 -0.085070196539163576 0.49134182929992681 0.49221777915954595 0.41810730099678045 -0.0040325203444808713 -0.30533944070339197 -0.20462171733379361 0.49221777915954595 0.48662193119525915 0.45307256281375891 0.29238027334213262 0.42620199918746954 0.49303127825260168 0.14436987787485125 0.13346056640148166 0.38500662147998815 0.37251612544059759 0.48596473038196569 0.097359016537666335 -0.33219130337238306 -0.032184077426791184 0.47166465222835546 0.42530338466167456 0.38593547046184545 0.33895461261272436 0.16409231722354892 0.083970803767442717 0.49095004796981817
decision_type=2 2 2 2 2 2 10 2 2 2 2 2 10 2 2 2 10 2 2 2 2 2 2 8 2 2 2 2 8 2
left_child=3 2 -2 10 6 -6 7 -5 -8 23 28 14 13 -13 15 16 20 -18 19 22 27 -21 -17 -3 25 -25 -26 -12 29 -1
right_child=1 9 -4 4 5 -7 8 -9 -10 -11 11 12 -14 -15 -16 18 17 -19 -20 21 -22 -23 -24 24 26 -27 -28 -29 -30 -31
leaf_value=3.7142171181979677e-06 -2.4391752261968657e-05 -9.9576488217421999e-05 0.00031917114263090821 -2.3435270551586267e-05 -8.6911247590387478e-05 -0.00037146629738383629 -0.00021588389317350501 0.00023814946720156557 4.565560993414539e-06 -0.00015027041541385269 -2.2056357193451832e-05 0.00024658432157715238 0.00038509330673614325 -6.0586620763694726e-05 0.00017015631106126724 -0.00018530798378690321 6.6029381048314173e-05 0.00037637883198879689 5.6507720792778911e-05 -0.00011969001204379826 0.00012124822689895422 -0.00042388017383775302 5.4665970066870404e-05 1.6403326173421116e-05 9.7001118140076906e-05 0.00032150551355291133 -0.00013335622969843245 -0.00024028201027163394 -4.3298164232187865e-06 0.00014424848410216027
leaf_weight=301567 453 608 673 747 457 507 592 400 704 542 403 619 443 466 710 419 750 407 913 412 417 419 706 469 450 432 523 529 251755 577
leaf_count=301567 453 608 673 747 457 507 592 400 704 542 403 619 443 466 710 419 750 407 913 412 417 419 706 469 450 432 523 529 251755 577
internal_value=6.04368e-07 4.46436e-05 0.000181955 2.80063e-07 -8.17785e-05 -0.000238846 -1.90793e-05 6.90586e-05 -9.70155e-05 -6.91604e-06 7.79405e-07 4.23656e-05 0.00019552 0.000115308 3.6494e-06 -1.86201e-05 4.78076e-05 0.000177491 -7.66077e-05 -0.000138713 -6.3906e-05 -0.000276283 -3.55562e-05 2.4866e-05 6.55543e-05 0.000164613 -2.69159e-05 -0.000147156 2.07074e-07 3.98736e-06
internal_weight=569069 4150 1126 564919 3407 964 2443 1147 1296 3024 561512 7613 1528 1085 6085 5375 2506 1157 2869 1956 1349 831 1125 2482 1874 901 973 932 553899 302144
internal_count=569069 4150 1126 564919 3407 964 2443 1147 1296 3024 561512 7613 1528 1085 6085 5375 2506 1157 2869 1956 1349 831 1125 2482 1874 901 973 932 553899 302144
is_linear=0
shrinkage=0.03


Tree=149
num_leaves=31
num_cat=0
split_feature=0 31 39 12 12 12 28 30 11 38 0 36 8 5 6 38 31 28 28 9 12 14 38 28 22 31 30 7 1 20
split_gain=0.0143167 0.0244465 0.0224573 0.0218743 0.0137806 0.0121288 0.0116748 0.0113495 0.0225323 0.0291643 0.017234 0.0269872 0.025892 0.0327183 0.0251767 0.0284102 0.0212769 0.0185632 0.0183189 0.0174003 0.0157282 0.0149045 0.011211 0.0323166 0.0296305 0.0243211 0.0220237 0.0409375 0.0277882 0.0207383
threshold=-0.49664428830146784 0.063794087618589415 0.48615899682044988 0.42508503794670111 0.33858561515808111 0.4463686496019364 -0.2925227135419845 0.24448499828577044 0.49664428830146795 0.050361584872007377 -1.0000000180025095e-35 0.41204395890235906 -0.4798318743705749 0.45720390975475317 -0.49659864604473108 -0.3390317559242248 -0.098455023020505891 -0.11200463399291037 -0.09839292615652083 0.45307256281375891 0.043656742200255401 0.38533127307891851 -0.40601159632205958 -0.38581016659736628 -0.39273729920387263 0.36413758993148809 0.43310962617397314 0.17118690907955172 0.42620199918746954 -0.47339232265949244
decision_type=2 2 2 2 2 2 2 2 2 10 2 2 2 8 10 10 2 2 2 2 2 2 10 2 10 2 2 2 2 8
left_child=1 2 6 -4 -3 -6 -1 8 -2 -10 11 -9 13 18 21 17 19 -16 -12 -17 -14 -13 23 -22 25 26 28 -28 -24 -25
right_child=7 4 3 -5 5 -7 -8 10 9 -11 12 14 20 -15 15 16 -18 -19 -20 -21 22 -23 24 29 -26 -27 27 -29 -30 -31
leaf_value=-0.00015692428707290073 1.7381204146039536e-06 -7.1702270202480479e-05 -0.00039795525188611404 -9.196127690690143e-05 0.00019979246728473731 1.0515156326625057e-06 1.2341072498039945e-05 -2.8423759442684837e-06 -2.3510821081094734e-05 0.00032211597058898818 -0.00015897365077050736 -0.00012894127548701177 2.1883838836278273e-06 -0.00036185107944216167 0.00033061638839660139 5.9433836865595571e-05 -6.3757712575908684e-06 0.0001081191253102888 0.00010573922627425777 0.00027159954739952271 7.408900919265311e-05 8.6066184787525192e-05 5.3203210226326871e-05 -9.1057527725510164e-06 -2.7379593360701813e-05 0.00027337839995501177 -1.9327748237697915e-05 0.00037191866156359145 -0.00016967493404086299 -0.00011679059846975967
leaf_weight=572 418419 759 407 440 507 594 988 60706 426 441 542 864 29570 424 599 971 2452 791 401 539 1423 426 1608 2388 34553 422 543 421 721 4939
leaf_count=572 418419 759 407 440 507 594 988 60706 426 441 542 864 29570 424 599 971 2452 791 401 539 1423 426 1608 2388 34553 422 543 421 721 4939
internal_value=-8.61653e-07 -5.55424e-05 -0.000118471 -0.000241925 2.60903e-05 9.35444e-05 -5.03271e-05 -4.47415e-07 2.05655e-06 0.000153961 -7.6725e-06 3.44305e-06 -1.72748e-05 -0.000146215 6.0808e-05 8.94562e-05 4.82668e-05 0.000205678 -4.64792e-05 0.000136456 -1.49546e-05 -5.78229e-05 -2.57341e-05 -5.63542e-05 -1.872e-05 6.16802e-05 3.38054e-05 0.000153602 -1.62247e-05 -8.17544e-05
internal_weight=568856 4267 2407 847 1860 1101 1560 564589 419286 867 145303 67348 77955 1367 6642 5352 3962 1390 943 1510 76588 1290 47018 8750 38268 3715 3293 964 2329 7327
internal_count=568856 4267 2407 847 1860 1101 1560 564589 419286 867 145303 67348 77955 1367 6642 5352 3962 1390 943 1510 76588 1290 47018 8750 38268 3715 3293 964 2329 7327
is_linear=0
shrinkage=0.03


Tree=150
num_leaves=31
num_cat=0
split_feature=17 9 22 9 1 22 1 8 36 32 0 23 22 20 37 4 35 35 29 4 4 5 28 29 8 27 15 8 1 15
split_gain=0.0109541 0.0236855 0.0163784 0.0173436 0.0165446 0.0192151 0.0184554 0.0236119 0.0151622 0.0131701 0.0102434 0.0196562 0.0167513 0.014564 0.0176584 0.0133863 0.0183164 0.0117225 0.0243935 0.0142264 0.0119229 0.0139085 0.0124231 0.0180451 0.0109648 0.0102827 0.0096537 0.0156541 0.0369886 0.0247386
threshold=0.47718597948551184 0.48606254160404211 0.41950166225433355 0.31229026615619665 0.32554237544536596 0.29828247427940374 0.43310962617397314 0.23106346279382708 0.40521778166294103 -0.28521004319190973 -0.48653183877468104 0.43189549446105963 0.25170098245143896 0.466554805636406 0.39822661876678472 0.4463686496019364 -0.45298065245151514 -0.29863440990447992 -0.34561291337013239 -0.47306366264820093 -0.35901738703250879 0.37686733901500707 0.11754836142063142 -0.22523277997970578 0.45307256281375891 0.45986577868461614 0.41950166225433355 0.44551637768745428 0.47069558501243597 0.45986577868461614
decision_type=2 2 10 2 2 8 2 2 2 2 2 2 10 10 2 2 2 2 2 2 2 8 2 2 2 2 2 2 2 2
left_child=10 2 4 -4 -2 6 9 -8 -9 -6 11 13 25 14 15 17 -17 19 -19 -1 -21 22 23 -22 -20 -13 -12 28 -28 -30
right_child=1 -3 3 -5 5 -7 7 8 -10 -11 26 12 -14 -15 -16 16 -18 18 24 20 21 -23 -24 -25 -26 -27 27 -29 29 -31
leaf_value=0.00012591946839178906 7.9142910992657564e-06 0.00018702476741609019 -5.3625264429601812e-06 -0.00023530843528726889 0.00027069263696275875 0.00027808042038691543 -0.00021456994579385514 -6.4384962869474337e-05 0.0001933838072614313 7.1152205395182063e-05 9.7498845368847656e-07 8.6653818747833486e-05 0.00023382755447191146 -0.00020135544447056982 9.4165423650446257e-05 -0.00010003543147759046 0.00016145264955665944 -0.0003315820892154514 -2.6967742928972381e-05 -0.00018038865930926468 0.00020559885305450616 -0.00014708026936317273 -0.00011324627634965705 -1.7569614077962854e-05 -0.0002016144497907642 -0.0001079761157025935 -1.4263367209533103e-05 -7.6005923242146201e-05 6.411690458470835e-06 0.00031313588519813271
leaf_weight=405 9994 763 856 441 413 403 400 404 400 1044 508881 576 400 520 798 415 549 416 1172 601 455 719 573 1087 439 409 31429 3428 431 516
leaf_count=405 9994 763 856 441 413 403 400 404 400 1044 508881 576 400 520 798 415 549 416 1172 601 455 719 573 1087 439 409 31429 3428 431 516
internal_value=6.30998e-08 2.52498e-05 1.65269e-05 -8.47498e-05 2.66435e-05 8.75091e-05 5.77146e-05 -2.91118e-05 6.46585e-05 0.000129173 -6.24388e-07 -3.14354e-05 7.26928e-05 -4.92004e-05 -3.85793e-05 -5.42016e-05 4.90113e-05 -7.12149e-05 -0.000129433 -4.02274e-05 -6.01254e-05 -3.40768e-05 4.85036e-06 4.91814e-05 -7.55094e-05 5.56497e-06 -8.45142e-08 -1.51393e-05 -8.67316e-06 0.000175065
internal_weight=569337 15118 14355 1297 13058 3064 2661 1204 804 1457 554219 9534 1385 8149 7629 6831 964 5867 2027 3840 3435 2834 2115 1542 1611 985 544685 35804 32376 947
internal_count=569337 15118 14355 1297 13058 3064 2661 1204 804 1457 554219 9534 1385 8149 7629 6831 964 5867 2027 3840 3435 2834 2115 1542 1611 985 544685 35804 32376 947
is_linear=0
shrinkage=0.03


Tree=151
num_leaves=31
num_cat=0
split_feature=3 26 30 30 22 39 8 2 6 31 12 24 20 26 1 1 29 31 22 26 12 31 19 19 19 17 39 25 6 31
split_gain=0.0154147 0.0302415 0.0284222 0.0204911 0.0239036 0.0207522 0.0170601 0.0153061 0.028685 0.0418672 0.0382708 0.0135418 0.0302293 0.0241971 0.0411934 0.0329158 0.0322438 0.049144 0.0344989 0.0257523 0.0261147 0.0252329 0.0251677 0.0227032 0.0221335 0.0216207 0.0203551 0.0199121 0.0186524 0.0254233
threshold=0.49664428830146795 -0.31205530464649195 0.32465183734893804 0.2450322434306145 -0.097268830984830842 0.45986577868461614 0.49664428830146795 0.49664428830146795 -0.033583961427211755 -0.13754194974899289 0.41827458143234258 0.466554805636406 0.47318433225154882 0.19775807857513431 0.41797162592411047 0.47683362662792211 0.11092468351125719 -0.11071263998746871 -0.3583701997995376 0.36581273376941686 0.35240399837493902 -0.33881792426109308 0.063794087618589415 -0.37241181731224055 0.48634795844554907 -0.24493220448493955 0.47993287444114691 0.39966443181037908 -0.32804098725318903 -0.032316081225872033
decision_type=2 2 2 2 10 2 2 2 10 2 2 2 10 2 2 2 2 2 10 2 2 2 10 8 10 2 2 2 10 2
left_child=7 2 -2 -3 6 -6 -5 11 -9 -10 -11 -1 13 14 -13 22 17 21 -19 26 23 -16 -15 -21 -14 -20 -17 -25 -18 -30
right_child=1 3 -4 4 5 -7 -8 8 9 10 -12 12 24 15 16 19 28 18 25 20 -22 -23 -24 27 -26 -27 -28 -29 29 -31
leaf_value=4.9468702047079662e-07 -0.00039138236871563324 0.00011393833918366984 -6.2985035895933464e-05 -4.7866668902144901e-05 -3.2307846453515868e-05 -0.00025636443681183402 0.0002019491632221719 0.00027149459622752536 0.00019438192617147527 4.9522227218696052e-05 -0.00030022670092378056 -3.464336362906858e-06 0.00028375687340862654 -9.2957551766482152e-05 -0.00020443039652124953 7.3899589048952307e-05 -0.00019489772320041939 -0.00049108494186430186 -2.6110666375026237e-05 0.0001824418147417633 -0.00016667084616515308 0.00010402450574025003 4.6593397467700509e-05 0.000102923605949712 -1.3220814220411841e-05 -0.00031022112433300424 0.00035249069165332582 -0.00014454569287632784 -0.00011333127863646949 0.00018352021319269741
leaf_weight=544441 407 835 561 581 841 662 413 515 747 690 463 3800 465 3634 422 524 415 579 401 880 526 524 1701 584 429 602 430 567 490 531
leaf_count=544441 407 835 561 581 841 662 413 515 747 690 463 3800 465 3634 422 524 415 579 401 880 526 524 1701 584 429 602 430 567 490 531
internal_value=-4.47665e-07 -5.69672e-05 -0.000203651 -1.38712e-05 -5.68949e-05 -0.000132036 5.69077e-05 -1.60273e-08 7.51918e-05 2.08405e-05 -9.22972e-05 -3.40571e-07 -2.63057e-05 -3.54813e-05 -7.40947e-05 -1.54543e-06 -0.000141624 -0.00020591 -0.000307686 6.96761e-05 1.97785e-05 -3.42729e-05 -4.84595e-05 6.86462e-05 0.000142678 -0.000198013 0.000201824 -1.91785e-05 -2.78096e-05 4.13373e-05
internal_weight=568660 4300 968 3332 2497 1503 994 564360 2415 1900 1153 561945 17504 16610 7764 8846 3964 2528 1582 3511 2557 946 5335 2031 894 1003 954 1151 1436 1021
internal_count=568660 4300 968 3332 2497 1503 994 564360 2415 1900 1153 561945 17504 16610 7764 8846 3964 2528 1582 3511 2557 946 5335 2031 894 1003 954 1151 1436 1021
is_linear=0
shrinkage=0.03


Tree=152
num_leaves=31
num_cat=0
split_feature=13 35 22 31 0 15 31 8 19 8 26 27 23 25 29 31 35 29 0 19 37 35 29 11 37 14 25 35 27 39
split_gain=0.0142263 0.023306 0.0337189 0.0213617 0.0337262 0.0602597 0.0472794 0.0355859 0.032295 0.0279724 0.03029 0.0502314 0.0415042 0.0243116 0.0222161 0.0247028 0.0305941 0.0272171 0.0220876 0.0200656 0.0182241 0.0240066 0.0167213 0.0157449 0.0267595 0.0253627 0.0168121 0.0337337 0.0236821 0.0265455
threshold=0.39849410951137548 -0.49664428830146784 0.13754194974899295 0.25850497186183935 0.43310962617397314 -0.45298065245151514 -0.05823643505573272 0.43310962617397314 0.16425964981317523 0.47318433225154882 -0.17101350426673886 0.38593547046184545 0.33277405798435217 0.22427368909120562 -0.32508741319179529 -0.25083892047405237 0.41810730099678045 0.05709491856396199 0.33858561515808111 0.48662193119525915 0.23151255398988727 -0.4798318743705749 -0.13082086294889447 0.48662193119525915 0.43116609752178198 -0.34589572250843043 0.34589572250843054 -0.23817513883113858 -0.4394956231117248 0.39966443181037908
decision_type=2 2 10 2 2 2 2 2 10 2 2 2 2 2 2 2 2 2 2 10 2 2 2 2 2 2 2 2 2 2
left_child=23 2 -2 4 19 6 7 -6 13 10 -10 -12 -13 -7 -15 -16 -17 -18 -5 20 -3 -22 -8 26 25 -25 -1 28 -28 -30
right_child=1 3 -4 18 5 8 22 -9 9 -11 11 12 -14 14 15 16 17 -19 -20 -21 21 -23 -24 24 -26 -27 27 -29 29 -31
leaf_value=-4.6917500522077613e-07 -2.0102620882703207e-05 -1.1159351633361158e-06 -0.00029022114318166559 -3.6434228059675761e-06 5.9709440104340009e-05 5.9467136851730528e-06 -0.00021631899004706005 0.0004221878204632855 -0.00020102021544656822 -0.00023331474693642388 -0.00010341366857676659 0.00042826292317019892 1.0629729001122636e-05 -1.8049595773005399e-05 -0.00011329368877749541 -0.00015560586391734761 -0.00056493583205914166 -0.00025275636360880027 7.8807596178148806e-05 0.00013489950463371799 -0.00025293859519801416 -3.923423078728102e-05 4.5618013205841696e-05 -0.00020880328353038119 -0.00030017815485937989 6.6786500413762667e-05 -9.2773378530703352e-05 -1.1584972213820159e-06 3.0281704503633508e-05 0.00010674488358313688
leaf_weight=457013 1112 27976 656 9592 579 564 437 416 458 516 761 442 408 477 934 751 514 540 4196 844 498 7011 425 437 402 908 988 31613 11507 6337
leaf_count=457013 1112 27976 656 9592 579 564 437 416 458 516 761 442 408 477 934 751 514 540 4196 844 498 7011 425 437 402 908 988 31613 11507 6337
internal_value=-5.94663e-07 -1.43965e-05 -0.000121396 -1.11335e-05 -2.12318e-05 -7.60604e-05 7.40065e-05 0.000213951 -0.00011989 -3.79633e-05 1.16444e-05 7.29711e-05 0.000230254 -0.000175669 -0.000207439 -0.000240236 -0.000304936 -0.000408874 2.14872e-05 -8.80549e-06 -1.22605e-05 -5.37247e-05 -8.81316e-05 1.03477e-06 -8.86161e-05 -2.36347e-05 1.34514e-06 1.7779e-05 4.95529e-05 5.74809e-05
internal_weight=569312 60107 1768 58339 44551 8222 1857 995 6365 2585 2069 1611 850 3780 3216 2739 1805 1054 13788 36329 35485 7509 862 509205 1747 1345 507458 50445 18832 17844
internal_count=569312 60107 1768 58339 44551 8222 1857 995 6365 2585 2069 1611 850 3780 3216 2739 1805 1054 13788 36329 35485 7509 862 509205 1747 1345 507458 50445 18832 17844
is_linear=0
shrinkage=0.03


Tree=153
num_leaves=31
num_cat=0
split_feature=3 22 22 0 16 8 17 0 35 0 2 35 23 37 36 38 17 36 37 18 2 15 35 7 37 36 36 38 8 1
split_gain=0.0190612 0.0239032 0.0313552 0.040863 0.0177678 0.0445709 0.0182532 0.0173381 0.0373898 0.0131748 0.022428 0.0158655 0.0197815 0.0162368 0.0162994 0.0220259 0.0148871 0.0185034 0.0187637 0.0125924 0.0112863 0.0462306 0.0213996 0.0171344 0.0108586 0.0271881 0.0194153 0.0100909 0.0158865 0.0308359
threshold=0.49283143877983099 -0.29863440990447992 -0.45970448851585383 0.28466880321502691 0.36497211456298834 0.47993287444114691 0.18458957225084308 0.49103121459484106 0.43310962617397314 -0.48653183877468104 -0.49664428830146784 -0.29180648922920221 0.4463686496019364 0.466554805636406 0.44500453770160681 0.21815130859613421 0.43840885162353521 0.45202739536762243 -0.097268830984830842 -0.41940896213054651 0.49664428830146795 0.26490327715873724 0.010135597549378874 0.41289757192134863 -0.46641474962234492 0.45202739536762243 0.39156977832317358 0.16554810106754306 0.49245272576808935 0.466554805636406
decision_type=2 8 10 2 2 2 2 2 2 2 2 2 2 2 2 8 2 2 2 2 2 2 2 2 2 2 2 10 2 2
left_child=9 2 -2 -4 6 -6 7 8 24 10 -1 12 13 14 19 -16 17 18 -13 -12 27 22 -22 -24 -3 26 -26 28 -11 -30
right_child=1 4 3 -5 5 -7 -8 -9 -10 20 11 16 -14 -15 15 -17 -18 -19 -20 -21 21 -23 23 -25 25 -27 -28 -29 29 -31
leaf_value=-0.00019817360629782217 -0.00012096701439438457 -0.00023493811428508272 -6.7634107719641173e-05 0.00032942905276790523 9.887530660968226e-07 -0.00035069493234575082 0.00013505593561955189 -0.00024104617454549719 0.00016686223679045475 3.3497331065008314e-06 -0.00013541895460826 3.0909499897737109e-05 0.00018706212254256203 -0.00019097397685464073 8.613000467380087e-06 0.00027980820385566709 7.7527055256750461e-05 -0.00025659874628239414 -0.00015299908026754707 1.119776138810524e-06 -0.00017558317952631305 0.00031105554416759892 -6.5956232831583959e-05 0.00020618167019500854 -5.5346219064538382e-05 0.00010741148852044182 -0.00031299495210918054 -4.923080565956224e-06 -2.1970792758215728e-06 0.00031761453659398704
leaf_weight=686 574 436 405 531 633 655 417 466 581 367828 737 980 491 402 785 401 463 562 1002 3264 489 522 401 415 723 535 409 182469 747 416
leaf_count=686 574 436 405 531 633 655 417 466 581 367828 737 980 491 402 785 401 463 562 1002 3264 489 522 401 415 723 535 409 182469 747 416
internal_value=-9.92685e-08 -5.16829e-05 5.2308e-05 0.000158724 -8.40671e-05 -0.000179181 -4.9318e-05 -7.40757e-05 -4.42989e-05 4.84756e-07 -3.40258e-05 -2.14296e-05 6.46856e-06 -9.70255e-06 4.68668e-06 0.00010188 -7.76728e-05 -0.000106112 -6.23668e-05 -2.43061e-05 1.09494e-06 7.53319e-05 -2.06059e-05 7.32678e-05 -0.00010315 -6.74862e-05 -0.000150362 8.47627e-07 3.70134e-06 0.000113931
internal_weight=569425 6365 1510 936 4855 1288 3567 3150 2684 563060 9773 9087 6080 5589 5187 1186 3007 2544 1982 4001 553287 1827 1305 816 2103 1667 1132 551460 368991 1163
internal_count=569425 6365 1510 936 4855 1288 3567 3150 2684 563060 9773 9087 6080 5589 5187 1186 3007 2544 1982 4001 553287 1827 1305 816 2103 1667 1132 551460 368991 1163
is_linear=0
shrinkage=0.03


Tree=154
num_leaves=31
num_cat=0
split_feature=22 24 1 22 10 28 5 27 25 5 6 30 31 7 30 37 38 20 39 24 22 20 25 17 28 36 13 10 7 5
split_gain=0.00933316 0.023394 0.0214608 0.0158304 0.0299774 0.0142393 0.0140956 0.0136987 0.0131682 0.012455 0.0257999 0.0127662 0.0114323 0.0111688 0.0111394 0.00865884 0.0075812 0.0120092 0.0245117 0.017304 0.0602358 0.046145 0.0215659 0.0163686 0.0139758 0.0137872 0.0125187 0.0165542 0.0212181 0.0152234
threshold=-0.49664428830146784 0.49664428830146795 0.23162547498941424 -0.49267388880252833 0.37831963598728185 -0.26490327715873713 0.038734316825866706 0.37891006469726568 0.17118690907955172 -0.33277405798435206 -0.087228775024414049 0.19757670909166339 0.090756561607122435 0.19142369925975802 0.19757670909166339 -0.070446167141199098 0.11754836142063142 -0.11742048338055609 0.49293276667594915 0.48418948054313665 0.2385489493608475 0.4115345180034638 0.4641572386026383 0.2449322044849396 -0.49277968704700464 0.48662193119525915 0.47976386547088629 0.45307256281375891 0.47993287444114691 0.44274005293846136
decision_type=10 2 2 8 2 2 10 2 2 10 10 2 2 2 2 2 8 10 2 2 10 10 2 2 2 2 2 2 2 8
left_child=1 2 5 4 9 13 12 8 -8 -2 -11 -12 -4 15 -7 -1 -5 18 24 -19 21 23 -22 -21 -18 26 27 -26 29 -29
right_child=3 -3 6 16 -6 14 7 -9 -10 10 11 -13 -14 -15 -16 -17 17 19 -20 20 22 -23 -24 -25 25 -27 -28 28 -30 -31
leaf_value=0.0001306569000232634 -0.00016908103043816104 0.00021720936413147009 9.8585406677111859e-05 2.9732080390375733e-06 -0.00031188960690952826 -3.1530830739782464e-05 -6.9851522733607938e-05 8.1380154006183152e-06 -0.00029330332146021616 0.00018713630122713299 2.8173881861150899e-05 -0.00019982928972321506 -8.7387544831294401e-05 0.00020527008979964574 0.00012570051049255195 -1.9286149658789686e-05 -0.00018488826058881569 -1.8418447212775219e-06 -0.00019102452908525337 -4.8614177621177998e-05 -0.00017816989847383455 0.00046574385537643599 8.4075077621480082e-05 0.00021897913690568688 -1.7049623787868661e-05 0.00014144646191480582 -0.0001145875414850041 4.9665535002070267e-05 -4.3358301565001731e-05 0.00028462243114806701
leaf_weight=753 415 565 774 343665 400 1686 510 578 448 497 456 415 470 771 523 631 424 171133 719 405 711 442 456 402 37638 499 1110 502 745 491
leaf_count=753 415 565 774 343665 400 1686 510 578 448 497 456 415 470 771 523 631 424 171133 719 405 711 442 456 402 37638 499 1110 502 745 491
internal_value=3.41373e-07 3.31049e-05 1.82613e-05 -1.09009e-07 -8.05538e-05 5.97089e-05 -4.67834e-05 -0.00010729 -0.000176297 -2.72057e-05 1.67487e-05 -8.14965e-05 2.81858e-05 0.000114386 6.09377e-06 6.26462e-05 2.06386e-07 -4.20227e-06 -1.85684e-05 -7.14106e-07 7.88455e-05 0.000222844 -7.58551e-05 8.57338e-05 -1.55286e-05 -1.37318e-05 -1.56789e-05 -1.28623e-05 7.73965e-05 0.000167522
internal_weight=569234 7709 7144 561525 2183 4364 2780 1536 958 1783 1368 871 1244 2155 2209 1384 559342 215677 42128 173549 2416 1249 1167 807 41409 40985 40486 39376 1738 993
internal_count=569234 7709 7144 561525 2183 4364 2780 1536 958 1783 1368 871 1244 2155 2209 1384 559342 215677 42128 173549 2416 1249 1167 807 41409 40985 40486 39376 1738 993
is_linear=0
shrinkage=0.03


Tree=155
num_leaves=31
num_cat=0
split_feature=39 5 19 15 38 1 35 21 38 27 6 21 10 6 21 21 1 30 15 35 16 8 6 26 36 36 5 13 2 39
split_gain=0.00712958 0.0282516 0.0467394 0.0360762 0.029064 0.024747 0.0229187 0.0400302 0.0228086 0.0224195 0.0324148 0.0192787 0.0329833 0.029442 0.0172855 0.0247492 0.00884709 0.0220459 0.0144079 0.0144571 0.0115498 0.0229212 0.0133931 0.0207178 0.0150129 0.00986324 0.0339983 0.0161606 0.0176006 0.0113758
threshold=0.49293276667594915 0.43090185523033148 -0.37241181731224055 0.24475421756505969 0.35844881832599645 0.49227787554264074 0.49664428830146795 -0.39258971810340876 -0.36520838737487787 0.42620199918746954 0.1690911948680878 0.070446167141199126 0.35910767316818243 0.25564038753509527 0.15086852759122851 0.40545859932899481 -0.48653183877468104 -0.48653183877468104 0.48431348800659185 0.41289757192134863 0.41204395890235906 -0.40601159632205958 -0.49215674400329584 -0.43286086618900294 0.41950166225433355 0.49221777915954595 0.41985401511192327 0.47976386547088629 0.4385290145874024 0.466554805636406
decision_type=2 8 8 2 10 2 2 10 10 2 8 10 2 8 10 10 2 2 2 2 2 2 10 2 2 2 8 2 2 2
left_child=6 2 9 8 -5 14 16 -8 -3 10 -2 13 -13 -9 -4 -16 17 -1 19 20 22 -22 23 -19 -24 29 27 28 -27 -18
right_child=1 3 5 4 -6 -7 7 11 -10 -11 -12 12 -14 -15 15 -17 25 18 -20 -21 21 -23 24 -25 -26 26 -28 -29 -30 -31
leaf_value=-0.00016128444319903719 0.00015176149472942912 0.00013218979142607025 5.0704344164149553e-05 8.1310851856189001e-05 0.00041308727090827175 -0.00030018492862981052 -0.00029201164198763884 -9.1658506216604519e-05 -9.4879841893130728e-05 0.00022867406244708217 -0.00019005100041296475 3.7267196280193597e-05 -0.00026913489048437008 0.00021167567417447895 -0.00029297145429646243 1.604017528789643e-05 -2.3314767602965714e-07 -0.00021537537986415434 -0.00017226452971894001 -0.00017547371969693374 0.00025649211278839818 -1.6465350094661295e-05 -9.9422114106936208e-06 3.6494359492013137e-05 0.00013490784741792595 4.3402083029300953e-05 -0.00019170959655759296 0.00017929398571562389 -0.00018809259167156157 3.2478863018402581e-05
leaf_weight=1005 578 795 736 467 487 482 639 557 778 683 424 669 586 577 471 451 537944 637 474 408 453 686 4548 534 740 952 1036 439 417 9731
leaf_count=1005 578 795 736 467 487 482 639 557 778 683 424 669 586 577 471 451 537944 637 474 408 453 686 4548 534 740 952 1036 439 417 9731
internal_value=-5.25396e-07 3.10549e-05 -2.03821e-05 0.000108686 0.000253205 -0.000113205 -8.82223e-07 -8.30587e-05 1.99921e-05 9.74777e-05 6.67354e-06 -2.61845e-05 -0.000106798 6.31847e-05 -5.73737e-05 -0.000143267 -4.36411e-07 -2.91482e-05 -1.33167e-05 -3.70293e-06 5.73939e-06 9.3382e-05 -9.83624e-06 -0.000101181 1.05444e-05 5.87906e-08 -5.55669e-05 2.30695e-05 -2.79643e-05 3.48656e-07
internal_weight=569384 6352 3825 2527 954 2140 563032 3028 1573 1685 1002 2389 1255 1134 1658 922 560004 9485 8480 8006 7598 1139 6459 1171 5288 550519 2844 1808 1369 547675
internal_count=569384 6352 3825 2527 954 2140 563032 3028 1573 1685 1002 2389 1255 1134 1658 922 560004 9485 8480 8006 7598 1139 6459 1171 5288 550519 2844 1808 1369 547675
is_linear=0
shrinkage=0.03


Tree=156
num_leaves=31
num_cat=0
split_feature=29 1 38 28 18 6 27 11 31 38 30 31 36 29 36 1 28 37 12 9 9 6 1 12 11 31 13 21 36 22
split_gain=0.00944615 0.0264918 0.0451808 0.0367695 0.0135363 0.0207641 0.0205745 0.0204501 0.0296795 0.0246874 0.0219345 0.0167295 0.0243578 0.0199765 0.0155501 0.0227061 0.0257273 0.0234506 0.0226224 0.0206011 0.0225475 0.0196125 0.0161834 0.0308675 0.0173958 0.0249388 0.0293247 0.0242552 0.0209212 0.0205379
threshold=-0.21803475916385648 0.49664428830146795 0.39893314242362982 -0.14426303654909131 0.45801258087158209 0.4903379380702973 0.48662193119525915 0.48418948054313665 0.05709491856396199 0.28508535027503973 0.27854746580123907 -0.39258971810340876 0.3644950687885285 -0.37241181731224055 0.46399636566638952 0.31229026615619665 0.19131659716367724 0.34589572250843054 0.34489440917968756 -0.39258971810340876 0.24460320174694064 0.184412956237793 0.41289757192134863 0.45307256281375891 -0.050167785957455628 0.20472994446754458 -0.26490327715873713 0.39966443181037908 0.23151255398988727 0.036803405731916435
decision_type=2 2 8 2 2 10 2 2 2 8 2 2 2 2 2 2 2 2 2 2 2 10 2 2 2 2 2 10 2 8
left_child=1 4 3 -3 7 6 11 14 9 -9 -10 -6 -13 -14 22 19 17 18 21 -16 -21 -17 -1 24 -24 26 -26 -27 -28 -30
right_child=-2 2 -4 -5 5 -7 -8 8 10 -11 -12 12 13 -15 15 16 -18 -19 -20 20 -22 -23 23 -25 25 27 28 -29 29 -31
leaf_value=3.198526983170582e-06 -1.8910697903024529e-06 0.00038947900906274933 -0.00014303234088666413 6.1487996392214941e-05 -8.5349365001832211e-05 0.00021973736557712211 -0.00013512894049499914 -0.00028647523298597937 -0.00013138395538583335 -2.4105944361740802e-05 0.00015254113521001434 2.6227685145426401e-05 5.5277246807140581e-05 0.00025454939870496219 -8.346628035687948e-05 -0.00023824147286705569 6.9947166385726729e-05 1.4225851314980294e-05 -0.00035451207501235508 0.00026623284382781175 -2.0779438505642024e-05 2.7687086432821499e-05 -2.2303879897417731e-05 0.00024297364008543808 0.0002185420810181282 0.00019879504517823145 0.00010896120089859728 -6.1139960805587352e-05 -0.00011454949303664241 3.7361361565991818e-05
leaf_weight=130824 406638 576 413 657 886 524 644 770 401 554 597 7411 979 844 741 553 596 566 600 491 482 445 3874 630 580 1587 1043 400 1740 1470
leaf_count=130824 406638 576 413 657 886 524 644 770 401 554 597 7411 979 844 741 553 596 566 600 491 482 445 3874 630 580 1587 1043 400 1740 1470
internal_value=5.48816e-07 6.67755e-06 0.000126053 0.000216611 5.44346e-06 3.71024e-05 2.80158e-05 3.04181e-06 -8.50998e-05 -0.000177696 3.82874e-05 3.85209e-05 5.04857e-05 0.00014842 4.44338e-06 -5.05635e-05 -0.000103683 -0.000151606 -0.000210065 3.50789e-05 0.000125289 -0.000120568 6.17811e-06 4.05675e-05 2.84276e-05 5.72354e-05 2.03405e-05 0.000146424 -7.13832e-06 -4.50829e-05
internal_weight=568516 161878 1646 1233 160232 11288 10764 148944 2322 1324 998 10120 9234 1823 146622 4474 2760 2164 1598 1714 973 998 142148 11324 10694 6820 4833 1987 4253 3210
internal_count=568516 161878 1646 1233 160232 11288 10764 148944 2322 1324 998 10120 9234 1823 146622 4474 2760 2164 1598 1714 973 998 142148 11324 10694 6820 4833 1987 4253 3210
is_linear=0
shrinkage=0.03


Tree=157
num_leaves=31
num_cat=0
split_feature=18 25 21 16 11 28 4 38 31 5 39 30 1 25 24 0 5 16 16 1 19 15 31 1 21 16 25 18 30 22
split_gain=0.0100432 0.0316513 0.0325987 0.0221229 0.021533 0.0306862 0.0286998 0.0271418 0.0219121 0.0201258 0.0187045 0.0252537 0.0227706 0.0180738 0.0247453 0.0394922 0.0461496 0.0264975 0.0333789 0.0287035 0.0536958 0.0675965 0.0384136 0.0243737 0.0241207 0.0237802 0.0232963 0.0201894 0.0188696 0.0254526
threshold=-0.45298065245151514 0.49664428830146795 -0.46641474962234492 -0.48653183877468104 0.42490601539611822 -0.070949185639619813 0.37925247848033911 -0.17829126864671704 0.13763252645730975 0.41557779908180242 0.49227787554264074 0.41844293475151068 0.45307256281375891 0.47318433225154882 0.3447438925504685 0.083917114883661284 0.41985401511192327 -0.46641474962234492 -0.42605021595954889 0.48662193119525915 -0.13850788027048108 0.090577606111764922 -0.083612978458404527 0.48406349122524267 -0.49283143877983088 -0.3391206413507461 0.47993287444114691 0.21815130859613421 0.45986577868461614 -0.11071263998746871
decision_type=2 2 10 2 2 2 2 8 2 10 2 2 2 2 2 2 10 2 2 2 8 2 2 2 10 2 2 2 2 8
left_child=1 3 -3 -1 10 7 -7 9 -9 -6 11 -5 -13 -2 15 28 25 23 -19 26 -21 -22 -23 24 -16 -17 27 -20 29 -15
right_child=13 2 -4 4 5 6 -8 8 -10 -11 -12 12 -14 14 17 16 -18 18 19 20 21 22 -24 -25 -26 -27 -28 -29 -30 -31
leaf_value=7.4417341876522686e-05 -6.257750377034871e-07 -0.00037579777514946651 -6.0492816862413643e-06 1.3626662193079001e-06 -3.071078038745164e-06 -5.4132421102981549e-05 -0.00031476497729837508 -0.00019677001456362505 5.251214626707798e-05 0.00024091487474437037 0.0001449622416670348 -4.8265553047145724e-05 -0.00023983451284792693 0.00020193877836758174 0.00020922273765008149 0.00015715027199579123 -0.00033609699262102978 0.00030873380819917279 1.6346786277198033e-05 0.00043739216682856137 -0.0002129492898959938 0.00042856309732003714 5.1760197888003089e-05 -0.00021721444052605248 -0.00010247433879002558 -0.00011504091593858885 -3.293238561084551e-05 0.0003016118321061788 -7.2542815258133976e-05 2.2904371274279678e-05
leaf_weight=2415 525820 434 416 17824 1064 741 782 966 465 416 686 2786 691 971 421 437 609 616 486 482 484 424 562 472 455 807 2213 405 1050 2644
leaf_count=2415 525820 434 416 17824 1064 741 782 966 465 416 686 2786 691 971 421 437 609 616 486 482 484 424 562 472 455 807 2213 405 1050 2644
internal_value=-6.79453e-07 -1.76646e-05 -0.000197013 -1.23115e-05 -2.02641e-05 -8.04951e-05 -0.000189137 -2.32019e-05 -0.000115964 6.66654e-05 -8.08651e-06 -1.30812e-05 -8.69155e-05 2.55712e-07 3.44681e-05 -7.62738e-06 -0.000124416 7.35087e-05 0.00010189 7.61294e-05 0.000165955 7.45988e-05 0.000216469 -4.57827e-05 4.7996e-05 -1.89332e-05 1.92897e-05 0.000147921 3.89294e-05 7.1418e-05
internal_weight=569044 29686 850 28836 26421 4434 1523 2911 1431 1480 21987 21301 3477 539358 13538 6518 1853 7020 5672 5056 1952 1470 986 1348 876 1244 3104 891 4665 3615
internal_count=569044 29686 850 28836 26421 4434 1523 2911 1431 1480 21987 21301 3477 539358 13538 6518 1853 7020 5672 5056 1952 1470 986 1348 876 1244 3104 891 4665 3615
is_linear=0
shrinkage=0.03


Tree=158
num_leaves=31
num_cat=0
split_feature=6 8 29 37 3 12 31 0 22 26 15 8 11 22 3 23 24 6 28 0 7 4 23 22 20 12 37 5 20 39
split_gain=0.00944744 0.0227787 0.0181403 0.0239146 0.0265541 0.0358803 0.017112 0.0237903 0.0247829 0.0176774 0.015764 0.0210586 0.0157176 0.027757 0.0262674 0.022134 0.0222625 0.0218957 0.0166623 0.0157338 0.0232567 0.0453732 0.0353135 0.0339219 0.0338262 0.0544588 0.0306985 0.0302195 0.0261667 0.0230578
threshold=0.45279304683208471 -0.48653183877468104 -0.13139231503009793 0.023649728856980804 0.49664428830146795 0.47108417749404913 0.27187095582485205 0.41950166225433355 0.23162547498941424 0.37251612544059759 0.47166465222835546 0.40545859932899481 0.49111093580722814 -0.27936105430126185 0.47683362662792211 0.41856157779693609 0.37925247848033911 0.27523735165596014 -0.1590028181672096 0.47318433225154882 0.12403007596731187 0.37831963598728185 0.39273729920387274 -0.18485705554485318 -0.45298065245151514 0.11071263998746873 -0.43286086618900294 0.36531642079353338 -0.44627264142036432 0.49293276667594915
decision_type=10 2 2 2 2 2 2 2 10 2 2 2 2 8 2 2 2 10 2 2 2 2 2 8 8 2 2 8 8 2
left_child=12 -2 3 -3 5 6 7 9 -9 10 11 -5 19 14 -14 16 -15 -17 -18 -1 21 22 24 27 25 -21 -26 -22 -24 -25
right_child=1 2 -4 4 -6 -7 -8 8 -10 -11 -12 -13 13 15 -16 17 18 -19 -20 20 23 -23 28 29 26 -27 -28 -29 -30 -31
leaf_value=-4.7311789117438202e-08 -0.00011892014429257053 4.315898497840396e-06 9.3358645774802946e-07 9.4150124515860877e-05 -0.0001190074479551889 0.0003020277469553942 -7.6814479672119428e-06 0.00041721143125514505 8.5154244550411515e-05 -6.7228761988763226e-05 -4.5309398040020211e-05 0.00034202765531191878 5.628472619252829e-05 3.2338169943945241e-06 0.00034066989461910372 -0.00018875093030586832 0.00027715663481482503 6.0830253099175202e-05 4.7761629249952707e-05 -2.7171269147188414e-05 -1.3520730820357262e-05 -0.00035855761626277986 0.00027550175563111735 -1.7052369486526849e-05 0.00016500538403286247 -0.00048080471993016457 -8.0481850855601434e-05 0.00019419277358068669 -5.9524421852990153e-06 -0.00022732917963134861
leaf_weight=523422 1041 5217 14196 1272 489 748 1426 413 400 623 440 403 700 2467 498 785 566 519 574 492 1225 452 431 2808 516 454 3585 1286 911 554
leaf_count=523422 1041 5217 14196 1272 489 748 1426 413 400 623 440 403 700 2467 498 785 566 519 574 492 1225 452 431 2808 516 454 3585 1286 911 554
internal_value=5.54533e-07 1.79835e-05 2.3589e-05 5.16989e-05 9.14088e-05 0.000109558 8.00834e-05 0.00011525 0.000256857 7.2421e-05 0.000113679 0.000155465 -3.02954e-07 4.75061e-05 0.000176343 1.57828e-05 5.40628e-05 -8.97091e-05 0.000163074 -8.4859e-07 -3.38104e-05 -7.13636e-05 -5.05171e-05 9.97935e-06 -8.68643e-05 -0.000247629 -4.92677e-05 9.32074e-05 8.58092e-05 -5.22738e-05
internal_weight=568913 26668 25627 11431 6214 5725 4977 3551 813 2738 2115 1675 542245 6109 1198 4911 3607 1304 1140 536136 12714 6841 6389 5873 5047 946 4101 2511 1342 3362
internal_count=568913 26668 25627 11431 6214 5725 4977 3551 813 2738 2115 1675 542245 6109 1198 4911 3607 1304 1140 536136 12714 6841 6389 5873 5047 946 4101 2511 1342 3362
is_linear=0
shrinkage=0.03


Tree=159
num_leaves=31
num_cat=0
split_feature=37 4 4 5 3 37 16 29 15 16 22 7 5 1 23 31 31 15 5 22 19 25 5 39 22 27 8 4 27 39
split_gain=0.0104202 0.036991 0.0311982 0.0199907 0.0122329 0.0193123 0.0364997 0.0367793 0.0267898 0.0282367 0.0232044 0.0153508 0.0279583 0.0205325 0.0304163 0.0270981 0.0214588 0.0199757 0.018235 0.0177067 0.0166994 0.0161294 0.0139522 0.0135098 0.0134038 0.0133942 0.0122064 0.0121678 0.0110377 0.0297013
threshold=-0.49664428830146784 0.41950166225433355 0.49288246035575872 0.30286830663681036 0.47683362662792211 0.31229026615619665 0.45986577868461614 -0.28521004319190973 0.39198911190032965 0.37853804230690008 0.39273729920387274 0.48576495051383978 0.38802985846996313 0.42469435930252081 0.3388179242610932 -0.17844655364751813 0.21815130859613421 -0.37915775179862971 0.35818248987197882 -0.27231748402118677 -0.39930471777915949 0.48586554825305944 0.49069747328758245 0.33842268586158758 0.083917114883661284 0.43156538903713232 0.48431348800659185 0.44525898993015295 0.48431348800659185 0.4049357026815415
decision_type=2 2 2 8 2 2 2 2 2 2 8 2 10 2 2 2 2 2 8 10 10 2 8 2 10 2 2 2 2 2
left_child=1 3 -3 -1 28 11 8 -8 10 -10 23 12 18 19 -15 -16 -17 20 25 -14 21 -13 26 -7 -21 -6 -19 -20 -2 -30
right_child=4 2 -4 -5 5 6 7 -9 9 -11 -12 17 13 14 15 16 -18 22 27 24 -22 -23 -24 -25 -26 -27 -28 -29 29 -31
leaf_value=3.4072029878072349e-05 8.3716121156080507e-08 0.00029254367215507642 -8.8188002540990432e-06 -0.00014290577411714498 7.2516254934333824e-05 7.2086495065396664e-05 -0.00024779820211854085 5.5853316293414381e-05 0.00040116324367321443 8.5255212376534134e-05 0.00019672721944254972 0.00013456154449916505 -0.00021699734349952174 -0.00037424104390858107 5.6606804535497589e-05 -0.00032485991845089849 -4.0634168499112216e-05 0.00010143374956673708 -1.3074912374689588e-05 0.00010650335629635876 0.00021995849926756029 -0.0001204443089020945 -0.00015538143187096744 -0.0001315748233882555 -7.9284570775046078e-05 -9.7098781208909774e-05 -0.00010287762351685684 0.00020786696702983776 -1.2446826414416308e-05 0.00014190599634816167
leaf_weight=2202 546718 811 495 766 557 469 708 712 405 678 449 439 446 582 516 585 405 585 411 588 532 434 786 750 831 1610 462 481 2964 1794
leaf_count=2202 546718 811 495 766 557 469 708 712 405 678 449 439 446 582 516 585 405 585 411 588 532 434 786 750 831 1610 462 481 2964 1794
internal_value=1.19433e-07 4.67314e-05 0.000179122 -1.193e-05 -2.33429e-07 -2.74999e-05 2.68777e-05 -9.62189e-05 9.05356e-05 0.000205982 1.47976e-05 -4.96322e-05 -7.45508e-05 -0.000127144 -0.000191578 -0.000118984 -0.000210155 4.39335e-06 -6.39465e-06 -5.43681e-05 8.91579e-05 7.86054e-06 -6.07101e-05 -5.32689e-05 -2.09189e-06 -5.33685e-05 1.11588e-05 0.000107049 4.80069e-07 4.59273e-05
internal_weight=570171 4274 1306 2968 565897 14421 4171 1420 2751 1083 1668 10250 7012 3953 2088 1506 990 3238 3059 1865 1405 873 1833 1219 1419 2167 1047 892 551476 4758
internal_count=570171 4274 1306 2968 565897 14421 4171 1420 2751 1083 1668 10250 7012 3953 2088 1506 990 3238 3059 1865 1405 873 1833 1219 1419 2167 1047 892 551476 4758
is_linear=0
shrinkage=0.03


Tree=160
num_leaves=31
num_cat=0
split_feature=38 2 17 8 35 35 13 39 3 35 3 37 35 39 35 16 35 17 30 8 30 6 38 24 1 22 35 5 39 13
split_gain=0.0151506 0.030061 0.0278001 0.0210307 0.0162772 0.0338763 0.0194682 0.0140459 0.0198802 0.0184744 0.0159832 0.0290138 0.0221716 0.0147757 0.0266033 0.0125086 0.0121422 0.0109088 0.0190971 0.026393 0.0179316 0.0113846 0.0101852 0.0118267 0.0100556 0.00959721 0.0180502 0.0190792 0.00895214 0.00748154
threshold=-0.48653183877468104 0.45986577868461614 -0.19847105443477628 0.43897783756256109 0.4463686496019364 -0.35231085121631617 0.466554805636406 0.48418948054313665 -0.4462312906980514 -0.45298065245151514 0.16440654546022418 -0.10535266622900961 0.45986577868461614 0.31167945265769964 0.35198226571083074 -0.42605021595954889 0.39849410951137548 -0.49267388880252833 -0.41272504627704615 -0.48653183877468104 0.39966443181037908 0.46743549406528478 -0.49664428830146784 0.28424319624900823 0.25850497186183935 -0.49664428830146784 0.47083835303783422 0.18498543649911883 0.36581273376941686 -0.010033556725829838
decision_type=10 2 2 2 2 2 2 2 2 2 2 2 2 2 2 2 2 2 2 2 2 10 8 2 2 10 2 10 2 2
left_child=1 3 4 7 5 -3 -6 8 15 -10 13 12 22 16 -15 -1 29 18 -2 -20 21 -21 -12 -24 -22 26 27 28 -19 -11
right_child=17 2 -4 -5 6 -7 -8 -9 9 10 11 -13 -14 14 -16 -17 -18 25 19 20 24 -23 23 -25 -26 -27 -28 -29 -30 -31
leaf_value=-0.00023542096135733534 0.00012439967091975974 -3.282987209689615e-05 0.00035247962983161644 -0.00016230753589093646 -0.00015261505500876484 0.00033260621428270258 0.00013249740721229996 0.00015339539314379718 0.00019656513858093571 7.6806124540397871e-06 7.360589183574986e-05 8.759659616430326e-05 -0.00023566297782813574 2.3348757068678454e-06 0.00032176247810102444 -9.3680662099108152e-06 -0.00012891310282754263 2.6769067554226831e-05 -0.00028824794494811226 -2.6229038186947225e-05 -7.3391361032971479e-05 0.00013812858652330961 -5.2309832770033515e-06 -0.00018257660823401865 -0.00026088048913257245 2.481228097433754e-08 0.00021476850539682864 -0.00011100768863296504 0.00018462284266173074 8.9198430874247328e-05
leaf_weight=434 545 413 413 578 434 496 409 675 527 2463 539 1238 670 486 444 439 405 967 412 2907 707 426 814 570 406 545960 515 686 479 1714
leaf_count=434 545 413 413 578 434 496 409 675 527 2463 539 1238 670 486 444 439 405 967 412 2907 707 426 814 570 406 545960 515 686 479 1714
internal_value=6.66959e-07 3.12973e-05 0.000133915 1.2681e-05 8.0685e-05 0.000168021 -1.43548e-05 2.16735e-05 1.32622e-05 2.54394e-05 1.55871e-05 -3.14307e-05 -8.83772e-05 4.82636e-05 0.000156636 -0.000123141 2.59742e-05 -1.1653e-07 -4.24964e-05 -6.14368e-05 -3.98191e-05 -4.87168e-06 -3.61072e-05 -7.90565e-05 -0.000143498 3.01618e-07 5.71795e-05 1.82879e-05 7.99684e-05 4.1264e-05
internal_weight=568171 14161 2165 11996 1752 909 843 11418 10743 9870 9343 3831 2593 5512 930 873 4582 554010 5403 4858 4446 3333 1923 1384 1113 548607 2647 2132 1446 4177
internal_count=568171 14161 2165 11996 1752 909 843 11418 10743 9870 9343 3831 2593 5512 930 873 4582 554010 5403 4858 4446 3333 1923 1384 1113 548607 2647 2132 1446 4177
is_linear=0
shrinkage=0.03


Tree=161
num_leaves=31
num_cat=0
split_feature=0 19 8 12 23 3 6 8 17 8 11 29 24 3 18 26 0 1 31 27 12 23 20 12 4 4 1 26 31 31
split_gain=0.0136398 0.0198847 0.0183493 0.0307726 0.021558 0.0191907 0.018765 0.0170086 0.016343 0.0235689 0.015282 0.0218161 0.0138583 0.0107415 0.0103502 0.00861087 0.0321163 0.0398189 0.0295215 0.0258416 0.0234753 0.0251317 0.0230256 0.0323305 0.0228626 0.0198847 0.0186436 0.03816 0.034277 0.0307121
threshold=-0.48653183877468104 0.49126620590686804 -0.004717400996014475 0.49307949841022497 0.13091243803501132 -0.3184868842363357 0.4752576351165772 -0.28547459840774531 0.43310962617397314 0.45254182815551763 0.37844152748584753 -0.33922326564788813 0.43868599832057958 0.12408681586384775 -0.17781506478786466 0.20472994446754458 0.47318433225154882 0.37925247848033911 -0.1843871399760246 0.2450322434306145 0.1981945335865021 0.4581876546144486 0.091351099312305464 0.39966443181037908 0.3712496310472489 -0.065051443874835954 0.48662193119525915 0.39273729920387274 0.15108475089073184 -0.35231085121631617
decision_type=2 10 2 2 2 2 10 2 2 2 2 2 2 2 2 2 2 2 2 2 2 2 8 2 2 2 2 2 2 2
left_child=1 2 7 4 5 -4 8 10 9 12 -1 -12 14 -7 -6 16 -2 18 -18 25 -21 22 24 -24 -22 -19 -17 28 -28 -29
right_child=15 -3 3 -5 6 13 -8 -9 -10 -11 11 -13 -14 -15 -16 26 17 19 -20 20 21 -23 23 -25 -26 -27 27 29 -30 -31
leaf_value=6.0396684600860636e-05 -8.885409559570807e-07 -0.00022914331020116097 0.00023004262171937928 0.00024743938424506276 -0.00012945602662427027 -7.9236024318328586e-05 -0.00023824692964893326 -0.00021203595804545049 0.0001422646752199888 -0.00011997409242328707 -0.00028306371747783166 -6.0430344465286674e-06 0.00018350517397414185 6.1769905048839337e-05 6.3936639214586772e-05 4.3248263837812178e-06 0.00026567647430686923 -0.00011704507027339065 -2.2756334479512244e-05 8.2378277226310731e-05 -0.00010203503920921283 6.1363904471081231e-05 0.00012453031214501456 -0.00018442762675484719 -0.00033936417508357409 -0.00038086922405196718 0.00028417970069940401 -0.00019838265458288408 -1.1694903628917278e-05 4.4869950427948467e-05
leaf_weight=742 385917 441 440 412 439 721 451 764 406 2101 415 644 408 1443 550 161123 463 574 979 718 720 647 535 683 758 476 1041 539 529 3123
leaf_count=742 385917 441 440 412 439 721 451 764 406 2101 415 644 408 1443 550 161123 463 574 979 718 720 647 535 683 758 476 1041 539 529 3123
internal_value=-2.16316e-07 -3.42792e-05 -2.54086e-05 -1.32264e-06 -1.63842e-05 5.17786e-05 -5.71663e-05 -9.43502e-05 -3.56922e-05 -5.66937e-05 -4.35317e-05 -0.000116234 3.86524e-05 1.46413e-05 -2.23436e-05 4.1681e-07 -2.00769e-06 -6.78146e-05 7.10461e-05 -0.000107054 -7.24071e-05 -0.000105798 -0.000145993 -4.88105e-05 -0.000225213 -0.00023911 6.13655e-06 6.18151e-05 0.000185044 8.6235e-06
internal_weight=569202 10377 9936 7371 6959 2604 4355 2565 3904 3498 1801 1059 1397 2164 989 558825 392470 6553 1442 5111 4061 3343 2696 1218 1478 1050 166355 5232 1570 3662
internal_count=569202 10377 9936 7371 6959 2604 4355 2565 3904 3498 1801 1059 1397 2164 989 558825 392470 6553 1442 5111 4061 3343 2696 1218 1478 1050 166355 5232 1570 3662
is_linear=0
shrinkage=0.03


Tree=162
num_leaves=31
num_cat=0
split_feature=4 25 38 36 26 3 6 21 27 0 21 35 28 0 26 19 22 12 11 25 25 31 28 11 6 35 7 8 27 36
split_gain=0.00947465 0.0257408 0.018968 0.0191261 0.0305851 0.0220641 0.0167724 0.0135112 0.0102861 0.0161496 0.0151158 0.0386612 0.0137921 0.0226515 0.0122866 0.0119503 0.0113095 0.0127282 0.0156991 0.0200112 0.0174 0.0175496 0.0197444 0.018193 0.0158056 0.0112105 0.0309179 0.0511148 0.0315486 0.0210624
threshold=0.49664428830146795 0.2382863983511925 0.43962624669075018 0.49288246035575872 -0.036877427250146859 0.49664428830146795 0.47069558501243597 -0.17781506478786466 0.49134182929992681 -0.46641474962234492 0.14436987787485125 0.33189558982849127 0.18465003371238711 0.43133513629436498 0.4463686496019364 0.35240399837493902 -0.49664428830146784 0.44485473632812506 0.37159061431884771 0.39273729920387274 0.29932886362075811 0.05709491856396199 -1.0000000180025095e-35 0.4463686496019364 0.2478626221418381 0.45986577868461614 -0.38593547046184534 0.19775807857513431 0.47993287444114691 0.32477988302707678
decision_type=2 2 8 2 2 2 10 10 2 2 10 2 2 2 2 8 8 2 2 2 2 2 2 2 10 2 2 2 2 2
left_child=8 -2 3 4 5 7 -6 -3 14 -10 12 15 13 -11 25 -12 -16 18 19 -18 -20 22 -22 -23 -21 -1 27 -27 29 -28
right_child=1 2 -4 -5 6 -7 -8 -9 9 10 11 -13 -14 -15 16 -17 17 -19 20 24 21 23 -24 -25 -26 26 28 -29 -30 -31
leaf_value=1.001454414878311e-06 -0.00011833013939792516 -5.3475603753604923e-05 0.00024319837316906048 -0.00012896339736937978 6.0253083782920774e-05 -0.0001998594778217335 0.00027344601631955893 0.00018551704667848194 0.00010197921716924412 -6.8899070860473324e-05 -0.00011603597543466849 -0.00031696190535230754 -0.00017055683391791875 0.00015479898203524557 0.00015701432904258983 0.0001089609926274556 1.73443081297923e-05 0.00018221696613986401 8.7690782598240453e-05 1.5703599517913803e-05 -0.00024336334639636536 -8.3465667157052085e-05 -1.0820172027008124e-05 0.00015594606187875309 0.0002451175826987664 9.5754041408319541e-06 -4.9156151438532495e-07 0.00034674938056025343 0.00018138018332799016 -7.7989551315986328e-05
leaf_weight=513765 710 429 525 452 605 423 746 406 562 1009 431 638 415 669 522 400 24780 406 681 472 851 801 533 431 627 2472 4883 474 539 8916
leaf_count=513765 710 429 525 452 605 423 746 406 562 1009 431 638 415 669 522 400 24780 406 681 472 851 801 533 431 627 2472 4883 474 539 8916
internal_value=1.24926e-06 4.55814e-05 7.82734e-05 4.92868e-05 8.05426e-05 -2.58989e-05 0.000179119 6.35495e-05 9.11541e-07 -4.62369e-05 -6.9842e-05 -0.000143265 -1.78727e-05 2.06756e-05 1.25886e-06 -7.72635e-06 1.99001e-05 1.74284e-05 1.50736e-05 2.29315e-05 -4.64878e-05 -8.16183e-05 -0.000154527 8.70819e-07 0.000147619 2.01772e-07 -2.35555e-05 6.48149e-05 -4.17453e-05 -5.05858e-05
internal_weight=569573 4296 3586 3061 2609 1258 1351 835 565277 4124 3562 1469 2093 1678 561153 831 30104 29582 29176 25879 3297 2616 1384 1232 1099 531049 17284 2946 14338 13799
internal_count=569573 4296 3586 3061 2609 1258 1351 835 565277 4124 3562 1469 2093 1678 561153 831 30104 29582 29176 25879 3297 2616 1384 1232 1099 531049 17284 2946 14338 13799
is_linear=0
shrinkage=0.03


Tree=163
num_leaves=31
num_cat=0
split_feature=27 11 30 8 21 36 38 26 30 5 11 28 35 15 0 19 0 7 13 1 12 30 9 26 9 0 1 0 23 16
split_gain=0.0100713 0.0208034 0.00799746 0.0174553 0.0336054 0.0277382 0.0269945 0.0242981 0.0270022 0.0222194 0.0167533 0.0165243 0.0159849 0.0136869 0.0135282 0.0199418 0.0131502 0.0365022 0.0291706 0.0129299 0.0202067 0.0222467 0.0122206 0.0140703 0.0103126 0.00971199 0.0183566 0.0235571 0.0246721 0.0316306
threshold=-0.47306366264820093 0.38509631156921392 0.090577606111764922 0.41810730099678045 0.37925247848033911 0.47318433225154882 0.45847702026367193 -0.11071263998746871 -0.070949185639619813 0.42334401607513433 0.43310962617397314 -0.13082086294889447 0.49664428830146795 -0.11742048338055609 -0.39258971810340876 0.49126620590686804 0.43962624669075018 0.14436987787485125 0.21815130859613421 -0.47306366264820093 0.33277405798435217 -0.37241181731224055 0.47665333747863775 0.47108417749404913 -0.45298065245151514 -0.10399362072348593 0.47318433225154882 -0.31787468492984766 0.38500662147998815 -0.21887913346290586
decision_type=2 2 2 2 10 2 10 2 2 10 2 2 2 2 2 8 2 2 2 2 2 2 2 2 2 2 2 2 2 2
left_child=1 -1 3 12 5 9 7 -6 -9 10 22 -11 13 16 15 19 -2 -18 -19 20 24 -22 23 -5 -15 26 -4 28 -28 -30
right_child=2 -3 25 4 6 -7 -8 8 -10 11 -12 -13 -14 14 -16 -17 17 18 -20 -21 21 -23 -24 -25 -26 -27 27 -29 29 -31
leaf_value=-1.4732254846833075e-05 9.8654645637771884e-06 -0.00018277813994635068 2.6112093311671655e-06 2.3564859226694189e-05 0.00033248777210938529 -0.00017276417886403741 -4.385883237945145e-05 0.00022507657799967606 -8.1687570438953105e-05 0.00024432625252573183 -0.00015301403359556384 4.4282124770951682e-05 0.00016628338509982885 -0.00016502888136844845 6.1768714942685696e-07 -0.00021627892216172532 -8.9325579827910314e-06 8.6350332932475207e-05 0.00039672926751950347 -3.4046260129511348e-05 0.00029867234928747784 2.1664936943240479e-05 0.00017091951730319784 -0.00015009523540792413 4.1673223531688567e-05 -7.7142581250665103e-06 -8.2131642678817747e-05 0.00025496395109926605 1.4192600918638437e-06 0.00033288508638164359
leaf_weight=17678 105933 679 88583 3930 721 650 531 656 415 655 551 855 531 413 186720 486 1875 728 433 12290 434 637 430 460 440 139118 881 557 664 415
leaf_count=17678 105933 679 88583 3930 721 650 531 656 415 655 551 855 531 413 186720 486 1875 728 433 12290 434 637 430 460 440 139118 881 557 664 415
internal_value=8.09574e-07 -2.10442e-05 1.53803e-06 4.59989e-06 4.38895e-05 1.30515e-05 0.00014338 0.000198797 0.000106553 3.08294e-05 2.16772e-06 0.000132093 3.35332e-06 3.06924e-06 -1.56446e-06 -2.92638e-05 1.16336e-05 7.30925e-05 0.000204507 -2.27218e-05 4.94175e-05 0.000135641 2.01874e-05 5.06836e-06 -5.91591e-05 -2.72824e-06 4.88588e-06 8.46134e-05 3.5154e-05 0.000130792
internal_weight=569349 18357 550992 320774 9854 7531 2323 1792 1071 6881 5371 1510 310920 310389 201420 14700 108969 3036 1161 14214 1924 1071 4820 4390 853 230218 91100 2517 1960 1079
internal_count=569349 18357 550992 320774 9854 7531 2323 1792 1071 6881 5371 1510 310920 310389 201420 14700 108969 3036 1161 14214 1924 1071 4820 4390 853 230218 91100 2517 1960 1079
is_linear=0
shrinkage=0.03


Tree=164
num_leaves=31
num_cat=0
split_feature=3 15 18 5 17 39 39 22 39 36 28 3 7 7 13 13 31 22 22 28 31 14 21 16 5 39 18 19 1 22
split_gain=0.0162638 0.0294266 0.0471643 0.028289 0.0240575 0.0313084 0.038546 0.0367647 0.021616 0.0145804 0.018807 0.0129139 0.0367608 0.0290089 0.0211531 0.0209244 0.0201268 0.0197808 0.0193614 0.0190138 0.0313213 0.0156639 0.0187727 0.0194843 0.0172576 0.0220246 0.0155587 0.0172315 0.0178176 0.0150601
threshold=0.49283143877983099 0.3188691139221192 0.44500453770160681 0.49664428830146795 0.063794087618589415 0.47993287444114691 0.4463686496019364 -0.19153907895088193 0.4385290145874024 0.38593547046184545 -0.078272271901369081 0.45986577868461614 -0.16440654546022412 0.070949185639619841 0.49111093580722814 0.48418948054313665 0.07720848917961122 -0.41272504627704615 0.14436987787485125 0.05709491856396199 -0.11185250431299208 0.4385290145874024 -0.34589572250843043 -0.23817513883113858 0.45359604060649877 0.31881627440452581 0.47993287444114691 -0.41940896213054651 0.4463686496019364 0.257464349269867
decision_type=2 2 2 8 2 2 2 8 2 2 2 2 2 2 2 2 2 8 10 2 2 2 10 2 10 2 2 8 2 10
left_child=11 4 3 -3 5 6 9 -7 -6 -2 -11 -1 -13 -14 15 16 17 -15 21 20 -16 22 -18 -24 25 -25 27 -19 -29 -30
right_child=1 2 -4 -5 8 7 -8 -9 -10 10 -12 12 13 14 19 -17 18 26 -20 -21 -22 -23 23 24 -26 -27 -28 28 29 -31
leaf_value=-4.7100426069175287e-07 2.4228779571512049e-05 -0.00015287092306622428 -0.00042860372806899252 0.0001199789990720771 -1.0442280442561078e-05 2.3342654734127182e-05 0.00020640293417317372 -0.00032515218716830483 0.00029280565795558285 -0.0002844289283060041 -1.1421674612457012e-06 0.00029575526181237595 -0.00020748010222097299 -0.00014200208360703269 0.00040524596786946691 -0.00015047904773317019 -8.1073655146262166e-05 0.00018356675913590398 0.00012849312794409556 -1.9956836770857847e-06 7.272656898821556e-05 -0.0001434725459245871 0.0002450507453301462 -2.5779061340087112e-05 -8.9701162415657895e-05 0.00021433539010856564 -0.00014286646591119833 4.110452023828836e-05 -0.00012857329364430537 4.1934652131919017e-05
leaf_weight=545426 1002 1088 404 488 427 485 706 608 408 418 416 432 486 893 408 657 825 522 2406 668 668 455 519 656 625 708 565 4147 1289 721
leaf_count=545426 1002 1088 404 488 427 485 706 608 408 418 416 432 486 893 408 657 825 522 2406 668 668 455 519 656 625 708 565 4147 1289 721
internal_value=-1.96509e-07 -4.75267e-05 -0.00014349 -6.81606e-05 -4.79421e-06 -3.82188e-05 1.96246e-05 -0.000171704 0.000139443 -5.29267e-05 -0.000144813 3.46491e-07 2.55949e-05 1.86489e-05 2.53371e-05 1.37915e-05 2.14221e-05 -9.5998e-06 6.2125e-05 0.000123916 0.000201383 1.97431e-05 4.23868e-05 8.31595e-05 3.99018e-05 9.9508e-05 6.89527e-06 1.97588e-05 5.59575e-06 -6.75062e-05
internal_weight=569526 6450 1980 1576 4470 3635 2542 1093 835 1836 834 563076 17650 17218 16732 14988 14331 8137 6194 1744 1076 3788 3333 2508 1989 1364 7244 6679 6157 2010
internal_count=569526 6450 1980 1576 4470 3635 2542 1093 835 1836 834 563076 17650 17218 16732 14988 14331 8137 6194 1744 1076 3788 3333 2508 1989 1364 7244 6679 6157 2010
is_linear=0
shrinkage=0.03


Tree=165
num_leaves=31
num_cat=0
split_feature=25 0 31 10 5 13 25 1 23 5 27 7 28 16 3 6 31 9 38 5 13 6 25 7 24 3 36 35 3 9
split_gain=0.0101302 0.0168839 0.028371 0.0231362 0.0154956 0.0153898 0.0138453 0.021264 0.00975612 0.0262241 0.020587 0.0174079 0.0147377 0.0137215 0.00913181 0.0219652 0.0170406 0.0273425 0.0102984 0.025511 0.0213203 0.0254964 0.0345811 0.0358712 0.0248578 0.0119169 0.0656374 0.0268575 0.00843925 0.00840714
threshold=0.49221777915954595 0.4463686496019364 0.19847105443477633 0.44525898993015295 -0.47176454961299891 0.47318433225154882 0.48662193119525915 0.47993287444114691 0.27815064787864691 0.39558728039264685 0.49664428830146795 0.45986577868461614 -0.17137862741947171 -0.45298065245151514 0.49664428830146795 0.36162029206752783 0.21769449859857562 0.48418948054313665 -0.49664428830146784 0.43090185523033148 -0.10399362072348593 0.29133562743663793 0.29197315871715551 -0.11071263998746871 0.466554805636406 0.49283143877983099 0.45202739536762243 0.097359016537666335 0.3849239200353623 0.30546234548091894
decision_type=2 2 2 2 8 2 2 2 2 8 2 2 2 2 2 10 2 2 8 10 2 10 2 2 2 2 2 2 2 2
left_child=6 4 3 -3 -2 -5 14 -8 12 -10 11 -11 28 -13 18 -16 17 -17 19 20 -1 22 23 -22 -24 29 27 -27 -6 -20
right_child=1 2 -4 5 8 -7 7 -9 9 10 -12 13 -14 -15 15 16 -18 -19 25 -21 21 -23 24 -25 -26 26 -28 -29 -30 -31
leaf_value=-5.0086188628528983e-05 -0.00018121516424670657 0.00015113750607026198 -0.0002881676733935971 1.1749893369928673e-05 -5.1484260959216662e-05 -0.00023917364975454508 1.1859540962130689e-05 0.00025211855457850363 0.00017033516633412828 6.8696637523564438e-05 0.00012715729686096192 -0.00028048531445033466 -0.00015520443158048363 -5.8308184045317416e-05 -0.00019418884329153538 6.6956302254732352e-05 0.00014818675165984718 -0.00023224791786613505 1.8008507145441618e-06 -0.00015100502757169247 0.00038932704646943412 0.00033761806110659464 9.4220639638951982e-05 2.0532787608317449e-05 -0.00021645619342193398 0.00010782584645182526 0.00036736947792883847 -0.00019471858422394629 0.00012498857708497977 -7.7914016358104459e-06
leaf_weight=795 416 404 566 415 558 456 999 487 941 497 614 404 695 650 728 632 495 472 453184 475 472 422 490 470 423 494 487 546 418 100453
leaf_count=795 416 404 566 415 558 456 999 487 941 497 614 404 695 650 728 632 495 472 453184 475 472 422 490 470 423 494 487 546 418 100453
internal_value=1.65732e-07 -3.55877e-05 -0.000113385 -3.41559e-05 -7.84258e-06 -0.000120841 6.1343e-07 9.17575e-05 7.6024e-06 3.90115e-05 -1.8588e-05 -7.67297e-05 -5.06645e-05 -0.000145305 3.70389e-07 -5.88081e-05 3.65243e-06 -6.19009e-05 6.17913e-07 5.15014e-05 8.32017e-05 0.000129754 8.09095e-05 0.00020747 -5.0504e-05 2.91891e-07 8.37107e-05 -5.13517e-05 2.45964e-05 6.0304e-08
internal_weight=569558 7034 1841 1275 5193 871 562524 1486 4777 3106 2165 1551 1671 1054 561038 2327 1599 1104 558711 3547 3072 2277 1855 942 913 555164 1527 1040 976 553637
internal_count=569558 7034 1841 1275 5193 871 562524 1486 4777 3106 2165 1551 1671 1054 561038 2327 1599 1104 558711 3547 3072 2277 1855 942 913 555164 1527 1040 976 553637
is_linear=0
shrinkage=0.03


Tree=166
num_leaves=31
num_cat=0
split_feature=12 27 12 35 3 31 23 9 25 17 5 12 19 9 6 23 35 35 6 36 38 18 8 0 39 12 27 0 23 0
split_gain=0.0148464 0.0137072 0.0198885 0.0246153 0.0225763 0.0245262 0.021423 0.0184887 0.0190828 0.0180034 0.0185971 0.0170601 0.0158088 0.0203819 0.0149801 0.0128907 0.0150429 0.0125612 0.0417227 0.0256076 0.0130771 0.018689 0.0344134 0.0145822 0.022176 0.0315441 0.0180628 0.0144347 0.0196799 0.0123643
threshold=0.39273729920387274 0.35920709371566778 0.37251612544059759 0.41289757192134863 0.45307256281375891 -0.13754194974899289 0.27169632911682134 0.48662193119525915 0.47952194511890417 -0.26490327715873713 0.41188235580921179 0.2450322434306145 0.40614514052867895 0.4641572386026383 0.2121757194399834 0.43310962617397314 0.32490874826908117 -0.49664428830146784 0.45279304683208471 0.47318433225154882 -0.49664428830146784 -0.49272717535495753 0.39822661876678472 0.49664428830146795 0.49293276667594915 0.45307256281375891 0.47318433225154882 0.47318433225154882 0.25785361230373388 0.43133513629436498
decision_type=2 2 2 2 2 2 2 2 2 2 10 2 10 2 8 2 2 2 8 2 10 2 2 2 2 2 2 2 2 2
left_child=1 29 7 4 -4 -6 -5 8 12 15 11 -11 -3 -14 -10 16 -9 18 -2 -20 27 22 -22 24 -23 -26 -25 28 -19 -1
right_child=17 2 3 6 5 -7 -8 9 14 10 -12 -13 13 -15 -16 -17 -18 20 19 -21 21 23 -24 26 25 -27 -28 -29 -30 -31
leaf_value=1.0435314669468944e-06 4.7331294540954701e-05 5.8158781306460419e-06 -1.246238254807503e-05 0.00034433904920381776 0.00033116433834656388 3.4639704705413454e-05 6.3568645835134624e-05 -3.1084119251600601e-05 -2.9667082769528605e-07 6.676859495344077e-05 -0.00022113016444366403 -0.0001690091383792062 9.7995280276914619e-05 -6.3591482678864036e-05 0.00022875295594513325 -0.00010535574139233297 0.00022437850955440189 -0.00016138271587954752 -7.9088624057191081e-05 -0.00040464848886008346 -3.7933834147591106e-05 -1.2531965101867673e-05 0.00028510467575169245 -0.00024728809570265833 -8.0822970866810889e-05 0.00022594503680937409 -8.3666599237386486e-06 -0.00022861251863742641 9.3413281084183674e-05 -2.2978228812861107e-05
leaf_weight=440991 936 33339 2338 503 414 622 478 402 418 638 837 472 3548 868 657 405 414 535 449 423 653 54750 531 515 471 809 624 498 537 20156
leaf_count=440991 936 33339 2338 503 414 622 478 402 418 638 837 472 3548 868 657 405 414 535 449 423 653 54750 531 515 471 809 624 498 537 20156
internal_value=-1.33447e-07 1.55639e-06 1.71055e-05 7.80554e-05 3.93157e-05 0.000155168 0.000209553 1.07682e-05 1.64583e-05 -5.88063e-05 -0.000115224 -3.41039e-05 1.28899e-05 6.61622e-05 0.000140508 3.13625e-05 9.96729e-05 -1.40239e-05 -9.17157e-05 -0.000239812 -1.16648e-05 -9.35724e-06 0.000108117 -1.18087e-05 -9.63735e-06 0.000113313 -0.000117607 -9.68302e-05 -3.40633e-05 -6.89687e-09
internal_weight=569231 507500 46353 4355 3374 1036 981 41998 38830 3168 1947 1110 37755 4416 1075 1221 816 61731 1808 872 59923 58353 1184 57169 56030 1280 1139 1570 1072 461147
internal_count=569231 507500 46353 4355 3374 1036 981 41998 38830 3168 1947 1110 37755 4416 1075 1221 816 61731 1808 872 59923 58353 1184 57169 56030 1280 1139 1570 1072 461147
is_linear=0
shrinkage=0.03


Tree=167
num_leaves=31
num_cat=0
split_feature=11 17 38 5 29 4 21 20 30 29 5 38 7 24 30 29 7 30 0 28 22 29 39 13 29 29 29 21 31 37
split_gain=0.0122875 0.0275426 0.0231333 0.0258281 0.0195727 0.0344122 0.0261865 0.0218395 0.0201022 0.0188637 0.0132565 0.0104165 0.0452471 0.0261492 0.0217033 0.0177523 0.0132996 0.010738 0.0221749 0.0202023 0.0124983 0.0124862 0.0113945 0.0293884 0.0280067 0.023422 0.0365716 0.0276333 0.0437406 0.0271735
threshold=0.49221777915954595 -0.48653183877468104 0.46465381979942327 -0.2642566710710525 -0.37915775179862971 0.45986577868461614 0.26512607932090765 -0.097268830984830842 0.39966443181037908 0.11754836142063142 0.47879832983016973 -0.49664428830146784 -0.27880360186100001 0.466554805636406 0.31229026615619665 -0.17109678685665128 0.20472994446754458 0.49221777915954595 0.47118844091892248 -0.35231085121631617 -0.41272504627704615 -0.13082086294889447 0.4641572386026383 -0.41940896213054651 -0.045776918530464165 -0.46641474962234492 -0.37915775179862971 -0.34589572250843043 -0.2717756032943725 -0.36572171747684473
decision_type=2 2 10 8 2 2 10 8 2 2 8 8 2 2 2 2 2 2 2 2 10 2 2 2 2 2 2 10 2 2
left_child=11 10 3 -3 -5 8 7 -7 -6 -10 -2 12 -1 14 15 -14 -15 22 19 -19 -21 -20 -13 24 -24 -25 -27 28 -28 -29
right_child=1 2 -4 4 5 6 -8 -9 9 -11 -12 17 13 16 -16 -17 -18 18 21 20 -22 -23 23 25 -26 26 27 29 -30 -31
leaf_value=0.00024838763135620064 -9.5469232137247037e-05 -0.00021410834481316147 0.00014301895333311521 0.00012745779737503374 0.00015801037805830326 -0.00017538414455230532 -0.00034447076948213891 9.79544187015967e-05 5.8416188194584744e-05 -0.00015553899767594028 -0.00031070034230007757 -1.0626571123827842e-06 -0.00012286993772193778 -0.000257977498754341 0.00017839913481424916 8.6443614402104469e-05 -2.0841574479293609e-05 0.00014173346593713252 -7.0515868461394797e-05 -0.0001953902383777912 -2.280929154817559e-05 -0.00030192200341632591 -0.00031695950451680329 0.00019474846734703882 2.4132567583418882e-05 -0.00010588553729196052 -0.00026860255770832321 0.00015673290421606241 1.6611183461348365e-05 3.8788411399696978e-05
leaf_weight=798 708 636 727 752 772 667 431 422 899 617 408 535763 720 437 765 719 410 617 443 415 3429 403 425 751 429 1722 597 2163 2382 9271
leaf_count=798 708 636 727 752 772 667 431 422 899 617 408 535763 720 437 765 719 410 617 443 415 3429 403 425 751 429 1722 597 2163 2382 9271
internal_value=-8.40757e-07 -4.02035e-05 -1.43224e-05 -3.65694e-05 -1.1393e-05 -3.90751e-05 -0.000149236 -6.95348e-05 3.44393e-05 -2.91105e-05 -0.000176216 -3.47614e-07 4.87716e-05 -4.07963e-06 5.03982e-05 -1.84111e-05 -0.000144772 -6.86806e-07 -4.31169e-05 -1.62414e-05 -4.18998e-05 -0.000182988 -2.79213e-07 2.33687e-05 -0.000147319 3.20832e-05 2.43961e-05 4.00241e-05 -4.12539e-05 6.12177e-05
internal_weight=569698 7039 5923 5196 4560 3808 1520 1089 2288 1516 1116 562659 3849 3051 2204 1439 847 558810 5307 4461 3844 846 553503 17740 854 16886 16135 14413 2979 11434
internal_count=569698 7039 5923 5196 4560 3808 1520 1089 2288 1516 1116 562659 3849 3051 2204 1439 847 558810 5307 4461 3844 846 553503 17740 854 16886 16135 14413 2979 11434
is_linear=0
shrinkage=0.03


Tree=168
num_leaves=31
num_cat=0
split_feature=39 22 3 30 21 22 31 4 30 4 22 39 5 21 3 14 16 3 14 5 14 29 26 36 29 1 25 1 25 31
split_gain=0.0114294 0.03231 0.0361091 0.0203866 0.0252597 0.0186956 0.0494122 0.0237373 0.0225537 0.0269323 0.0555875 0.0324009 0.0249871 0.0241902 0.0225797 0.0291766 0.0196093 0.0170875 0.0290591 0.0162799 0.0155082 0.0233794 0.0199345 0.0153975 0.0149181 0.0219166 0.0222537 0.0146894 0.0131363 0.0121892
threshold=0.45986577868461614 0.48662193119525915 0.42490601539611822 0.49221777915954595 0.016816227696835998 0.41950166225433355 0.043656742200255401 0.34489440917968756 0.4385290145874024 0.42490601539611822 -0.010033556725829838 0.47108417749404913 0.31466546654701238 0.45847702026367193 0.41289757192134863 -0.19795162230730054 0.40614514052867895 -0.01013559754937887 0.45801258087158209 -0.47898417711257929 -0.49277968704700464 -0.45970448851585383 -0.15173555165529248 0.48406349122524267 0.33196638524532324 -0.47306366264820093 0.16554810106754306 0.47993287444114691 0.42508503794670111 -0.35901738703250879
decision_type=2 8 2 2 10 10 2 2 2 2 10 2 10 10 2 2 2 2 2 8 2 2 2 2 2 2 2 2 2 2
left_child=-1 3 -3 5 -5 8 7 -7 13 11 27 -10 14 16 15 -13 19 -15 -19 -2 22 -22 -21 28 25 -23 -27 -11 -18 -28
right_child=1 2 -4 4 -6 6 -8 -9 9 10 -12 12 -14 17 -16 -17 23 18 -20 20 21 24 -24 -25 -26 26 29 -29 -30 -31
leaf_value=-4.1551246351505266e-07 0.00018956789827302548 2.6033489998841401e-05 -0.00034949135596812049 1.0915499297596408e-05 -0.00023540761955518971 -0.00018610594344842078 0.00030745968041546187 0.00012558612950277196 0.00024391270082517395 0.00016478188445102587 -3.1805860583375854e-05 8.1359301496668334e-05 -0.00019559798496548517 -1.2580302287049914e-05 0.00020051008125052867 -0.00021660086347693913 -0.0001354781285842663 1.6572239408267289e-05 0.00032268965209845436 -0.00024034435379675922 0.0002124387837343258 0.0001392847323385325 1.4264959315196966e-05 -0.00024763417607112051 6.3035227867870849e-05 9.95160733705546e-05 -0.00017417164478623209 0.00039684672023032001 8.1042118521116465e-05 -4.1776316461704153e-05
leaf_weight=546010 423 480 431 1091 560 409 762 453 498 420 702 749 548 610 511 475 559 511 608 508 496 699 592 465 2728 922 710 668 444 4894
leaf_count=546010 423 480 431 1091 560 409 762 453 498 420 702 749 548 610 511 475 559 511 608 508 496 699 592 465 2728 922 710 668 444 4894
internal_value=4.73971e-07 2.07644e-05 -0.000153495 2.77257e-05 -7.35487e-05 3.55829e-05 0.000133125 -2.27431e-05 2.74948e-05 8.58333e-05 0.000176263 2.72053e-05 -2.09235e-05 9.87022e-06 3.50522e-05 -3.50889e-05 -3.74992e-06 0.000115156 0.000184284 8.97043e-06 2.19749e-06 1.3511e-05 -0.000104424 -0.000106847 3.39433e-06 -1.91808e-05 -3.63411e-05 0.000309579 -3.97768e-05 -5.88305e-05
internal_weight=569936 23926 911 23015 1651 21364 1624 862 19740 4571 1790 2781 2283 15169 1735 1224 13440 1729 1119 11972 11549 10449 1100 1468 9953 7225 6526 1088 1003 5604
internal_count=569936 23926 911 23015 1651 21364 1624 862 19740 4571 1790 2781 2283 15169 1735 1224 13440 1729 1119 11972 11549 10449 1100 1468 9953 7225 6526 1088 1003 5604
is_linear=0
shrinkage=0.03


Tree=169
num_leaves=31
num_cat=0
split_feature=38 15 39 28 4 25 31 21 31 38 13 21 12 25 38 19 5 39 7 5 38 31 25 17 29 39 7 25 31 8
split_gain=0.00973686 0.0195695 0.018707 0.0251368 0.0327846 0.0213462 0.0212061 0.0211833 0.0225426 0.0221149 0.0170957 0.0168114 0.0319529 0.0251278 0.0345169 0.0194391 0.0240702 0.0207697 0.0205049 0.0213446 0.0336836 0.01905 0.0204888 0.0181509 0.0158436 0.0231184 0.0312846 0.0168111 0.0150228 0.0148444
threshold=0.16554810106754306 -0.47306366264820093 0.43310962617397314 -0.10499014332890509 -0.33842268586158747 -0.045141067355871194 -0.4798318743705749 -0.010274454485625027 -0.35231085121631617 -0.050167785957455628 -0.016722595319151875 0.2984785288572312 0.47108417749404913 0.38593547046184545 -0.11742048338055609 -0.13082086294889447 inf 0.48615899682044988 0.40614514052867895 0.47166465222835546 -0.40601159632205958 0.30455449223518377 0.4641572386026383 0.29932886362075811 -0.25083892047405237 0.45782060921192175 -0.17781506478786466 0.45176568627357488 -0.15144564956426618 0.37925247848033911
decision_type=10 2 2 2 2 2 2 10 2 10 2 8 2 2 8 10 8 2 2 10 10 2 2 2 2 2 2 2 2 2
left_child=2 -2 -1 6 -5 -6 -4 8 -7 -9 -10 15 13 23 -15 16 18 21 -8 20 -20 22 28 -13 27 29 -27 -12 -17 -26
right_child=1 -3 3 4 5 7 11 9 10 -11 24 12 -14 14 -16 17 -18 -19 19 -21 -22 -23 -24 -25 25 26 -28 -29 -30 -31
leaf_value=1.5775545557842199e-06 -8.7788092641189825e-05 -3.9039657789540238e-06 0.00026818331930637091 0.0001604797230551123 0.00014709098211790418 -0.00013406569215386509 4.6492965995082707e-05 -0.00015301839999201969 -0.00011051081099750359 2.12009384150956e-05 4.9617360327556397e-05 0.00020653426179590543 -7.1850785996024137e-05 0.00011588063754455539 0.00043910329882943677 -0.00012552795386309686 -9.7383016099961356e-05 -0.00018489626242584864 0.0004416498267516216 4.3085707797000824e-05 6.9218562205475913e-05 -0.00017502974513930724 0.00023587271247238307 -4.0909645496383264e-05 -0.00013829295924486858 0.000365866815511857 7.8571218172587259e-05 -0.0001671175489301883 6.9590959747136151e-05 8.58616879680275e-05
leaf_weight=355702 2527 186988 408 984 634 962 4087 2035 741 962 723 439 651 689 527 554 759 625 469 644 410 407 403 651 594 403 2017 566 949 466
leaf_count=355702 2527 186988 408 984 634 962 4087 2035 741 962 723 439 651 689 527 554 759 625 469 644 410 407 403 651 594 403 2017 566 949 466
internal_value=5.26016e-07 -5.02705e-06 3.29946e-06 2.9067e-05 -3.92534e-06 -2.00807e-05 5.79129e-05 -3.14171e-05 -8.46588e-07 -9.72116e-05 2.26131e-05 5.07049e-05 0.000112908 0.000165152 0.000258401 3.08418e-05 6.02593e-05 -3.29176e-05 8.17227e-05 0.000175343 0.000270666 8.76797e-06 4.87241e-05 5.97206e-05 4.34856e-05 7.67072e-05 0.000127723 -4.61048e-05 -2.68343e-06 -3.9868e-05
internal_weight=568976 189515 379461 23759 11087 10103 12672 9469 6472 2997 5510 12264 2957 2306 1216 9307 6369 2938 5610 1523 879 2313 1906 1090 4769 3480 2420 1289 1503 1060
internal_count=568976 189515 379461 23759 11087 10103 12672 9469 6472 2997 5510 12264 2957 2306 1216 9307 6369 2938 5610 1523 879 2313 1906 1090 4769 3480 2420 1289 1503 1060
is_linear=0
shrinkage=0.03


Tree=170
num_leaves=31
num_cat=0
split_feature=33 20 19 29 3 26 7 16 33 2 30 7 26 11 4 18 20 19 35 1 12 13 12 35 18 30 28 1 3 18
split_gain=0.00893943 0.0147002 0.0135206 0.0309928 0.0232012 0.021136 0.0132767 0.0114447 0.0199122 0.0243709 0.0193323 0.0252952 0.0182694 0.0215321 0.0227076 0.0143516 0.0119275 0.0247901 0.0186443 0.0288658 0.0142588 0.0221032 0.017349 0.0226208 0.0193112 0.0149325 0.0230375 0.013975 0.019771 0.0210893
threshold=0.3318170458078385 -0.49664428830146784 -0.49664428830146784 -0.41272504627704615 0.25170098245143896 0.090756561607122435 0.29932886362075811 -0.48653183877468104 0.25170098245143896 0.42530338466167456 -0.41272504627704615 0.47705537080764776 0.38475373387336737 0.49221777915954595 0.39849410951137548 -0.45970448851585383 -0.4394956231117248 0.18535397201776507 -0.4394956231117248 -0.27154105901718134 0.29197315871715551 0.47683362662792211 0.47318433225154882 -0.090577606111764894 0.15759594738483432 0.17755264788866046 -0.15097505599260327 0.39273729920387274 0.37831963598728185 -0.4798318743705749
decision_type=2 8 8 2 2 2 2 2 2 2 2 2 2 2 2 2 8 10 2 2 2 2 2 2 2 2 2 2 2 2
left_child=2 -2 3 -1 -5 -6 -7 8 9 10 -4 15 13 14 -11 -12 17 18 19 -9 27 22 23 -22 25 -25 -27 -20 -29 -30
right_child=1 -3 7 4 5 6 -8 16 -10 12 11 -13 -14 -15 -16 -17 -18 -19 20 -21 21 -23 -24 24 -26 26 -28 28 29 -31
leaf_value=-0.00024791179109911001 0.00015279923859536017 6.3698804962828423e-06 0.00016895799901428955 7.1597702120055576e-05 -0.00023794201465015733 -0.00011103521433099576 9.8054491796016136e-05 -0.00011221473311600781 -0.00012936982717880896 0.00011198493806917269 0.00014843331284657379 -0.00023381945484332779 -3.0704857654438459e-05 4.981990168511174e-05 0.000413661953719669 -1.225112060879034e-05 -1.6837170197817151e-06 -0.00023435661307009314 -5.8538912684097071e-07 0.00011243008927224356 1.5083707616931197e-05 -0.00025212607695971988 9.9453558732737524e-05 -0.00028113194160760911 3.2385139364554181e-05 3.1719234732183864e-05 -0.00024040048491143811 -0.00013928491097528608 -0.00013011777451614608 0.00012344849310693778
leaf_weight=640 611 97237 607 1370 586 586 495 683 598 421 587 403 448 630 497 3080 436518 482 12377 2001 1556 541 593 736 501 551 555 1697 491 709
leaf_count=640 611 97237 607 1370 586 586 495 683 598 421 587 403 448 630 497 3080 436518 482 12377 2001 1556 541 593 736 501 551 555 1697 491 709
internal_value=-9.50802e-07 7.29976e-06 -2.66516e-06 -5.9889e-05 -1.95826e-05 -9.44979e-05 -1.52699e-05 -2.21358e-06 3.51045e-05 5.00153e-05 1.24682e-05 -1.12276e-05 0.000137495 0.000186057 0.000278009 1.38044e-05 -2.80421e-06 -2.36319e-05 -1.91142e-05 5.50602e-05 -2.89402e-05 -7.26824e-05 -5.05588e-05 -7.35703e-05 -0.00013226 -0.000176974 -0.000105763 -1.44884e-05 -7.36804e-05 1.94797e-05
internal_weight=568787 97848 470939 3677 3037 1667 1081 467262 7271 6673 4677 4070 1996 1548 918 3667 459991 23473 22991 2684 20307 5033 4492 3899 2343 1842 1106 15274 2897 1200
internal_count=568787 97848 470939 3677 3037 1667 1081 467262 7271 6673 4677 4070 1996 1548 918 3667 459991 23473 22991 2684 20307 5033 4492 3899 2343 1842 1106 15274 2897 1200
is_linear=0
shrinkage=0.03


Tree=171
num_leaves=31
num_cat=0
split_feature=8 23 38 39 8 23 23 28 23 16 31 39 18 6 38 23 5 1 18 31 12 31 12 1 26 17 38 24 38 39
split_gain=0.012003 0.0212263 0.0208066 0.0304205 0.0209894 0.0206873 0.0584846 0.0283976 0.023007 0.0276114 0.0149333 0.0141591 0.0138747 0.0129824 0.0124903 0.0122099 0.0209823 0.0183229 0.0269588 0.0303696 0.0225088 0.0124076 0.0107231 0.0189024 0.0186831 0.0196756 0.0154476 0.0159847 0.0198256 0.0143937
threshold=0.46441236138343817 0.48443555831909185 -0.27154105901718134 0.49293276667594915 0.49126620590686804 0.39966443181037908 0.43962624669075018 -0.045141067355871194 0.010135597549378874 -0.21887913346290586 0.030252186581492427 0.48418948054313665 -0.46641474962234492 0.40458683669567114 0.48662193119525915 0.34589572250843054 0.038734316825866706 0.49303127825260168 0.45196153223514562 -0.17844655364751813 0.41166466474533087 -0.11185250431299208 0.34589572250843054 0.48662193119525915 0.41289757192134863 -0.37241181731224055 0.4385290145874024 0.10409675538539888 0.19757670909166339 0.39212159812450414
decision_type=2 2 8 2 2 2 2 2 2 2 2 2 2 8 10 2 10 2 2 2 2 2 2 2 2 2 8 2 10 2
left_child=-1 2 3 11 12 8 10 -8 -6 13 -7 15 -4 -10 22 16 -2 18 19 -17 -21 -18 29 24 25 -24 27 -27 -29 -14
right_child=1 -3 4 -5 5 6 7 -9 9 -11 -12 -13 14 -15 -16 17 21 -19 -20 20 -22 -23 23 -25 -26 26 -28 28 -30 -31
leaf_value=1.4320188599852091e-06 0.00013367705482634782 -0.00019160706923945425 -0.00021297370805451824 0.00021342127810796696 0.00016795219548517779 0.00041410674394992203 7.75429589527354e-05 -0.00020610718061100662 0.00011811305495258317 -0.00016645344045673795 0.00015175974309237551 -0.00015116325560032392 -6.1178806756306619e-05 -8.890470732895882e-05 9.7933523088811292e-05 0.00038621846239230551 2.7114008805577159e-05 -8.4440647170870589e-05 -8.0699159674019552e-05 -1.5638342775678743e-05 0.0002619301715256361 -0.00012039059225583401 5.4917016216388153e-05 7.4173822176607852e-05 -0.00030977128726708937 -0.00021771128346647611 -0.00029600354031935304 -0.0001460746085487137 7.4995828465326597e-05 4.7474281553881338e-05
leaf_weight=546051 591 627 492 706 411 402 773 525 679 1291 406 463 3933 442 473 417 806 558 504 706 408 1388 629 511 404 671 421 757 688 1512
leaf_count=546051 591 627 492 706 411 402 773 525 679 1291 406 463 3933 442 473 417 806 558 504 706 408 1388 629 511 404 671 421 757 688 1512
internal_value=5.45259e-07 -2.08771e-05 -1.5919e-05 2.88595e-05 -3.49373e-05 1.61044e-05 8.70476e-05 -3.78832e-05 -3.69407e-05 -7.24034e-05 0.000285751 6.22493e-06 -5.89109e-05 3.64235e-05 -5.1125e-05 2.00301e-05 -2.35567e-05 6.6755e-05 0.000108423 0.000170801 8.74464e-05 -6.63253e-05 -5.86212e-05 -9.53409e-05 -0.000119744 -9.45967e-05 -0.000131736 -9.78144e-05 -4.10255e-05 -3.09757e-05
internal_weight=568645 22594 21967 6547 15420 4929 2106 1298 2823 2412 808 5841 10491 1121 9999 5378 2785 2593 2035 1531 1114 2194 9526 4081 3570 3166 2537 2116 1445 5445
internal_count=568645 22594 21967 6547 15420 4929 2106 1298 2823 2412 808 5841 10491 1121 9999 5378 2785 2593 2035 1531 1114 2194 9526 4081 3570 3166 2537 2116 1445 5445
is_linear=0
shrinkage=0.03


Tree=172
num_leaves=31
num_cat=0
split_feature=29 17 20 21 39 6 28 25 0 8 6 30 30 6 31 6 17 37 14 8 4 21 12 27 39 38 38 2 0 31
split_gain=0.0114672 0.0142548 0.0134503 0.0117019 0.0257371 0.0290829 0.0364452 0.0149579 0.0199821 0.0141079 0.0243583 0.0302545 0.0290082 0.022946 0.0193115 0.022637 0.0378164 0.0243707 0.0216948 0.0196662 0.0191445 0.018458 0.0154017 0.0164964 0.0146157 0.0150148 0.0258295 0.0183634 0.0227722 0.0222761
threshold=0.29197315871715551 0.3447438925504685 -0.39138861000537867 -0.48653183877468104 0.4463686496019364 0.38533127307891851 -0.11071263998746871 0.37251612544059759 0.34589572250843054 0.45307256281375891 0.46743549406528478 0.050361584872007377 0.25170098245143896 0.48512990772724157 0.42620199918746954 0.40094549953937536 0.43133513629436498 -0.092169135808944688 -0.016722595319151875 0.49245272576808935 0.41950166225433355 -0.14426303654909131 0.46441236138343817 0.466554805636406 -0.13082086294889447 0.25731724500656133 0.11754836142063142 0.45986577868461614 0.35844881832599645 -0.10399362072348593
decision_type=2 2 10 8 2 8 2 2 2 2 10 2 2 10 2 10 2 2 2 2 2 10 2 2 2 10 8 2 2 2
left_child=3 -2 -3 4 7 -6 -7 -1 -9 -5 14 -12 -13 -14 15 17 22 19 -19 -11 -21 -15 23 -17 -20 26 -26 -27 29 -29
right_child=1 2 -4 9 5 6 -8 8 -10 10 11 12 13 21 -16 16 -18 18 24 20 -22 -23 -24 -25 25 27 -28 28 -30 -31
leaf_value=4.249974613576438e-05 1.3820732418764775e-05 -0.00017972249246045899 -8.715276336186647e-06 -1.6230682154805614e-06 0.00025849905759266228 0.00018755507601048206 -0.00015167718669377951 -7.3244395495340069e-05 0.00014131264686675622 9.528215358692987e-06 0.00028416983179539945 -0.00021483309670552092 0.00018326036100334021 0.00012425632109612384 -0.00015608242334204907 -0.00016759061380279953 0.00013771246122114338 -0.00015563411919595371 -0.00015465871703407026 9.8058327106606066e-06 0.00028681334526064805 -0.00013285480826608065 -0.0003100974282309512 -8.2367985232849602e-07 7.8371573841510621e-06 -5.6266321576697657e-05 -0.00019648357253480064 0.00037156046766633323 -4.2418193132272625e-05 7.175086150846878e-05
leaf_weight=4225 93534 411 24870 421289 849 589 534 2773 445 4065 428 406 790 408 1217 1637 499 1371 656 405 496 621 418 790 1851 875 786 401 507 501
leaf_count=4225 93534 411 24870 421289 849 589 534 2773 445 4065 428 406 790 408 1217 1637 499 1371 656 405 496 621 418 790 1851 875 786 401 507 501
internal_value=1.29772e-07 8.41866e-06 -1.15653e-05 -2.05973e-06 3.10163e-05 0.000127086 2.63311e-05 5.42661e-06 -4.32286e-05 -2.7675e-06 -2.79592e-05 5.62568e-05 1.13403e-05 6.27206e-05 -4.15465e-05 -3.23147e-05 -0.000101165 -1.29214e-05 -4.91663e-05 3.77863e-05 0.000163773 -3.06951e-05 -0.000143398 -0.000113533 -2.27615e-05 -4.9008e-06 -5.35761e-05 5.1286e-05 0.000118003 0.000207649
internal_weight=568647 118815 25281 449832 9415 1972 1123 7443 3218 440417 19128 2653 2225 1819 16475 15258 3344 11914 6948 4966 901 1029 2845 2427 5577 4921 2637 2284 1409 902
internal_count=568647 118815 25281 449832 9415 1972 1123 7443 3218 440417 19128 2653 2225 1819 16475 15258 3344 11914 6948 4966 901 1029 2845 2427 5577 4921 2637 2284 1409 902
is_linear=0
shrinkage=0.03


Tree=173
num_leaves=31
num_cat=0
split_feature=1 0 26 3 29 27 28 26 21 0 0 18 29 36 24 25 0 11 3 36 17 20 3 29 27 19 25 5 0 10
split_gain=0.00926078 0.0214513 0.0192775 0.0285111 0.0243093 0.0299233 0.033595 0.0305405 0.03806 0.0322684 0.026383 0.0243627 0.02304 0.0210092 0.0412129 0.0290708 0.0241318 0.020664 0.0195103 0.0188444 0.01838 0.0167295 0.0166735 0.0162167 0.0241803 0.0178521 0.0177713 0.0234997 0.0230924 0.0261008
threshold=0.31787468492984777 0.47118844091892248 -0.29282496869564051 0.49664428830146795 -0.21803475916385648 0.31153479218482977 -0.078272271901369081 0.030252186581492427 -0.47306366264820093 0.41950166225433355 0.2382863983511925 0.33895461261272436 0.49111093580722814 0.2984785288572312 0.35844881832599645 0.40614514052867895 0.49103121459484106 0.27187095582485205 0.49664428830146795 0.45801258087158209 0.28547459840774542 0.11754836142063142 0.41289757192134863 0.15144564956426623 0.48662193119525915 -0.35231085121631617 0.47952194511890417 0.40392307937145239 0.47993287444114691 0.41856157779693609
decision_type=2 2 2 2 2 2 2 2 8 2 2 2 2 2 2 2 2 2 2 2 2 8 2 2 2 8 2 8 2 2
left_child=1 -1 3 12 5 19 7 11 -9 10 -10 21 -2 -11 -15 -16 -17 -12 -8 -4 22 -7 -3 -6 26 -26 28 -28 -25 -30
right_child=2 20 4 -5 23 6 18 8 9 13 17 -13 -14 14 15 16 -18 -19 -20 -21 -22 -23 -24 24 25 -27 27 -29 29 -31
leaf_value=1.0687450189874605e-06 -4.2483741015381319e-05 -4.503921445661089e-05 -7.1491758680209221e-07 -0.00028078790886582348 -2.9471287182167589e-05 0.00025812469257629496 1.4747275199418973e-05 -0.00016723994399118168 0.00010509079897247914 0.00031789717065135729 5.0821137927672891e-05 0.0003658274376571218 0.00015602716187356486 -0.00011865033919044003 4.7232092268791543e-05 0.00046911685120980213 0.00014518208007774182 -0.00019036823863153205 -0.00018888655428963034 -0.00014199951788760196 0.00023897761244460534 1.4046301899346652e-05 0.00018211556496073052 1.124795264494022e-05 5.1994499830488499e-05 -0.00018113093089989736 -1.4312146024376242e-05 0.00025290735953785464 -2.6732006584529438e-05 -0.00024861150177373257
leaf_weight=461440 12312 798 16423 426 31456 439 5759 576 1360 593 567 572 540 504 696 418 426 713 447 886 596 581 445 24881 403 1062 582 591 1829 637
leaf_count=461440 12312 798 16423 426 31456 439 5759 576 1360 593 567 572 540 504 696 418 426 713 447 886 596 581 445 24881 403 1062 582 591 1829 637
internal_value=-3.50647e-07 1.4774e-06 -8.36388e-06 -4.21503e-05 -3.50475e-06 1.81685e-05 5.13622e-05 9.42861e-05 6.239e-05 8.77236e-05 1.34573e-05 0.000210431 -3.40281e-05 0.000161743 0.000115112 0.000191889 0.000309229 -8.39631e-05 -2.00149e-07 -8.0247e-06 0.000103457 0.000120582 3.70877e-05 -1.4427e-05 1.35979e-06 -0.000117084 7.48284e-06 0.000121323 2.55733e-06 -8.4819e-05
internal_weight=568958 463279 105679 13278 92401 30960 13651 7445 5853 5277 2640 1592 12852 2637 2044 1540 844 1280 6206 17309 1839 1020 1243 61441 29985 1465 28520 1173 27347 2466
internal_count=568958 463279 105679 13278 92401 30960 13651 7445 5853 5277 2640 1592 12852 2637 2044 1540 844 1280 6206 17309 1839 1020 1243 61441 29985 1465 28520 1173 27347 2466
is_linear=0
shrinkage=0.03


Tree=174
num_leaves=31
num_cat=0
split_feature=36 10 24 29 29 17 37 11 29 36 2 30 14 28 22 20 29 26 6 24 10 22 10 3 39 12 31 31 39 12
split_gain=0.0096861 0.0264199 0.0302744 0.0287982 0.0411961 0.0221052 0.0283267 0.0215887 0.0197481 0.0196904 0.0262013 0.0276356 0.0196385 0.0183705 0.016884 0.0229369 0.0232381 0.0175278 0.0264127 0.0161592 0.0258378 0.0208321 0.025733 0.0160432 0.0188343 0.0229462 0.0135788 0.0396488 0.0135777 0.0231388
threshold=0.48406349122524267 -0.35901738703250879 0.36581273376941686 -0.23817513883113858 0.28547459840774542 -0.45298065245151514 -0.49664428830146784 0.4516685158014298 -0.016901542432606217 0.47718597948551184 0.43133513629436498 0.45307256281375891 -0.37915775179862971 -0.23151255398988721 0.2385489493608475 0.3188691139221192 -0.023463716730475422 -0.26490327715873713 0.31226503849029547 0.47094413638114935 0.31125478446483618 -0.0062509768176823846 0.466554805636406 0.28454907238483435 0.48662193119525915 0.25769412517547613 0.15108475089073184 -0.10535266622900961 0.49293276667594915 0.41827458143234258
decision_type=2 2 2 2 2 2 2 2 2 2 2 2 2 2 10 8 2 2 8 2 2 10 2 2 2 2 2 2 2 2
left_child=9 3 7 -2 -5 6 -4 -3 -9 28 13 12 -12 -11 15 17 -17 18 -7 20 -19 22 23 -21 -25 -26 27 -16 -1 -30
right_child=1 2 5 4 -6 14 -8 8 -10 10 11 -13 -14 -15 26 16 -18 19 -20 21 -22 -23 -24 24 25 -27 -28 -29 29 -31
leaf_value=3.8919703143834987e-07 -7.5597428637612452e-05 -3.1332633364047885e-05 0.00027053422872842624 0.00038348570904024517 -2.5392762707723513e-05 -2.5444823325167153e-06 -4.0329154151533931e-05 -0.00039876564811903889 -0.00010986969019795306 9.1275443252536464e-05 0.00025282460674993043 0.00036644969991830563 -2.3178170404616029e-06 -8.8817704171017842e-05 -0.0002043090761416475 0.00024526447736730045 -3.734498091300562e-05 6.294787921807571e-05 -0.00033810789225600571 0.00010137675662615969 -0.00024288196499458304 0.00020238809493751799 0.00018913203661286227 -0.00023576070278851456 0.00012766778993336629 -0.00016106431683739141 -0.00023225881295798096 0.00015792642357048041 0.0001773603615980931 -8.590203662326809e-05
leaf_weight=553606 554 610 489 480 403 430 555 455 412 979 403 421 792 1042 661 543 493 413 405 420 602 460 441 603 465 508 629 448 941 432
leaf_count=553606 554 610 489 480 403 430 555 455 412 979 403 421 792 1042 661 543 493 413 405 420 602 460 441 603 465 508 629 448 941 432
internal_value=5.19554e-07 -2.67473e-05 -4.39796e-05 9.31471e-05 0.000198679 -2.22584e-05 0.000106462 -0.000168942 -0.0002643 1.08033e-06 7.05601e-05 0.000160208 8.51101e-05 -1.55825e-06 -4.02438e-05 -1.55191e-05 0.000111708 -4.3462e-05 -0.000167378 -1.66533e-05 -0.000119041 1.95055e-05 -1.57008e-05 -6.16742e-05 -0.000105492 -2.31832e-05 -0.000121953 -5.78741e-05 6.23736e-07 9.45054e-05
internal_weight=570095 11479 10042 1437 883 8565 1044 1477 867 558616 3637 1616 1195 2021 7521 5783 1036 4747 835 3912 1015 2897 2437 1996 1576 973 1738 1109 554979 1373
internal_count=570095 11479 10042 1437 883 8565 1044 1477 867 558616 3637 1616 1195 2021 7521 5783 1036 4747 835 3912 1015 2897 2437 1996 1576 973 1738 1109 554979 1373
is_linear=0
shrinkage=0.03


Tree=175
num_leaves=31
num_cat=0
split_feature=14 0 17 19 36 17 14 6 6 14 39 12 0 16 19 6 29 35 35 14 36 22 8 16 19 21 6 22 25 25
split_gain=0.00918697 0.043339 0.0134553 0.0242761 0.0169725 0.0125858 0.0176083 0.0140849 0.0191592 0.0126716 0.0122591 0.0105436 0.0174303 0.0347819 0.0382312 0.0324303 0.0485509 0.0342325 0.0335821 0.0355178 0.0349117 0.0288147 0.0443347 0.0287167 0.0329479 0.0259417 0.0255266 0.019831 0.0202412 0.0179107
threshold=0.49664428830146795 0.47696729004383093 0.49221777915954595 0.47083835303783422 0.17118690907955172 0.49664428830146795 -0.045141067355871194 0.44139115512371069 0.22444961965084079 0.31139807403087622 0.16435961425304416 0.016816227696835998 0.47696729004383093 0.466554805636406 -0.49664428830146784 0.47069558501243597 -0.21206060796976087 0.38509631156921392 0.49664428830146795 -0.10399362072348593 0.45202739536762243 -0.23817513883113858 0.19775807857513431 -0.13786315172910688 -0.46641474962234492 -0.22523277997970578 0.33189558982849127 0.2385489493608475 0.39273729920387274 0.34589572250843054
decision_type=2 2 2 8 2 2 2 10 10 2 2 2 2 2 10 10 2 2 2 2 2 10 2 2 10 10 10 10 2 2
left_child=5 2 3 -2 -5 11 -7 8 9 -8 -11 -1 29 14 -14 17 -17 23 20 25 27 22 -22 24 -16 -20 -23 28 -19 -13
right_child=1 -3 -4 4 -6 6 7 -9 -10 10 -12 12 13 -15 15 16 -18 18 19 -21 21 26 -24 -25 -26 -27 -28 -29 -30 -31
leaf_value=3.9607951980255474e-06 -2.5153459848328945e-05 0.00033153976309702713 -7.1574643100130308e-05 1.7606565627374945e-05 0.0002537492390758713 0.00024178299202029171 -8.4872696250805839e-05 0.00019174640878959572 -0.00017422195032932447 -1.3335736745578123e-05 0.00015798803845129138 -7.4371577498842732e-06 -0.00019150953639223884 -0.00025272832664248766 0.00018489418782155552 0.00037462385033601057 -2.1575501933878974e-05 -9.6312751619727187e-06 5.9578457155184552e-06 -0.00011555854762105197 -0.00027084054348634729 -0.00018137586324040738 0.00014643883152554434 0.00015140605398612171 -0.00013117059165644669 0.00032724971282677552 -0.00046181022934782941 0.00014000946263099004 -0.0002539847672687756 1.043982167190594e-05
leaf_weight=292684 1617 416 1177 470 652 404 510 416 432 643 890 188482 1135 645 410 463 674 1091 442 677 458 790 440 1425 1004 454 477 489 414 68858
leaf_count=292684 1617 416 1177 470 652 404 510 416 432 643 890 188482 1135 645 410 463 674 1091 442 677 458 790 440 1425 1004 454 477 489 414 68858
internal_value=6.98825e-07 4.41698e-05 1.28755e-05 4.92937e-05 0.00015586 3.64632e-07 5.87362e-05 3.24113e-05 4.96624e-06 4.35203e-05 8.65075e-05 2.10627e-08 -4.26827e-06 -4.04069e-05 -2.75557e-05 -8.20984e-06 0.000141621 -2.82278e-05 -7.0383e-05 4.74719e-05 -0.000114965 -0.000198096 -6.70219e-05 5.68327e-05 -3.88704e-05 0.00017057 -0.000289743 -2.41661e-05 -7.80816e-05 -2.65349e-06
internal_weight=569139 4332 3916 2739 1122 564807 3295 2891 2475 2043 1533 561512 268828 11488 10843 9708 1137 8571 5732 1573 4159 2165 898 2839 1414 896 1267 1994 1505 257340
internal_count=569139 4332 3916 2739 1122 564807 3295 2891 2475 2043 1533 561512 268828 11488 10843 9708 1137 8571 5732 1573 4159 2165 898 2839 1414 896 1267 1994 1505 257340
is_linear=0
shrinkage=0.03


Tree=176
num_leaves=31
num_cat=0
split_feature=38 5 31 24 6 7 25 38 15 38 31 36 5 30 28 0 29 29 6 4 36 1 5 29 15 1 15 24 36 36
split_gain=0.0158198 0.0379198 0.0295375 0.0218309 0.0224555 0.027015 0.0152996 0.0110913 0.00962126 0.014247 0.0103825 0.009544 0.0279882 0.00955072 0.0277809 0.0465703 0.0208835 0.0322641 0.0265224 0.0232711 0.020111 0.0158362 0.0169325 0.0108565 0.0147052 0.013694 0.0115238 0.0122546 0.0110657 0.0110528
threshold=-0.49664428830146784 0.42796397209167486 0.19131659716367724 0.33816526830196386 0.26339980959892279 -0.22480142861604688 0.30546234548091894 -0.31205530464649195 -0.45298065245151514 0.14504440873861316 -0.39930471777915949 0.49664428830146795 0.29853430390357977 0.41289757192134863 -0.39258971810340876 0.43133513629436498 -0.18511227518320081 -0.004717400996014475 0.27154105901718145 0.29835322499275213 0.43962624669075018 0.48662193119525915 0.44561520218849188 0.063794087618589415 -0.44627264142036432 -0.44627264142036432 -0.46641474962234492 0.45782060921192175 0.38593547046184545 0.30546234548091894
decision_type=8 8 2 2 10 2 2 10 2 10 2 2 10 2 2 2 2 2 8 2 2 2 8 2 2 2 2 2 2 2
left_child=1 3 -3 -1 5 -5 -7 11 9 10 -9 13 -13 21 20 23 18 -18 -17 -19 -15 -2 -23 25 -25 -16 29 -28 -26 -27
right_child=7 2 -4 4 -6 6 -8 8 -10 -11 -12 12 -14 14 15 16 17 19 -20 -21 -22 22 -24 24 28 26 27 -29 -30 -31
leaf_value=2.7287563200991677e-05 1.1068842109055324e-05 -0.00020250423617048632 0.00011074761078337649 0.00032347068749652132 0.00037805286632968294 0.00015660918252609408 -9.2821022529792767e-05 -0.0001277625123222846 8.2169913754924986e-08 -6.9356888753164872e-05 1.0590090480365454e-05 0.00022902676348088527 -5.5086205128247444e-05 3.7213021136311056e-05 -0.00015418905955490392 0.00011870015915974362 -0.00038455298331103419 4.6271851952107031e-05 -0.00019271657988204842 -0.0002377727231714825 0.00028340588422460871 0.000229745416791979 -1.2162440436520188e-05 -6.4406166188075338e-05 5.1320930737520173e-05 -8.9847367789122629e-06 -1.2001889752792908e-05 -0.00016750573702200143 0.00021272861461947218 0.00014697939238483032
leaf_weight=1427 93359 725 421 400 409 417 450 520 445227 4490 6175 639 595 1072 612 499 587 481 467 547 406 605 450 722 1515 921 2978 529 506 724
leaf_count=1427 93359 725 421 400 409 417 450 520 445227 4490 6175 639 595 1072 612 499 587 481 467 547 406 605 450 722 1515 921 2978 529 506 724
internal_value=1.87345e-06 5.94753e-05 -8.7464e-05 0.00011385 0.000186952 0.000122786 2.75649e-05 1.43893e-06 -6.08506e-07 -2.80769e-05 -3.30264e-07 1.00736e-05 9.26939e-05 9.11201e-06 -1.54494e-05 -3.17583e-05 -0.000143113 -0.000208799 -3.22822e-05 -0.000105703 0.000106291 1.23823e-05 0.000127417 2.15479e-06 5.11758e-05 -2.12218e-05 -5.15869e-06 -3.58679e-05 9.25812e-05 6.01318e-05
internal_weight=568875 4249 1146 3103 1676 1267 867 564626 456412 11185 6695 108214 1234 106980 12566 11088 2581 1615 966 1028 1478 94414 1055 8507 2743 5764 5152 3507 2021 1645
internal_count=568875 4249 1146 3103 1676 1267 867 564626 456412 11185 6695 108214 1234 106980 12566 11088 2581 1615 966 1028 1478 94414 1055 8507 2743 5764 5152 3507 2021 1645
is_linear=0
shrinkage=0.03


Tree=177
num_leaves=31
num_cat=0
split_feature=2 35 29 18 21 4 0 23 29 23 19 26 2 29 35 39 25 26 22 14 8 31 22 19 23 6 25 0 24 22
split_gain=0.011282 0.0318944 0.0258775 0.0175798 0.0207543 0.0126207 0.0162183 0.0132939 0.0125651 0.0101441 0.0109686 0.0140537 0.0124053 0.0105712 0.0210071 0.01402 0.0203338 0.0128955 0.0158798 0.0113432 0.0106489 0.0196944 0.0172689 0.0180657 0.019192 0.0421897 0.0235773 0.0319057 0.0159708 0.0305634
threshold=-0.49277968704700464 0.33189558982849127 -0.19795162230730054 -0.37241181731224055 0.23162547498941424 -0.4394956231117248 -0.43286086618900294 -0.057004502043128007 -0.36572171747684473 -0.42605021595954889 -0.3184868842363357 -0.47306366264820093 0.42530338466167456 0.466554805636406 0.49118925631046301 0.41844293475151068 0.48586554825305944 0.29197315871715551 0.33830955624580389 0.45986577868461614 0.466554805636406 -0.4798318743705749 -0.48653183877468104 -0.38519051671028132 0.42530338466167456 0.45617236196994787 0.43820796906948095 0.37853804230690008 0.48615899682044988 0.21887913346290591
decision_type=2 2 2 2 10 2 2 2 2 2 10 2 2 2 2 2 2 2 8 2 2 2 10 10 2 8 2 2 2 10
left_child=1 3 -3 4 -1 6 -5 -7 -9 10 -2 -12 -13 20 15 19 17 18 -17 -15 -11 -22 -23 24 26 -26 -24 -28 -25 -30
right_child=9 2 -4 5 -6 7 -8 8 -10 13 11 12 -14 14 -16 16 -18 -19 -20 -21 21 22 23 28 25 -27 27 -29 29 -31
leaf_value=-1.7897287407254054e-05 4.8703560576367827e-05 -0.00033341436640437708 -2.4794041140849645e-05 -0.00021419817262163056 0.000238223271020927 -9.2772342816475564e-05 -2.1713454262639468e-05 0.00017733691318754294 1.2518365865143795e-07 -5.7596561290889256e-07 0.00013802926552208922 3.0849233994732667e-06 0.00014438460054074133 1.2000332141472822e-05 0.00023142527773075287 4.788688079400389e-05 0.00023667662676686441 0.00018879974518026693 -0.0001498442436857524 -8.2258459572515959e-05 0.00018193455717271982 -0.00018944427921945229 -4.1010413525582058e-05 -5.050919917385511e-05 -0.00021757341608626824 0.00010000914510698067 7.3788698176695445e-05 0.00038318728575403085 0.00017095324672214968 -9.9807430811496139e-05
leaf_weight=655 7024 539 444 687 492 911 912 478 1374 480897 722 36147 558 13965 409 1997 551 428 437 1242 400 570 834 12224 702 790 1136 401 848 658
leaf_count=655 7024 539 444 687 492 911 912 478 1374 480897 722 36147 558 13965 409 1997 551 428 437 1242 400 570 834 12224 702 790 1136 401 848 658
internal_value=1.24918e-07 -3.91664e-05 -0.000195671 -1.09366e-05 9.30738e-05 -3.84368e-05 -0.000105231 4.5811e-07 4.65702e-05 5.78726e-07 1.4331e-05 7.86894e-06 5.27174e-06 -6.00535e-07 2.13395e-05 1.66031e-05 7.14573e-05 3.89355e-05 1.19184e-05 4.25294e-06 -1.43684e-06 -2.37266e-05 -2.83534e-05 -2.30295e-05 3.422e-05 -4.98701e-05 8.71227e-05 0.000156465 -3.91501e-05 5.27748e-05
internal_weight=569432 6492 983 5509 1147 4362 1599 2763 1852 562940 44451 37427 36705 518489 19029 18620 3413 2862 2434 15207 499460 18563 18163 17593 3863 1492 2371 1537 13730 1506
internal_count=569432 6492 983 5509 1147 4362 1599 2763 1852 562940 44451 37427 36705 518489 19029 18620 3413 2862 2434 15207 499460 18563 18163 17593 3863 1492 2371 1537 13730 1506
is_linear=0
shrinkage=0.03


Tree=178
num_leaves=31
num_cat=0
split_feature=39 22 23 18 0 20 23 11 22 17 14 17 8 35 19 20 29 22 24 28 31 2 19 28 39 22 23 21 22 20
split_gain=0.0112862 0.0264205 0.0291897 0.0234392 0.0215281 0.036233 0.0390202 0.0329915 0.0197445 0.0444825 0.0446317 0.0275546 0.04572 0.0258167 0.0246167 0.0200212 0.0179121 0.0286543 0.0340824 0.0384044 0.0158383 0.0292053 0.0226215 0.0154548 0.0183899 0.0154337 0.0301128 0.0224269 0.0240209 0.0229376
threshold=0.45782060921192175 0.48662193119525915 0.48443555831909185 0.40614514052867895 0.48596473038196569 0.4186519086360932 0.40558609366416937 0.15780642628669742 0.40583972632884985 0.39273729920387274 0.39273729920387274 0.47718597948551184 0.1245805360376835 0.4385290145874024 0.45202739536762243 0.12396581098437311 -0.41272504627704615 0.15747082233428958 0.39822661876678472 -0.090577606111764894 -0.35901738703250879 0.45307256281375891 -0.2781506478786468 -0.016722595319151875 0.47993287444114691 0.30546234548091894 0.32465183734893804 -0.48653183877468104 0.27113538980484014 0.47152988612651831
decision_type=2 10 2 2 2 8 2 2 8 2 2 2 2 2 10 8 2 10 2 2 2 2 10 2 2 10 2 10 10 10
left_child=4 2 8 -3 -1 6 7 -6 11 10 13 16 -13 15 -14 -10 17 18 -2 -20 21 23 -23 24 -18 27 -27 -22 29 -29
right_child=1 3 -4 -5 5 -7 -8 -9 9 -11 -12 12 14 -15 -16 -17 20 -19 19 -21 25 22 -24 -25 -26 26 -28 28 -30 -31
leaf_value=-5.5510581614175108e-07 -0.00017765195900625732 1.1684177384216176e-05 -0.00018696432955685668 -0.00030183902616130086 -4.2905634250073709e-05 0.00016490553663009319 0.00011342531147571813 -0.00031935093126365661 0.0001369233617636243 -0.00011931343167435581 0.00045922133297652672 -5.0340322403613717e-05 0.0003857294718336516 0.00029404773555759077 8.2115162613132685e-05 -0.0001348202908477767 0.00017037751278776978 -0.00024889982514830945 0.00024479094091334192 -0.00012159706427102716 0.00019120340350748307 -0.00033111335086550555 -2.9018368274933494e-05 -0.00010821862277945191 -7.2948127258636931e-05 8.7322186061845213e-05 -0.00018861304232813117 1.7527966994220076e-05 0.00024998929799212853 0.00023404543763478469
leaf_weight=540552 634 429 564 418 654 410 422 960 538 563 402 695 599 427 408 430 775 576 634 421 837 456 432 536 427 650 765 12940 431 446
leaf_count=540552 634 429 564 418 654 410 422 960 538 563 402 695 599 427 408 430 775 576 634 421 837 456 432 536 427 650 765 12940 431 446
internal_value=-2.5749e-08 1.9113e-05 2.45923e-05 -0.000144758 -9.57755e-07 -8.95764e-05 -0.000141378 -0.000208288 2.94336e-05 0.000111833 0.000184511 2.0807e-05 0.000136532 0.000102642 0.000264733 1.60665e-05 1.13492e-05 -6.81434e-05 -5.39778e-06 9.88141e-05 2.10115e-05 -4.71716e-05 -0.000186108 2.44741e-05 8.40495e-05 3.21764e-05 -6.21351e-05 4.13193e-05 3.2108e-05 2.49113e-05
internal_weight=569431 26433 25586 847 542998 2446 2036 1614 25022 2360 1797 22662 1702 1395 1007 968 20960 2265 1689 1055 18695 2626 888 1738 1202 16069 1415 14654 13817 13386
internal_count=569431 26433 25586 847 542998 2446 2036 1614 25022 2360 1797 22662 1702 1395 1007 968 20960 2265 1689 1055 18695 2626 888 1738 1202 16069 1415 14654 13817 13386
is_linear=0
shrinkage=0.03


Tree=179
num_leaves=31
num_cat=0
split_feature=19 39 37 30 21 14 29 19 39 37 2 31 39 31 7 19 12 30 22 39 0 37 12 22 12 39 37 2 6 29
split_gain=0.0113466 0.0224028 0.0290538 0.00830012 0.00818086 0.013137 0.00814022 0.0122925 0.0235467 0.0163164 0.014451 0.0110507 0.0100411 0.021267 0.0196391 0.0274215 0.0217317 0.0149307 0.0137496 0.0187205 0.0112164 0.0108784 0.00946321 0.0178589 0.0323534 0.0431412 0.0174582 0.0183978 0.0281447 0.0331545
threshold=0.49664428830146795 0.45782060921192175 0.49261982738971716 0.1782912686467171 0.48662193119525915 0.43310962617397314 0.28547459840774542 0.49126620590686804 0.33277405798435217 0.45694290101528173 0.45793896913528448 0.20472994446754458 0.45782060921192175 0.39138861000537878 0.15800719708204272 -0.44627264142036432 0.33895461261272436 0.31848688423633581 -0.25850497186183924 0.48418948054313665 0.47696729004383093 -0.032659487798809998 0.016816227696835998 -0.43286086618900294 0.16554810106754306 0.47318433225154882 0.33277405798435217 -0.010033556725829838 0.29133562743663793 -0.20462171733379361
decision_type=10 2 2 2 10 2 2 10 2 2 2 2 2 2 2 10 2 2 10 2 2 2 2 8 2 2 2 2 10 2
left_child=6 3 -3 -2 5 -5 22 9 -9 12 11 -11 20 14 15 -14 -16 -17 -18 -20 -8 -19 -1 24 25 -24 27 -26 -29 -30
right_child=1 2 -4 4 -6 -7 7 8 -10 10 -12 -13 13 -15 16 17 18 21 19 -21 -22 -23 23 -25 26 -27 -28 28 29 -31
leaf_value=1.9107641346498612e-06 -5.3016190401912338e-05 -3.5247966550441468e-07 -0.0003505632024547843 -1.6870917157243733e-05 -4.8301133516972879e-05 0.00021947637189018171 7.2299760066495479e-06 -2.7257201940519733e-05 0.00027386740735351308 -7.5940900833811918e-05 -0.00021386967930892651 2.0767772291754693e-05 -0.00024407492897894585 0.00025034316420418799 0.00023876179699038752 -4.9332185262903801e-05 0.00014246002274709779 0.00020230689546231673 7.5895814683751928e-05 -0.00012870967406801719 -0.00011028266203663614 3.444474408020384e-06 -5.7793742452855549e-06 -4.2320541063533329e-06 -2.9116591154239594e-05 0.00029677989430407524 9.3628483260081182e-05 -0.00017945560728301123 -0.00014571877243575051 8.3278971150823263e-05
leaf_weight=270865 2004 402 444 423 537 411 108594 490 434 2310 422 1957 431 415 628 1401 808 484 972 672 726 497 4103 159154 3509 463 531 2925 1204 1062
leaf_count=270865 2004 402 444 423 537 411 108594 490 434 2310 422 1957 431 415 628 1401 808 484 972 672 726 497 4103 159154 3509 463 531 2925 1204 1062
internal_value=-7.41565e-08 -4.90196e-05 -0.000186099 -1.421e-05 4.24864e-05 0.000100823 2.92329e-07 7.18121e-06 0.000115598 6.33907e-06 -4.84623e-05 -3.1642e-05 8.5654e-06 4.53386e-05 3.0502e-05 -2.67654e-05 8.27223e-05 1.34106e-05 4.19504e-05 -8.01107e-06 6.43955e-06 0.000102609 -1.58969e-06 -7.07167e-06 -3.98009e-05 2.54822e-05 -7.20851e-05 -8.22952e-05 -0.000118118 -3.85007e-05
internal_weight=569278 4221 846 3375 1371 834 565057 121241 924 120317 4689 4267 115628 6308 5893 2813 3080 2382 2452 1644 109320 981 443816 172951 13797 4566 9231 8700 5191 2266
internal_count=569278 4221 846 3375 1371 834 565057 121241 924 120317 4689 4267 115628 6308 5893 2813 3080 2382 2452 1644 109320 981 443816 172951 13797 4566 9231 8700 5191 2266
is_linear=0
shrinkage=0.03


Tree=180
num_leaves=31
num_cat=0
split_feature=18 16 9 28 24 11 36 36 7 9 38 27 14 27 0 0 11 25 0 31 0 8 36 16 23 3 26 24 39 28
split_gain=0.0085407 0.0173221 0.0171699 0.0126463 0.0202484 0.0116007 0.0160377 0.0111061 0.0185116 0.0274396 0.0268 0.011262 0.0255828 0.0166251 0.0279818 0.0156096 0.0300268 0.0152622 0.0141365 0.0114122 0.0110937 0.0101924 0.0226429 0.0198112 0.0320129 0.0116673 0.0266102 0.043863 0.0142338 0.0210235
threshold=0.33277405798435217 -0.48653183877468104 0.49293276667594915 -0.49277968704700464 0.40614514052867895 0.40614514052867895 0.47132579982280737 0.48662193119525915 -0.078053325414657579 0.49664428830146795 0.245688371360302 0.49664428830146795 0.37251612544059759 0.49134182929992681 -0.013216115534305571 0.47993287444114691 0.41797162592411047 0.35198226571083074 0.47318433225154882 0.16415061801671985 0.47118844091892248 0.49664428830146795 0.38593547046184545 0.39151957631111151 0.45221787691116339 0.4908673912286759 -0.17812155932188031 0.21815130859613421 0.40614514052867895 -0.1590028181672096
decision_type=2 2 2 2 2 2 2 2 2 2 10 2 2 2 2 2 2 2 2 2 2 2 2 2 2 2 2 2 2 2
left_child=1 2 5 4 -3 -1 -7 11 -9 10 -10 13 19 15 -15 18 17 -17 20 -13 -2 25 -23 24 -24 -5 27 -27 -28 -30
right_child=7 3 -4 21 -6 6 -8 8 9 -11 -12 12 -14 14 -16 16 -18 -19 -20 -21 -22 22 23 -25 -26 26 28 -29 29 -31
leaf_value=7.9176850672576694e-05 -8.1052356135007483e-06 -2.8257483749326533e-05 0.00022006671312645599 1.6540788465371571e-06 -0.00024713519838104938 -0.00014591820380274734 7.9869157014731461e-05 8.1224796094829795e-05 -7.6668567366354262e-05 6.8579894903854385e-05 -0.00038516911713058137 -0.00010722489055289711 0.0002738811839659485 3.4749334284374672e-05 -0.00028007189559006788 9.314139100378616e-05 0.00025249947393232497 -0.00013578649282237968 -0.00014952514722726243 0.00010641462279662962 0.00014222964393116559 -8.6489099615700161e-05 0.00038856332844012387 -3.6196663670090181e-05 3.546236438465619e-05 1.2822669275777241e-05 -8.1323783345090922e-05 -0.00040861811680850468 0.00019488101391179952 -4.7874559234300947e-05
leaf_weight=2173 89055 4497 541 459564 406 589 528 479 571 427 455 486 409 486 518 555 597 479 624 402 434 568 461 403 458 449 1105 429 590 684
leaf_count=2173 89055 4497 541 459564 406 589 528 479 571 427 455 486 409 486 518 555 597 479 624 402 434 568 461 403 458 449 1105 429 590 684
internal_value=-1.04253e-07 1.55003e-06 6.49999e-05 1.03105e-06 -4.68481e-05 3.89114e-05 -3.9428e-05 -8.26399e-06 -7.9279e-05 -0.000132385 -0.000215877 -6.79683e-06 8.06545e-05 -8.02833e-06 -0.000128839 -6.69234e-06 8.50046e-05 -1.31942e-05 -8.36126e-06 -1.04017e-05 -7.36034e-06 1.5372e-06 7.08788e-05 0.000138634 0.000214865 1.25251e-06 -5.52403e-05 -0.00019538 -2.91852e-06 6.51898e-05
internal_weight=569422 473445 3831 469614 4903 3290 1117 95977 1932 1453 1026 94045 1297 92748 1004 91744 1631 1034 90113 888 89489 464711 1890 1322 919 462821 3257 878 2379 1274
internal_count=569422 473445 3831 469614 4903 3290 1117 95977 1932 1453 1026 94045 1297 92748 1004 91744 1631 1034 90113 888 89489 464711 1890 1322 919 462821 3257 878 2379 1274
is_linear=0
shrinkage=0.03


Tree=181
num_leaves=31
num_cat=0
split_feature=1 7 36 30 35 17 8 36 29 7 11 39 1 39 1 3 36 36 31 30 1 0 38 36 29 2 20 25 30 36
split_gain=0.00989251 0.0492953 0.0229194 0.024484 0.0203419 0.0173974 0.0246609 0.0148694 0.0138849 0.0243472 0.0310834 0.0241854 0.0236006 0.0199182 0.0292874 0.0157073 0.0282235 0.0203415 0.0212977 0.014725 0.0263073 0.0481114 0.0249349 0.0245301 0.0193977 0.0142085 0.0153188 0.017273 0.0194526 0.0124483
threshold=-0.48653183877468104 0.49283143877983099 0.49095004796981817 -0.48653183877468104 0.41289757192134863 -0.4394956231117248 -0.45970448851585383 0.33830955624580389 -0.32508741319179529 -0.4798318743705749 0.36497211456298834 0.39273729920387274 -0.4798318743705749 0.49118925631046301 0.49303127825260168 0.49664428830146795 0.49095004796981817 0.45202739536762243 0.07720848917961122 0.2450322434306145 0.45202739536762243 0.4385290145874024 0.47152988612651831 0.43962624669075018 -0.45970448851585383 -0.38581016659736628 0.34589572250843054 0.39273729920387274 0.41844293475151068 0.42620199918746954
decision_type=2 2 2 2 2 2 2 2 2 2 2 2 2 2 2 2 2 2 2 2 2 2 10 2 2 2 10 2 2 2
left_child=1 2 3 7 5 6 -5 -1 9 11 -11 -2 -12 19 -15 -10 17 -17 -19 20 21 24 25 -22 -14 -21 -27 -28 -29 -7
right_child=8 -3 -4 4 -6 29 -8 -9 15 10 12 -13 13 14 -16 16 -18 18 -20 22 23 -23 -24 -25 -26 26 27 28 -30 -31
leaf_value=-5.1143497170709171e-05 -3.3327945388083784e-05 -0.00030079996876036455 0.00016789866088292416 -0.0002613359852067234 -0.00021132243039132195 5.5286824805064851e-06 7.7851519234006675e-06 -0.00028106696095033315 -1.5549074840395979e-06 6.2732361222711224e-06 0.00027684642895432814 -0.00025524799825659127 -4.1555877234398293e-05 3.8552948541172527e-05 0.00033573688476598216 -0.00010405077352196998 -0.00024422344111404661 0.00022680249601704939 -6.7523866097236095e-05 -0.00012535445697155803 -0.00022200112322498723 0.00040393817612366915 -0.00017926436046174362 9.6310464846063976e-05 0.00011809657992266259 9.0759689610220978e-06 0.0002632037846778985 -9.7841540590028011e-05 0.0001648963674922829 0.00012203559461359565
leaf_weight=526 2342 559 579 495 410 5609 778 488 457517 82924 413 536 958 715 506 1085 654 463 409 504 451 437 576 405 2356 4055 500 448 560 958
leaf_count=526 2342 559 579 495 410 5609 778 488 457517 82924 413 536 958 715 506 1085 654 463 409 504 451 437 576 405 2356 4055 500 448 560 958
internal_value=-3.24232e-07 -2.92976e-05 -1.35889e-05 -2.51007e-05 -7.91759e-06 2.97531e-06 -9.80826e-05 -0.000163461 2.15605e-07 1.04261e-05 1.30118e-05 -7.53991e-05 5.63441e-05 4.88258e-05 0.000163437 -1.97447e-06 -7.5206e-05 -1.77684e-05 8.95522e-05 3.62525e-05 7.74046e-05 0.000111606 7.63958e-06 -7.2025e-05 7.19586e-05 2.565e-05 3.95312e-05 0.000120826 4.83099e-05 2.26845e-05
internal_weight=569216 10402 9843 9264 8250 7840 1273 1014 558814 98686 95808 2878 12884 12471 1221 460128 2611 1957 872 11250 4607 3751 6643 856 3314 6067 5563 1508 1008 6567
internal_count=569216 10402 9843 9264 8250 7840 1273 1014 558814 98686 95808 2878 12884 12471 1221 460128 2611 1957 872 11250 4607 3751 6643 856 3314 6067 5563 1508 1008 6567
is_linear=0
shrinkage=0.03


Tree=182
num_leaves=31
num_cat=0
split_feature=23 14 11 24 36 6 6 7 1 4 14 2 19 20 22 13 25 13 39 3 7 39 15 8 28 8 37 37 14 13
split_gain=0.0107537 0.0181479 0.0280874 0.0166359 0.0153924 0.0182374 0.0119071 0.0294896 0.0217818 0.0204985 0.0350169 0.0322055 0.025024 0.0221761 0.0192932 0.0193233 0.0166582 0.0163518 0.0165857 0.030569 0.0214664 0.0174192 0.0111746 0.0110921 0.0108656 0.0215424 0.0115939 0.0108033 0.010621 0.0186249
threshold=-0.28521004319190973 -0.31787468492984766 0.37844152748584753 0.37159061431884771 0.257464349269867 0.23631368577480319 -0.49659864604473108 0.48662193119525915 0.37251612544059759 0.42620199918746954 0.46457038819789892 0.43310962617397314 -0.4394956231117248 -0.16440654546022412 -0.20497699826955793 0.39177928864955908 0.42508503794670111 -0.13212969154119489 0.41844293475151068 0.33895461261272436 -0.17812155932188031 0.39273729920387274 -1.0000000180025095e-35 -0.33881792426109308 -0.1383797079324722 0.29197315871715551 0.15144564956426623 0.036974893882870681 0.39966443181037908 0.1245805360376835
decision_type=2 2 2 2 2 8 10 2 2 2 2 2 10 8 10 2 2 2 2 2 2 2 2 2 2 2 2 2 2 2
left_child=1 2 4 -3 -1 -6 7 9 -9 11 12 13 -11 -2 -13 16 -16 27 21 20 23 22 -19 -20 25 26 -5 -15 29 -14
right_child=6 3 -4 24 5 -7 -8 8 -10 10 -12 14 28 17 15 -17 -18 18 19 -21 -22 -23 -24 -25 -26 -27 -28 -29 -30 -31
leaf_value=1.7524060133670108e-05 -5.6326395450345378e-05 4.6784871729628501e-06 0.00021571222805249744 0.00018257235492968193 0.00016755434675994399 -5.0763279719443065e-05 -1.4390624574467315e-06 -6.3260734607277597e-05 -0.00032471990873557681 0.00022390860949866544 0.00026808074376729051 -0.00023348231429190492 -7.7812535011937496e-05 1.5282496442988555e-05 -8.7105564900315666e-05 -0.00017028325734265001 0.00016856175395786377 6.5972338282095584e-05 0.00017414581694461496 -0.00013672019597413536 0.00030817777391519341 -0.00014610861204811376 -2.4814851798716257e-06 1.7752791456577027e-06 -9.5664971360762737e-05 -0.00014618760390094676 -9.9480122252858678e-06 -4.6996173587157976e-05 -0.00016076312923034674 0.00011442506745015117
leaf_weight=15751 7861 101853 730 512 1307 461 405557 757 458 412 575 905 1057 3848 481 778 421 3064 629 403 533 606 7109 709 2509 569 609 7161 426 779
leaf_count=15751 7861 101853 730 512 1307 461 405557 757 458 412 575 905 1057 3848 481 778 421 3064 629 403 533 606 7109 709 2509 569 609 7161 426 779
internal_value=-7.80094e-07 7.02006e-06 3.4645e-05 2.26365e-06 2.69814e-05 0.000110663 -2.96131e-06 -1.8798e-05 -0.000163665 -1.40941e-05 5.78335e-05 -2.0881e-05 1.17929e-05 -1.2615e-05 -0.00012252 -6.17171e-05 3.27646e-05 1.68293e-06 2.43865e-05 9.78243e-05 0.000148802 8.81735e-06 1.81806e-05 8.34982e-05 -5.61838e-05 2.64843e-06 7.88196e-05 -2.52337e-05 -2.76573e-05 3.93034e-06
internal_weight=568830 124301 18249 106052 17519 1768 444529 38972 1215 37757 3249 34508 2674 31923 2585 1680 902 24062 13053 2274 1871 10779 10173 1338 4199 1690 1121 11009 2262 1836
internal_count=568830 124301 18249 106052 17519 1768 444529 38972 1215 37757 3249 34508 2674 31923 2585 1680 902 24062 13053 2274 1871 10779 10173 1338 4199 1690 1121 11009 2262 1836
is_linear=0
shrinkage=0.03


Tree=183
num_leaves=31
num_cat=0
split_feature=38 4 0 4 2 18 0 17 30 36 35 35 39 17 7 28 3 20 0 12 8 8 37 8 12 12 30 12 26 20
split_gain=0.00950971 0.0174823 0.0235747 0.0171573 0.0261584 0.0214705 0.0308156 0.0207756 0.0158141 0.0250616 0.0220097 0.0217791 0.0171033 0.0379031 0.019386 0.0223561 0.01571 0.0162424 0.0153893 0.013004 0.0122152 0.0118413 0.0182256 0.0163162 0.027479 0.0341124 0.0289642 0.0184334 0.0212784 0.0187547
threshold=-0.097268830984830842 0.47993287444114691 -0.47306366264820093 0.48662193119525915 0.42620199918746954 0.21760215610265735 0.41810730099678045 0.063794087618589415 0.47318433225154882 0.45202739536762243 0.49227787554264074 0.36476325988769537 0.48662193119525915 0.010135597549378874 -0.058055276051163666 -0.1590028181672096 0.48634795844554907 -0.050167785957455628 0.29820537567138677 0.45986577868461614 -0.010033556725829838 0.45307256281375891 -0.49277968704700464 0.49664428830146795 0.4516685158014298 0.48586554825305944 0.31229026615619665 0.40558609366416937 0.42469435930252081 -0.22573508322238919
decision_type=10 2 2 2 2 2 2 2 2 2 2 2 2 2 2 2 2 8 2 2 2 2 2 2 2 2 2 2 2 10
left_child=1 8 -3 4 -4 7 -7 19 12 -10 11 20 16 14 -14 -16 -1 18 -18 -5 -11 22 -2 27 26 -26 -25 -23 29 -29
right_child=21 2 3 5 -6 6 -8 -9 9 10 -12 -13 13 -15 15 -17 17 -19 -20 -21 -22 23 -24 24 25 -27 -28 28 -30 -31
leaf_value=4.9380521507108754e-06 -0.00016387874523239598 0.00022925232104876157 -2.0273413375093696e-06 8.6068368519799125e-05 0.00025117361898808441 4.6482922007209111e-06 -0.00030682824411106668 0.00021478578547479764 -1.4495448495832836e-06 -0.00023342351551645929 3.5143330847509571e-05 -0.00033376379343786136 0.00030439233109118502 -7.3369430592917545e-05 0.00024833411665196566 -3.0224233604374103e-05 6.5315393047041685e-05 -0.00023451113964663095 -0.00015566517569216861 -8.945331345135073e-05 -3.1933980776753006e-05 -1.6876186157591548e-05 -1.3279184618930285e-06 -0.00025195031469292989 0.00031416951275897286 -3.9055609917403642e-05 4.9114823382863502e-05 -0.00021514948729472877 -0.00028232077203303675 -3.8489315680645704e-05
leaf_weight=215842 612 630 758 763 702 864 417 544 4898 408 599 530 590 900 443 602 672 473 476 737 780 9514 319700 405 568 425 929 641 460 3239
leaf_count=215842 612 630 758 763 702 864 417 544 4898 408 599 530 590 900 443 602 672 473 476 737 780 9514 319700 405 568 425 929 641 460 3239
internal_value=3.15442e-07 4.97934e-06 5.82023e-05 3.52505e-05 0.000120598 -2.47451e-06 -9.8337e-05 5.77899e-05 3.70841e-06 -3.99645e-05 -0.000121027 -0.000175365 5.14244e-06 8.24626e-05 0.000168166 8.90977e-05 4.23736e-06 -8.85206e-05 -2.68637e-05 -1.92567e-07 -0.000102503 -2.9089e-06 -1.6436e-06 -2.79398e-05 4.54259e-05 0.000164108 -4.34826e-05 -4.02866e-05 -9.14494e-05 -6.81527e-05
internal_weight=569121 232628 5415 4785 1460 3325 1281 2044 227213 7215 2317 1718 219998 2535 1635 1045 217463 1621 1148 1500 1188 336493 320312 16181 2327 993 1334 13854 4340 3880
internal_count=569121 232628 5415 4785 1460 3325 1281 2044 227213 7215 2317 1718 219998 2535 1635 1045 217463 1621 1148 1500 1188 336493 320312 16181 2327 993 1334 13854 4340 3880
is_linear=0
shrinkage=0.03


Tree=184
num_leaves=31
num_cat=0
split_feature=18 17 2 25 19 29 38 38 29 23 38 2 17 8 31 11 26 29 16 11 13 18 27 19 30 8 19 11 38 25
split_gain=0.00996387 0.0156949 0.0142667 0.0135426 0.0169424 0.0258708 0.021011 0.0156483 0.0102877 0.0127719 0.0130539 0.00969245 0.00949592 0.0160038 0.0165533 0.0210651 0.0144605 0.0178402 0.0150389 0.0242115 0.0197881 0.0147575 0.0179986 0.014134 0.0137295 0.0135389 0.0139812 0.0134966 0.0122288 0.0106486
threshold=0.40614514052867895 0.49298237264156347 0.063794087618589415 0.49221777915954595 0.23151255398988727 -0.3184868842363357 0.41289757192134863 -0.23179569095373151 -0.48653183877468104 -0.044598657637834542 -0.19111669063568112 0.49664428830146795 -0.35231085121631617 -0.4798318743705749 0.12542516738176349 0.3912304043769837 0.38593547046184545 0.28547459840774542 -0.48653183877468104 0.45986577868461614 0.25850497186183935 -0.49664428830146784 0.47152988612651831 -0.46641474962234492 0.45307256281375891 0.21815130859613421 -0.49664428830146784 0.34489440917968756 -0.19795162230730054 0.47952194511890417
decision_type=2 2 2 2 8 2 10 10 2 2 10 2 2 2 2 2 2 2 2 2 2 2 2 10 2 2 10 2 10 2
left_child=12 3 -3 8 5 -5 -6 -7 9 -2 -11 -10 13 14 15 -1 18 21 20 -20 -15 -18 24 -21 27 -22 -27 -23 -25 -14
right_child=1 2 -4 4 6 7 -8 -9 11 10 -12 -13 29 16 -16 -17 17 -19 19 23 25 22 -24 28 -26 26 -28 -29 -30 -31
leaf_value=-6.120532409648364e-05 -5.4971696097491076e-05 2.7693575893242056e-06 -0.00021243742498584328 -0.00018085223941766292 -0.00026265171082091648 0.0001960751520594332 -1.0683579191466593e-05 -3.5612948179306945e-05 -1.1066114103527031e-05 -2.5507132735198539e-06 0.00021731912857925539 0.0001194029798444861 1.161858902870636e-06 -2.430642417185008e-05 8.8836609708664586e-06 -0.0003079873135873725 -0.00012744943113917714 0.00022452940804258491 -1.3709917342027734e-05 -0.00027843213913828629 0.00027295483449128825 2.0817940036631429e-05 0.00021749421469695725 5.1322379625926941e-05 0.00018346550279538021 -6.6590588313083225e-05 0.00015703801034860825 -0.00015484482012349568 -0.00015248587951931366 3.837190647743149e-05
leaf_weight=806 490 473 659 516 711 500 509 535 48403 401 606 508 449395 1512 902 504 541 403 45085 430 416 4425 439 417 413 402 643 422 698 7020
leaf_count=806 490 473 659 516 711 500 509 535 48403 401 606 508 449395 1512 902 504 541 403 45085 430 416 4425 439 417 413 402 643 422 698 7020
internal_value=-1.0124e-06 -1.32324e-05 -0.000123278 -1.08672e-05 -7.53167e-05 -9.31391e-06 -0.000158469 7.71189e-05 -7.31006e-06 6.98967e-05 0.0001306 -9.6869e-06 2.76849e-07 -1.11062e-05 -9.00752e-05 -0.000157764 -7.98507e-06 3.3549e-05 -1.35531e-05 -1.77274e-05 5.17583e-05 2.08753e-05 3.51542e-05 -0.000134119 1.95523e-05 0.000130108 7.11948e-05 5.23669e-06 -7.64848e-05 1.73501e-06
internal_weight=569184 54311 1132 53179 2771 1551 1220 1035 50408 1497 1007 48911 514873 58458 2212 1310 56246 6643 49603 46630 2973 6240 5699 1545 5260 1461 1045 4847 1115 456415
internal_count=569184 54311 1132 53179 2771 1551 1220 1035 50408 1497 1007 48911 514873 58458 2212 1310 56246 6643 49603 46630 2973 6240 5699 1545 5260 1461 1045 4847 1115 456415
is_linear=0
shrinkage=0.03


Tree=185
num_leaves=31
num_cat=0
split_feature=3 28 16 36 3 18 27 14 25 35 38 5 0 30 13 36 5 23 7 25 9 13 26 35 35 15 24 18 25 21
split_gain=0.0120242 0.0229791 0.0230298 0.0227696 0.0220713 0.0261548 0.028479 0.0290922 0.0221507 0.0228879 0.0215482 0.021422 0.020491 0.01949 0.0268165 0.0262211 0.0161895 0.015005 0.0148706 0.0269957 0.0184837 0.0145078 0.0294013 0.0261663 0.0254024 0.0200712 0.0199491 0.0229776 0.0172353 0.0201741
threshold=0.49221777915954595 -0.38581016659736628 0.47132579982280737 0.43310962617397314 0.47993287444114691 -0.1843871399760246 0.47152988612651831 0.27187095582485205 0.4641572386026383 0.19162772595882419 0.4463686496019364 -0.299328863620758 0.27103835344314581 0.44538351893424993 0.49111093580722814 0.45307256281375891 0.47166465222835546 0.26490327715873724 0.49664428830146795 0.34589572250843054 0.49664428830146795 0.45986577868461614 -0.34589572250843043 0.49227787554264074 0.41289757192134863 0.47166465222835546 0.16415061801671985 0.46474730968475347 0.37844152748584753 -0.063697375357151018
decision_type=2 2 2 2 2 2 2 2 2 2 8 10 2 2 2 2 8 2 2 2 2 2 2 2 2 2 2 2 2 10
left_child=4 3 10 -2 21 8 7 -7 17 -10 13 -5 -8 14 18 -15 -14 -6 19 -3 -21 28 24 25 26 -24 -23 -28 -1 -30
right_child=1 2 -4 11 5 6 12 -9 9 -11 -12 -13 16 15 -16 -17 -18 -19 -20 20 -22 22 23 -25 -26 -27 27 -29 29 -31
leaf_value=-1.2934955914089911e-06 -7.205576201779946e-05 9.2491604046665815e-05 -0.00024670515148514409 3.8759339117923827e-06 0.00019529655739736025 6.1300020644443497e-06 2.3619608650728561e-05 0.00027100518631696419 0.00010072016178490777 0.00041370836968814153 0.0001396008447954955 0.00029824169080371852 -0.0003122949824575003 -0.00012005890078689054 -0.00031709343746185446 0.00015127612250555479 -4.7230736828729209e-05 -2.9966923502505625e-05 4.5872977029911373e-05 -0.00010847653167808423 -0.00034310004596020807 9.5571673867391944e-06 -2.1283467680149977e-05 0.00016330005443328949 -0.00028679589911384437 0.0001660511551060927 -0.00016681269122091724 5.4965174537080182e-05 -5.8487767421423341e-06 3.3551245023360404e-05
leaf_weight=488616 640 447 569 416 427 1048 925 570 419 430 494 469 411 565 457 715 417 675 721 1192 403 1834 13616 779 516 525 1991 527 19757 28648
leaf_count=488616 640 447 569 416 427 1048 925 570 419 430 494 469 411 565 457 715 417 675 721 1192 403 1834 13616 779 516 525 1991 527 19757 28648
internal_value=-4.39794e-07 -3.9242e-05 -6.75062e-05 6.36304e-05 5.01578e-08 6.07965e-05 1.00885e-05 0.000100534 0.000147913 0.000262213 -4.66366e-05 0.000161462 -7.3488e-05 -6.73456e-05 -0.000106616 3.15049e-05 -0.000180959 5.82889e-05 -7.07852e-05 -0.000111998 -0.000169526 -5.3154e-07 -2.57518e-05 -4.84444e-06 -8.96899e-05 -1.4216e-05 -6.57158e-05 -0.000120362 3.98233e-07 1.74718e-05
internal_weight=569219 7088 5563 1525 562131 5322 3371 1618 1951 849 4994 885 1753 4500 3220 1280 828 1102 2763 2042 1595 556809 19788 14920 4868 14141 4352 2518 537021 48405
internal_count=569219 7088 5563 1525 562131 5322 3371 1618 1951 849 4994 885 1753 4500 3220 1280 828 1102 2763 2042 1595 556809 19788 14920 4868 14141 4352 2518 537021 48405
is_linear=0
shrinkage=0.03


Tree=186
num_leaves=31
num_cat=0
split_feature=16 24 23 26 26 0 2 8 25 17 14 24 22 17 0 25 11 8 26 27 28 13 28 32 15 16 0 16 27 25
split_gain=0.0105339 0.0142562 0.01697 0.0378978 0.0471225 0.0303544 0.0224648 0.0272037 0.0205556 0.0167892 0.0123713 0.0233678 0.0295099 0.0334972 0.0182129 0.0224352 0.017226 0.0367302 0.0169497 0.0245904 0.0225881 0.025708 0.0209655 0.0192252 0.0195761 0.0279197 0.0247463 0.0168541 0.0251755 0.0203453
threshold=0.34489440917968756 0.49095004796981817 0.39859968423843389 0.45986577868461614 -0.13176169991493222 0.49215674400329595 0.41166466474533087 0.28547459840774542 0.47318433225154882 -0.10515258833765982 0.38533127307891851 0.47318433225154882 -0.070949185639619813 0.41950166225433355 0.26512607932090765 0.466554805636406 0.44485473632812506 -0.34501582384109492 -0.48653183877468104 0.30478277802467352 -0.39258971810340876 0.20472994446754458 -0.41272504627704615 0.30546234548091894 0.466554805636406 0.43310962617397314 0.071921184659004225 0.40614514052867895 0.43156538903713232 0.37149409949779516
decision_type=2 2 2 2 2 2 2 2 2 2 2 2 10 2 2 2 2 2 2 2 2 2 2 2 2 2 2 2 2 2
left_child=1 -1 6 4 -4 8 -3 -8 -6 -9 14 18 -13 -14 16 27 -2 -18 19 -12 21 22 -20 24 25 -23 -26 28 -16 -29
right_child=10 2 3 -5 5 -7 7 9 -10 -11 11 12 13 -15 15 -17 17 -19 20 -21 -22 23 -24 -25 26 -27 -28 29 -30 -31
leaf_value=2.2158201146480466e-06 -1.419679544137272e-05 -1.0562302975309786e-05 -0.00013534528264539706 -0.00020456507137351452 -8.3796415640567925e-05 0.00027933286076037159 -0.00033690085945521257 -0.00018107478073203442 0.00018956596013348616 4.0079720322159301e-05 -2.3007121298286789e-05 0.00030846007417403051 0.00022508980916904396 -0.00012510694277580113 -5.4766486757897522e-05 -0.00023157683276109998 0.0002977414723471884 7.9636754880525572e-06 -1.1685199912434474e-05 -0.00024878695588245096 -9.6241620411262121e-06 0.00014846292280667792 0.0001411686531117395 0.00029416502215777251 2.7392986942340568e-05 -0.00016055215167207914 0.00034829430355007805 -3.1409389153768804e-05 -0.00024993492296761807 0.00011444396363735478
leaf_weight=471902 36317 1752 777 598 578 800 543 683 418 552 1710 487 419 566 5619 579 490 1854 4944 573 27048 527 955 497 429 506 430 4588 657 1049
leaf_count=471902 36317 1752 777 598 578 800 543 683 418 552 1710 487 419 566 5619 579 490 1854 4944 573 27048 527 955 497 429 506 430 4588 657 1049
internal_value=-1.74352e-07 1.59842e-06 -4.18191e-05 8.55997e-06 5.86933e-05 0.000142924 -8.69709e-05 -0.000161782 3.16719e-05 -8.26988e-05 -9.57526e-06 3.13078e-06 0.000119977 2.46251e-05 -1.92839e-05 -5.07607e-05 -9.10274e-06 6.95476e-05 -1.472e-06 -8.05124e-05 3.656e-06 4.69554e-05 1.32576e-05 0.000129761 8.52548e-05 -2.99168e-06 0.00019019 -4.17857e-05 -7.55627e-05 -4.11266e-06
internal_weight=568847 478603 6701 3171 2573 1796 3530 1778 996 1235 90244 39091 1472 985 51153 12492 38661 2344 37619 2283 35336 8288 5899 2389 1892 1033 859 11913 6276 5637
internal_count=568847 478603 6701 3171 2573 1796 3530 1778 996 1235 90244 39091 1472 985 51153 12492 38661 2344 37619 2283 35336 8288 5899 2389 1892 1033 859 11913 6276 5637
is_linear=0
shrinkage=0.03


Tree=187
num_leaves=31
num_cat=0
split_feature=22 30 11 27 6 37 0 30 27 26 37 22 36 14 39 1 13 1 30 17 17 12 6 15 30 1 13 1 26 2
split_gain=0.0112261 0.0227193 0.0208251 0.0198628 0.0280064 0.0144812 0.0104913 0.0128557 0.025764 0.0203536 0.0295364 0.0241264 0.0202625 0.0178142 0.017112 0.0378207 0.0292805 0.0213868 0.0180596 0.0168165 0.0192468 0.0167184 0.0155226 0.0192148 0.0182998 0.0273316 0.0182783 0.0152127 0.0139584 0.0389063
threshold=-0.49664428830146784 0.26425667107105261 0.3250874131917954 0.38593547046184545 0.10069930180907251 -0.48653183877468104 0.26512607932090765 0.097359016537666335 0.31848688423633581 -0.1843871399760246 0.4385290145874024 -0.43286086618900294 0.45202739536762243 0.49664428830146795 0.47108417749404913 0.47318433225154882 0.45753696560859686 0.40614514052867895 0.43310962617397314 -0.2781506478786468 0.17773186415433886 0.33277405798435217 0.47069558501243597 -0.19175507128238675 -0.21803475916385648 0.47993287444114691 0.43133513629436498 0.35240399837493902 -0.083612978458404527 0.41950166225433355
decision_type=8 2 2 2 8 2 2 2 2 2 2 8 2 2 2 2 2 2 2 2 2 2 10 2 2 2 2 2 2 2
left_child=1 2 5 4 -3 -1 -2 8 -8 10 11 19 27 28 16 18 17 21 -16 -9 -21 -13 24 -24 26 -26 -10 -12 29 -11
right_child=6 3 -4 -5 -6 -7 7 9 22 13 12 14 -14 -15 15 -17 -18 -19 -20 20 -22 -23 23 -25 25 -27 -28 -29 -30 -31
leaf_value=0.00015612256119425802 2.149071972598424e-06 0.00017912965008359691 -0.0002088256066804261 0.00024422270912566394 -0.00010528920566147758 -2.694263512844073e-05 -7.2841589616792681e-06 -0.00025292965489041245 5.5340762548300622e-05 -9.8898730112606536e-07 -0.0001666905189192817 3.2939808650247237e-06 -0.00029185657436303663 0.0001504141439470491 0.00026873265911991537 -0.00014377157954396143 -0.00020831224246154042 9.2688569214935146e-05 1.7185755241967614e-05 8.6059585180639538e-05 -0.00019794747722746709 -8.3012205780880438e-05 0.00028721687870492525 4.56685091399975e-05 1.8523884515607099e-05 -0.00019385403097242358 0.00024207496925138125 6.4528839721588599e-05 -1.434226819822353e-05 0.00022336218992364317
leaf_weight=539 433935 666 403 744 569 1326 49158 686 3521 3811 681 4508 666 623 665 484 769 1361 417 432 409 3649 483 755 6528 585 537 400 49441 841
leaf_count=539 433935 666 403 744 569 1326 49158 686 3521 3811 681 4508 666 623 665 484 769 1361 417 432 409 3649 483 755 6528 585 537 400 49441 841
internal_value=2.65559e-07 4.88006e-05 -1.60356e-05 0.000122812 4.82965e-05 2.65152e-05 -9.99036e-08 -7.52595e-06 2.46807e-06 -1.63348e-05 -4.71237e-05 -3.19111e-05 -0.00016279 -7.81576e-06 -1.73943e-05 7.46889e-05 -3.14712e-05 -1.69798e-05 0.000172832 -0.000143748 -5.27634e-05 -3.53691e-05 4.10761e-05 0.000141454 2.98354e-05 8.09492e-07 8.05859e-05 -8.13257e-05 -9.66559e-06 3.99619e-05
internal_weight=569592 4247 2268 1979 1235 1865 565345 131410 61567 69843 15127 13380 1747 54716 11853 1566 10287 9518 1082 1527 841 8157 12409 1238 11171 7113 4058 1081 54093 4652
internal_count=569592 4247 2268 1979 1235 1865 565345 131410 61567 69843 15127 13380 1747 54716 11853 1566 10287 9518 1082 1527 841 8157 12409 1238 11171 7113 4058 1081 54093 4652
is_linear=0
shrinkage=0.03


Tree=188
num_leaves=31
num_cat=0
split_feature=20 23 37 16 1 7 2 6 39 31 8 12 1 24 0 2 7 24 2 38 1 13 38 22 2 6 24 25 39 8
split_gain=0.00865221 0.0189937 0.0228959 0.0151179 0.0229987 0.0226074 0.0220577 0.0213303 0.0254135 0.0167859 0.0166571 0.0217198 0.032444 0.0198292 0.0198571 0.0169818 0.0165771 0.0144744 0.0156562 0.0143211 0.0129796 0.0123818 0.0122347 0.0118474 0.0115385 0.0110404 0.0109014 0.00967965 0.0170616 0.0164737
threshold=-0.45298065245151514 0.030252186581492427 -0.21803475916385648 -0.48653183877468104 0.49303127825260168 0.39966443181037908 0.49664428830146795 0.43033367395401007 0.35240399837493902 0.21769449859857562 0.4463686496019364 0.17118690907955172 0.47966079413890844 0.43172106146812445 -0.013216115534305571 0.43962624669075018 0.3781548291444779 0.48418948054313665 0.41289757192134863 0.023649728856980804 0.43310962617397314 0.34451952576637274 -0.49664428830146784 -0.49267388880252833 0.33830955624580389 -0.41417410969734186 0.35170717537403112 0.38593547046184545 0.18465003371238711 -0.42605021595954889
decision_type=8 2 2 2 2 2 2 8 2 2 2 2 2 2 2 2 2 2 2 8 2 2 8 8 2 8 2 2 2 2
left_child=1 20 3 6 10 -6 7 8 24 21 11 15 17 -12 -15 25 -10 18 23 -4 -1 -9 26 -13 -3 -5 -2 -24 -29 -30
right_child=22 2 19 4 5 -7 -8 9 16 -11 13 12 -14 14 -16 -17 -18 -19 -20 -21 -22 -23 27 -25 -26 -27 -28 28 29 -31
leaf_value=1.0543893234231717e-05 2.9964127166303403e-05 1.6459068758425494e-05 -7.7749028039101833e-05 0.00012135562420192004 -6.3207406333428635e-05 -0.00034869180694655476 0.00017671085278263301 -7.320900807709193e-05 6.2565059870749913e-05 5.6785372399780439e-05 -6.1424670082705049e-05 8.5395100913574797e-05 -0.00033859584386745055 1.217478285818623e-05 0.00029461012390408008 0.00018157800499010406 0.00029475426959035665 9.8059459153525738e-05 -0.0002581345624152251 -0.00027998502661803006 0.00018219590592112806 -0.00028166189387224293 -2.2118076962179848e-07 -8.3639534110125177e-05 -0.00016747912340153763 -3.1332721542927685e-05 0.00022325438893880698 -1.5762093571290235e-05 5.9736249028497475e-05 1.3035201583025893e-05
leaf_weight=9958 741 1055 900 458 648 402 692 641 757 460 660 419 422 446 442 405 433 430 405 485 403 429 480870 2940 422 4779 400 14081 8473 34272
leaf_count=9958 741 1055 900 458 648 402 692 641 757 460 660 419 422 446 442 405 433 430 405 485 403 429 480870 2940 422 4779 400 14081 8473 34272
internal_value=5.05713e-07 -1.53138e-05 -3.30261e-05 -2.38117e-05 -4.0879e-05 -0.000174766 2.106e-05 -4.96269e-06 4.62239e-05 -9.39088e-05 -2.88336e-05 -4.2682e-05 -9.0868e-05 6.26194e-05 0.000154472 -3.16757e-06 0.000148803 -6.51955e-05 -8.40562e-05 -0.000150068 1.73897e-05 -0.000158619 1.3718e-06 -6.23634e-05 -3.68676e-05 -1.77736e-05 9.90768e-05 1.16262e-06 1.28706e-05 2.23042e-05
internal_weight=568328 29491 19130 17745 12856 1050 4889 4197 2667 1530 11806 10258 4616 1548 888 5642 1190 4194 3764 1385 10361 1070 538837 3359 1477 5237 1141 537696 56826 42745
internal_count=568328 29491 19130 17745 12856 1050 4889 4197 2667 1530 11806 10258 4616 1548 888 5642 1190 4194 3764 1385 10361 1070 538837 3359 1477 5237 1141 537696 56826 42745
is_linear=0
shrinkage=0.03


Tree=189
num_leaves=31
num_cat=0
split_feature=3 15 16 31 5 24 16 19 24 2 1 10 35 27 25 35 30 35 1 25 14 24 12 15 35 13 17 37 13 1
split_gain=0.00746605 0.0350337 0.0352953 0.0295018 0.0243092 0.0249439 0.0206304 0.0173628 0.0168797 0.0193467 0.0142372 0.0318079 0.0268283 0.022091 0.0181346 0.0141229 0.0136165 0.0104051 0.0261233 0.0267077 0.0169301 0.0227996 0.0265257 0.00720281 0.011893 0.034094 0.0254179 0.0185433 0.0109143 0.0151542
threshold=0.49283143877983099 -0.42605021595954889 -0.46641474962234492 0.26449580490589147 0.38417774438858038 0.2382863983511925 -0.49664428830146784 0.25170098245143896 0.41289757192134863 0.49664428830146795 0.49664428830146795 0.4385290145874024 0.48418948054313665 0.47152988612651831 0.466554805636406 -0.24493220448493955 0.33806170523166662 0.49664428830146795 0.48406349122524267 0.4463686496019364 -0.41940896213054651 0.2382863983511925 0.16420634090900424 -0.11742048338055609 0.48625412583351141 0.23838964849710467 -0.35231085121631617 -0.31787468492984766 0.47683362662792211 0.48586554825305944
decision_type=2 2 2 2 10 2 2 10 2 2 2 2 2 2 2 2 2 2 2 2 2 2 2 2 2 2 2 2 2 2
left_child=10 2 3 6 15 7 -2 -6 16 -10 17 12 14 -13 -12 -3 -7 23 19 20 -19 -22 -23 24 28 -26 -27 -28 29 -1
right_child=1 4 -4 -5 5 8 -8 -9 9 -11 11 13 -14 -15 -16 -17 -18 18 -20 -21 21 22 -24 -25 25 26 27 -29 -30 -31
leaf_value=4.7266630340212922e-06 6.3262529219673271e-05 0.00016950499189192928 0.00027550538733891328 0.00021520681127277795 -0.0001241489733690268 -0.00040987191049865831 -0.00018531266405197487 0.00014063022620537815 -5.4837557807173734e-06 -0.00022503058726114014 -4.5681324198773281e-05 -0.00020256042181096432 0.00034122406644093186 5.7167115976286703e-05 0.00018709650394274296 -4.3356776996204847e-05 -0.00015829052901793054 -0.00022503686365973115 -0.00021480933567398576 0.0002069451414463148 -0.00018753529258638612 -7.7680904660215488e-05 0.00020676354553320181 -2.0648598766563828e-06 -6.4955875269222732e-05 0.0003434409590739074 -3.5645570787468094e-05 0.00022828496479181603 -3.2491286976310077e-05 9.5743095385973515e-05
leaf_weight=201535 523 429 536 404 427 402 684 445 726 710 577 492 471 706 613 769 404 401 696 421 453 598 565 343702 981 466 569 401 7043 1650
leaf_count=201535 523 429 536 404 427 402 684 445 726 710 577 492 471 706 613 769 404 401 696 421 453 598 565 343702 981 466 569 401 7043 1650
internal_value=2.85738e-07 -3.17596e-05 6.70531e-05 -3.57338e-06 -8.1001e-05 -0.000125072 -7.79688e-05 1.10359e-05 -0.000177823 -0.00011484 6.54366e-07 6.73131e-05 0.00015193 -5.02928e-05 7.47885e-05 3.36405e-05 -0.000287254 3.12537e-07 -5.411e-05 -7.54354e-06 -5.31129e-05 -9.32952e-06 6.10904e-05 6.20076e-07 4.95968e-06 7.09901e-05 0.000163668 7.46799e-05 4.19719e-06 5.47045e-06
internal_weight=568799 6459 2147 1611 4312 3114 1207 872 2242 1436 562340 2859 1661 1198 1190 1198 806 559481 3134 2438 2017 1616 1163 556347 212645 2417 1436 970 210228 203185
internal_count=568799 6459 2147 1611 4312 3114 1207 872 2242 1436 562340 2859 1661 1198 1190 1198 806 559481 3134 2438 2017 1616 1163 556347 212645 2417 1436 970 210228 203185
is_linear=0
shrinkage=0.03


Tree=190
num_leaves=31
num_cat=0
split_feature=20 11 30 31 6 25 1 13 39 11 22 22 15 30 6 23 23 21 39 4 30 24 15 28 22 2 22 39 13 19
split_gain=0.0120871 0.0128861 0.0177034 0.0212953 0.022738 0.0206806 0.0346648 0.0186063 0.0141037 0.0103242 0.0168792 0.0231632 0.0183629 0.016748 0.033921 0.0231582 0.0291548 0.0267921 0.0197867 0.016041 0.0138512 0.0209261 0.0137337 0.0140318 0.0125285 0.00893408 0.00883169 0.0079287 0.0487415 0.0285162
threshold=-0.49261982738971705 0.25769412517547613 -0.16440654546022412 0.16415061801671985 -0.015268065501004456 0.47683362662792211 0.45307256281375891 0.45753696560859686 0.39966443181037908 0.49111093580722814 0.41188235580921179 0.33189558982849127 -0.090577606111764894 0.19131659716367724 0.31226503849029547 0.33277405798435217 0.43310962617397314 -0.25190883874893183 0.49118925631046301 0.45986577868461614 0.49111093580722814 0.49283143877983099 0.4186519086360932 -0.33219130337238306 -0.057004502043128007 0.22470416128635409 -0.43286086618900294 0.49227787554264074 0.48625412583351141 0.47318433225154882
decision_type=8 2 2 2 10 2 2 2 2 2 8 10 2 2 8 2 2 10 2 2 2 2 2 2 10 2 8 2 2 8
left_child=1 8 -3 5 -5 6 -4 -6 25 20 11 13 -12 14 -11 19 17 -17 -18 24 27 22 23 -22 -15 -1 -25 -2 29 -29
right_child=9 2 3 4 7 -7 -8 -9 -10 10 12 -13 -14 15 -16 16 18 -19 -20 -21 21 -23 -24 26 -26 -27 -28 28 -30 -31
leaf_value=2.0220320054404704e-05 -2.1355685119889189e-07 -0.00021265858532703698 -4.2351650368596673e-05 0.00023500480176408809 8.5040165689338577e-05 2.437226568789684e-05 -0.00033411028145873949 -0.0001804187949582751 0.00017627652390520536 0.00012881204345345767 0.00027634884200244199 -0.00013879542172613537 4.7120062716691411e-06 0.00014432065184180246 -0.00018887620519678091 0.00042656277098570552 -7.7243929923625631e-05 0.0001185255665582372 0.00018752997148532391 -0.00016809635576249516 0.00010909008218458973 -0.00021772909834594586 -0.0001818949382032092 -0.00015552230981748404 -3.2628741940584667e-05 -0.00012965613371088125 -1.7528240714494167e-05 0.00011047956514181953 -0.00026396322666917375 -0.00013179897618194591
leaf_weight=1400 545392 664 873 403 533 780 626 413 400 511 500 731 400 604 713 437 643 615 406 417 719 570 461 465 864 470 3475 3142 411 499
leaf_count=1400 545392 664 873 403 533 780 626 413 400 511 500 731 400 604 713 437 643 615 406 417 719 570 461 465 864 470 3475 3142 411 499
internal_value=-4.06526e-07 -4.08556e-05 -7.13742e-05 -4.50027e-05 4.92396e-05 -0.000100759 -0.0001656 -3.15276e-05 1.69075e-05 6.65031e-08 3.66689e-05 1.82068e-05 0.000157 4.0459e-05 -5.62775e-05 7.02308e-05 0.000138477 0.000249296 2.60361e-05 -6.16453e-06 -3.85206e-07 -4.69101e-05 -2.75058e-05 -1.18724e-05 4.06599e-05 -1.79385e-05 -3.41668e-05 9.74478e-08 4.18556e-05 7.70052e-05
internal_weight=568537 6562 4292 3628 1349 2279 1499 946 2270 561975 6841 5941 900 5210 1224 3986 2101 1052 1049 1885 555134 5690 5120 4659 1468 1870 3940 549444 4052 3641
internal_count=568537 6562 4292 3628 1349 2279 1499 946 2270 561975 6841 5941 900 5210 1224 3986 2101 1052 1049 1885 555134 5690 5120 4659 1468 1870 3940 549444 4052 3641
is_linear=0
shrinkage=0.03


Tree=191
num_leaves=31
num_cat=0
split_feature=0 14 37 37 28 4 5 15 4 27 21 26 14 37 17 32 5 25 26 19 26 8 39 35 17 26 19 17 11 5
split_gain=0.0118415 0.030291 0.0305512 0.0285889 0.0265874 0.033874 0.0355637 0.0334665 0.0299555 0.0250103 0.029869 0.0263408 0.0244921 0.0221049 0.020226 0.028703 0.0239387 0.0294682 0.024979 0.0242277 0.020006 0.019164 0.019613 0.0348361 0.0231394 0.0329719 0.0261732 0.0189424 0.0183017 0.0148944
threshold=0.47318433225154882 0.49664428830146795 -0.016722595319151875 -0.070446167141199098 -0.30546234548091883 0.45307256281375891 0.19258242100477221 0.31229026615619665 0.34589572250843054 0.41289757192134863 0.37159061431884771 0.37831963598728185 0.17118690907955172 0.21102430671453479 -0.4394956231117248 0.010135597549378874 0.36531642079353338 0.48406349122524267 0.10409675538539888 -0.4394956231117248 0.4463686496019364 0.43172106146812445 0.45986577868461614 0.48418948054313665 -0.2717756032943725 0.31153479218482977 -0.47339232265949244 0.14400359243154529 0.3318170458078385 0.39558728039264685
decision_type=2 2 2 2 2 2 8 2 2 2 10 2 2 2 2 2 10 2 2 8 2 2 2 2 2 2 10 2 2 10
left_child=-1 2 3 14 5 6 -4 12 -8 10 -9 -11 13 -6 15 -2 21 18 -18 -20 -21 22 23 -16 25 -24 -26 -14 -28 -17
right_child=1 -3 4 -5 7 -7 8 9 -10 11 -12 -13 27 -15 16 29 17 -19 19 20 -22 -23 24 -25 26 -27 28 -29 -30 -31
leaf_value=-3.2062773745181296e-07 3.5657372228856924e-05 0.00021547294323794039 -0.00026802713184935614 0.00022217775414249324 -0.0001281423051740353 -0.0003746859090617994 -0.0001258356655117772 0.00013566187406621088 0.00021223545246154297 0.00033066529646139195 -0.00020560286302454361 3.0256220296515881e-07 -0.00010910871347454511 9.2975936812410059e-05 1.6057015619475781e-05 -9.3028382706346314e-05 -4.8486222714156765e-05 -0.00011015784946419963 0.00036658496627661345 0.00025171493464134478 -3.4976465522904247e-05 -0.00019317843501680433 1.7400888051968704e-06 -0.00026729714865331177 -0.00021636536803319023 0.00035747076703917754 -7.3272823330953137e-05 -0.00036600519647375928 0.00014809866970310514 -0.00034621670169563453
leaf_weight=551296 680 444 650 492 939 532 542 418 402 452 492 410 631 703 1076 415 450 515 525 425 437 546 516 602 446 420 613 443 722 433
leaf_count=551296 680 444 650 492 939 532 542 418 402 452 492 410 631 703 1076 415 450 515 525 425 437 546 516 602 446 420 613 443 722 433
internal_value=-1.06751e-06 -2.62035e-05 -3.30717e-05 1.95676e-06 -8.23229e-05 -0.000169475 -9.90762e-05 -4.07535e-05 1.88467e-05 6.0463e-05 -4.90754e-05 0.000175338 -0.00010677 -3.34838e-05 -1.0564e-05 -0.000109433 1.02721e-05 8.88433e-05 0.000144927 0.000207577 0.000107639 -2.7233e-05 -6.22556e-06 -8.65805e-05 4.35366e-05 0.000163454 -2.00465e-05 -0.000217471 4.66612e-05 -0.000224838
internal_weight=567667 16371 15927 9313 6614 2126 1594 4488 944 1772 910 862 2716 1642 8821 1528 7293 2352 1837 1387 862 4941 4395 1678 2717 936 1781 1074 1335 848
internal_count=567667 16371 15927 9313 6614 2126 1594 4488 944 1772 910 862 2716 1642 8821 1528 7293 2352 1837 1387 862 4941 4395 1678 2717 936 1781 1074 1335 848
is_linear=0
shrinkage=0.03


Tree=192
num_leaves=31
num_cat=0
split_feature=39 29 5 22 7 13 29 3 39 29 7 10 0 5 32 21 22 28 25 21 15 7 5 36 26 28 39 29 25 23
split_gain=0.00866362 0.0385044 0.0400735 0.0275588 0.0251053 0.0211285 0.020414 0.0171437 0.01235 0.0263104 0.0166444 0.0225976 0.0117405 0.0248042 0.028847 0.0186372 0.0273316 0.0190972 0.0324521 0.0114465 0.0101991 0.0191199 0.0206101 0.0172391 0.0177773 0.0133894 0.0135253 0.0120795 0.0139794 0.0187925
threshold=0.49664428830146795 -0.4394956231117248 0.47570809721946722 0.22491610795259478 0.3916164785623551 0.48418948054313665 -0.1383797079324722 0.36581273376941686 0.49227787554264074 -0.34561291337013239 -0.21824584156274793 0.42620199918746954 0.49103121459484106 -0.012295907828956841 -0.050167785957455628 0.41289757192134863 -0.044679151847958558 0.036974893882870681 0.39138861000537878 -0.030160912312567231 0.21815130859613421 0.4908673912286759 0.49664428830146795 0.41950166225433355 0.13091243803501132 -0.29863440990447992 0.39273729920387274 0.23801313340663913 0.48406349122524267 0.28547459840774542
decision_type=2 2 10 10 2 2 2 2 2 2 2 2 2 10 2 10 10 2 2 10 2 2 8 2 2 2 2 2 2 2
left_child=8 -2 3 4 5 6 -3 -8 12 -10 -11 19 20 14 -14 16 17 18 -15 -12 21 27 23 -23 -25 -24 -27 -1 -29 -30
right_child=1 2 -4 -5 -6 -7 7 -9 9 10 11 -13 13 15 -16 -17 -18 -19 -20 -21 -22 22 25 24 -26 26 -28 28 29 -31
leaf_value=-2.5132002983926396e-07 -0.00028801745450042596 0.00025182812461809362 -0.00024382350952801321 -0.000128557593926584 0.00023382820312616427 -0.00014602778158136806 0.00013644813406446903 -0.00012589918363770938 0.00023071761214298053 0.00015393630428414727 -3.2252497257104547e-05 8.869151605197983e-05 -0.00033612061168135403 0.00011546317239067163 -2.7282634202694881e-05 0.00017510724225279595 -0.00015069641992856062 0.00015972081502461691 -0.00023292960853283856 -0.00025488701517477227 -5.5259794077337927e-06 5.8533880159943609e-05 -0.00017033803763265675 0.00033657490705168346 8.2046416357699748e-05 -7.4327168267031461e-05 0.00015406483652816716 1.0504837273560166e-05 -2.3008656650295391e-05 0.00020818357470016495
leaf_weight=296357 495 424 547 733 678 488 422 456 643 535 420 675 503 512 584 429 1097 699 437 408 157250 2063 421 494 501 493 426 99274 548 733
leaf_count=296357 495 424 547 733 678 488 422 456 643 535 420 675 503 512 584 429 1097 699 437 408 157250 2063 421 494 501 493 426 99274 548 733
internal_value=5.56777e-07 -4.21008e-05 -8.94253e-06 3.18292e-05 7.97909e-05 2.04712e-05 8.35137e-05 3.11458e-07 8.77579e-07 6.4993e-05 1.18348e-05 -3.943e-05 5.71016e-07 -4.89792e-05 -0.000171956 -6.45558e-06 -3.53636e-05 4.18542e-05 -4.57224e-05 -0.000143689 9.49882e-07 3.48747e-06 6.56239e-05 0.000108507 0.000210507 -3.23185e-05 3.20621e-05 2.79733e-06 1.17815e-05 0.00010987
internal_weight=569745 4243 3748 3201 2468 1790 1302 878 565502 2681 2038 1503 562821 4261 1087 3174 2745 1648 949 828 558560 401310 4398 3058 995 1340 919 396912 100555 1281
internal_count=569745 4243 3748 3201 2468 1790 1302 878 565502 2681 2038 1503 562821 4261 1087 3174 2745 1648 949 828 558560 401310 4398 3058 995 1340 919 396912 100555 1281
is_linear=0
shrinkage=0.03


Tree=193
num_leaves=31
num_cat=0
split_feature=27 25 25 26 35 18 13 6 15 27 11 18 35 19 19 35 7 7 13 29 5 4 18 2 29 11 18 11 24 15
split_gain=0.0106325 0.0158689 0.00914089 0.0243752 0.0307706 0.0347638 0.0265532 0.0263616 0.0258081 0.0247883 0.026936 0.0428986 0.0255506 0.0234198 0.0241138 0.0176188 0.0209692 0.0317696 0.0249248 0.0294281 0.0227464 0.0221458 0.0194485 0.0164409 0.0223493 0.0202016 0.0261417 0.0164406 0.0246363 0.018659
threshold=-0.4925649613142013 0.36497211456298834 0.44491800665855413 0.49664428830146795 0.49664428830146795 0.091074984520673766 0.47683362662792211 -0.48742088675498957 -0.32545009255409235 0.43156538903713232 0.48662193119525915 0.33895461261272436 0.20428658276796344 -0.19795162230730054 -0.43286086618900294 0.36581273376941686 0.43840885162353521 0.36476325988769537 0.32554237544536596 -0.25083892047405237 0.25955453515052801 0.47718597948551184 0.35198226571083074 0.49293276667594915 -0.11742048338055609 0.48418948054313665 -0.31205530464649195 0.47683362662792211 0.43310962617397314 -0.4394956231117248
decision_type=2 2 2 2 2 2 2 8 2 2 2 2 2 8 10 2 2 2 2 2 8 2 2 2 2 2 2 2 2 2
left_child=1 -1 -2 4 6 8 7 -4 -6 27 11 12 -11 14 -12 23 17 18 -17 -20 -21 -18 -23 25 -25 -9 -27 29 -29 -8
right_child=2 -3 3 -5 5 -7 9 15 -10 10 13 -13 -14 -15 -16 16 21 -19 19 20 -22 22 -24 24 -26 26 -28 28 -30 -31
leaf_value=-2.3011075001991909e-05 4.4383532162500396e-07 -0.00019384825553351719 0.00022881848795004275 -0.00020348686446241789 0.0001212096681225859 -3.3913908574080601e-05 -0.00020308502543202778 4.6014223291984644e-05 0.0004444413015117766 -0.00017058358851013727 -2.6610762946602482e-05 6.199021480918544e-06 -0.00048845139393801577 -0.00010760036351639373 0.00025817613994540438 -0.00011948854239397209 0.00018963638432172887 -0.00022544721004056842 0.00028222865267275003 -0.00013957550316990818 0.00013671989192779311 -0.00010016720062689723 0.00013598147106136989 0.00026000372248819007 2.3258918165035873e-05 -0.00019053863951029696 1.8601170363851953e-05 5.5748666827712057e-07 0.00019158159749093828 8.4865997454244266e-06
leaf_weight=6167 529185 522 576 437 509 552 522 13021 400 551 736 659 400 1339 409 1137 701 845 402 590 475 880 475 682 750 775 1704 1875 889 1270
leaf_count=6167 529185 522 576 437 509 552 522 13021 400 551 736 659 400 1339 409 1137 701 845 402 590 475 880 475 682 750 775 1704 1875 889 1270
internal_value=9.59623e-07 -3.66124e-05 1.40686e-06 1.6587e-05 1.9551e-05 0.000153684 1.33152e-05 3.01556e-05 0.000266734 -3.14711e-05 -8.49523e-05 -0.000180133 -0.000307973 -2.27862e-05 7.64711e-05 2.49559e-05 -2.16383e-05 -6.67733e-05 -1.46179e-05 6.69208e-05 -1.62197e-05 5.40337e-05 -1.69947e-05 4.01086e-05 0.000137031 3.10716e-05 -4.72842e-05 1.66676e-05 6.24667e-05 -5.39281e-05
internal_weight=569435 6689 562746 33561 33124 1461 31663 23013 909 8650 4094 1610 951 2484 1145 22437 5505 3449 2604 1467 1065 2056 1355 16932 1432 15500 2479 4556 2764 1792
internal_count=569435 6689 562746 33561 33124 1461 31663 23013 909 8650 4094 1610 951 2484 1145 22437 5505 3449 2604 1467 1065 2056 1355 16932 1432 15500 2479 4556 2764 1792
is_linear=0
shrinkage=0.03


Tree=194
num_leaves=31
num_cat=0
split_feature=15 20 36 11 6 13 30 29 24 11 25 29 11 15 30 31 6 36 6 21 25 18 37 29 0 7 29 36 29 25
split_gain=0.00744334 0.0135951 0.0400283 0.0200956 0.0156126 0.0218742 0.0167175 0.0158567 0.0137263 0.0122138 0.0176864 0.0330062 0.00961045 0.00908793 0.0323245 0.0175586 0.0154585 0.0126599 0.00907543 0.0204851 0.0277874 0.0229167 0.0185375 0.0292705 0.0206979 0.0278533 0.0231388 0.0152491 0.0149002 0.0291815
threshold=0.47993287444114691 0.41950166225433355 0.40614514052867895 0.49288246035575872 inf 0.26490327715873724 0.21815130859613421 -0.1590028181672096 0.43868599832057958 0.4516685158014298 0.31125478446483618 -0.17109678685665128 0.27854746580123907 0.47735816240310674 -0.34549149870872492 0.3318170458078385 0.426538035273552 0.27187095582485205 0.49227787554264074 -0.49664428830146784 0.49293276667594915 -0.17781506478786466 -0.48653183877468104 -0.25083892047405237 0.38509631156921392 0.49283143877983099 0.40614514052867895 0.466554805636406 -0.12587480992078778 0.45307256281375891
decision_type=2 10 2 2 8 2 2 2 2 2 2 2 2 2 2 2 8 2 8 8 2 2 2 2 2 2 2 2 2 2
left_child=13 2 -2 4 8 6 7 -6 9 10 12 -12 -3 18 -15 16 17 -16 -1 -20 22 -22 23 -21 28 26 -26 -28 29 -24
right_child=1 3 -4 -5 5 -7 -8 -9 -10 -11 11 -13 -14 14 15 -17 -18 -19 19 20 21 -23 24 -25 25 -27 27 -29 -30 -31
leaf_value=1.9207601413000848e-06 -2.6469472973684327e-05 -1.3616253794728761e-05 -0.00027833110397566097 0.00018058274905941054 -5.0924318849311146e-05 0.00021611360361539216 -0.00014586775165513269 0.00020627493049730678 -0.00016235640111108494 -0.00013875488675712622 0.00026327025000387998 -4.9594150636061743e-05 -0.00014968910931634604 -0.00017960951890751763 8.0981714837257275e-05 0.00026375732379772717 0.00016109924715054005 -0.00013418144740089585 -0.00016329522113139367 0.00026249576278958655 -2.091924606326319e-05 0.00024852576170772162 8.466631504470744e-06 -4.4518970881129042e-05 -7.7858981060223415e-05 -0.00030102737846681376 -4.2829355935702361e-06 0.00020228742887791831 -2.056788236979815e-05 0.00020997666200311651
leaf_weight=505978 3746 2562 660 513 436 571 473 411 677 657 558 646 562 425 512 472 732 456 779 545 487 667 12547 558 5298 404 1194 430 24781 672
leaf_count=505978 3746 2562 660 513 436 571 473 411 677 657 558 646 562 425 512 472 732 456 779 545 487 667 12547 558 5298 404 1194 430 24781 672
internal_value=4.83298e-07 -2.2428e-05 -6.47421e-05 7.37291e-07 -1.17004e-05 6.27235e-05 -4.75536e-06 7.48302e-05 -3.66234e-05 -1.9257e-05 -8.38966e-07 9.63787e-05 -3.8495e-05 9.96766e-07 5.68778e-05 0.000103763 5.80582e-05 -2.07118e-05 7.3395e-07 -1.16806e-05 -9.16472e-06 0.000135614 -1.27916e-05 0.000108175 -1.57586e-05 -6.18935e-05 -4.75225e-05 5.13157e-05 -6.85027e-06 1.88616e-05
internal_weight=569409 12472 4406 8066 7553 1891 1320 847 5662 4985 4328 1204 3124 556937 2597 2172 1700 968 554340 48362 47583 1154 46429 1103 45326 7326 6922 1624 38000 13219
internal_count=569409 12472 4406 8066 7553 1891 1320 847 5662 4985 4328 1204 3124 556937 2597 2172 1700 968 554340 48362 47583 1154 46429 1103 45326 7326 6922 1624 38000 13219
is_linear=0
shrinkage=0.03


Tree=195
num_leaves=31
num_cat=0
split_feature=0 26 26 6 17 26 6 25 0 5 14 28 31 25 18 0 19 31 28 10 2 3 28 36 24 21 14 14 18 36
split_gain=0.00710156 0.0347296 0.0542981 0.031164 0.0508089 0.0225847 0.0409044 0.0158055 0.0105305 0.020681 0.0299073 0.0112231 0.0119598 0.00839709 0.0158273 0.0273647 0.0171904 0.0169029 0.0163671 0.0184077 0.0232954 0.0179414 0.0162724 0.016158 0.0194332 0.0261513 0.0169632 0.0189659 0.0156397 0.0145082
threshold=0.49664428830146795 0.49221777915954595 0.21815130859613421 0.47069558501243597 -0.13754194974899289 0.41188235580921179 0.36610658466815954 0.4641572386026383 0.49215674400329595 -0.37043698132038111 0.24460320174694064 0.043656742200255401 -0.05823643505573272 0.3447438925504685 -0.18485705554485318 0.35844881832599645 0.45793896913528448 -0.43286086618900294 -0.078272271901369081 0.34589572250843054 0.47318433225154882 0.35240399837493902 -0.49664428830146784 0.48406349122524267 0.42620199918746954 0.05709491856396199 0.32554237544536596 -0.43286086618900294 -0.31205530464649195 0.37204651534557348
decision_type=2 2 2 8 2 2 8 2 2 10 2 2 2 2 2 2 8 2 2 2 2 2 2 2 2 10 2 2 2 2
left_child=8 2 3 4 -2 6 -4 -7 13 -10 11 12 -11 -1 15 22 17 -17 23 21 -21 -20 -15 24 26 -26 27 -19 -24 -30
right_child=1 -3 5 -5 -6 7 -8 -9 9 10 -12 -13 -14 14 -16 16 -18 18 19 20 -22 -23 28 -25 25 -27 -28 -29 29 -31
leaf_value=-1.7000566380772645e-06 4.3920668916274618e-05 -0.00020575762937473301 8.6999748307916457e-05 0.00012167841211518208 -0.00036448452712890383 -3.9866974469598346e-06 0.00048368187839219608 0.00020504356506102875 -0.00024730624374602817 -2.5863503241566308e-05 0.00014939273088374668 6.9523759152377203e-06 -0.00023262574644780084 -0.00017700818704572644 -8.235409133776381e-07 -8.4080533997621385e-05 -8.3104294944783463e-05 0.00023796613623158137 3.0572232077678098e-05 -0.00012285801287441659 0.00010997851402554793 0.00025110396742355958 -3.9742682249952368e-06 6.1153956465101311e-06 0.00014794450562719526 0.00042807751255780665 0.00027887706315030879 8.3211621560273062e-06 1.9963211422335638e-05 0.00012084347470456057
leaf_weight=477312 553 460 506 528 530 799 434 539 430 424 646 674 620 408 56279 491 583 418 801 933 646 561 15090 728 828 477 402 1331 3785 1935
leaf_count=477312 553 460 506 528 530 799 434 539 430 424 646 674 620 408 56279 491 583 418 801 933 646 561 15090 728 828 477 402 1331 3785 1935
internal_value=-1.42564e-07 3.80025e-05 6.72888e-05 -6.57812e-05 -0.000157451 0.000161272 0.000273312 8.11155e-05 -4.3643e-07 -5.84296e-05 -2.31769e-05 -8.85553e-05 -0.000149695 -1.47599e-07 8.49852e-06 2.63272e-05 7.28383e-05 8.4869e-05 9.66132e-05 4.21773e-05 -2.75074e-05 0.000122576 8.32863e-06 0.000134685 0.000161672 0.000252815 0.000105463 6.42457e-05 1.20456e-05 5.4241e-05
internal_weight=570151 4349 3889 1611 1083 2278 940 1338 565802 2794 2364 1718 1044 563008 85696 29417 8199 7616 7125 2941 1579 1362 21218 4184 3456 1305 2151 1749 20810 5720
internal_count=570151 4349 3889 1611 1083 2278 940 1338 565802 2794 2364 1718 1044 563008 85696 29417 8199 7616 7125 2941 1579 1362 21218 4184 3456 1305 2151 1749 20810 5720
is_linear=0
shrinkage=0.03


Tree=196
num_leaves=31
num_cat=0
split_feature=6 29 13 18 22 13 19 11 22 39 20 24 22 31 36 24 20 1 22 39 15 29 30 3 36 3 23 22 18 5
split_gain=0.00823867 0.0122553 0.0180934 0.0311061 0.0264308 0.025989 0.0235603 0.016898 0.0252505 0.0385123 0.0280472 0.0411743 0.0317918 0.0295545 0.0295222 0.0418432 0.0327004 0.0265386 0.0247162 0.0210541 0.0194373 0.018869 0.0220854 0.0230968 0.0197062 0.021538 0.0167828 0.0162465 0.015358 0.0153566
threshold=0.076043475419282927 -0.19834428280591962 0.45753696560859686 -0.25850497186183924 -0.10399362072348593 0.47083835303783422 -0.45986577868461603 0.35170717537403112 0.47318433225154882 0.41188235580921179 0.32554237544536596 -0.35894197225570673 0.43962624669075018 -0.12458053603768347 0.49288246035575872 0.29932886362075811 0.42620199918746954 0.43809871375560766 0.37159061431884771 0.41950166225433355 0.47166465222835546 -0.29180648922920221 0.45986577868461614 0.42490601539611822 0.41950166225433355 0.466554805636406 0.41950166225433355 0.091607980430126204 0.29197315871715551 0.38802985846996313
decision_type=8 2 2 2 10 2 10 2 10 2 8 2 10 2 2 2 8 2 8 2 2 2 2 2 2 2 2 10 2 8
left_child=-1 7 -3 4 5 -4 -5 -2 10 -10 12 13 21 -12 15 18 19 -18 20 -17 28 -9 24 -24 29 -26 -7 -6 -13 -23
right_child=1 2 3 6 27 26 -8 8 9 -11 11 14 -14 -15 -16 16 17 -19 -20 -21 -22 22 23 -25 25 -27 -28 -29 -30 -31
leaf_value=2.6529950448353482e-06 -2.5668511044850479e-06 -7.1010691271521076e-06 -0.00039376723391358116 0.00020507563619915148 0.00013015761848354096 -4.2233549658370482e-05 -2.9716577487966035e-05 -2.2700294689208592e-05 7.4437267742378092e-05 -0.00031019867511494049 -0.000194256806951294 0.00015136880877977441 0.00023978420509089852 6.3532607834043136e-05 0.00035138395326910296 -1.0692269596853013e-05 6.7810059327004833e-05 -0.00020913127114907776 0.00039058177146987803 0.00028728141292041213 0.00027658907636843403 -4.9997938325262144e-05 7.9703935106722719e-05 -0.0002325360727133246 0.00033364506467908515 5.0541150870999704e-05 -0.00027009742097135181 -0.00011593577056200828 -4.6376460099766159e-05 0.00014236169786292603
leaf_weight=301884 74750 164366 477 403 410 743 5599 9071 448 474 692 986 507 923 466 403 530 732 424 442 655 822 433 403 545 436 473 558 542 669
leaf_count=301884 74750 164366 477 403 410 743 5599 9071 448 474 692 986 507 923 466 403 530 732 424 442 655 822 433 403 545 436 473 558 542 669
internal_value=-7.46879e-07 -4.57111e-06 -9.32991e-06 -5.15615e-05 -0.000136731 -0.000207882 -1.36367e-05 4.06434e-06 2.81126e-05 -0.000124511 3.53222e-05 8.45924e-05 9.29576e-06 -4.74414e-05 0.00012577 0.00010277 3.24862e-06 -9.3206e-05 0.000182884 0.000146708 0.000140946 -3.30152e-07 6.08955e-05 -7.17832e-05 0.000105874 0.000209601 -0.000132348 -1.14369e-05 8.13807e-05 3.66857e-05
internal_weight=570266 268382 173029 8663 2661 1693 6002 95353 20603 922 19681 6795 12886 1615 5180 4714 2107 1262 2607 845 2183 12379 3308 836 2472 981 1216 968 1528 1491
internal_count=570266 268382 173029 8663 2661 1693 6002 95353 20603 922 19681 6795 12886 1615 5180 4714 2107 1262 2607 845 2183 12379 3308 836 2472 981 1216 968 1528 1491
is_linear=0
shrinkage=0.03


Tree=197
num_leaves=31
num_cat=0
split_feature=15 38 9 28 38 4 38 29 38 29 12 16 36 1 12 31 29 27 39 13 38 36 39 4 29 9 22 22 12 38
split_gain=0.010686 0.0187928 0.0105745 0.0151534 0.0162668 0.0243863 0.0152507 0.018229 0.0142455 0.0134225 0.0109999 0.0101483 0.0200723 0.0115207 0.0098587 0.0097326 0.00968038 0.0141714 0.0132364 0.00795947 0.0149161 0.0213333 0.0241609 0.0204339 0.0535498 0.02405 0.0206649 0.0146906 0.0272131 0.0386205
threshold=-0.49283143877983088 0.33895461261272436 -0.45298065245151514 -0.11742048338055609 -0.49664428830146784 0.41950166225433355 -0.48653183877468104 -0.3184868842363357 -0.3390317559242248 -0.058722110465168946 0.17118690907955172 -0.48653183877468104 0.45307256281375891 0.41144840419292456 0.47318433225154882 -0.010909235104918478 -0.27914528548717493 0.39966443181037908 0.2385489493608475 0.39849410951137548 -0.41827458143234247 0.49664428830146795 0.33277405798435217 0.3856052309274674 -0.14426303654909131 0.45793896913528448 -0.45970448851585383 -0.077052142471075044 0.46441236138343817 0.19131659716367724
decision_type=2 10 2 2 8 2 8 2 10 2 2 2 2 2 2 2 2 2 2 2 8 2 2 2 2 2 10 10 2 8
left_child=1 2 -1 6 -5 9 15 -8 -9 10 -6 12 13 14 16 -4 18 -18 -2 -13 21 22 -21 25 -25 26 -24 28 -22 -30
right_child=11 -3 3 4 5 -7 7 8 -10 -11 -12 19 -14 -15 -16 -17 17 -19 -20 20 27 -23 23 24 -26 -27 -28 -29 29 -31
leaf_value=-0.00013044133504078951 5.4343415935684872e-05 -0.00022274011570939833 5.6741093970216798e-05 7.4099688774330888e-05 -5.1303391096740124e-05 -0.00024933026557310656 0.00024635309355495777 0.00012105082322088077 -0.00010177408682503232 -0.00016074926659908346 0.00014983463327920645 8.206002253589786e-07 0.00019016949633189804 -0.00012873528956572106 -8.7578631309816727e-05 -0.00013255838473638946 4.5135729170400337e-05 -0.00014879552720284243 0.00025472483906560227 -1.178957035877776e-06 7.5191051617675627e-06 0.0001070595355627159 -0.00022826128213458642 9.3399168212629343e-06 -0.00039241384371871521 0.00012424219678964859 -3.5592381349077073e-05 -1.8043296841381787e-05 -3.1133779811058854e-05 0.00034714287381505595
leaf_weight=733 1103 454 429 633 574 652 511 612 432 463 412 501235 694 425 526 545 1953 400 400 2799 16807 684 825 525 681 465 1264 29608 453 510
leaf_count=733 1103 454 429 633 574 652 511 612 432 463 412 501235 694 425 526 545 1953 400 400 2799 16807 684 825 525 681 465 1264 29608 453 510
internal_value=-4.04409e-07 -3.87688e-05 -2.44913e-05 -9.51584e-06 -5.83731e-05 -9.84472e-05 4.33237e-05 0.00010138 2.87566e-05 -2.93114e-05 3.34026e-05 3.70813e-08 4.05469e-05 1.85955e-05 3.31454e-05 -4.94518e-05 4.97974e-05 1.16781e-05 0.000109003 -3.64544e-07 -1.12383e-05 -5.13031e-05 -6.79556e-05 -0.00011753 -0.000218882 -6.90046e-05 -0.000112407 -5.10379e-06 1.64538e-05 0.000170708
internal_weight=567807 6450 5996 5263 2734 2101 2529 1555 1044 1449 986 561357 5501 4807 4382 974 3856 2353 1503 555856 54621 7243 6559 3760 1206 2554 2089 47378 17770 963
internal_count=567807 6450 5996 5263 2734 2101 2529 1555 1044 1449 986 561357 5501 4807 4382 974 3856 2353 1503 555856 54621 7243 6559 3760 1206 2554 2089 47378 17770 963
is_linear=0
shrinkage=0.03


Tree=198
num_leaves=31
num_cat=0
split_feature=37 0 26 2 26 23 12 8 18 6 39 13 14 26 29 0 8 37 21 12 38 2 4 5 4 30 39 19 24 38
split_gain=0.00834021 0.016564 0.0292856 0.0270552 0.0262161 0.0423134 0.0483905 0.0295122 0.0245761 0.0235963 0.0202576 0.0198352 0.0254431 0.0118285 0.0130113 0.0128061 0.0204245 0.0215669 0.0165801 0.0161467 0.0151321 0.0210778 0.0132789 0.0271216 0.021254 0.0158396 0.0191923 0.0139487 0.014428 0.0136549
threshold=-0.050167785957455628 0.47318433225154882 0.49221777915954595 0.49664428830146795 0.21815130859613421 0.34589572250843054 0.39273729920387274 -0.2717756032943725 0.37251612544059759 0.44881153106689459 0.466554805636406 0.28466880321502691 0.21760215610265735 0.20428658276796344 0.17790922522544864 0.35910767316818243 -0.40601159632205958 -0.33219130337238306 -0.48653183877468104 0.19131659716367724 0.43310962617397314 0.47318433225154882 0.27815064787864691 0.16920185089111331 0.16403125226497653 0.16420634090900424 0.4641572386026383 -0.45298065245151514 0.3447438925504685 -0.36643192172050471
decision_type=2 2 2 2 2 2 2 2 2 8 2 2 2 2 2 2 2 2 8 2 10 2 2 10 2 2 2 8 2 10
left_child=13 -2 3 4 5 8 -7 -6 10 11 -3 -9 -13 14 15 -1 17 19 -18 -17 21 22 24 -24 25 29 -27 -25 -29 -20
right_child=1 2 -4 -5 7 6 -8 9 -10 -11 -12 12 -14 -15 -16 16 18 -19 20 -21 -22 -23 23 27 -26 26 -28 28 -30 -31
leaf_value=-2.8793175125526493e-06 -2.1304948363414043e-06 2.0491684266013067e-05 -0.00023626016158661303 0.0001699751760670005 0.00024556603913055677 -3.0004744997030313e-05 -0.00041972772316206062 -0.00019376057997850323 0.0001779648590348568 0.00012351131947387173 -0.0002121595607430524 0.00013282227281279329 -0.00012835765006249337 1.3560678451254945e-05 1.0732818087260153e-05 -4.3719055088472608e-05 0.00013502329812512467 7.3719748375637267e-06 0.00013331544035706427 -0.00027483665024283363 0.00014421670478777617 -0.00021071261889866869 0.00024495513671259783 -0.00015740193010301923 -0.00016679143821716848 -0.00011268015460175418 9.9818138707016209e-05 -4.3750416720613847e-05 0.00018070241797905128 -1.3231035849373997e-05
leaf_weight=101475 305244 766 663 556 414 507 655 771 423 726 589 635 690 81167 62247 409 587 712 793 829 428 574 452 442 1067 2101 459 678 403 1986
leaf_count=101475 305244 766 663 556 414 507 655 771 423 726 589 635 690 81167 62247 409 587 712 793 829 428 574 452 442 1067 2101 459 678 403 1986
internal_value=8.44123e-08 -3.20608e-06 -4.75401e-05 -2.86312e-05 -4.67568e-05 -0.000111442 -0.000251392 1.21742e-05 -1.90846e-05 -2.28117e-05 -8.1452e-05 -7.384e-05 -3.13108e-06 4.09022e-06 -2.86757e-07 -6.33625e-06 -3.5738e-05 -0.000124277 -1.83138e-05 -0.000199444 -2.804e-05 -3.64247e-05 -2.42511e-05 4.36037e-05 -4.52064e-05 -2.06412e-05 -7.43397e-05 -1.73619e-05 4.08156e-05 2.89147e-05
internal_weight=569448 312639 7395 6732 6176 2940 1162 3236 1778 2822 1355 2096 1325 256809 175642 113395 11920 1950 9970 1238 9383 8955 8381 1975 6406 5339 2560 1523 1081 2779
internal_count=569448 312639 7395 6732 6176 2940 1162 3236 1778 2822 1355 2096 1325 256809 175642 113395 11920 1950 9970 1238 9383 8955 8381 1975 6406 5339 2560 1523 1081 2779
is_linear=0
shrinkage=0.03


Tree=199
num_leaves=31
num_cat=0
split_feature=38 23 17 23 30 26 17 14 8 26 31 18 38 18 6 36 6 0 13 39 13 3 2 30 4 0 16 15 6 17
split_gain=0.0111744 0.0163872 0.0205019 0.0188972 0.0491189 0.0137237 0.0133597 0.0285728 0.0194499 0.024628 0.0256491 0.0145059 0.0130787 0.0172684 0.0144204 0.0120476 0.0380943 0.0260308 0.0289814 0.0250116 0.0211368 0.0200901 0.0195617 0.0269324 0.0197125 0.0185689 0.0162203 0.0457111 0.0253489 0.0242986
threshold=0.48455575108528143 0.41856157779693609 0.29197315871715551 0.30546234548091894 0.33895461261272436 -0.12458053603768347 0.47318433225154882 -0.33881792426109308 0.41289757192134863 0.14453627169132235 -0.23877235502004621 -0.19847105443477628 0.31848688423633581 0.36581273376941686 0.45279304683208471 0.48406349122524267 0.32373654842376715 -0.47306366264820093 0.48662193119525915 0.49293276667594915 0.47976386547088629 0.46441236138343817 0.4515345990657807 0.41844293475151068 0.33139298856258398 0.49103121459484106 -0.13786315172910688 -0.025817632675170895 0.35081173479557043 0.23162547498941424
decision_type=10 2 2 2 2 2 2 2 2 2 2 2 8 2 10 2 8 2 2 2 2 2 2 2 2 2 2 2 10 2
left_child=6 3 -3 -2 5 -5 15 -8 12 10 -10 -11 13 -9 -14 19 20 -18 26 -1 22 -21 24 -24 -17 -20 28 -28 -19 -29
right_child=1 2 -4 4 -6 -7 7 8 9 11 -12 -13 14 -15 -16 16 17 18 25 21 -22 -23 23 -25 -26 -27 27 29 -30 -31
leaf_value=5.8557950387171539e-08 -3.4202025298229503e-05 -2.3592164053839541e-05 -0.00030389534423524951 7.4990346237361182e-05 0.00033332725646540253 -0.0001670271405319333 0.00027513316963071279 -2.7874119178252084e-06 0.00038253797976753925 0.0001224671061631907 8.9122667675954595e-05 -0.00011527471243909231 2.7282457608559258e-05 -0.00015531246480799131 0.00019649302354082465 -1.2213436591149985e-05 8.5094077725905175e-05 -0.00030526396049352023 -0.00011972250447519288 4.6047850921622147e-05 0.00012268329102041434 0.00028347238480455416 4.9948497342243117e-05 -0.00027611066194650703 0.00019934406371593496 -0.00039430085459115586 0.0002663826419320241 4.9188462363179723e-05 -6.3442600674007963e-05 -0.0002069824997380949
leaf_weight=533145 8900 529 415 400 460 426 403 6325 419 405 738 511 4192 737 499 1969 660 560 431 982 1456 470 405 504 486 475 400 586 1260 753
leaf_count=533145 8900 529 415 400 460 426 403 6325 419 405 738 511 4192 737 499 1969 660 560 431 982 1456 470 405 504 486 475 400 586 1260 753
internal_value=-5.35757e-08 -2.98048e-05 -0.000148712 -1.86499e-05 8.84151e-05 -5.03323e-05 5.39554e-07 2.92259e-05 2.18645e-05 0.000106355 0.000197749 -9.97222e-06 6.88423e-06 -1.89022e-05 4.56617e-05 -2.10549e-07 -3.29103e-05 -8.97736e-05 -0.000115754 3.98361e-07 2.76119e-05 0.000124313 -1.37783e-05 -0.000131874 3.0306e-05 -0.000266412 -7.6763e-05 -1.10889e-05 -0.000139111 -9.53383e-05
internal_weight=569901 11130 944 10186 1286 826 558771 14229 13826 2073 1157 916 11753 7062 4691 544542 9945 5125 4465 534597 4820 1452 3364 909 2455 906 3559 1739 1820 1339
internal_count=569901 11130 944 10186 1286 826 558771 14229 13826 2073 1157 916 11753 7062 4691 544542 9945 5125 4465 534597 4820 1452 3364 909 2455 906 3559 1739 1820 1339
is_linear=0
shrinkage=0.03


Tree=200
num_leaves=31
num_cat=0
split_feature=14 11 14 25 25 12 2 7 27 39 6 12 14 17 1 38 38 27 22 25 6 27 39 35 30 37 31 37 39 23
split_gain=0.0079215 0.014328 0.0272651 0.0185638 0.0194879 0.0374586 0.0278605 0.0311979 0.0143136 0.0278841 0.0253145 0.0170999 0.0240966 0.0113939 0.016818 0.0111854 0.0104473 0.0171344 0.00920167 0.0184628 0.0110694 0.0177811 0.0165392 0.024904 0.0133567 0.00916495 0.0215637 0.00875763 0.0344838 0.0158632
threshold=0.45986577868461614 0.49288246035575872 0.49283143877983099 0.49221777915954595 0.47683362662792211 0.43962624669075018 0.47083835303783422 0.38593547046184545 0.45307256281375891 0.43133513629436498 0.41592712700366979 0.47108417749404913 0.47993287444114691 0.49298237264156347 0.3318170458078385 0.42620199918746954 -0.21803475916385648 0.26512607932090765 -0.12458053603768347 0.38593547046184545 0.41915479302406317 0.41289757192134863 0.43133513629436498 -0.045141067355871194 0.1782912686467171 0.48662193119525915 0.29932886362075811 0.46399636566638952 0.41289757192134863 0.25785361230373388
decision_type=2 2 2 2 2 2 2 2 2 2 10 2 2 2 2 10 10 2 8 2 10 2 2 2 2 2 2 2 2 2
left_child=13 3 -3 4 6 -6 8 -8 11 10 -10 18 -13 25 15 16 -15 -18 19 -2 21 22 -20 -24 -22 27 -27 -1 -29 -30
right_child=1 2 -4 -5 5 -7 7 -9 9 -11 -12 12 -14 14 -16 -17 17 -19 20 -21 24 -23 23 -25 -26 26 -28 28 29 -31
leaf_value=2.7722395971323743e-07 -2.6778908922937157e-06 -6.4111814726258053e-05 0.00024804563503643936 -0.00020193234095062918 0.00031166215102463706 -7.983237371269686e-05 2.3345481194908265e-05 -0.00029789423219819355 2.8532264647347149e-05 -0.00013259233572990894 0.00032155960315891031 -0.00030229251130032636 -7.228091337021156e-06 0.00011931388797481775 0.00018964970006053649 0.00014565819992351273 1.7112818229896474e-05 -0.0002032145844549542 -1.7187495569258698e-05 0.00017216570240789354 -0.00021662000136319848 0.00015527137118712009 7.877538156827243e-07 -0.00031539320515321377 -1.1345493286599043e-05 -0.00021154317676870044 5.2364280852597457e-06 7.6620329245181284e-06 0.00034342686743972831 8.7271363716701436e-05
leaf_weight=533439 4260 491 500 493 441 423 454 664 623 416 455 451 543 413 673 500 1048 445 10599 613 583 489 466 422 552 604 1260 5560 409 472
leaf_count=533439 4260 491 500 493 441 423 454 664 623 416 455 451 543 413 673 500 1048 445 10599 613 583 489 466 422 552 604 1260 5560 409 472
internal_value=5.28751e-08 -1.6834e-05 9.4289e-05 -2.1672e-05 -1.76261e-05 0.000121273 -2.32382e-05 -0.000168394 -1.52327e-05 7.38709e-05 0.000154031 -2.22824e-05 -0.000142783 7.95133e-07 5.82483e-05 2.08602e-05 -1.24674e-05 -4.94726e-05 -1.55465e-05 1.96241e-05 -2.86235e-05 -2.00848e-05 -2.76783e-05 -0.000151308 -0.000117757 4.67529e-07 -6.57616e-05 6.97407e-07 3.54423e-05 0.00020871
internal_weight=568761 23938 991 22947 22454 864 21590 1118 20472 1494 1078 18978 994 544823 3079 2406 1906 1493 17984 4873 13111 11976 11487 888 1135 541744 1864 539880 6441 881
internal_count=568761 23938 991 22947 22454 864 21590 1118 20472 1494 1078 18978 994 544823 3079 2406 1906 1493 17984 4873 13111 11976 11487 888 1135 541744 1864 539880 6441 881
is_linear=0
shrinkage=0.03


Tree=201
num_leaves=31
num_cat=0
split_feature=12 0 11 28 39 0 37 8 1 30 20 35 12 14 14 37 31 22 25 30 31 7 39 12 21 2 8 14 30 21
split_gain=0.0103261 0.010879 0.0125429 0.0172964 0.0188576 0.0108261 0.022531 0.0223267 0.0174738 0.0149437 0.0134941 0.0196051 0.013446 0.0264323 0.0117653 0.0207416 0.043646 0.0112561 0.0107566 0.0145615 0.010755 0.0115837 0.0107233 0.0112933 0.0105891 0.0272805 0.0182697 0.0491204 0.0202771 0.0167917
threshold=0.31125478446483618 -0.43286086618900294 0.43962624669075018 -0.3184868842363357 0.48662193119525915 -0.46641474962234492 0.466554805636406 0.41234473884105688 0.47069558501243597 0.42508503794670111 0.17118690907955172 -0.49267388880252833 0.4463686496019364 0.39966443181037908 0.49664428830146795 0.49664428830146795 -0.0037880962481722231 0.39849410951137548 0.44491800665855413 0.29841835796833044 0.49227787554264074 0.28547459840774542 0.050361584872007377 0.23162547498941424 -0.46641474962234492 -0.35231085121631617 0.49664428830146795 -0.21206060796976087 0.36581273376941686 -0.48653183877468104
decision_type=2 2 2 2 2 2 2 2 2 2 10 2 2 2 2 2 2 10 2 2 2 2 2 2 8 2 2 2 2 10
left_child=1 -1 -3 -4 22 6 8 -8 10 -10 17 -12 18 -14 20 -16 -17 -2 19 -13 24 -22 -5 -24 25 -7 -26 -28 -29 -27
right_child=5 2 3 4 -6 14 7 -9 9 -11 11 12 13 -15 15 16 -18 -19 -20 -21 21 -23 23 -25 26 29 27 28 -30 -31
leaf_value=-1.87483480801827e-05 -2.1962533001033606e-05 2.3626280266065805e-06 0.00019338540924540939 -3.6306924259432099e-05 -0.00015092981629659217 4.9577212588104309e-05 3.1345230548252335e-06 -0.00028180930427128368 0.0002867703684165716 3.4248265353093043e-05 0.0002246173568827245 -2.9199170014548483e-05 0.00020545032326166237 -6.2346016969184334e-05 0.00018302121816491057 -0.00019867761157353855 0.00020150610007791712 0.0001396920763346231 -0.00011555100178620919 0.00017012475580316787 2.6863640073670243e-06 -0.00020449100637855714 0.00015833782815132485 2.3085502936223514e-05 -1.0861487472574e-05 -3.2964144020550556e-05 0.00035594032082202976 -0.00017534622246476419 9.6483937915380863e-05 -0.00013722262776413356
leaf_weight=22010 5180 432814 667 843 453 1982 592 415 420 420 562 1088 891 519 752 556 423 409 625 462 439 533 1075 1147 86228 3119 442 426 560 2511
leaf_count=22010 5180 432814 667 843 453 1982 592 415 420 420 562 1088 891 519 752 556 423 409 625 462 439 533 1075 1147 86228 3119 442 426 560 2511
internal_value=-1.4883e-07 1.82638e-06 2.86305e-06 5.44882e-05 2.76803e-05 -8.42396e-06 1.89921e-05 -0.000115911 3.19344e-05 0.000162398 2.05232e-05 6.14564e-05 3.53249e-05 0.000107134 -1.16669e-05 6.56305e-05 -2.54797e-05 -9.90437e-06 -1.15042e-05 3.09219e-05 -1.30639e-05 -0.000111846 5.44835e-05 8.89366e-05 -1.20444e-05 -4.59624e-05 -9.0941e-06 9.6961e-05 -2.15413e-05 -7.96247e-05
internal_weight=568563 459009 436999 4185 3518 109554 11583 1007 10576 840 9736 4147 3585 1410 97971 1731 979 5589 2175 1550 96240 972 3065 2222 95268 7612 87656 1428 986 5630
internal_count=568563 459009 436999 4185 3518 109554 11583 1007 10576 840 9736 4147 3585 1410 97971 1731 979 5589 2175 1550 96240 972 3065 2222 95268 7612 87656 1428 986 5630
is_linear=0
shrinkage=0.03


Tree=202
num_leaves=31
num_cat=0
split_feature=39 38 31 30 20 21 29 24 23 18 31 5 26 20 24 23 38 26 26 20 19 11 21 35 1 4 22 2 29 14
split_gain=0.00825419 0.0214141 0.0250108 0.0302451 0.0280382 0.028505 0.0235702 0.0228058 0.017671 0.0229256 0.0184373 0.0181731 0.0157151 0.0187971 0.0285032 0.0200092 0.0180119 0.0150733 0.0186224 0.0147502 0.0147205 0.0215351 0.0208527 0.0279776 0.01509 0.013577 0.0161087 0.0248919 0.0216676 0.0395159
threshold=0.43310962617397314 0.39273729920387274 -0.31936077773571009 0.16554810106754306 0.48443555831909185 0.45196153223514562 -0.49272717535495753 0.43868599832057958 0.47993287444114691 0.38519051671028143 -0.33219130337238306 0.46110199391841894 -0.46641474962234492 0.44538351893424993 0.49095004796981817 0.29841835796833044 0.43962624669075018 0.23113761842250827 -0.23179569095373151 0.43868599832057958 0.41289757192134863 0.34489440917968756 -0.34489440917968744 0.036974893882870681 0.43310962617397314 0.48586554825305944 0.39177928864955908 0.4515345990657807 -0.37915775179862971 0.23162547498941424
decision_type=2 8 2 2 8 10 2 2 2 2 2 10 2 10 2 2 10 2 2 8 10 2 10 2 2 2 10 2 2 2
left_child=-1 6 3 -3 5 12 -2 -6 9 25 -11 -10 -4 14 15 17 -17 18 -14 -5 21 -12 24 -24 -23 26 28 -28 29 -8
right_child=1 2 4 19 7 -7 8 -9 11 10 20 -13 13 -15 -16 16 -18 -19 -20 -21 -22 22 23 -25 -26 -27 27 -29 -30 -31
leaf_value=-4.4174706490816436e-07 0.00024495915161797414 -0.00010679081142573606 -0.00023143695488779404 5.7526087611697483e-05 -6.577037968294611e-05 0.00012562201705256128 -0.00016167594430263949 -0.00034181794862042593 -0.00024220895169456175 -4.8629570102837698e-05 -3.1184587809401927e-05 2.1564864366494211e-05 -0.00016691954508833248 0.00012864568443187065 -0.00027098355708589757 -7.5347014473343594e-05 0.00017486140959939583 -0.00023781420784783552 9.0231923945245342e-05 0.00029655382424558364 -9.3170648963082224e-06 0.00019332058290686833 0.00013794901508050982 0.00047644210006689622 1.4083114710223307e-05 9.2776707840820131e-05 2.7781333671947535e-05 0.0002985268741896706 1.2024560994835898e-05 0.00010931802650490244
leaf_weight=529598 421 501 432 461 576 875 1678 506 447 749 537 481 473 493 513 433 618 466 524 471 715 949 495 403 759 1837 1117 412 19906 671
leaf_count=529598 421 501 432 461 576 875 1678 506 447 749 537 481 473 493 513 433 618 466 524 471 715 949 495 403 759 1837 1117 412 19906 671
internal_value=5.38291e-07 1.3871e-05 -3.22485e-05 7.98109e-05 -5.95132e-05 -2.83934e-05 2.46012e-05 -0.000196813 2.15459e-05 2.55176e-05 8.70558e-05 -0.000106718 -6.27245e-05 -4.14219e-05 -6.94528e-05 -2.74182e-05 7.20398e-05 -9.88716e-05 -3.22128e-05 0.000180188 0.000113456 0.000141326 0.000176857 0.00029343 0.000114217 1.44225e-05 8.33427e-06 0.000102201 1.84225e-06 -8.41303e-05
internal_weight=568517 38919 7342 1433 5909 4827 31577 1082 31156 30228 4607 928 3952 3520 3027 2514 1051 1463 997 932 3858 3143 2606 898 1708 25621 23784 1529 22255 2349
internal_count=568517 38919 7342 1433 5909 4827 31577 1082 31156 30228 4607 928 3952 3520 3027 2514 1051 1463 997 932 3858 3143 2606 898 1708 25621 23784 1529 22255 2349
is_linear=0
shrinkage=0.03


Tree=203
num_leaves=31
num_cat=0
split_feature=30 7 39 17 5 31 6 25 11 14 11 30 30 29 31 29 3 31 15 29 29 18 37 29 35 37 0 6 24 12
split_gain=0.00950743 0.0187648 0.0172644 0.0343436 0.0289249 0.0294139 0.0169302 0.0405055 0.0263311 0.0349947 0.0281895 0.0274421 0.0411961 0.0248028 0.0298943 0.0347467 0.0216009 0.0198086 0.0181642 0.0182523 0.0163013 0.0163024 0.015953 0.0145872 0.0196962 0.0250001 0.0237504 0.0189818 0.0157973 0.0184586
threshold=0.39273729920387274 0.47108417749404913 0.4641572386026383 0.49221777915954595 0.47570809721946722 0.41950166225433355 0.28745079040527349 0.21769449859857562 0.43116609752178198 0.43962624669075018 0.36497211456298834 -0.20462171733379361 -0.41272504627704615 0.47318433225154882 -0.016722595319151875 -0.38581016659736628 0.4516685158014298 0.22444961965084079 0.28547459840774542 -0.17169876396656034 -0.37915775179862971 0.22491610795259478 0.030252186581492427 0.41166466474533087 -0.49267388880252833 0.4463686496019364 -0.49664428830146784 0.26339980959892279 -0.0035716107813641425 0.4385290145874024
decision_type=2 2 2 2 10 2 8 2 2 2 2 2 2 2 2 2 2 2 2 2 2 2 2 2 2 2 2 8 2 2
left_child=1 2 -1 4 5 23 7 -3 9 20 -11 12 -10 14 16 -16 -13 -17 19 -18 21 -8 -9 24 27 26 -26 -4 -28 -30
right_child=-2 6 3 -5 -6 -7 8 22 11 10 -12 13 -14 -15 15 17 18 -19 -20 -21 -22 -23 -24 -25 25 -27 28 -29 29 -31
leaf_value=-3.853097306750891e-07 -1.1059699042784338e-05 -9.5239768602970115e-05 4.0137356490384283e-05 0.00026842837730763004 -0.00019903992722170299 -0.00016913993187003774 -9.41434125614723e-05 0.00039710340243402008 3.0820758867889446e-05 8.2879888636636583e-05 0.00042063796529386092 6.7306159243563684e-05 -0.00038313279584690466 0.00017505311911876931 0.0002871504331073993 0.0001089911718431599 5.2831186061737452e-05 -0.00010918355549028363 -0.00032501761349761722 -0.0002302405383759003 7.3683367591137629e-05 8.1814641565988093e-05 0.00012810158527746984 0.000135613082863536 -0.00015902658671441058 -0.00016112727857401905 -0.00012787274442820401 0.00031055765961131982 4.8038075711989754e-05 0.00024603057644389799
leaf_weight=483470 61851 421 528 542 482 578 1307 403 423 494 404 425 430 648 438 656 402 846 468 402 3880 731 409 1484 516 644 400 414 4805 456
leaf_count=483470 61851 421 528 542 482 578 1307 403 423 494 404 425 430 648 438 656 402 846 468 402 3880 731 409 1484 516 644 400 414 4805 456
internal_value=4.40397e-08 1.39747e-06 4.54915e-07 3.78642e-05 2.54914e-05 3.66978e-05 3.67024e-05 0.0001421 2.57214e-05 6.43395e-05 0.000237792 -2.55343e-05 -0.000179876 5.53724e-06 -2.50624e-05 5.52669e-05 -0.00011668 -1.38049e-05 -0.000178199 -8.97944e-05 3.7663e-05 -3.09386e-05 0.000264815 4.97328e-05 3.31623e-05 1.5298e-05 3.39224e-05 0.000160998 5.17591e-05 6.56334e-05
internal_weight=569357 507506 494319 10849 10307 9825 13187 1233 11954 6816 898 5138 853 4285 3637 1940 1697 1502 1272 804 5918 2038 812 9247 7763 6821 6177 942 5661 5261
internal_count=569357 507506 494319 10849 10307 9825 13187 1233 11954 6816 898 5138 853 4285 3637 1940 1697 1502 1272 804 5918 2038 812 9247 7763 6821 6177 942 5661 5261
is_linear=0
shrinkage=0.03


Tree=204
num_leaves=31
num_cat=0
split_feature=28 14 23 14 0 12 11 0 26 12 39 38 15 24 21 5 13 0 36 21 1 4 28 38 23 37 28 18 15 20
split_gain=0.0116847 0.0147735 0.0126893 0.0104911 0.04228 0.0327137 0.0242571 0.0125123 0.0199391 0.0260593 0.0257692 0.0103822 0.0102375 0.0180036 0.0383761 0.0303245 0.029432 0.0207321 0.0237942 0.0332352 0.024644 0.0303574 0.033865 0.0242884 0.0204012 0.0194124 0.0166472 0.0163177 0.0158067 0.0288908
threshold=-0.49277968704700464 -0.38560523092746729 0.07720848917961122 0.49664428830146795 0.47318433225154882 0.47318433225154882 0.41950166225433355 -0.49664428830146784 -0.43286086618900294 0.47318433225154882 0.47696729004383093 -0.16415061801671979 -0.025817632675170895 0.48418948054313665 0.39273729920387274 0.24427347630262378 0.33172942698001867 0.43133513629436498 0.45307256281375891 0.4463686496019364 0.41289757192134863 -0.016722595319151875 -0.25196899473667139 0.0038463814416900281 -0.070949185639619813 0.29133562743663793 -0.38581016659736628 -0.23221315443515775 0.13091243803501132 0.26512607932090765
decision_type=2 2 2 2 2 2 2 2 2 2 2 8 2 2 8 10 2 2 2 10 2 2 2 10 2 2 2 2 2 10
left_child=1 2 -1 7 5 6 -5 8 9 -2 -10 -3 -9 17 16 -16 -15 -14 19 28 27 -22 26 -24 -21 -18 -23 -20 29 -19
right_child=3 11 -4 4 -6 -7 -8 12 10 -11 -12 -13 13 14 15 -17 25 18 20 24 21 22 23 -25 -26 -27 -28 -29 -30 -31
leaf_value=-4.0341660509663293e-05 0.00015210073827264938 4.7283645043830701e-05 -0.00027425281352497916 1.8971967661006203e-05 0.00033149809510778482 0.00024179163724975366 -0.00019434452835327012 4.3244448965738537e-06 -3.2640452102935885e-05 -0.0001417138596046917 -0.00022503625056649465 -4.6410925884713697e-05 -2.6103335069650759e-06 -0.00019543266191307805 4.7539935884299291e-05 0.00039666865245730696 0.00014032922202107816 -5.1055989384059162e-05 0.00015680664952132136 -2.5997710477495763e-05 6.8680292760232059e-05 -0.00021228291654309465 -0.00027088148944518327 6.4181561491572922e-06 0.00018575575943895843 -7.0154926577148185e-05 -0.00047970868192651571 -6.698284778018651e-05 -1.3763118374324857e-05 -0.00029025909030274441
leaf_weight=422 772 1412 411 2619 414 486 577 264452 1908 407 926 4232 270068 517 427 468 1042 2588 409 659 436 459 450 743 1062 623 426 967 7910 543
leaf_count=422 772 1412 411 2619 414 486 577 264452 1908 407 926 4232 270068 517 427 468 1042 2588 409 659 436 459 450 743 1062 623 426 967 7910 543
internal_value=-4.36653e-07 -4.04695e-05 -0.000157637 2.51404e-08 4.78034e-05 1.50936e-05 -2.00259e-05 -3.26262e-07 -5.30426e-05 5.03348e-05 -9.60754e-05 -2.29285e-05 5.6377e-08 -3.83843e-06 6.82241e-05 0.000232467 1.02765e-07 -4.61414e-06 -3.70915e-05 -1.72583e-05 -0.000101947 -0.000157629 -0.000205214 -9.95616e-05 0.00010499 6.16228e-05 -0.000344931 1.87405e-07 -3.63913e-05 -9.33323e-05
internal_weight=568835 6477 833 562358 4096 3682 3196 558262 4013 1179 2834 5644 554249 289797 3077 895 2182 286720 16652 12762 3890 2514 2078 1193 1721 1665 885 1376 11041 3131
internal_count=568835 6477 833 562358 4096 3682 3196 558262 4013 1179 2834 5644 554249 289797 3077 895 2182 286720 16652 12762 3890 2514 2078 1193 1721 1665 885 1376 11041 3131
is_linear=0
shrinkage=0.03


Tree=205
num_leaves=31
num_cat=0
split_feature=3 38 4 38 35 28 0 24 38 29 27 30 38 15 21 3 36 14 8 1 6 6 12 22 12 9 24 26 14 26
split_gain=0.013032 0.0185749 0.0264194 0.0301962 0.0246997 0.0300752 0.0122239 0.0277923 0.0158188 0.0305467 0.0212078 0.0153704 0.0130905 0.0180604 0.0202271 0.022099 0.0272328 0.019102 0.0120256 0.0117872 0.0406482 0.0347627 0.0321926 0.0321115 0.00965483 0.018578 0.0219131 0.0180378 0.0319034 0.0166278
threshold=0.49664428830146795 0.3856052309274674 0.45782060921192175 0.098392926156520857 -0.29180648922920221 -0.1576878875494003 -0.49664428830146784 0.41188235580921179 0.27187095582485205 -0.35231085121631617 0.35198226571083074 -0.45298065245151514 -0.49664428830146784 -0.49664428830146784 -0.48653183877468104 0.32465183734893804 0.41204395890235906 -0.47306366264820093 0.49245272576808935 0.49664428830146795 0.49227787554264074 0.35476978123188024 0.36476325988769537 -0.21803475916385648 0.2450322434306145 0.49221777915954595 0.49664428830146795 0.47993287444114691 0.29828247427940374 0.1113109514117241
decision_type=2 10 2 8 2 2 2 2 8 2 2 2 8 2 10 2 2 2 2 2 8 10 2 8 2 2 2 2 2 2
left_child=6 2 -2 4 -4 -6 7 8 9 -1 -11 -9 13 -8 -15 16 -16 -17 -3 24 21 23 -23 -21 25 26 -14 -26 -29 -28
right_child=1 18 3 -5 5 -7 12 11 -10 10 -12 -13 19 14 15 17 -18 -19 -20 20 -22 22 -24 -25 27 -27 29 28 -30 -31
leaf_value=-0.00025257849531973151 -0.00022331985075517741 -0.00026588666112081549 0.00010142613469234044 0.00017769656531567817 3.8515790452271e-05 -0.00023847937926161459 -7.4824438960858196e-05 -0.00030140617301573232 0.00013500209076808324 -6.6206224076282834e-05 0.00019186857624394179 -9.1397265065721982e-05 2.0828223864913484e-06 0.00026568773358576437 4.7469544226830399e-05 -0.00018993990574832923 0.00032743274676694917 7.5088438706949156e-05 -5.2685073879889817e-05 0.00032677595927099452 0.0002845201345699071 6.002577115875733e-05 -0.00026960661016050446 7.8682706158140325e-07 -6.1865201947996992e-06 0.00014973570011443847 -0.00025343338056758511 -1.8336175246466537e-05 -0.00033341566922276145 -4.2637002582550207e-05
leaf_weight=417 476 512 708 753 635 777 753 407 697 663 490 1333 416737 478 1170 483 419 478 449 407 572 481 580 782 133666 754 490 933 410 1048
leaf_count=417 476 512 708 753 635 777 753 407 697 663 490 1333 416737 478 1170 483 419 478 449 407 572 481 580 782 133666 754 490 933 410 1048
internal_value=-3.9405e-07 -5.23016e-05 -1.87459e-05 1.5805e-05 -4.22613e-05 -0.000114515 3.08308e-09 -5.21434e-05 1.71159e-05 -3.57427e-05 4.41767e-05 -0.000141962 3.76706e-07 5.59351e-05 8.85915e-05 5.44865e-05 0.000122878 -5.86995e-05 -0.000167843 -1.52502e-09 6.10467e-05 3.22721e-06 -0.000121004 0.000114169 -3.13571e-07 1.93438e-06 1.66438e-06 -7.2902e-06 -0.000116279 -0.000110999
internal_weight=568958 4310 3349 2873 2120 1412 564648 4007 2267 1570 1153 1740 560641 3781 3028 2550 1589 961 961 556860 2822 2250 1061 1189 554038 419029 418275 135009 1343 1538
internal_count=568958 4310 3349 2873 2120 1412 564648 4007 2267 1570 1153 1740 560641 3781 3028 2550 1589 961 961 556860 2822 2250 1061 1189 554038 419029 418275 135009 1343 1538
is_linear=0
shrinkage=0.03


Tree=206
num_leaves=31
num_cat=0
split_feature=35 8 17 24 27 7 12 24 1 35 39 1 4 12 6 17 14 0 8 39 20 23 3 31 31 31 4 39 35 8
split_gain=0.00925046 0.0342741 0.0219279 0.0210576 0.0188968 0.0279778 0.0321881 0.043024 0.0390585 0.0217177 0.032329 0.0233758 0.0222202 0.0236341 0.0237259 0.0261137 0.0215208 0.0384304 0.0214967 0.0347161 0.0209928 0.0201883 0.0189814 0.0171908 0.0170861 0.0180099 0.0156251 0.0153336 0.0150109 0.0145991
threshold=0.40572874248027807 -0.4798318743705749 -0.49664428830146784 -0.23179569095373151 0.3588989526033402 -0.39930471777915949 0.050361584872007377 0.48418948054313665 0.47318433225154882 0.48662193119525915 0.47696729004383093 0.45307256281375891 0.49221777915954595 0.466554805636406 0.46743549406528478 0.2449322044849396 -0.45298065245151514 0.4463686496019364 0.34589572250843054 0.49227787554264074 0.43310962617397314 0.17118690907955172 0.47993287444114691 -0.098455023020505891 0.15108475089073184 -0.032316081225872033 -0.18498543649911878 0.48662193119525915 0.47318433225154882 0.0038463814416900281
decision_type=2 2 2 2 2 2 2 2 2 2 2 2 2 2 8 2 2 2 2 2 10 2 2 2 2 2 2 2 2 2
left_child=-1 3 -3 -2 5 24 29 8 20 10 16 -12 13 14 15 21 17 -6 -13 -20 -8 -11 27 -5 25 -4 -25 -23 -26 -7
right_child=1 2 4 23 9 6 7 -9 -10 12 11 18 -14 -15 -16 -17 -18 -19 19 -21 -22 22 -24 26 28 -27 -28 -29 -30 -31
leaf_value=1.343534820119606e-06 -0.00026150736723597358 0.00018463542104579767 4.7658957607290688e-05 -0.00018961337754088626 0.00030105766161886698 -3.8779164403764564e-05 -5.5908660592454762e-05 -0.00035686360891853437 0.00021554822581889421 0.00024151692603014484 6.0628591932557897e-05 -0.00032920314675108841 -9.7132461269851773e-05 0.00028951812723144326 0.00021325355070259545 -0.0001216752354713435 2.4822314032140247e-06 -6.4455321532471728e-05 -0.00025192580351727947 0.00011108412071636352 -0.00019659563737960535 -0.0001144997701863682 0.00019638364506841557 0.00015287753066363737 6.9577890394283601e-05 -0.00010906892644095368 -0.00010234781164811546 0.00010572103751964466 0.00027695337365678068 1.9198270223726243e-05
leaf_weight=512052 712 523 2280 554 592 6669 11223 439 444 527 496 522 615 486 791 758 11524 449 517 423 1036 754 436 417 1340 917 427 444 405 9415
leaf_count=512052 712 523 2280 554 592 6669 11223 439 444 527 496 522 615 486 791 758 11524 449 517 423 1036 754 436 417 1340 917 427 444 405 9415
internal_value=7.60479e-08 -1.14839e-05 -6.83937e-06 -0.00012981 -8.74525e-06 -2.21546e-05 -3.33184e-05 -6.81291e-05 -5.78779e-05 1.49515e-05 -3.36074e-06 -0.000116425 7.01232e-05 9.48102e-05 6.85943e-05 2.87998e-05 1.43365e-05 0.000144293 -0.000176496 -8.91216e-05 -6.79486e-05 8.18983e-05 2.92619e-05 -6.1356e-05 4.38001e-05 2.50456e-06 2.40664e-05 -3.26825e-05 0.000119012 -4.8504e-06
internal_weight=568187 56135 54025 2110 53502 34168 29226 13142 12703 19334 14523 1958 4811 4196 3710 2919 12565 1041 1462 940 12259 2161 1634 1398 4942 3197 844 1198 1745 16084
internal_count=568187 56135 54025 2110 53502 34168 29226 13142 12703 19334 14523 1958 4811 4196 3710 2919 12565 1041 1462 940 12259 2161 1634 1398 4942 3197 844 1198 1745 16084
is_linear=0
shrinkage=0.03


Tree=207
num_leaves=31
num_cat=0
split_feature=24 21 14 24 20 29 12 6 12 14 22 21 29 12 21 17 14 11 17 6 6 22 6 25 0 3 13 5 31 22
split_gain=0.0121814 0.0285495 0.0325665 0.0629798 0.0686822 0.0198905 0.019586 0.0353613 0.0257937 0.0349035 0.0358625 0.0199659 0.018784 0.0184043 0.0125093 0.0210302 0.0201664 0.0167931 0.0147167 0.0119922 0.0107297 0.0119029 0.0251174 0.0204862 0.0240959 0.0217418 0.0254517 0.0141359 0.0146509 0.01082
threshold=0.466554805636406 0.39273729920387274 0.47993287444114691 0.47993287444114691 0.37853804230690008 0.2382863983511925 0.38500662147998815 0.083970803767442717 0.25769412517547613 0.17790922522544864 -0.45970448851585383 -0.15181878209114072 -0.18511227518320081 0.43962624669075018 -0.34489440917968744 -0.36572171747684473 -0.29863440990447992 0.41289757192134863 0.21769449859857562 0.14070084691047671 -0.36121249198913569 -0.38581016659736628 0.37745475769042974 0.42620199918746954 0.49215674400329595 0.16440654546022418 0.39177928864955908 0.4385290145874024 0.37831963598728185 -0.23179569095373151
decision_type=2 8 2 2 10 2 2 10 2 2 10 10 2 2 10 2 2 2 2 10 8 8 8 2 2 2 2 8 2 8
left_child=-1 5 3 -3 -5 6 8 -8 20 10 -10 12 -12 -9 15 -7 17 -16 19 -18 29 22 23 24 25 -22 -27 28 -23 -2
right_child=1 2 -4 4 -6 14 7 13 9 -11 11 -13 -14 -15 16 -17 18 -19 -20 -21 21 27 -24 -25 -26 26 -28 -29 -30 -31
leaf_value=8.1388811169014531e-07 0.0001562284389713143 -7.1044506281604767e-05 -0.00010432831958719825 8.5856475161071509e-06 0.00050723998227540483 8.517240233520079e-05 0.00023533467113653528 7.939083636939629e-05 -0.00032942721593951548 -0.00040700940813806388 4.7440823403834461e-05 0.0001525538748197964 -0.00021885821073902134 -0.00013866287390718848 0.00031066837452763628 -0.00020816998943211463 4.6824540642605206e-05 4.1647401408260062e-05 0.00010718255114492271 -0.00016969871345095684 8.8273734209937612e-06 -3.6399185213137804e-05 0.00011270060815367685 -0.00032745110416709556 0.00010302209109484646 -6.6550025480641243e-05 -0.00033326214432109481 -0.00018495676091974641 0.00010248364463513916 -5.0172177206762353e-05
leaf_weight=548872 448 722 658 434 573 416 562 606 449 404 434 402 511 794 434 447 402 401 681 518 570 4915 416 415 423 595 708 481 784 449
leaf_count=548872 448 722 658 434 573 416 562 606 449 404 434 402 511 794 434 447 402 401 681 518 570 4915 416 415 423 595 708 481 784 449
internal_value=-2.53471e-08 -2.29862e-05 7.41915e-05 0.000142339 0.000294526 -3.6152e-05 -5.14012e-05 3.6527e-05 -6.53275e-05 -0.000158289 -0.000100397 -2.21881e-05 -9.73418e-05 -4.43831e-05 3.02078e-05 -6.74115e-05 6.49255e-05 0.000183496 2.33019e-06 -7.56013e-05 -4.51495e-05 -5.47044e-05 -0.000102318 -0.000135606 -9.96603e-05 -0.000145738 -0.000212906 -3.04859e-05 -1.71473e-05 5.3499e-05
internal_weight=568924 20052 2387 1729 1007 17665 14366 1962 12404 2200 1796 1347 945 1400 3299 863 2436 835 1601 920 10204 9307 3127 2711 2296 1873 1303 6180 5699 897
internal_count=568924 20052 2387 1729 1007 17665 14366 1962 12404 2200 1796 1347 945 1400 3299 863 2436 835 1601 920 10204 9307 3127 2711 2296 1873 1303 6180 5699 897
is_linear=0
shrinkage=0.03


Tree=208
num_leaves=31
num_cat=0
split_feature=8 29 39 12 21 21 25 37 35 38 5 6 30 30 39 12 38 38 7 39 25 7 27 0 16 21 39 19 12 35
split_gain=0.0146588 0.0187824 0.027254 0.0260791 0.0303985 0.0290817 0.0356281 0.0253531 0.016797 0.0181313 0.0160874 0.0157574 0.0294366 0.017673 0.0157568 0.0243095 0.0199728 0.0156883 0.0391326 0.0301943 0.0176183 0.0175928 0.0200651 0.0150235 0.0325844 0.0265074 0.0229903 0.0185657 0.0173865 0.0222769
threshold=0.46441236138343817 0.42620199918746954 0.48615899682044988 0.48586554825305944 -0.47306366264820093 0.37251612544059759 0.47993287444114691 -0.42605021595954889 -0.21137479692697522 -0.48653183877468104 0.33806170523166662 inf 0.35170717537403112 -0.37241181731224055 0.41950166225433355 0.39273729920387274 -0.13754194974899289 -0.49664428830146784 -0.058055276051163666 0.30546234548091894 0.3310334980487824 0.41950166225433355 0.30478277802467352 0.27103835344314581 0.42508503794670111 0.33858561515808111 0.4641572386026383 0.46441236138343817 0.19131659716367724 0.43962624669075018
decision_type=2 2 2 2 8 10 2 2 2 10 8 8 2 2 2 2 10 8 2 2 2 2 2 2 2 10 2 10 2 2
left_child=17 2 7 4 -4 6 -6 8 -2 -10 -11 13 -13 -9 15 -3 -16 18 19 -1 -21 22 -20 27 25 26 28 -15 -25 -30
right_child=1 14 3 -5 5 -7 -8 11 9 10 -12 12 -14 23 16 -17 -18 -19 21 20 -22 -23 -24 24 -26 -27 -28 -29 29 -31
leaf_value=2.5989961514794906e-05 -1.7265972251986044e-05 0.00014563070402203948 -0.00036900549205065391 7.9484556585507053e-05 -0.00021816746885042725 -0.00031758094460068026 0.00011836904274179539 0.00016778049170641823 0.00028707951789172341 0.00021202856840577022 -2.0690175329726801e-05 -0.00025444111114947699 1.4373644587012362e-05 -2.4271933990034715e-05 0.0002783626470252256 -0.00011676044317663839 2.9842078585007154e-05 9.4687493958611581e-07 2.5129898922138975e-05 0.00043247720924168405 0.00015766006098661366 0.00014316685205937178 -0.00018740604385446489 -1.4070874783527282e-05 -0.00027948041358907214 0.00017657840002484462 0.00012105593765816843 0.00012839309239205953 -9.6837224335035474e-05 -0.00036262361350976514
leaf_weight=672 1354 502 511 453 481 406 659 403 443 405 747 775 686 8494 486 828 711 543090 907 418 448 444 702 859 621 419 425 773 838 428
leaf_count=672 1354 502 511 453 481 406 659 403 443 405 747 775 686 8494 486 828 711 543090 907 418 448 444 702 859 621 419 425 773 838 428
internal_value=3.79508e-07 -2.32337e-05 -3.28926e-05 -0.000125197 -0.000170439 -0.000102857 -2.42881e-05 -1.97175e-05 6.04345e-05 0.000126091 6.22456e-05 -3.58042e-05 -0.000128982 -2.54483e-05 5.37255e-05 -1.73749e-05 0.000132215 1.36071e-06 6.37719e-05 0.00017767 0.000293731 -2.20025e-05 -6.81834e-05 -3.16307e-05 -8.36432e-05 -4.18809e-05 -7.83263e-05 -1.14128e-05 -0.000118583 -0.00018883
internal_weight=569388 22707 20180 2510 2057 1546 1140 17670 2949 1595 1152 14721 1461 13260 2527 1330 1197 546681 3591 1538 866 2053 1609 12857 3590 2969 2550 9267 2125 1266
internal_count=569388 22707 20180 2510 2057 1546 1140 17670 2949 1595 1152 14721 1461 13260 2527 1330 1197 546681 3591 1538 866 2053 1609 12857 3590 2969 2550 9267 2125 1266
is_linear=0
shrinkage=0.03


Tree=209
num_leaves=31
num_cat=0
split_feature=19 8 12 35 24 39 18 17 38 1 6 39 37 2 26 27 4 19 35 36 35 5 27 18 17 3 19 39 39 39
split_gain=0.00924134 0.0246932 0.0174325 0.0357663 0.0201513 0.023827 0.0185138 0.0182749 0.0316377 0.0241735 0.0241001 0.0228997 0.0196783 0.0193325 0.0217515 0.0177192 0.0186191 0.016649 0.0149059 0.0151089 0.0144914 0.0142105 0.0136365 0.0260425 0.0321654 0.0223306 0.0125501 0.0124115 0.0122081 0.011483
threshold=-0.37241181731224055 0.45307256281375891 0.47318433225154882 0.4463686496019364 0.49664428830146795 0.48615899682044988 0.31881627440452581 0.23113761842250827 0.21118935942649844 0.48662193119525915 0.45617236196994787 0.41844293475151068 0.23192141205072406 0.48418948054313665 -0.05823643505573272 0.42520184814929968 0.44525898993015295 0.38475373387336737 -0.23162547498941419 0.46399636566638952 0.2450322434306145 0.46862696111202246 0.49245272576808935 -0.42605021595954889 -0.47306366264820093 0.49664428830146795 0.14426303654909137 0.39822661876678472 0.14436987787485125 0.13763252645730975
decision_type=8 2 2 2 2 2 2 2 8 2 8 2 2 2 2 2 2 10 2 2 2 8 2 2 2 2 10 2 2 2
left_child=22 -2 4 18 5 7 -7 8 17 21 11 15 -13 14 -12 26 -17 -3 19 -4 -20 29 25 24 -24 -1 -9 -25 -28 -10
right_child=1 2 3 -5 -6 6 -8 10 9 -11 13 12 -14 -15 -16 16 -18 -19 20 -21 -22 -23 23 27 -26 -27 28 -29 -30 -31
leaf_value=8.9053759313299332e-06 -2.1163548696360106e-07 -4.1043750675416311e-05 0.00014826017040390954 0.00028203159165591526 0.00011399808918182667 -8.52878346424355e-05 -0.00034379717380529466 -0.00013055187095444633 -4.0511092615594039e-05 0.0002570490301157406 -0.00024305297300721259 -7.1890697312585093e-05 0.00019418111537950272 -0.00028151387747388961 -3.7110085675107308e-06 -0.00030875090983783934 -5.382269645818555e-05 -0.00020467886928216493 -0.00023495481287303424 -8.2015582266087918e-05 1.5849359639139707e-05 -0.00011244005748235865 7.8130300425566327e-06 0.00010009442689163728 0.00035922634152213954 -0.00019661086332164592 -8.9137420966826716e-05 -0.00010537875589442597 0.00010690598416663546 8.7145774149834982e-05
leaf_weight=72174 472418 6682 658 448 704 653 403 635 892 440 542 418 598 769 898 499 533 602 403 408 414 570 427 461 511 469 449 594 750 2143
leaf_count=72174 472418 6682 658 448 704 653 403 635 892 440 542 418 598 769 898 499 533 602 403 408 414 570 427 461 511 469 449 594 750 2143
internal_value=-1.56491e-07 -1.64331e-06 -3.30705e-05 4.42587e-05 -4.24867e-05 -4.85078e-05 -0.000186242 -4.00562e-05 -1.7496e-05 4.97018e-05 -8.19198e-05 -3.67314e-05 8.50808e-05 -0.000160809 -9.48516e-05 -8.00596e-05 -0.000178868 -5.48298e-05 -1.35029e-05 6.01815e-05 -0.000109209 2.37534e-05 9.68191e-06 8.69031e-05 0.000201024 7.55164e-06 -2.37915e-05 -1.5497e-05 3.33618e-05 4.9617e-05
internal_weight=568565 493929 21511 2331 19180 18476 1056 17420 11329 4045 6091 3882 1016 2209 1440 2866 1032 7284 1883 1066 817 3605 74636 1993 938 72643 1834 1055 1199 3035
internal_count=568565 493929 21511 2331 19180 18476 1056 17420 11329 4045 6091 3882 1016 2209 1440 2866 1032 7284 1883 1066 817 3605 74636 1993 938 72643 1834 1055 1199 3035
is_linear=0
shrinkage=0.03


Tree=210
num_leaves=31
num_cat=0
split_feature=16 35 8 6 29 37 1 12 17 23 1 8 35 4 3 28 22 17 23 14 36 1 5 17 36 5 35 6 35 24
split_gain=0.0088805 0.0138297 0.041609 0.0679832 0.0143661 0.0215821 0.0212425 0.0333378 0.0210567 0.0442626 0.0256291 0.0241683 0.0330223 0.0197893 0.0257872 0.0201066 0.018933 0.0184628 0.0232575 0.0169203 0.0432615 0.0216 0.0157101 0.0154104 0.015167 0.0131385 0.0119678 0.0149229 0.0149836 0.0122481
threshold=0.28547459840774542 0.49227787554264074 0.42620199918746954 0.39352983236312872 -0.25203305482864374 0.31229026615619665 0.18458957225084308 0.49307949841022497 0.48662193119525915 0.05709491856396199 0.37149409949779516 0.22491610795259478 -0.43286086618900294 0.4463686496019364 0.31229026615619665 -0.01056390395388007 0.20508208870887759 0.4908673912286759 0.27199432253837591 0.4385290145874024 0.30525226891040808 0.43962624669075018 0.46862696111202246 0.49298237264156347 0.21784532815217975 0.26718233525753027 0.48625412583351141 -0.45896025002002711 0.47318433225154882 0.33277405798435217
decision_type=2 2 2 8 2 2 2 2 2 2 2 2 2 2 2 2 8 2 2 2 2 2 10 2 2 10 2 8 2 2
left_child=-1 4 3 -3 5 23 -6 17 10 16 13 25 -13 14 -7 24 -10 26 -19 20 -14 -21 -15 -2 -16 -12 27 29 -29 -8
right_child=1 2 -4 -5 6 8 7 -9 9 -11 11 12 19 22 15 -17 -18 18 -20 21 -22 -23 -24 -25 -26 -27 -28 28 -30 -31
leaf_value=2.1761131298539993e-06 -1.8409383528831597e-05 -0.00020394075793910628 -0.00033318618112054257 0.00021290001504733843 -2.211764727488064e-06 1.5639060382907703e-05 -3.336549613228632e-06 -0.00028250055705886028 0.00014260526623190143 -0.00024831988441093001 -0.00011893820276265407 0.00041059413843991374 1.4840297074572716e-05 -0.00019631281902238309 8.7392468200933718e-05 1.0191726634795551e-05 -0.00010410520480682323 -2.614384404113475e-06 0.0002657912580392256 0.00020692372409523245 0.000439683929417827 -4.5702151425877998e-05 2.9677326581705188e-05 0.00013841586405238232 0.00031295074081111242 0.00010261634440544867 0.00011631679349009014 -4.0030504035571372e-05 -0.00018504780107664765 0.00018585673909727717
leaf_weight=446578 15697 731 457 661 61590 7624 989 468 757 684 481 411 445 601 472 656 432 985 402 477 410 806 502 575 645 463 449 22529 651 437
leaf_count=446578 15697 731 457 661 61590 7624 989 468 757 684 481 411 445 601 472 656 432 985 402 477 410 806 502 575 645 463 449 22529 651 437
internal_value=2.13386e-07 -6.94216e-06 -8.81453e-05 -5.89457e-06 -5.69036e-06 1.14867e-05 -1.19287e-05 -3.4159e-05 3.6373e-05 -5.78706e-05 4.902e-05 0.000119297 0.000167159 2.55499e-05 3.96813e-05 0.000142397 5.28472e-05 -2.96584e-05 7.65245e-05 0.000118668 0.000221294 4.90943e-05 -9.41171e-05 -1.27861e-05 0.00021926 -1.03366e-05 -3.55647e-05 -3.83823e-05 -4.41813e-05 5.55326e-05
internal_weight=569065 122487 1849 1392 120638 32138 88500 26910 15866 1873 13993 3493 2549 10500 9397 1773 1189 26442 1387 2138 855 1283 1103 16272 1117 944 25055 24606 23180 1426
internal_count=569065 122487 1849 1392 120638 32138 88500 26910 15866 1873 13993 3493 2549 10500 9397 1773 1189 26442 1387 2138 855 1283 1103 16272 1117 944 25055 24606 23180 1426
is_linear=0
shrinkage=0.03


Tree=211
num_leaves=31
num_cat=0
split_feature=3 35 24 37 28 39 13 4 38 26 22 31 3 19 2 19 38 38 38 25 27 39 27 11 4 11 8 4 39 18
split_gain=0.0116768 0.0162259 0.0183539 0.0120253 0.0121349 0.0185707 0.0128056 0.0110065 0.00891856 0.0185605 0.0148175 0.0136603 0.0133113 0.0204873 0.016369 0.0242297 0.0285344 0.0320577 0.0162016 0.0158457 0.0103208 0.0539513 0.0113764 0.00963401 0.0153276 0.0107544 0.0115282 0.00937623 0.0137242 0.0136159
threshold=-0.48653183877468104 -0.47306366264820093 0.16554810106754306 0.31106737256050115 0.15737503021955493 0.42469435930252081 0.010135597549378874 -0.48653183877468104 -0.23063284158706662 0.43962624669075018 -0.49664428830146784 0.457686796784401 0.49221777915954595 -0.48653183877468104 0.47318433225154882 -0.19175507128238675 -0.41959154605865473 -0.4798318743705749 -0.38581016659736628 0.47993287444114691 0.466554805636406 0.45986577868461614 0.43962624669075018 0.34489440917968756 0.37925247848033911 0.11071263998746873 0.26512607932090765 0.25170098245143896 0.49227787554264074 0.466554805636406
decision_type=2 2 2 2 2 2 2 2 8 2 10 2 2 10 2 10 10 10 10 2 2 2 2 2 2 2 2 2 2 2
left_child=1 2 -1 -3 5 6 7 -5 9 12 -11 20 14 -14 27 16 17 -16 19 -15 22 -22 23 25 -25 -12 -27 28 -2 -29
right_child=8 3 -4 4 -6 -7 -8 -9 -10 10 11 -13 13 18 15 -17 -18 -19 -20 -21 21 -23 -24 24 -26 26 -28 29 -30 -31
leaf_value=-2.8689987732238085e-05 6.842780499178001e-06 3.3727389629941041e-06 -0.00028795356729219307 0.00010458312554177063 7.873801750952545e-05 -0.00026723359629423889 -0.00018366897367970005 -6.6687910374410087e-05 -1.7332489936292857e-06 0.00019282571592218442 3.4793096416811916e-05 0.0001966744213948747 -0.00021782121106277453 0.00019861880157748797 0.00017832179980575112 -6.7623079169925701e-05 0.00027916412554151743 -0.00010740619064572777 -0.00013937191100059341 -5.9745166279434169e-05 0.00028442706865763201 -0.00012131420765051881 -9.9734313456080961e-05 0.00025184819931112857 -7.4287182385145988e-06 -0.00018033498824469705 2.4532319167771305e-06 -1.7346230555981888e-05 0.00014608205124001789 5.7465617382229751e-05
leaf_weight=544 105454 6522 442 487 416 450 515 1044 407405 569 5438 448 601 427 763 775 724 642 515 411 679 508 680 408 402 456 930 27383 631 2370
leaf_count=544 105454 6522 442 487 416 450 515 1044 407405 569 5438 448 601 427 763 775 724 642 515 411 679 508 680 408 402 456 930 27383 631 2370
internal_value=-1.10585e-08 -3.14613e-05 -0.000146636 -1.92812e-05 -6.98571e-05 -9.48384e-05 -5.58062e-05 -1.18827e-05 5.76139e-07 6.79786e-06 4.52195e-05 3.65925e-05 3.92257e-06 -7.36331e-05 5.02007e-06 7.53728e-05 0.000127499 4.7925e-05 -8.45675e-06 7.2693e-05 2.88453e-05 0.000111219 1.69652e-05 2.74771e-05 0.000124649 1.57774e-05 -5.85459e-05 3.5106e-06 7.68468e-06 -1.13697e-05
internal_weight=569039 10420 986 9434 2912 2496 2046 1531 558619 151214 10518 9949 140696 1954 138742 2904 2129 1405 1353 838 9501 1187 8314 7634 810 6824 1386 135838 106085 29753
internal_count=569039 10420 986 9434 2912 2496 2046 1531 558619 151214 10518 9949 140696 1954 138742 2904 2129 1405 1353 838 9501 1187 8314 7634 810 6824 1386 135838 106085 29753
is_linear=0
shrinkage=0.03


Tree=212
num_leaves=31
num_cat=0
split_feature=39 24 35 22 38 22 24 37 6 7 38 35 23 5 32 32 29 27 22 7 1 5 4 16 6 38 3 5 1 7
split_gain=0.0120795 0.0290017 0.0327005 0.0248794 0.0248542 0.033312 0.0170625 0.0150268 0.0216864 0.0338189 0.0145685 0.0106921 0.0267629 0.0337955 0.0209879 0.0170405 0.00919119 0.0232497 0.0257965 0.0228177 0.0225258 0.0156786 0.0242059 0.0146878 0.0298727 0.0244272 0.0478396 0.027939 0.0252251 0.0358869
threshold=0.49293276667594915 0.26490327715873724 0.49664428830146795 -0.41940896213054651 -0.36520838737487787 -0.45970448851585383 0.48662193119525915 0.47696729004383093 0.27523735165596014 0.40614514052867895 0.083917114883661284 0.49664428830146795 0.25170098245143896 -0.037364197894930833 -0.072491426020860658 0.05709491856396199 -0.25083892047405237 0.31229026615619665 -0.49267388880252833 -0.46641474962234492 0.21102430671453479 -0.40310543775558466 -0.23151255398988721 0.27154105901718145 0.48312206566333776 0.4463686496019364 0.4516685158014298 0.41985401511192327 0.23789755254983905 0.47318433225154882
decision_type=2 2 2 8 8 10 2 2 8 2 8 2 2 10 2 2 2 2 8 2 2 8 2 2 10 10 2 10 2 2
left_child=11 -2 4 -4 5 -3 -7 8 10 -10 -6 16 13 -13 -15 -14 17 19 -19 20 -1 -20 -23 -24 25 28 27 -27 -25 -30
right_child=1 2 3 -5 7 6 -8 -9 9 -11 -12 12 15 14 -16 -17 -18 18 21 -21 -22 22 23 24 -26 26 -28 -29 29 -31
leaf_value=-3.0485642430621698e-05 0.00026763848350822364 -7.5338632741684327e-05 1.3560865762221739e-05 0.00028481674105065949 0.00014572732693951117 0.00033153563735759237 7.1927291836250388e-05 9.4793771582389559e-05 -0.00030962800439635925 -2.0878473037492971e-05 -7.7923199082526729e-05 -0.00016446478287270301 -0.00024298551962930522 -2.2322104171127054e-05 0.00025059410952406162 -3.564240251536721e-05 -2.2924897996408236e-06 -0.00018912126027276121 -0.00010400240340607647 3.5957989224197633e-06 -0.00018915465153947596 0.00020422255647785858 1.7430882076085223e-05 4.972652582053193e-05 -6.8524163557891186e-05 -1.5778641625559887e-05 -0.00021655777703606348 0.00030149143925152337 0.00013178806731748238 0.00041604729441018157
leaf_weight=4366 462 693 563 655 417 440 476 443 737 717 669 521 784 451 565 655 419288 459 698 108050 979 766 16531 2670 1269 612 631 411 2640 466
leaf_count=4366 462 693 563 655 417 440 476 443 737 717 669 521 784 451 565 655 419288 459 698 108050 979 766 16531 2670 1269 612 631 411 2640 466
internal_value=9.28233e-08 4.14629e-05 2.30489e-05 0.000160565 -1.3696e-05 8.10282e-05 0.000198864 -6.48892e-05 -9.3002e-05 -0.000168354 8.49974e-06 -3.68935e-07 -5.69867e-05 3.0039e-05 0.00013041 -0.000149505 -6.69515e-08 6.57205e-06 3.15013e-05 6.00352e-07 -5.98467e-05 3.53643e-05 3.91449e-05 3.40541e-05 6.55875e-05 8.85543e-05 -1.30408e-05 0.000113372 0.000117619 0.000175634
internal_weight=569084 6272 5810 1218 4592 1609 916 2983 2540 1454 1086 562812 2976 1537 1016 1439 559836 140548 27153 113395 5345 26694 25996 25230 8699 7430 1654 1023 5776 3106
internal_count=569084 6272 5810 1218 4592 1609 916 2983 2540 1454 1086 562812 2976 1537 1016 1439 559836 140548 27153 113395 5345 26694 25996 25230 8699 7430 1654 1023 5776 3106
is_linear=0
shrinkage=0.03


Tree=213
num_leaves=31
num_cat=0
split_feature=15 26 39 29 11 28 27 31 13 16 4 39 18 19 15 35 12 35 26 18 23 27 29 39 26 29 4 29 6 31
split_gain=0.0140415 0.0279369 0.0163109 0.0414677 0.0230136 0.0147084 0.0126218 0.0102564 0.0083391 0.0145473 0.0218456 0.0205859 0.0201178 0.0169666 0.0133387 0.0155254 0.027537 0.0331628 0.0146497 0.0136898 0.0407247 0.0261112 0.0201565 0.0179262 0.0353715 0.0354527 0.0313177 0.0294492 0.0319644 0.0263325
threshold=-0.49664428830146784 -0.29863440990447992 0.45782060921192175 -0.19834428280591962 0.45720390975475317 -0.33881792426109308 0.13773821294307712 0.11754836142063142 0.39849410951137548 0.46441236138343817 0.40521778166294103 0.45142260193824774 -0.40601159632205958 0.46441236138343817 0.4186519086360932 -0.47306366264820093 0.45793896913528448 0.42620199918746954 0.49664428830146795 -0.47306366264820093 0.45986577868461614 0.45986577868461614 -0.35920709371566767 0.43310962617397314 -0.39299345016479487 0.15144564956426623 -0.4394956231117248 -0.070949185639619813 0.40842382609844213 -0.10399362072348593
decision_type=2 2 2 2 2 2 2 2 2 2 2 2 2 8 2 2 2 2 2 2 2 2 2 2 2 2 2 2 10 2
left_child=1 5 4 -4 7 -1 -7 -3 -2 14 12 -12 -11 -14 18 -16 17 -17 19 20 21 22 -10 -21 26 27 -25 28 29 -26
right_child=8 2 3 -5 -6 6 -8 -9 9 10 11 -13 13 -15 15 16 -18 -19 -20 23 -22 -23 -24 24 25 -27 -28 -29 -30 -31
leaf_value=-0.00031313479930959232 9.8006493332815592e-07 -6.1373761127809823e-05 -0.00029456606861910498 0.00011429775712166737 0.00023671800118920923 2.9426545094788882e-05 -0.00018511053165422064 0.00010331466931724081 0.00011005036662039414 0.00027829277565666208 6.7833416697572416e-05 -0.00017668612389313938 -3.5700928384199697e-05 0.00018057877886018143 -0.00022582004719524552 -3.0333400462026691e-05 0.00017307942081471378 -0.00028933343353493421 -0.00013706835440805462 -1.2726464857602694e-05 -0.00029316198678537624 0.00019948499039920616 -8.1718912367504876e-05 -1.1291493312284801e-05 8.5036085976774206e-05 9.972023586347983e-05 0.00030997855527896493 -0.00013405422035853398 0.00019498706703884313 -0.00010956645171111972
leaf_weight=408 507115 1034 475 406 438 406 610 495 582 501 665 564 765 556 482 2401 442 537 800 36930 569 412 2973 437 1038 2669 715 1757 707 1545
leaf_count=408 507115 1034 475 406 438 406 610 495 582 501 665 564 765 556 482 2401 442 537 800 36930 569 412 2973 437 1038 2669 715 1757 707 1545
internal_value=-6.62978e-07 -5.47839e-05 -4.08436e-07 -0.000106977 4.76223e-05 -0.000162774 -9.99289e-05 -7.73249e-06 -2.52921e-07 -1.10229e-05 5.26353e-05 -4.48993e-05 0.000118312 5.60025e-05 -1.45634e-05 -6.82518e-05 -4.51821e-05 -7.84936e-05 -1.0496e-05 -8.45741e-06 -5.81117e-05 -2.37453e-05 -5.01031e-05 -3.52786e-06 3.47501e-05 1.14968e-05 0.00018906 -3.52632e-05 1.77417e-05 -3.13375e-05
internal_weight=569434 4272 2848 881 1967 1424 1016 1529 565162 58047 3051 1229 1822 1321 54996 3862 3380 2938 51134 50334 4536 3967 3555 45798 8868 7716 1152 5047 3290 2583
internal_count=569434 4272 2848 881 1967 1424 1016 1529 565162 58047 3051 1229 1822 1321 54996 3862 3380 2938 51134 50334 4536 3967 3555 45798 8868 7716 1152 5047 3290 2583
is_linear=0
shrinkage=0.03


Tree=214
num_leaves=31
num_cat=0
split_feature=23 38 11 1 3 8 20 2 2 36 11 24 36 8 37 6 4 11 28 38 36 6 15 20 25 6 13 15 39 35
split_gain=0.00780695 0.0153253 0.0135618 0.0160631 0.0154969 0.0113071 0.0101792 0.0155013 0.014229 0.00942371 0.00935866 0.00931947 0.0146542 0.0116927 0.00824469 0.0127361 0.0147883 0.0106329 0.0113959 0.00810411 0.029096 0.0335323 0.0292167 0.0518686 0.0272814 0.0212942 0.0157298 0.0385983 0.0134435 0.0382854
threshold=-0.265369102358818 -0.49664428830146784 0.41797162592411047 -0.44627264142036432 0.33277405798435217 0.47152988612651831 -0.20545290410518643 0.4049357026815415 0.31106737256050115 0.090756561607122435 0.46357001364231115 -0.49277968704700464 0.15108475089073184 -0.38581016659736628 0.35240399837493902 0.40458683669567114 0.090756561607122435 0.20444663614034655 -0.1576878875494003 0.4385290145874024 0.45801258087158209 0.47069558501243597 0.43885339796543127 0.11071263998746873 0.45307256281375891 0.45279304683208471 0.1978792026638985 0.38545641303062445 0.48662193119525915 0.49664428830146795
decision_type=2 10 2 2 2 2 10 2 2 2 2 2 2 2 2 8 2 2 2 10 2 8 2 10 2 10 2 2 2 2
left_child=1 9 5 -4 10 6 7 -3 -8 -1 -5 12 -2 -14 15 16 -10 18 -16 28 25 22 23 -22 -23 -21 27 -27 -13 -30
right_child=11 2 3 4 -6 -7 8 -9 14 -11 -12 19 13 -15 17 -17 -18 -19 -20 20 21 24 -24 -25 -26 26 -28 -29 29 -31
leaf_value=5.0284457045049547e-05 1.0258646887520466e-05 1.6894875365937239e-05 0.00018798878378917651 0.00013088626322795824 -7.7789724757040891e-05 -0.0001517562829495161 3.6069854498444982e-06 0.00017360121989445524 3.341950454991127e-05 0.00021220311832296834 -3.4972119026644792e-05 -1.3974490051410667e-06 0.00025890488553711424 4.8712017158908623e-05 8.5891517863901536e-05 8.3421458236111274e-05 -7.4991494503577356e-05 -0.00015590243499707574 -9.7548427061820459e-05 -1.471208367065405e-05 -0.000278553345496192 -0.00012899415568155308 -0.00031135687910094465 8.2191696736436381e-05 0.00014430201174524504 -1.9284254045016506e-05 -2.5139300669414816e-05 0.00029315602338160751 7.2995348289215793e-06 0.00018775385949712579
leaf_weight=1025 2686 30668 749 1092 796 406 89325 569 1721 469 419 397821 438 521 488 917 3275 1045 777 21205 659 583 807 766 728 685 774 728 5790 1285
leaf_count=1025 2686 30668 749 1092 796 406 89325 569 1721 469 419 397821 438 521 488 917 3275 1045 777 21205 659 583 807 766 728 685 774 728 5790 1285
internal_value=6.22596e-07 6.96207e-06 5.87866e-06 6.82383e-05 2.87161e-05 4.39838e-06 4.90241e-06 1.9804e-05 1.29053e-07 0.000102187 8.49662e-05 -1.32446e-06 4.63783e-05 0.000146394 -3.76096e-05 -1.87686e-05 -3.76544e-05 -8.5549e-05 -2.6664e-05 -1.72818e-06 -1.76592e-05 -9.76495e-05 -0.000168131 -8.54156e-05 2.27111e-05 -5.5072e-06 8.34034e-05 0.000142619 -6.67982e-07 4.02934e-05
internal_weight=569217 133741 132247 3056 2307 129191 128785 31237 97548 1494 1511 435476 3645 959 8223 5913 4996 2310 1265 431831 26935 3543 2232 1425 1311 23392 2187 1413 404896 7075
internal_count=569217 133741 132247 3056 2307 129191 128785 31237 97548 1494 1511 435476 3645 959 8223 5913 4996 2310 1265 431831 26935 3543 2232 1425 1311 23392 2187 1413 404896 7075
is_linear=0
shrinkage=0.03


Tree=215
num_leaves=31
num_cat=0
split_feature=25 0 20 20 0 36 0 39 29 14 18 32 19 5 29 35 38 1 25 4 4 38 12 4 28 5 12 2 32 32
split_gain=0.0122554 0.0248382 0.0194221 0.0247157 0.0290746 0.0169136 0.0150267 0.0198387 0.0231795 0.0184181 0.041038 0.0360347 0.0333968 0.0269756 0.0238551 0.0208595 0.0206449 0.031821 0.0191214 0.0177677 0.018607 0.0215262 0.0237051 0.0267347 0.0213388 0.0319781 0.0260421 0.0172821 0.0156177 0.0219276
threshold=0.49221777915954595 0.49103121459484106 -0.49261982738971705 0.45847702026367193 0.050361584872007377 0.49664428830146795 -0.49664428830146784 0.45782060921192175 -0.47306366264820093 0.41234473884105688 0.46474730968475347 0.33858561515808111 0.43310962617397314 -0.299328863620758 -0.37915775179862971 -0.23162547498941419 0.41880904138088232 0.40521778166294103 0.37149409949779516 0.48662193119525915 -0.30565547943115229 0.39273729920387274 0.37251612544059759 0.29197315871715551 0.11092468351125719 0.24817479401826861 0.14400359243154529 0.47083835303783422 0.26449580490589147 0.15108475089073184
decision_type=2 2 10 10 2 2 2 2 2 2 2 2 8 8 2 2 10 2 2 2 2 10 2 2 2 10 2 2 2 2
left_child=6 2 -2 -4 -5 -3 -1 -8 -9 12 11 13 14 -11 15 -10 17 -15 -14 20 -16 22 23 28 25 -25 -26 -21 29 -22
right_child=1 5 3 4 -6 -7 7 8 9 10 -12 -13 18 16 19 -17 -18 -19 -20 27 21 -23 -24 24 26 -27 -28 -29 -30 -31
leaf_value=-6.1237253863197252e-05 -0.00017137382275945025 -4.7351899647831845e-05 3.6549770997530365e-05 3.6019085354351334e-06 -0.00030441476483412965 -0.0002832715116718957 8.4815282276731169e-08 0.00019858264832129765 -0.00023632795466047745 -1.7540522435899393e-05 -0.00015074356397521516 -8.9801163183063893e-05 -0.00029775229154115697 0.00011704288014478439 0.00011255704538146436 -2.4927588859460624e-06 0.00011124766484345756 0.00044884848875543631 -5.2821333382596318e-05 2.6909420746960675e-05 4.9231006242051803e-06 -0.00010748489829356359 -4.6279901315510876e-05 0.00020712394137554281 6.7737276144203877e-05 -2.9268379685189781e-05 0.00034527116746286087 0.00029819636875744231 0.00011104951761765661 -0.00021145113860326093
leaf_weight=3480 628 535 4296 686 451 560 537766 697 550 474 537 525 424 441 1926 888 741 658 863 410 2683 1204 2928 814 578 1368 647 431 914 490
leaf_count=3480 628 535 4296 686 451 560 537766 697 550 474 537 525 424 441 1926 888 741 658 863 410 2683 1204 2928 814 578 1368 647 431 914 490
internal_value=3.22867e-07 -3.86622e-05 -1.47886e-05 3.59269e-06 -0.000120164 -0.000169477 8.1956e-07 1.20701e-06 2.96715e-05 2.38328e-05 8.77656e-05 0.000133251 1.11801e-05 0.000184025 2.31571e-05 -9.29435e-05 0.000235764 0.00031796 -0.000135187 3.48131e-05 2.6442e-05 1.20914e-05 2.59953e-05 5.42581e-05 0.000116187 5.94609e-05 0.000215929 0.00016781 2.47549e-06 -2.90505e-05
internal_weight=569593 7156 6061 5433 1137 1095 562437 558957 21191 20494 3376 2839 17118 2314 15831 1438 1840 1099 1287 14393 13552 11626 10422 7494 3407 2182 1225 841 4087 3173
internal_count=569593 7156 6061 5433 1137 1095 562437 558957 21191 20494 3376 2839 17118 2314 15831 1438 1840 1099 1287 14393 13552 11626 10422 7494 3407 2182 1225 841 4087 3173
is_linear=0
shrinkage=0.03


Tree=216
num_leaves=31
num_cat=0
split_feature=3 7 29 31 6 31 27 18 18 17 17 27 1 17 24 6 7 1 19 10 14 10 29 19 24 15 17 17 15 39
split_gain=0.0112599 0.0235456 0.0140172 0.0356822 0.0194607 0.0281938 0.0148872 0.01583 0.0103649 0.0184762 0.0127944 0.0241361 0.0213234 0.011675 0.0137436 0.0336359 0.0333324 0.0227212 0.0269241 0.0218058 0.0216678 0.0212268 0.0301268 0.029403 0.0183317 0.0170547 0.0169036 0.0156875 0.0148625 0.0119406
threshold=0.49664428830146795 0.41950166225433355 -0.39930471777915949 0.030252186581492427 0.48512990772724157 -0.24489701539278028 0.48653183877468115 0.030252186581492427 0.33277405798435217 0.49664428830146795 0.49664428830146795 0.3388179242610932 0.071921184659004225 0.30546234548091894 0.49095004796981817 -0.44716905057430262 0.36476325988769537 0.47993287444114691 -0.41940896213054651 -0.12413727492094039 -0.44627264142036432 0.32554237544536596 0.016816227696835998 -0.043551212176680558 0.47993287444114691 -0.35231085121631617 -0.13754194974899289 -0.43286086618900294 -0.4394956231117248 0.47993287444114691
decision_type=2 2 2 2 10 2 2 2 2 2 2 2 2 2 2 10 2 2 8 2 2 2 2 10 2 2 2 2 2 2
left_child=8 -2 3 -3 5 -4 -7 -8 10 -10 13 -12 -13 14 17 -16 19 -1 27 -17 -18 23 -23 26 25 -20 -21 -19 -29 -15
right_child=1 2 4 -5 -6 6 7 -9 9 -11 11 12 -14 29 15 16 20 18 24 21 -22 22 -24 -25 -26 -27 -28 28 -30 -31
leaf_value=4.1699130619784073e-06 -0.00023483523012240027 -0.00011116642218511411 0.00016627744862489634 0.00027245010220311184 -0.00018199328827585333 5.3144334450853817e-05 -0.00025493169777981609 -2.0825960482328503e-05 -7.3088771714978808e-06 -0.00014404298566396818 1.0168088326254825e-05 3.3918498685251462e-05 0.00032243684044539741 -5.9532196706033623e-06 -0.00030248337458955901 0.00020650637546818748 -0.00029848438609274681 3.9633326327899183e-05 -0.00010700019986027957 -5.8891373734681484e-05 -1.9755539491894053e-05 0.000204138219930368 -0.00010357957189072917 0.00015505183245575661 -0.00015122017493358645 0.00010074487190762453 -0.0002687909653572769 0.00038818581171713013 0.00013451093542531477 -7.9365067315926674e-05
leaf_weight=363571 523 421 601 434 765 542 520 514 93370 888 2370 429 495 92700 408 481 551 429 440 1081 457 763 447 412 448 1704 503 421 433 2028
leaf_count=363571 523 421 601 434 765 542 520 514 93370 888 2370 429 495 92700 408 481 551 429 440 1081 457 763 447 412 448 1704 503 421 433 2028
internal_value=9.81203e-08 -4.80952e-05 -2.18243e-05 8.44568e-05 -5.2893e-05 -6.90234e-06 -7.35756e-05 -0.000139872 4.67564e-07 -8.61219e-06 2.28643e-06 6.11141e-05 0.000190279 1.87044e-06 4.26161e-06 -4.45853e-05 -2.15784e-05 4.94118e-06 7.71077e-05 2.03271e-05 -0.000173552 -8.16088e-06 9.05434e-05 -6.81497e-05 2.12405e-05 5.78118e-05 -0.000126813 0.000188937 0.000262612 -7.53308e-06
internal_weight=569149 4320 3797 855 2942 2177 1576 1034 564829 94258 470571 3294 924 467277 372549 5103 4695 367446 3875 3687 1008 3206 1210 1996 2592 2144 1584 1283 854 94728
internal_count=569149 4320 3797 855 2942 2177 1576 1034 564829 94258 470571 3294 924 467277 372549 5103 4695 367446 3875 3687 1008 3206 1210 1996 2592 2144 1584 1283 854 94728
is_linear=0
shrinkage=0.03


Tree=217
num_leaves=31
num_cat=0
split_feature=13 25 21 26 35 22 27 4 15 25 16 13 27 26 15 27 35 6 7 26 8 35 28 26 6 6 20 31 23 2
split_gain=0.00624783 0.0193629 0.0260836 0.0243317 0.0230049 0.021189 0.0163962 0.019501 0.0217539 0.0182982 0.0170861 0.0152302 0.0257425 0.0266986 0.0311306 0.0225303 0.0172352 0.026285 0.0281661 0.0356494 0.0271736 0.0251639 0.0170785 0.0181298 0.0170402 0.0163533 0.0204947 0.0143987 0.0146668 0.0141834
threshold=0.39177928864955908 0.35837019979953771 -0.49664428830146784 -0.39930471777915949 -0.2717756032943725 -0.4798318743705749 0.49664428830146795 0.45307256281375891 0.21147392690181735 0.48586554825305944 -0.27859869599342341 -0.23817513883113858 0.46465381979942327 0.17700320482254031 0.43962624669075018 0.49664428830146795 0.43962624669075018 0.31226503849029547 -0.40601159632205958 0.31229026615619665 0.26512607932090765 0.49118925631046301 0.030252186581492427 0.35240399837493902 0.1366749703884125 0.4903379380702973 0.050361584872007377 0.27815064787864691 0.37831963598728185 0.41950166225433355
decision_type=2 2 10 2 2 10 2 2 2 2 2 2 2 2 2 2 2 8 2 2 2 2 2 2 8 8 10 2 2 2
left_child=1 -1 3 -3 5 -4 7 9 -9 10 29 15 16 14 25 -6 -13 21 -19 20 -20 24 23 -15 -18 26 -14 28 -12 -7
right_child=-2 2 4 -5 11 6 -8 8 -10 -11 27 12 13 22 -16 -17 17 18 19 -21 -22 -23 -24 -25 -26 -27 -28 -29 -30 -31
leaf_value=-7.8804577420236182e-07 -8.8714957888942704e-06 -0.00030765271620943426 0.00024793643287706886 1.8029456754236995e-05 3.1084096237571646e-05 1.2057357584683924e-05 0.00018930648929263482 4.1689173584380356e-05 -0.00013615886044999567 0.00020899443194950714 3.0391899546414876e-05 -4.7556792028565763e-06 -1.1753984416730978e-05 0.00010334877306689986 6.8075482744242477e-05 0.00024060389600013811 0.0001180906066585448 0.00036121220238421249 -0.00018491581784410634 0.00024438757797879123 0.00013268873102040055 -0.00021589204033446306 0.00014644450615416851 -0.00012004450844796402 -0.00011414342903341538 -0.00037371954389750722 -0.0002985775024529741 0.00014286747441539699 0.00015587961126845086 -0.00016388992756773604
leaf_weight=458916 63966 410 469 404 5995 2368 671 1376 1110 640 6366 15324 460 461 405 491 907 402 507 698 447 429 511 1065 403 463 429 1742 957 489
leaf_count=458916 63966 410 469 404 5995 2368 671 1376 1110 640 6366 15324 460 461 405 491 907 402 507 698 447 429 511 1065 403 463 429 1742 957 489
internal_value=-3.88319e-08 1.07942e-06 1.9546e-05 -0.000147755 2.25652e-05 5.12729e-05 4.52512e-05 3.87063e-05 -3.79474e-05 5.3894e-05 4.53997e-05 6.74473e-06 -4.74936e-06 -7.60228e-05 -0.000161357 4.7291e-05 9.42807e-06 6.65933e-05 0.000138994 8.30708e-05 -3.62684e-05 -1.92274e-05 -1.98973e-06 -5.23246e-05 4.63241e-05 -0.00023008 -0.000151946 6.55447e-05 4.69814e-05 -1.85241e-05
internal_weight=569281 505315 46399 814 45585 16188 15719 15048 2486 12562 11922 29397 22911 3794 1757 6486 19117 3793 2054 1652 954 1739 2037 1526 1310 1352 889 9065 7323 2857
internal_count=569281 505315 46399 814 45585 16188 15719 15048 2486 12562 11922 29397 22911 3794 1757 6486 19117 3793 2054 1652 954 1739 2037 1526 1310 1352 889 9065 7323 2857
is_linear=0
shrinkage=0.03


Tree=218
num_leaves=31
num_cat=0
split_feature=13 0 1 35 21 13 29 29 14 18 25 16 25 31 31 23 1 31 2 38 38 5 0 23 31 25 25 0 1 18
split_gain=0.00925746 0.0205951 0.0220074 0.0156422 0.0395049 0.0413203 0.0360532 0.0343397 0.032114 0.0275265 0.0268699 0.0341716 0.026482 0.0288049 0.0272043 0.0229089 0.0191077 0.0187138 0.0186216 0.0191762 0.0193264 0.0303591 0.0173233 0.0164347 0.0181636 0.0141281 0.0127883 0.0188723 0.0202554 0.0166757
threshold=-0.31153479218482966 0.48406349122524267 0.466554805636406 0.48625412583351141 0.31848688423633581 0.47083835303783422 -0.2781506478786468 -0.13139231503009793 -0.27740241587162012 -0.045141067355871194 0.41856157779693609 -0.11887632682919501 0.37925247848033911 -0.18543856590986249 0.12542516738176349 0.17755264788866046 0.45202739536762243 0.17118690907955172 0.49664428830146795 -0.43286086618900294 0.29932886362075811 0.41557779908180242 0.47318433225154882 0.37831963598728185 0.1113109514117241 0.22491610795259478 0.36497211456298834 0.33858561515808111 0.4463686496019364 -0.45298065245151514
decision_type=2 2 2 2 10 2 2 2 2 2 2 2 2 2 2 2 2 2 2 10 10 10 2 2 2 2 2 2 2 2
left_child=1 26 -3 18 5 8 15 -7 12 -8 11 -10 14 -14 22 -6 25 -15 -2 -20 23 -22 -5 -21 -25 -13 27 -1 29 -29
right_child=3 2 -4 4 6 7 9 -9 10 -11 -12 16 13 17 -16 -17 -18 -19 19 20 21 -23 -24 24 -26 -27 -28 28 -30 -31
leaf_value=-3.6213232297922043e-06 2.7034200961784968e-06 -0.00026499186039369093 1.4931790864982789e-05 -0.00026540673743740258 -0.00016859676166315201 0.00030931916425063036 0.00010988087412327326 7.2251943015414449e-06 0.00013079185385735895 0.00037338571215039573 -0.00024966475894140649 -0.00010078841491470911 0.00035344387175705451 -9.859174913698696e-05 0.00012724544274398658 0.00014446270444539531 1.7434543680885048e-05 0.00018319103216771478 -0.00020536244890975938 -9.972155251039791e-05 6.2289860488586566e-05 -0.00027786678884954849 -1.1106210662489509e-05 0.0002196720539589952 -3.7352295796547362e-05 -0.0003287929495642553 3.3087371251395291e-05 -0.00019517187410842912 0.00010415324390571941 -4.5338580171286039e-05
leaf_weight=89667 447696 559 453 459 401 656 738 690 694 703 752 595 403 405 557 421 580 425 718 512 403 550 498 558 434 422 7218 709 757 9798
leaf_count=89667 447696 559 453 459 401 656 738 690 694 703 752 595 403 405 557 421 580 425 718 512 403 550 498 558 434 422 7218 709 757 9798
internal_value=1.12537e-06 -6.72875e-06 -0.00014077 2.98822e-06 4.1272e-05 6.56916e-06 0.000150191 0.000155652 -2.82967e-05 0.000240121 -9.52821e-05 -4.37426e-05 4.59831e-05 0.000148628 -3.80378e-05 -8.44933e-06 -0.000119931 4.61578e-05 2.18924e-06 -7.00938e-05 -2.98926e-05 -0.00013487 -0.000134558 3.70771e-05 0.000107973 -0.000197678 -5.46157e-06 -8.22137e-06 -4.48043e-05 -5.56251e-05
internal_weight=569431 109161 1012 460270 9399 7136 2263 1346 5790 1441 3043 2291 2747 1233 1514 822 1597 830 450871 3175 2457 953 957 1504 992 1017 108149 100931 11264 10507
internal_count=569431 109161 1012 460270 9399 7136 2263 1346 5790 1441 3043 2291 2747 1233 1514 822 1597 830 450871 3175 2457 953 957 1504 992 1017 108149 100931 11264 10507
is_linear=0
shrinkage=0.03


Tree=219
num_leaves=31
num_cat=0
split_feature=6 13 29 18 6 28 2 11 5 5 30 35 8 0 15 29 13 15 35 5 36 18 19 29 0 0 0 35 3 25
split_gain=0.00904809 0.0195036 0.0229283 0.0389738 0.0384425 0.0275421 0.0265479 0.0233789 0.0168864 0.0310529 0.0140942 0.0111212 0.0222846 0.0171897 0.0170391 0.0164703 0.0160403 0.0219336 0.0290011 0.0250456 0.022428 0.0229133 0.0145427 0.0154016 0.0206639 0.014787 0.0229235 0.0139973 0.0171436 0.0177535
threshold=0.091607980430126204 0.49111093580722814 -0.27231748402118677 -0.10499014332890509 0.41915479302406317 0.050361584872007377 0.47083835303783422 0.49111093580722814 0.46457038819789892 0.39558728039264685 0.45986577868461614 -0.25083892047405237 -0.49277968704700464 0.37925247848033911 0.34589572250843054 0.49664428830146795 0.4463686496019364 0.39966443181037908 0.43310962617397314 0.40784807503223425 0.47318433225154882 -0.043551212176680558 0.49664428830146795 -0.31205530464649195 0.42620199918746954 -0.47306366264820093 -0.44627264142036432 -0.49267388880252833 0.45801258087158209 0.37251612544059759
decision_type=8 2 2 2 8 2 2 2 8 10 2 2 2 2 2 2 2 2 2 10 2 2 10 2 2 2 2 2 2 2
left_child=-1 11 8 4 -4 6 -5 -7 9 10 -3 14 13 -13 -2 22 -14 19 -19 -18 21 -21 23 27 25 -25 -27 -16 29 -29
right_child=1 2 3 5 -6 7 -8 -9 -10 -11 -12 12 16 -15 15 -17 17 18 -20 20 -22 -23 -24 24 -26 26 -28 28 -30 -31
leaf_value=4.1044076908948562e-06 1.9478423621721772e-07 9.1433261848981263e-05 -0.00011614668317360705 -0.00011190047960418206 -0.0004750791779198968 -0.00031902009987587281 0.00017433195155642766 -7.0412438585300843e-06 -0.00013623730170156951 0.00028827536777985231 -0.00014084160993196735 -5.2599796405062939e-05 -7.0199530267767489e-06 -0.00024481630709764242 0.000240209848164577 0.00021109087814968124 5.0199129825484061e-05 3.6104519903018171e-05 0.00036104010681873016 0.00015443298599987634 -0.00022754598016730266 -0.00010559641694335438 -0.00012623532163868922 0.0001030254898074447 0.00020176420340216412 -0.00016296584657806546 6.4031163438928645e-06 4.8307337293385933e-05 -8.6528254547328036e-05 0.00020224758070779445
leaf_weight=308568 56725 478 749 473 417 414 729 442 434 418 444 1760 172968 543 444 460 5347 629 400 486 595 782 504 1167 492 792 6961 2554 575 911
leaf_count=308568 56725 478 749 473 417 414 729 442 434 418 444 1760 172968 543 444 460 5347 629 400 486 595 782 504 1167 492 792 6961 2554 575 911
internal_value=6.30213e-07 -3.49149e-06 -6.21222e-05 -0.000109672 -0.000247461 -3.07852e-05 6.17025e-05 -0.00015987 2.44226e-05 7.70809e-05 -2.07325e-05 -2.34036e-06 -6.25255e-06 -9.8783e-05 7.6881e-06 3.62729e-05 -5.07117e-06 3.58001e-05 0.000164675 1.72047e-05 -7.72552e-05 -5.5036e-06 3.05458e-05 3.63189e-05 1.44857e-05 3.9416e-06 -1.10862e-05 8.2013e-05 6.40768e-05 8.92461e-05
internal_weight=568661 260093 4998 3224 1166 2058 1202 856 1774 1340 922 255095 183510 2303 71585 14860 181207 8239 1029 7210 1863 1268 14400 13896 9412 8920 7753 4484 4040 3465
internal_count=568661 260093 4998 3224 1166 2058 1202 856 1774 1340 922 255095 183510 2303 71585 14860 181207 8239 1029 7210 1863 1268 14400 13896 9412 8920 7753 4484 4040 3465
is_linear=0
shrinkage=0.03


Tree=220
num_leaves=31
num_cat=0
split_feature=3 15 17 33 19 33 13 1 13 7 2 10 39 8 36 19 1 29 3 15 26 8 19 19 13 33 1 20 14 17
split_gain=0.00829946 0.0189988 0.0293361 0.0203053 0.0262326 0.0140226 0.0242053 0.0234253 0.0196982 0.0167961 0.0178263 0.0195395 0.0087292 0.00702521 0.027065 0.0298393 0.0328462 0.0305468 0.0287807 0.0166714 0.00811119 0.00716692 0.0199474 0.0235675 0.0229451 0.022233 0.0239826 0.0119764 0.0187355 0.0176041
threshold=0.4908673912286759 -0.42605021595954889 -0.39223228394985193 0.28547459840774542 -0.47339232265949244 0.19791415333747867 0.25170098245143896 0.47993287444114691 -0.2781506478786468 0.48662193119525915 0.48606254160404211 0.47132579982280737 0.35823833942413336 0.49245272576808935 0.38500662147998815 0.21147392690181735 0.37925247848033911 -0.085275519639253602 0.47683362662792211 0.38593547046184545 0.28466880321502691 0.45307256281375891 -0.35231085121631617 0.49126620590686804 0.47993287444114691 -0.14426303654909131 0.43809871375560766 0.466554805636406 0.41289757192134863 0.42520184814929968
decision_type=2 2 2 2 8 2 2 2 2 2 2 2 2 2 2 10 2 2 2 2 2 2 8 10 2 2 2 8 2 2
left_child=13 2 3 4 -2 6 8 12 -3 10 -8 -12 -7 21 18 16 -16 -18 20 -17 -15 -1 24 27 25 26 -23 28 -24 -30
right_child=1 5 -4 -5 -6 7 9 -9 -10 -11 11 -13 -14 14 15 19 17 -19 -20 -21 -22 22 23 -25 -26 -27 -28 -29 29 -31
leaf_value=5.662151277802641e-07 -0.00019721881678749732 -0.00014259889261343181 0.00021103392213321799 0.00015540292574079656 5.3208644394593698e-05 2.5018838731767642e-05 -8.6911340975727195e-05 0.00016999969304335962 0.00010967870695028537 -2.7903154152259741e-05 -0.0001397541889268808 -0.00041037091896016915 -0.0001351713252859099 9.5250570666394196e-05 0.00039693778222404876 -0.00015589957374421059 -9.3945378209658262e-05 0.00024456330553608064 -0.00027124230928626244 9.5686556539832318e-05 -7.7448714883771112e-05 -5.0999471624759892e-06 -4.8113097013663682e-05 0.00015763887487104064 0.00017472015707331674 -5.0769800424313704e-05 0.00029438818430041345 -0.00014040599198569749 -1.221964301572034e-05 0.00018951298444434098
leaf_weight=538825 760 435 638 437 730 537 729 537 735 717 471 515 694 590 456 456 440 507 409 473 404 572 11407 543 885 2176 405 1024 1109 589
leaf_count=538825 760 435 638 437 730 537 729 537 735 717 471 515 694 590 456 456 440 507 409 473 404 572 11407 543 885 2176 405 1024 1109 589
internal_value=-2.23671e-07 -3.06709e-05 3.64004e-05 -2.22091e-05 -7.49894e-05 -6.27158e-05 -9.66017e-05 6.47611e-06 1.54696e-05 -0.00015036 -0.000201098 -0.000283802 -6.56529e-05 2.07318e-07 4.11589e-05 0.000103631 0.000190472 8.79455e-05 -6.2678e-05 -2.81497e-05 2.49866e-05 -6.7756e-08 -1.83159e-05 -3.4564e-05 4.06607e-05 2.59884e-06 0.000120773 -4.20569e-05 -3.42709e-05 5.8457e-05
internal_weight=569205 7935 2565 1927 1490 5370 3602 1768 1170 2432 1715 986 1231 561270 3735 2332 1403 947 1403 929 994 557535 18710 14672 4038 3153 977 14129 13105 1698
internal_count=569205 7935 2565 1927 1490 5370 3602 1768 1170 2432 1715 986 1231 561270 3735 2332 1403 947 1403 929 994 557535 18710 14672 4038 3153 977 14129 13105 1698
is_linear=0
shrinkage=0.03


Tree=221
num_leaves=31
num_cat=0
split_feature=8 23 30 22 16 16 35 13 1 36 23 23 5 20 17 27 7 4 11 26 30 35 18 30 12 1 6 35 35 18
split_gain=0.0105634 0.0206569 0.0187525 0.0203688 0.0200155 0.0322187 0.0231861 0.0288597 0.0208258 0.0263275 0.0203267 0.0300078 0.0111419 0.00892651 0.00707815 0.0349696 0.0352281 0.0182897 0.0233369 0.0188991 0.0168948 0.0152325 0.013948 0.00986789 0.0089571 0.0166775 0.0164176 0.0287973 0.020185 0.0191175
threshold=0.49245272576808935 1.0000000180025095e-35 0.14436987787485125 0.037904912605881698 -0.45970448851585383 -0.41272504627704615 -0.4394956231117248 0.46399636566638952 0.49227787554264074 0.45202739536762243 0.38500662147998815 0.4385290145874024 0.47879832983016973 0.18473364412784579 0.49221777915954595 0.45801258087158209 0.48406349122524267 -0.40601159632205958 0.41289757192134863 -0.44627264142036432 0.39966443181037908 0.38593547046184545 -0.17101350426673886 -0.23817513883113858 0.4385290145874024 0.49664428830146795 0.46326902508735662 -0.49267388880252833 -0.10399362072348593 -0.299328863620758
decision_type=2 2 2 8 2 2 2 2 2 2 2 2 8 10 2 2 2 2 2 2 2 2 2 2 2 2 8 2 2 2
left_child=14 -2 3 -3 8 -6 7 -7 9 -4 13 -12 -13 -8 24 17 -17 18 22 -19 21 23 -16 -21 -1 26 -26 -28 -29 -30
right_child=1 2 4 -5 5 6 10 -9 -10 -11 11 12 -14 -15 15 16 -18 19 -20 20 -22 -23 -24 -25 25 -27 27 28 29 -31
leaf_value=-7.8057940269960654e-08 0.00023590113477414641 -0.00020987344517728437 -7.7857485817170072e-05 6.0417096051639916e-05 0.00031805065539658103 0.00034825870210439784 -0.00020770861582346687 1.26920931024137e-06 -0.00017537836928219669 0.00021496593233248055 0.00027753663202518793 8.0842899872133388e-05 -0.00013815934554958613 -2.3706684373695331e-05 0.00011866391427459593 0.00037115454641923902 -4.3174947443227248e-06 -0.00018246891732640226 0.00025005366150486686 7.9861733368427238e-05 -0.00016340440305208069 0.00016803317575531123 -9.6977562631363188e-05 -4.7324571124740731e-05 -1.4538710246669034e-06 0.00012135726141606765 -0.00024244550977662612 5.3743362853067011e-06 -0.00015214578741190148 -3.9093159591177567e-05
leaf_weight=523086 430 577 681 432 461 443 409 412 619 451 435 411 406 554 513 492 407 614 528 788 500 528 548 1750 18473 763 625 5854 1867 4800
leaf_count=523086 430 577 681 432 461 443 409 412 619 451 435 411 406 554 513 492 407 614 528 788 500 528 548 1750 18473 763 625 5854 1867 4800
internal_value=-2.09635e-07 3.71497e-05 2.32119e-05 -9.46922e-05 4.5871e-05 8.6914e-05 5.12859e-05 0.000183002 -3.69184e-05 3.96671e-05 -1.51059e-07 7.92903e-05 -2.83427e-05 -0.000103187 -6.56963e-07 3.00448e-05 0.000202991 2.78942e-06 8.91036e-05 -3.01567e-05 -3.4944e-06 2.303e-05 7.42087e-06 -7.67723e-06 -1.02605e-06 -1.63348e-05 -1.96948e-05 -4.53066e-05 -3.52806e-05 -7.09324e-05
internal_weight=568857 6721 6291 1009 5282 3531 3070 855 1751 1132 2215 1252 817 963 562136 6668 899 5769 1589 4180 3566 3066 1061 2538 555468 32382 31619 13146 12521 6667
internal_count=568857 6721 6291 1009 5282 3531 3070 855 1751 1132 2215 1252 817 963 562136 6668 899 5769 1589 4180 3566 3066 1061 2538 555468 32382 31619 13146 12521 6667
is_linear=0
shrinkage=0.03


Tree=222
num_leaves=31
num_cat=0
split_feature=26 7 35 6 4 8 34 34 24 21 1 12 1 35 35 2 23 11 11 14 15 15 17 18 28 27 2 18 6 36
split_gain=0.0093016 0.0107971 0.0297811 0.0334977 0.0223518 0.0240571 0.0152194 0.0187097 0.0391658 0.0494577 0.0237721 0.0263557 0.0205236 0.0271145 0.0199257 0.0172004 0.0169782 0.0161358 0.0178224 0.0142874 0.0123048 0.0202946 0.016353 0.0166255 0.0135761 0.0118855 0.0115627 0.0137818 0.0115122 0.0296683
threshold=0.35198226571083074 0.43156538903713232 0.47993287444114691 0.4752576351165772 0.44525898993015295 0.39822661876678472 -0.44627264142036432 -0.31936077773571009 0.35240399837493902 -0.19834428280591962 0.49303127825260168 0.45793896913528448 0.47966079413890844 -0.31205530464649195 -0.338585615158081 0.48418948054313665 0.23106346279382708 0.47083835303783422 0.49288246035575872 0.11092468351125719 0.43143969774246221 0.4463686496019364 0.41950166225433355 -0.25797961652278895 -0.19834428280591962 0.49245272576808935 0.37891006469726568 0.07720848917961122 -0.40593263506889338 0.42459291219711309
decision_type=2 2 2 8 2 2 2 2 2 10 2 2 2 2 2 2 2 2 2 2 2 2 2 2 2 2 2 2 10 2
left_child=1 4 6 -4 25 -6 26 8 14 -10 12 -12 15 -14 19 20 -16 -17 -19 -8 28 -22 24 -24 -23 -1 27 -3 29 -9
right_child=-2 2 3 -5 5 -7 7 10 9 -11 11 -13 13 -15 16 17 -18 18 -20 -21 21 22 23 -25 -26 -27 -28 -29 -30 -31
leaf_value=-2.8610630950247597e-06 8.4458438242834539e-06 -0.00010834716452472731 1.8710906557394693e-05 0.00033669788514815557 -3.4991650986615096e-05 -0.00031771189470352994 3.3193102207700872e-05 2.3094195768058165e-06 1.9527759567068457e-05 0.00048230224643203807 -3.5829285136160331e-06 -0.00032288383984459604 0.00033041500735754261 -3.0806478964644581e-06 3.2671639828250989e-05 5.7593060943618183e-05 -0.00015814360172242652 -0.00025573448434979164 -2.4364427308169886e-05 0.00026158875421060656 0.0002364247474286191 0.00025442746262559614 7.566705233594613e-05 -0.00014008129173969031 1.1022627868398698e-05 -0.0001623359452969885 -0.00018718118481248744 0.00010480192047411533 1.2154632807714648e-05 -0.00028004889203938298
leaf_weight=451522 86991 658 667 531 792 404 582 1335 404 420 535 402 402 469 1177 490 640 621 575 422 535 409 609 660 408 411 567 452 14970 437
leaf_count=451522 86991 658 667 531 792 404 582 1335 404 420 535 402 402 469 1177 490 640 621 575 422 535 409 609 660 408 411 567 452 14970 437
internal_value=-5.83184e-07 -2.21117e-06 1.54108e-05 0.000161276 -3.35394e-06 -0.000132335 9.15448e-06 1.47109e-05 7.77343e-05 0.000258363 4.63102e-06 -0.000142535 1.0984e-05 0.000152844 2.42475e-05 5.04407e-06 -3.50367e-05 -8.65714e-05 -0.000145623 0.000130825 1.30619e-05 7.33742e-05 3.06279e-05 -3.67604e-05 0.000134477 -3.00968e-06 -7.82223e-05 -2.13906e-05 3.5817e-06 -6.85049e-05
internal_weight=569497 482506 29377 1198 453129 1196 28179 26502 3645 824 22857 937 21920 871 2821 21049 1817 1686 1196 1004 19363 2621 2086 1269 817 451933 1677 1110 16742 1772
internal_count=569497 482506 29377 1198 453129 1196 28179 26502 3645 824 22857 937 21920 871 2821 21049 1817 1686 1196 1004 19363 2621 2086 1269 817 451933 1677 1110 16742 1772
is_linear=0
shrinkage=0.03


Tree=223
num_leaves=31
num_cat=0
split_feature=38 6 13 0 13 8 28 1 15 35 1 2 4 38 39 4 13 35 0 15 11 4 24 31 28 4 2 35 2 39
split_gain=0.0143552 0.0234754 0.032849 0.0206188 0.0195981 0.0113198 0.0169229 0.0127249 0.0083298 0.026146 0.0385838 0.0378693 0.0435725 0.0369555 0.0271682 0.0205024 0.0192458 0.0211126 0.0190376 0.0353268 0.0164685 0.0220486 0.0156485 0.0157156 0.0202449 0.0312452 0.0249569 0.0239341 0.0169685 0.0142517
threshold=-0.49664428830146784 0.37398266792297369 0.466554805636406 0.47118844091892248 0.15800719708204272 0.1113109514117241 -0.11071263998746871 0.35837019979953771 0.41950166225433355 0.070949185639619841 0.47993287444114691 0.4641572386026383 0.35853821039199835 0.47318433225154882 0.41844293475151068 0.42620199918746954 0.45986577868461614 -0.45298065245151514 0.466554805636406 0.45986577868461614 0.45307256281375891 -0.28547459840774531 0.45202739536762243 -0.43286086618900294 -0.39930471777915949 0.30464260280132299 -0.42605021595954889 -0.33219130337238306 0.35129551589488989 0.39966443181037908
decision_type=8 8 2 2 2 2 2 2 2 2 2 2 2 8 2 2 2 2 2 2 2 2 2 2 2 2 2 2 2 2
left_child=1 2 5 4 -3 6 -1 -7 -2 10 16 15 -13 14 -14 18 22 -18 20 -20 -11 -22 23 -10 25 26 27 -25 -27 -17
right_child=8 3 -4 -5 -6 7 -8 -9 9 11 -12 12 13 -15 -16 29 17 -19 19 -21 21 -23 -24 24 -26 28 -28 -29 -30 -31
leaf_value=-6.1140009933123586e-06 5.0561536495481684e-09 -8.7373193656853999e-05 0.00032223336000014157 -0.00017447151261761219 0.00018518713973219436 9.3952194555396734e-05 0.00020543134259825305 -0.00013470623267424858 -7.5251373126498626e-05 -1.9861774159855652e-05 0.0002207762045163319 8.93055901444675e-05 -0.00029940436466472081 -0.00044615909085802164 -1.6971129205505701e-05 8.1700773054456699e-06 -0.00027844570884602338 -2.3480411873527751e-05 -0.00036205588893337972 1.0017039662789204e-06 7.1472901177035784e-06 -0.00029391033475416832 0.00013578540994140567 0.00028727732533297964 -5.7014967931100102e-06 0.00010289344762070239 -3.2711888462469643e-05 -1.8062352965259564e-05 0.00033057139249566297 0.00017187370887328219
leaf_weight=620 518772 467 507 605 464 400 743 461 2152 14054 725 503 526 485 719 1451 440 840 434 528 409 460 802 502 16789 770 2450 419 482 705
leaf_count=620 518772 467 507 605 464 400 743 461 2152 14054 725 503 526 485 719 1451 440 840 434 528 409 460 802 502 16789 770 2450 419 482 705
internal_value=-6.72752e-07 5.40819e-05 0.000106715 -3.95849e-05 4.89922e-05 5.63616e-05 0.00010986 -2.8618e-05 -1.08691e-06 -1.32289e-05 6.46528e-06 -3.88363e-05 -0.000155099 -0.000226265 -0.000137731 -2.4368e-05 3.23119e-07 -0.000112604 -3.61556e-05 -0.000164829 -2.77559e-05 -0.000153746 6.29918e-06 1.83639e-06 9.61556e-06 6.51336e-05 1.74108e-05 0.000149664 0.000192471 6.22466e-05
internal_weight=569684 4267 2731 1536 931 2224 1363 861 565417 46645 26371 20274 2233 1730 1245 18041 25646 1280 15885 962 14923 869 24366 23564 21412 4623 3371 921 1252 2156
internal_count=569684 4267 2731 1536 931 2224 1363 861 565417 46645 26371 20274 2233 1730 1245 18041 25646 1280 15885 962 14923 869 24366 23564 21412 4623 3371 921 1252 2156
is_linear=0
shrinkage=0.03


Tree=224
num_leaves=31
num_cat=0
split_feature=18 17 6 28 30 2 20 18 17 39 12 1 1 17 19 39 4 15 28 6 31 17 18 27 35 17 39 38 28 2
split_gain=0.00867321 0.0217266 0.0140104 0.017524 0.0219489 0.0146897 0.0114661 0.0169212 0.0166712 0.0220543 0.0160666 0.0157539 0.0110999 0.0388824 0.0291508 0.0174213 0.0302991 0.0186324 0.0174049 0.0213045 0.0158408 0.0327962 0.011829 0.0104945 0.0120943 0.0104352 0.0163049 0.0237435 0.0165328 0.0200307
threshold=0.31881627440452581 0.49664428830146795 0.48512990772724157 -0.11200463399291037 0.05709491856396199 0.4515345990657807 0.49245272576808935 0.4463686496019364 0.47094413638114935 0.29932886362075811 0.36581273376941686 0.24536878615617755 0.47993287444114691 0.19098299741744998 0.39273729920387274 0.45782060921192175 -0.1576878875494003 -0.4394956231117248 -0.14527567476034162 0.3160459846258164 -0.10535266622900961 0.20444663614034655 0.43310962617397314 0.49134182929992681 -0.13082086294889447 0.47718597948551184 0.36512395739555364 0.47993287444114691 -0.47306366264820093 0.44491800665855413
decision_type=2 2 10 2 2 2 8 2 2 2 2 2 2 2 10 2 2 2 2 10 2 2 2 2 2 2 2 8 2 2
left_child=25 2 6 4 -4 -5 12 10 9 -9 11 -8 15 14 18 23 -17 -18 -14 -20 -19 22 -22 -2 -25 -1 -27 28 -28 -30
right_child=1 -3 3 5 -6 -7 7 8 -10 -11 -12 -13 13 -15 -16 16 17 20 19 -21 21 -23 -24 24 -26 26 27 -29 29 -31
leaf_value=2.0774779215188092e-06 -9.0204993190590865e-06 -0.00015105420839886825 0.00030227248136339302 4.7266890728813771e-05 5.511053261134557e-05 -0.00016571435327398455 -2.8500962651661115e-05 4.9342419033003862e-05 -4.7496727506960511e-05 0.00030399064556389165 -0.00013637657927574763 0.00019939422636924023 3.8178835953379347e-05 0.00011364614531960004 -0.00036027592598428617 0.00021922777872610081 0.00016477469930094237 -0.00013299273162805262 -1.8234017899384774e-06 -0.0002947995848074788 4.0303757041517978e-05 0.00025585866760797571 -0.00018314354365558309 1.2131179245331523e-06 -0.00021465638687512737 7.8539361964262082e-06 -3.4682361228854403e-05 -0.00010556277556585037 9.9787493552667376e-05 0.00029883987494689501
leaf_weight=453249 89495 921 447 900 1127 419 807 647 416 579 642 401 661 751 412 800 537 826 404 490 423 400 414 453 472 8486 534 499 1889 598
leaf_count=453249 89495 921 447 900 1127 419 807 647 416 579 642 401 661 751 412 800 537 826 404 490 423 400 414 453 472 8486 534 499 1889 598
internal_value=1.05934e-06 -6.77946e-06 -5.47387e-06 5.94973e-05 0.000126767 -2.11276e-05 -7.35868e-06 4.59689e-05 0.00011576 0.000171091 -1.62644e-05 4.81656e-05 -9.29223e-06 -6.89474e-05 -0.000138884 -7.55683e-06 5.90103e-05 9.06152e-06 -7.82982e-05 -0.000163888 -3.207e-05 3.58466e-05 -7.1076e-05 -1.00662e-05 -0.000110056 2.80906e-06 3.04028e-05 8.45871e-05 0.00011624 0.000148655
internal_weight=569099 103844 102923 2893 1574 1319 100030 3492 1642 1226 1850 1208 96538 2718 1967 93820 3400 2600 1555 894 2063 1237 837 90420 925 465255 12006 3520 3021 2487
internal_count=569099 103844 102923 2893 1574 1319 100030 3492 1642 1226 1850 1208 96538 2718 1967 93820 3400 2600 1555 894 2063 1237 837 90420 925 465255 12006 3520 3021 2487
is_linear=0
shrinkage=0.03


Tree=225
num_leaves=31
num_cat=0
split_feature=25 1 5 38 37 17 22 18 36 5 38 22 12 16 5 7 3 0 12 23 11 17 0 0 27 27 29 1 3 26
split_gain=0.0140233 0.0286768 0.0200155 0.0305787 0.0196079 0.019622 0.0236205 0.0177959 0.0102448 0.0284796 0.0139011 0.0290963 0.0246548 0.0150865 0.00873774 0.025916 0.0210349 0.0153543 0.0110188 0.0138419 0.0097312 0.00905669 0.0362928 0.0100336 0.0187917 0.0162383 0.00848306 0.0107417 0.00944072 0.00916494
threshold=0.49664428830146795 0.47683362662792211 0.30286830663681036 -0.37241181731224055 0.25170098245143896 -0.38581016659736628 0.19804988801479342 0.42620199918746954 0.49664428830146795 0.48576495051383978 -0.31886911392211909 -0.45970448851585383 0.4385290145874024 -0.21887913346290586 -0.47651654481887812 0.4908673912286759 0.48634795844554907 0.48596473038196569 0.49227787554264074 0.16779279708862307 0.48418948054313665 0.49221777915954595 0.46441236138343817 -0.26490327715873713 0.42520184814929968 0.31153479218482977 0.466554805636406 0.16554810106754306 -0.11071263998746871 -0.083612978458404527
decision_type=2 2 10 8 2 2 8 2 2 8 8 10 2 2 10 2 2 2 2 2 2 2 2 2 2 2 2 2 2 2
left_child=8 4 -3 -4 5 6 -2 -6 14 10 11 -10 13 -12 15 16 17 18 20 -20 26 -16 23 25 -25 -23 29 28 -28 -1
right_child=1 2 3 -5 7 -7 -8 -9 9 -11 12 -13 -14 -15 21 -17 -18 -19 19 -21 -22 22 -24 24 -26 -27 27 -29 -30 -31
leaf_value=-2.4704981019565566e-05 -0.0002020826246928939 2.1802283214499554e-05 -3.2006372559091845e-05 -0.00035204170513380734 -0.00023863007806161033 0.00014880045305513257 0.00011162514093592909 2.7615378911208927e-05 -6.6415620143049536e-05 0.00025322933275993164 -0.00010814500668211085 0.0002328263504114002 -0.00021330804985623567 0.00011551659368778637 -2.8235937317904725e-07 -0.00022482896726459489 0.00018555935760559806 -0.00015055909564064564 2.578013706821081e-05 -0.00018759159046388474 0.00010705963024860312 -2.6236944843076261e-06 0.00030355259018878967 1.7683605123014515e-05 -0.0001847761783824535 0.00020167695213662678 3.8236251208356462e-05 0.00012098969629126562 -9.4193472851827163e-05 1.2526898517570926e-05
leaf_weight=24120 426 402 450 665 463 992 419 429 543 521 415 615 510 743 518450 511 470 720 449 682 632 876 422 2353 490 573 1713 926 664 7891
leaf_count=24120 426 402 450 665 463 992 419 429 543 521 415 615 510 743 518450 511 470 720 449 682 632 876 422 2353 490 573 1713 926 664 7891
internal_value=-1.02052e-06 -5.52726e-05 -0.000159377 -0.000224312 2.96763e-06 5.89481e-05 -4.70419e-05 -0.000111695 -6.12046e-07 5.164e-05 1.37133e-05 9.3141e-05 -4.16554e-05 3.51219e-05 -9.2418e-07 -1.46627e-05 -1.17983e-05 -1.43008e-05 -1.16149e-05 -0.000103401 -8.69905e-06 9.44122e-08 4.1445e-05 1.50282e-05 -1.77363e-05 7.89946e-05 -1.08005e-05 3.49052e-05 1.00321e-06 -1.55259e-05
internal_weight=569535 4246 1517 1115 2729 1837 845 892 565289 3347 2826 1158 1668 1158 561942 38778 38267 37797 37077 1131 35946 523164 4714 4292 2843 1449 35314 3303 2377 32011
internal_count=569535 4246 1517 1115 2729 1837 845 892 565289 3347 2826 1158 1668 1158 561942 38778 38267 37797 37077 1131 35946 523164 4714 4292 2843 1449 35314 3303 2377 32011
is_linear=0
shrinkage=0.03


Tree=226
num_leaves=31
num_cat=0
split_feature=0 27 19 24 3 3 21 35 14 5 8 39 1 27 10 30 30 39 19 31 5 21 19 10 30 38 21 31 31 39
split_gain=0.0108828 0.0139084 0.0179103 0.0156933 0.0204484 0.024997 0.021662 0.0154891 0.0432318 0.026027 0.0138035 0.0281734 0.0212631 0.0128979 0.014868 0.0126604 0.0122625 0.0106894 0.0309928 0.0244592 0.0263882 0.0200913 0.0366356 0.0322127 0.0198745 0.0190932 0.0317688 0.016836 0.0156391 0.0139806
threshold=-0.39258971810340876 0.48431348800659185 0.49664428830146795 -0.40601159632205958 0.45801258087158209 0.49664428830146795 1.0000000180025095e-35 -0.49664428830146784 0.35240399837493902 0.35409063100814825 0.48431348800659185 0.47993287444114691 0.15780642628669742 0.45307256281375891 0.35240399837493902 0.05709491856396199 -0.32531978189945215 0.48662193119525915 0.46441236138343817 0.31881627440452581 0.27859869599342352 -0.42605021595954889 -0.36572171747684473 0.34589572250843054 0.39849410951137548 -0.078053325414657579 0.29180648922920233 -0.072491426020860658 -0.098455023020505891 0.48615899682044988
decision_type=2 2 10 2 2 2 10 2 2 10 2 2 2 2 2 2 2 2 10 2 10 10 10 2 2 10 10 2 2 2
left_child=1 2 7 -3 -5 6 -6 8 9 15 16 12 -12 14 -14 -1 -9 29 19 21 -21 24 23 -23 -19 -24 27 -27 -26 -2
right_child=17 3 -4 4 5 -7 -8 10 -10 -11 11 -13 13 -15 -16 -17 -18 18 -20 20 -22 22 25 -25 28 26 -28 -29 -30 -31
leaf_value=0.00017868087423723403 8.5828694253269263e-07 0.00022440832351858437 -0.00016279513244329765 -0.00011551232517763109 0.00031836025002796243 -5.1473674127639521e-05 3.0494865422951986e-05 -4.3146917433368604e-05 0.00032840448598328982 -0.00021100317902958513 -0.00014310567376222546 -0.0002947056076681411 0.00010563641422289117 0.00016177125157346896 -0.00012170632556203659 -3.6632599945777998e-05 -6.0204957159251574e-06 -0.00017791051458608716 -0.00013451423749590447 0.00010987960758570082 -0.00020634000759413797 8.130395844750229e-05 -5.7952304787420837e-05 0.00040240100001946163 -5.6991847416656422e-05 0.00014608860519817936 0.00030998182913466893 -0.00012464786341245094 0.00018946781262962355 -9.4111239440091581e-05
leaf_weight=492 497940 403 720 668 486 731 452 9710 439 401 1040 450 437 467 606 476 45453 404 793 404 550 491 788 668 436 400 513 407 476 1389
leaf_count=492 497940 403 720 668 486 731 452 9710 439 401 1040 450 437 467 606 476 45453 404 793 404 550 491 788 668 436 400 513 407 476 1389
internal_value=-3.85695e-07 -1.2098e-05 -1.50858e-05 5.38969e-05 2.36625e-05 7.9722e-05 0.00018143 -1.32856e-05 7.29514e-05 -1.07527e-05 -1.59784e-05 -7.85423e-05 -3.93936e-05 3.25087e-05 -2.63548e-05 7.35116e-05 -1.25623e-05 1.08373e-06 3.97929e-05 6.49543e-05 -7.26766e-05 9.36995e-05 0.000133462 0.00026823 -5.27297e-06 5.84479e-05 0.000127849 9.69176e-06 7.23026e-05 5.92228e-07
internal_weight=569090 63431 60691 2740 2337 1669 938 59971 1808 1369 58163 3000 2550 1510 1043 968 55163 505659 6330 5537 954 4583 3267 1159 1316 2108 1320 807 912 499329
internal_count=569090 63431 60691 2740 2337 1669 938 59971 1808 1369 58163 3000 2550 1510 1043 968 55163 505659 6330 5537 954 4583 3267 1159 1316 2108 1320 807 912 499329
is_linear=0
shrinkage=0.03


Tree=227
num_leaves=31
num_cat=0
split_feature=25 38 11 29 29 38 1 3 28 14 25 37 26 31 29 26 36 5 29 36 29 38 28 16 4 22 19 31 36 26
split_gain=0.0118998 0.0173872 0.0268821 0.0377019 0.0375082 0.0252548 0.0170461 0.0303722 0.0328818 0.0297556 0.0244609 0.0304291 0.016668 0.0164756 0.0161403 0.0155261 0.0199256 0.0230817 0.0361787 0.0247514 0.0311959 0.02425 0.0242099 0.0225543 0.0269648 0.018976 0.0178659 0.0188805 0.0176826 0.0233833
threshold=0.466554805636406 0.46465381979942327 0.49221777915954595 -0.28521004319190973 0.12542516738176349 0.40545859932899481 0.48662193119525915 0.40614514052867895 0.016816227696835998 -0.29863440990447992 0.39138861000537878 -0.33219130337238306 0.47993287444114691 0.070341434329748168 -0.026120857335627076 0.45307256281375891 0.35222332179546362 0.47570809721946722 -0.45298065245151514 0.49221777915954595 -0.2781506478786468 -0.48653183877468104 -0.25196899473667139 0.22491610795259478 0.45307256281375891 0.016816227696835998 0.21102430671453479 -0.31205530464649195 0.41950166225433355 0.15108475089073184
decision_type=2 10 2 2 2 8 2 2 2 2 2 2 2 2 2 2 2 8 2 2 2 10 2 2 2 10 10 2 2 2
left_child=6 5 3 -3 -5 12 -1 13 10 -10 -9 -12 15 -8 -7 16 -2 21 -19 20 -20 -18 -22 26 25 -25 27 -23 -29 -30
right_child=1 2 -4 4 -6 14 7 8 9 -11 11 -13 -14 -15 -16 -17 17 18 19 -21 22 23 -24 24 -26 -27 -28 28 29 -31
leaf_value=2.8377436722050752e-07 -2.6721753004902837e-05 -0.00016055894985665304 0.00025258115272104115 0.0003616486470138256 -7.9527491992515429e-06 -0.00017566738036253551 0.00014577739794190502 -2.6258309172524277e-05 0.00019678323729040837 -0.00012262335657348892 -6.5410761401610474e-05 -0.00038204601258327175 0.00018008441978696087 -6.9921554910251874e-05 -4.5339905055051887e-07 -0.0001264862208382396 0.00023297102760990281 0.00024195860365314756 -0.00022498220567185952 -0.0002172356226865358 -3.8839121681206274e-05 -9.5725424548839954e-05 0.00020403564807242557 -6.6447409528364073e-06 0.00035829474198269457 0.00024048868225436812 -7.737527422254346e-05 -3.3604476246168355e-05 6.8752760111678184e-05 0.00028565070342968113
leaf_weight=545704 4499 576 712 404 612 961 772 529 452 598 426 776 595 530 923 619 804 401 445 666 923 585 603 788 421 423 1149 764 1502 633
leaf_count=545704 4499 576 712 404 612 961 772 529 452 598 426 776 595 530 923 619 804 401 445 666 923 585 603 788 421 423 1149 764 1502 633
internal_value=6.53551e-07 2.33739e-05 0.000100714 3.16407e-05 0.000141107 1.32577e-05 -1.73704e-07 -6.11682e-05 -0.00011702 1.54329e-05 -0.000196991 -0.000271293 2.56375e-05 5.811e-05 -9.0283e-05 1.94874e-05 2.57561e-05 4.91192e-05 -1.99922e-05 -6.05898e-05 -6.82986e-06 7.88071e-05 5.78366e-05 5.86832e-05 0.000154235 8.09411e-05 2.47648e-05 5.8575e-05 8.99339e-05 0.000134092
internal_weight=569795 20008 2304 1592 1016 17704 549787 4083 2781 1050 1731 1202 15820 1302 1884 15225 14606 10107 3038 2637 1971 7069 1526 6265 1632 1211 4633 3484 2899 2135
internal_count=569795 20008 2304 1592 1016 17704 549787 4083 2781 1050 1731 1202 15820 1302 1884 15225 14606 10107 3038 2637 1971 7069 1526 6265 1632 1211 4633 3484 2899 2135
is_linear=0
shrinkage=0.03


Tree=228
num_leaves=31
num_cat=0
split_feature=37 39 24 5 5 1 15 35 36 27 17 6 26 19 35 37 35 9 39 35 35 35 31 30 6 31 19 19 25 24
split_gain=0.0104404 0.0183421 0.0236628 0.0252712 0.0384924 0.0254303 0.0317953 0.0183651 0.0508656 0.0462037 0.039454 0.030589 0.0391649 0.0230431 0.0191747 0.0184845 0.016787 0.0158601 0.0205193 0.0442067 0.0340545 0.0170187 0.0283027 0.0216831 0.0169705 0.0188551 0.0154007 0.0149143 0.0170217 0.0142854
threshold=-0.1590028181672096 0.47108417749404913 0.29792606830596929 0.46862696111202246 0.45017729699611669 0.49111093580722814 -0.40601159632205958 0.49664428830146795 0.48662193119525915 0.45307256281375891 -0.40601159632205958 0.36610658466815954 -0.37241181731224055 -0.44627264142036432 0.25850497186183935 -0.3259222656488418 -0.13082086294889447 0.45307256281375891 0.43962624669075018 0.42620199918746954 0.30498139560222631 0.47993287444114691 0.25769412517547613 0.023649728856980804 0.11302095279097558 -0.0076340327505022279 -0.4394956231117248 -0.30533944070339197 0.42620199918746954 0.043656742200255401
decision_type=2 2 2 8 10 2 2 2 2 2 2 8 2 8 2 2 2 2 2 2 2 2 2 2 8 2 8 10 2 2
left_child=1 17 16 4 7 6 -5 9 -9 10 -4 12 -12 14 -14 -15 -3 21 19 24 -20 -1 23 -23 25 -19 -11 28 -21 -26
right_child=-2 2 3 5 -6 -7 -8 8 -10 26 11 -13 13 15 -16 -17 -18 18 20 27 -22 22 -24 -25 29 -27 -28 -29 -30 -31
leaf_value=4.2218728551607064e-06 -1.6461815669739622e-06 5.4435094292645005e-05 0.00023444168560131772 0.00018069695744256348 0.00032647179559798392 -0.00021399029348589713 -0.00016142321185524914 -5.4411382184298414e-05 0.00037566650565040168 -0.00028809135793640315 0.00031030538703081688 -0.00019540611623190422 -2.5673861540966826e-05 -0.00018438048544159189 0.00024062327618995199 4.9493639639980422e-05 0.00029867723472735259 1.4363422574474652e-05 0.0001007387466101632 0.00016490500084449547 -0.00018077653013190041 4.8487349145006375e-05 0.00010815878067880539 -0.00018238842835929911 0.00013904593196688652 0.00027248902560503486 -3.8852854916537248e-05 8.2713434313496333e-05 0.00042856787489566566 -2.988460354008034e-05
leaf_weight=175280 374741 484 878 527 438 671 439 502 474 500 426 540 480 715 480 518 534 549 716 489 819 477 589 1515 521 467 403 482 425 2963
leaf_count=175280 374741 484 878 527 438 671 439 502 474 500 426 540 480 715 480 518 534 549 716 489 819 477 589 1515 521 467 403 482 425 2963
internal_value=1.27987e-06 6.92303e-06 4.87012e-05 3.12291e-05 5.83024e-05 -7.35714e-05 2.51591e-05 3.79307e-05 0.00015615 1.43057e-05 5.77677e-05 8.07882e-06 5.06182e-05 -1.00681e-06 0.000108583 -8.65191e-05 0.000184213 4.88924e-06 4.77994e-05 7.32141e-05 -4.96618e-05 3.09387e-06 -7.32311e-05 -0.000127137 2.72711e-05 0.000134509 -0.000178503 0.000220064 0.000290817 -4.29695e-06
internal_weight=569042 194301 9009 7991 6354 1637 966 5916 976 4940 4037 3159 2619 2193 960 1233 1018 185292 7431 5896 1535 177861 2581 1992 4500 1016 903 1396 914 3484
internal_count=569042 194301 9009 7991 6354 1637 966 5916 976 4940 4037 3159 2619 2193 960 1233 1018 185292 7431 5896 1535 177861 2581 1992 4500 1016 903 1396 914 3484
is_linear=0
shrinkage=0.03


Tree=229
num_leaves=31
num_cat=0
split_feature=36 20 19 22 35 36 11 23 15 31 5 35 16 11 22 6 12 19 19 36 12 5 2 36 37 37 22 0 18 11
split_gain=0.010153 0.0222467 0.0257813 0.034248 0.025758 0.0218211 0.021491 0.0219048 0.0281153 0.0194631 0.0464896 0.0277492 0.0195539 0.0185783 0.0184943 0.0167438 0.0302079 0.023948 0.0336078 0.0285691 0.0190188 0.0182447 0.0201562 0.0172738 0.0165775 0.0162028 0.0139948 0.0126573 0.0154838 0.0279501
threshold=0.47718597948551184 0.47735816240310674 0.42620199918746954 0.41950166225433355 0.37795569002628332 0.48406349122524267 0.31848688423633581 0.39212159812450414 -0.29180648922920221 0.23778449743986133 -0.30784615874290461 0.47318433225154882 -0.41272504627704615 0.47083835303783422 -0.10399362072348593 0.32373654842376715 0.4463686496019364 -0.41940896213054651 -0.4798318743705749 0.49664428830146795 0.35837019979953771 0.39212159812450414 0.47952194511890417 0.49664428830146795 0.23151255398988727 -0.051862070336937897 0.26518444716930395 -0.44627264142036432 -0.45298065245151514 0.466554805636406
decision_type=2 10 10 10 2 2 2 2 2 2 10 2 2 2 8 8 2 10 10 2 2 8 2 2 2 2 8 2 2 2
left_child=27 2 5 13 26 6 -2 14 -9 15 -11 12 -12 -4 -8 16 20 18 23 21 25 -19 -23 -17 -14 -7 -3 28 29 -1
right_child=1 4 3 -5 -6 9 7 8 -10 10 11 -13 24 -15 -16 17 -18 19 -20 -21 -22 22 -24 -25 -26 -27 -28 -29 -30 -31
leaf_value=-4.4251715375347746e-05 -6.9890356557631385e-05 0.00035998985957230701 -9.1213324873526703e-05 6.3435122441989915e-05 -2.2662539830414857e-05 8.7134973306819306e-05 0.00029977839422554858 0.00016659751171415338 -0.00016301761961117983 0.00036697364497087216 9.1984721933954016e-05 0.00018618761245976968 -0.00025445000384761009 -0.00036980094879476193 8.6269022189966305e-05 7.3041560090281494e-05 0.00025535960049843801 -0.00024679009226689994 -0.00035500359114476042 0.00015103090488520485 -0.00014539119272196079 -0.00012175932932096272 0.00014321657467267608 -0.00017922428964714038 3.9278145594416988e-06 -9.4882270695078769e-05 0.0001147091453534138 -3.6470139345922145e-07 -1.30527087976217e-05 -0.00029054879443014435
leaf_weight=2590 560 423 457 625 555 1524 829 513 410 402 504 598 494 413 666 478 440 408 506 715 687 614 431 481 401 608 432 523413 27708 485
leaf_count=2590 560 423 457 625 555 1524 829 513 410 402 504 598 494 413 666 478 440 408 506 715 687 614 431 481 401 608 432 523413 27708 485
internal_value=-8.01298e-07 2.3401e-05 1.17285e-05 -0.000105476 0.00013646 2.60843e-05 9.66056e-05 0.000135294 2.00033e-05 3.40092e-06 7.68148e-05 1.68678e-05 -5.63153e-05 -0.000226162 0.000205868 -2.22276e-05 2.71037e-05 -6.64334e-05 -0.000159686 -2.97528e-06 -9.30005e-06 -7.92738e-05 -1.2151e-05 -5.40298e-05 -0.000139921 3.5027e-05 0.000238817 -1.46437e-06 -2.01562e-05 -8.39145e-05
internal_weight=569370 15174 13764 1495 1410 12269 2978 2418 923 9291 2399 1997 1399 870 1495 6892 3259 3633 1465 2168 2819 1453 1045 959 895 2132 855 554196 30783 3075
internal_count=569370 15174 13764 1495 1410 12269 2978 2418 923 9291 2399 1997 1399 870 1495 6892 3259 3633 1465 2168 2819 1453 1045 959 895 2132 855 554196 30783 3075
is_linear=0
shrinkage=0.03


Tree=230
num_leaves=31
num_cat=0
split_feature=15 1 1 6 27 11 11 22 22 25 19 36 31 6 18 25 1 2 38 12 19 21 5 10 15 7 24 24 23 25
split_gain=0.0085291 0.0139211 0.0145791 0.0206209 0.0401207 0.0194744 0.0306531 0.0147862 0.011405 0.0105294 0.020298 0.0233664 0.0132957 0.0142888 0.00924993 0.0110438 0.0106234 0.0151831 0.00936182 0.00902631 0.00889089 0.0144377 0.0147571 0.0277357 0.0290468 0.0218517 0.0128991 0.0184421 0.0101716 0.0109457
threshold=-0.47306366264820093 -0.49664428830146784 0.49303127825260168 0.28368294239044195 0.47152988612651831 0.47318433225154882 0.48615899682044988 0.23162547498941424 -0.083612978458404527 0.37925247848033911 -0.49664428830146784 0.44500453770160681 -0.31205530464649195 0.26339980959892279 -0.49664428830146784 0.23778449743986133 0.39273729920387274 0.23162547498941424 -0.4394956231117248 0.070949185639619841 -0.4718968123197555 -0.4798318743705749 0.31848688423633581 0.33277405798435217 -0.42605021595954889 0.016816227696835998 0.36581273376941686 -0.057004502043128007 0.043656742200255401 0.29820537567138677
decision_type=2 2 2 8 2 2 2 8 10 2 8 2 2 8 2 2 2 2 10 2 10 8 10 2 2 2 2 2 2 2
left_child=1 -1 5 -4 -5 9 -7 8 -8 14 -11 12 -12 -14 15 -3 17 -16 -18 -19 21 -2 23 28 -25 -24 27 -27 29 -23
right_child=20 2 3 4 -6 6 7 -9 -10 10 11 -13 13 -15 16 -17 18 19 -20 -21 -22 22 25 24 -26 26 -28 -29 -30 -31
leaf_value=-0.00014972018953670135 0.00015173940841337535 7.2682448809922956e-07 6.2150059585069781e-05 -0.00040640213177327999 -3.9391691135068185e-05 0.00025845084327690622 3.0935380808274889e-05 0.00012306308236285875 -0.00017818397708352804 -0.00022180079860449365 7.9027225112878792e-05 0.00011651152965371619 -3.061573894421365e-05 -0.00019149908010498528 -2.3201062006122273e-05 0.00019256264965428725 -0.00017893118152121284 4.911251084883844e-06 -1.6571463947885424e-05 0.00014229915035443287 -7.5740311990990506e-07 2.6676970038413815e-05 -0.0002388122938853045 0.0003736244426065942 5.2345178070814355e-05 4.1171216593044629e-05 8.6133534185494745e-05 -0.00019062226328523532 -2.1323944435625533e-05 0.00016124633515239643
leaf_weight=716 745 678 493 403 771 595 489 581 437 596 401 723 1029 959 6018 439 601 814 675 905 537904 4206 437 405 660 651 799 573 3815 616
leaf_count=716 745 678 493 403 771 595 489 581 437 596 401 723 1029 959 6018 439 601 814 675 905 537904 4206 437 405 660 651 799 573 3815 616
internal_value=-8.36792e-07 -2.09669e-05 -1.56491e-05 -9.97898e-05 -0.000167744 -6.79261e-06 7.80689e-05 5.61556e-06 -6.8602e-05 -1.97302e-05 -6.29103e-05 -3.18671e-05 -7.70705e-05 -0.000108795 -3.87802e-06 7.71612e-05 -1.39958e-05 -7.23559e-07 -9.38401e-05 7.76464e-05 -1.66785e-07 2.4429e-05 1.65122e-05 3.31519e-05 0.000176861 -4.89821e-05 -7.00274e-06 -6.80054e-05 1.52476e-05 4.4166e-05
internal_weight=569134 18323 17607 1667 1174 15940 2102 1507 926 13838 3708 3112 2389 1988 10130 1117 9013 7737 1276 1719 550811 12907 12162 9702 1065 2460 2023 1224 8637 4822
internal_count=569134 18323 17607 1667 1174 15940 2102 1507 926 13838 3708 3112 2389 1988 10130 1117 9013 7737 1276 1719 550811 12907 12162 9702 1065 2460 2023 1224 8637 4822
is_linear=0
shrinkage=0.03


Tree=231
num_leaves=31
num_cat=0
split_feature=18 8 35 35 6 35 24 5 4 21 8 4 23 35 35 22 8 28 8 14 27 24 12 11 18 28 28 6 22 21
split_gain=0.00814242 0.0186667 0.0160633 0.0203793 0.0174854 0.0159651 0.0151022 0.024628 0.0317795 0.0164063 0.0175819 0.0159978 0.0216701 0.035311 0.026131 0.0249537 0.018727 0.0158069 0.0152304 0.0145525 0.0226797 0.014051 0.0197277 0.0182213 0.0353674 0.0281021 0.0175786 0.0183166 0.0176233 0.0213598
threshold=0.32554237544536596 0.49245272576808935 0.45196153223514562 0.35875959694385534 0.49657534062862402 -0.48653183877468104 0.47318433225154882 0.48576495051383978 0.47318433225154882 0.37925247848033911 0.28454907238483435 0.4463686496019364 0.39273729920387274 0.47993287444114691 0.466554805636406 -0.10456438735127448 0.26490327715873724 -0.050167785957455628 0.21815130859613421 0.30478277802467352 0.47152988612651831 0.4463686496019364 0.4516685158014298 0.48615899682044988 -0.41272504627704615 -0.36546541750431055 -0.41940896213054651 -0.46309912204742426 -0.21837823092937467 -0.11867455020546912
decision_type=2 2 2 2 8 2 2 8 2 10 2 2 2 2 2 10 2 2 2 2 2 2 2 2 2 2 2 10 10 10
left_child=1 6 3 4 5 -3 21 8 9 11 -11 12 14 15 18 17 -16 -14 -8 20 -7 23 26 -1 -25 -26 -23 -28 -29 -30
right_child=-2 2 -4 -5 -6 19 7 -9 -10 10 -12 -13 13 -15 16 -17 -18 -19 -20 -21 -22 22 -24 24 25 -27 27 28 29 -31
leaf_value=7.8531915538533133e-07 -8.6358709403206374e-06 0.00019223824574038953 0.0001939611558105646 -0.00014924639360419062 0.00021374870772601688 -7.3482157228840365e-05 2.0533256723401355e-05 -0.00021632182709063635 0.00018950487679243822 -4.5173735982059418e-05 0.00020047051934806193 -0.00019010363970014079 -0.00020780020810746137 0.00029191267736957972 -0.00026930252055665601 0.00011949589856656699 -2.8258414575335588e-05 5.9455860777523267e-06 -8.0666665791313157e-05 -0.00016861839690162533 0.00019619821158326349 -0.0001028908014594803 0.00023123882419365013 -0.00022878134185802903 0.0001508549255885623 -8.9641473961699997e-05 0.00022201035027818189 7.2539386142495154e-05 -8.7323338721480962e-05 3.7605021112615789e-05
leaf_weight=439336 99686 403 721 441 574 673 2423 615 591 516 517 644 581 406 830 789 447 657 2971 410 467 866 429 907 682 1178 451 4410 1947 3314
leaf_count=439336 99686 403 721 441 574 673 2423 615 591 516 517 644 581 406 830 789 447 657 2971 410 467 866 429 907 682 1178 451 4410 1947 3314
internal_value=-8.49743e-07 8.04657e-07 6.79312e-05 3.6767e-05 6.96895e-05 2.64763e-05 2.71252e-07 -3.29515e-05 -2.28535e-05 -3.46595e-05 7.85106e-05 -4.67204e-05 -3.63802e-05 4.01427e-05 -6.43075e-05 -1.14713e-05 -0.000185803 -9.52277e-05 -3.52535e-05 -1.75779e-05 3.77376e-05 1.15007e-06 3.39949e-05 3.01126e-07 -7.63035e-05 -1.12431e-06 2.60907e-05 3.72166e-05 2.83784e-05 -8.70664e-06
internal_weight=568882 469196 3689 2968 2527 1953 465507 11987 11372 10781 1033 9748 9104 2433 6671 2027 1277 1238 5394 1550 1140 453520 11417 442103 2767 1860 10988 10122 9671 5261
internal_count=568882 469196 3689 2968 2527 1953 465507 11987 11372 10781 1033 9748 9104 2433 6671 2027 1277 1238 5394 1550 1140 453520 11417 442103 2767 1860 10988 10122 9671 5261
is_linear=0
shrinkage=0.03


Tree=232
num_leaves=31
num_cat=0
split_feature=19 39 22 0 31 19 24 1 25 17 24 8 29 39 23 5 29 23 1 6 24 4 24 36 0 36 4 11 29 5
split_gain=0.0119976 0.0304293 0.0196553 0.0126859 0.015276 0.0102735 0.0150265 0.0108902 0.00850153 0.00834951 0.0261797 0.0457761 0.0387751 0.0342573 0.0365667 0.0250105 0.0296291 0.021187 0.0262305 0.0192073 0.023111 0.0248556 0.0239619 0.0213464 0.0182869 0.011347 0.0270001 0.0321028 0.0143396 0.0137614
threshold=0.49664428830146795 0.45782060921192175 0.47166465222835546 0.27854746580123907 -0.026120857335627076 0.49239532649517065 0.33816526830196386 0.17790922522544864 0.39966443181037908 0.30546234548091894 0.47993287444114691 0.19131659716367724 -0.085275519639253602 0.47318433225154882 0.40614514052867895 0.23618742078542712 -0.25203305482864374 0.05709491856396199 0.21102430671453479 0.426538035273552 0.2382863983511925 0.47993287444114691 0.31167945265769964 0.3644950687885285 0.43310962617397314 0.35222332179546362 -0.41272504627704615 0.43310962617397314 0.49664428830146795 0.4385290145874024
decision_type=10 2 10 2 2 10 2 2 2 2 2 2 2 2 2 10 2 2 2 10 2 2 2 2 2 2 2 2 2 8
left_child=5 3 -3 8 -5 9 7 -7 -2 -1 13 -12 -13 19 15 17 -17 -15 -19 25 24 22 -22 -24 -21 -11 27 -27 29 -28
right_child=1 2 -4 4 -6 6 -8 -9 -10 10 11 12 -14 14 -16 16 -18 18 -20 20 21 -23 23 -25 -26 26 28 -29 -30 -31
leaf_value=1.2591317578877365e-06 -1.826680643104354e-05 -6.2176067287856272e-05 -0.00034802532371447701 0.00017904643397963037 -5.55479397476533e-05 -4.7025301482435375e-05 0.00017532774187550235 0.00010455284855874185 -0.00015695643922620072 -6.3269145713363559e-06 -9.9069776104428333e-05 0.00033802366422254704 3.1548407475216956e-05 0.00020454857472832288 -0.00029383126269818307 -0.00034392897956795238 9.4963748527404195e-06 0.00012774832878634893 -0.00019334674118233862 5.4591403062074181e-05 -0.00015848860909928829 -0.000220284877754997 -5.9163406352620249e-05 0.00019106962704068691 0.00025802972358683797 -9.5307300154772084e-06 -4.2309210504730588e-05 0.00021707292631110457 0.00010703956035323002 -0.00011914153961653778
leaf_weight=455276 1890 431 436 574 430 1066 717 697 495 78249 734 757 725 423 730 439 406 405 502 5189 512 532 532 703 422 2223 10095 743 481 2647
leaf_count=455276 1890 431 436 574 430 1066 717 697 495 78249 734 757 725 423 730 439 406 405 502 5189 512 532 532 703 422 2223 10095 743 481 2647
internal_value=-6.25463e-07 -5.0747e-05 -0.000208254 -9.9582e-06 7.90158e-05 -2.47156e-07 6.05554e-05 1.31526e-05 -4.75866e-05 -5.16192e-07 -8.03789e-06 9.37755e-05 0.000189311 -1.01906e-05 -0.000111601 -4.93739e-05 -0.000175993 3.17847e-05 -5.01396e-05 -7.30101e-06 3.76367e-05 -4.27957e-05 1.21998e-05 8.36675e-05 7.03237e-05 -1.1059e-05 -3.39134e-05 4.77735e-05 -5.22585e-05 -5.83511e-05
internal_weight=569461 4256 867 3389 1004 565205 2480 1763 2385 562725 107449 2216 1482 105233 2905 2175 845 1330 907 102328 7890 2279 1747 1235 5611 94438 16189 2966 13223 12742
internal_count=569461 4256 867 3389 1004 565205 2480 1763 2385 562725 107449 2216 1482 105233 2905 2175 845 1330 907 102328 7890 2279 1747 1235 5611 94438 16189 2966 13223 12742
is_linear=0
shrinkage=0.03


Tree=233
num_leaves=31
num_cat=0
split_feature=2 27 32 6 11 23 23 24 11 5 4 35 13 0 5 8 1 6 27 23 23 18 0 24 35 38 5 7 38 38
split_gain=0.00941065 0.0239272 0.020219 0.0505192 0.0438991 0.0325221 0.0377053 0.0298289 0.0275729 0.0261903 0.0279039 0.012534 0.0267541 0.0240532 0.028487 0.0284972 0.0260009 0.0253615 0.0438599 0.0267024 0.0255457 0.0273792 0.0236104 0.0227439 0.0225462 0.0181242 0.0171234 0.0170077 0.0169803 0.0169673
threshold=0.49293276667594915 0.39849410951137548 -0.1319722235202789 -0.033583961427211755 0.47083835303783422 0.42530338466167456 0.35844881832599645 0.48615899682044988 0.49288246035575872 0.41557779908180242 0.49664428830146795 0.46399636566638952 0.47683362662792211 0.48596473038196569 -0.40731194615364069 -0.030160912312567231 0.25170098245143896 0.26339980959892279 0.43962624669075018 0.39212159812450414 0.23817513883113864 -0.14426303654909131 0.4463686496019364 0.42620199918746954 0.48625412583351141 0.18458957225084308 0.36531642079353338 -0.38545641303062433 -0.34561291337013239 -0.47318433225154871
decision_type=2 2 2 10 2 2 2 2 2 10 2 2 2 2 10 2 2 10 2 2 2 2 2 2 2 10 10 2 10 10
left_child=11 -2 5 -4 7 6 -3 -5 -7 -6 -11 -1 13 14 16 23 -13 20 26 -20 -15 -22 -17 -16 -14 28 -19 -18 29 -24
right_child=1 2 3 4 9 8 -8 -9 -10 10 -12 12 24 17 15 22 27 18 19 -21 21 -23 25 -25 -26 -27 -28 -29 -30 -31
leaf_value=6.4482961776871059e-07 0.00025265187009068169 5.7810371589781782e-05 0.00018534280147467633 -4.8397170212794988e-05 9.82926864632496e-06 -0.00016211607455771424 0.00039830987685725218 0.00026566246029723366 0.00013494368219296439 -0.00035281931299823051 -5.2525906829854741e-05 -4.3468721027812059e-05 -4.7112352183984774e-05 -0.00025498768028967889 -6.035055254041833e-05 -4.1678935150217337e-05 0.00029113068678877121 -7.2679611352972754e-06 -0.00033156165314035465 1.8255604434775977e-06 -0.00017406744758014818 0.00011230947300668093 -4.6882046602695474e-05 -0.00023937573481932291 0.00021033840581683605 0.00015465410669551467 0.00025306387578059912 7.4540017515278264e-05 -6.3091029075892894e-05 0.00019124637457991115
leaf_weight=542077 419 722 812 795 483 607 487 402 507 809 428 856 498 1210 4207 4576 566 412 414 441 748 489 440 746 772 1216 496 775 1252 671
leaf_count=542077 419 722 812 795 483 607 487 402 507 809 428 856 498 1210 4207 4576 566 412 414 441 748 489 440 746 772 1216 496 775 1252 671
internal_value=1.81888e-07 3.61257e-05 2.07428e-05 -2.25393e-05 -8.08426e-05 9.00203e-05 0.00019711 5.84037e-05 -2.69215e-05 -0.000177526 -0.000250173 -2.31978e-07 -2.30886e-05 -3.17889e-05 -1.42943e-05 -3.10626e-05 8.54378e-05 -9.52041e-05 -8.33366e-06 -0.000161571 -0.000157503 -6.08666e-05 3.42772e-06 -8.77426e-05 0.000109806 6.10551e-05 0.000136147 0.000167435 1.24404e-05 9.73612e-05
internal_weight=569333 6471 6052 3729 2917 2323 1209 1197 1114 1720 1237 562862 20785 19515 15305 13108 2197 4210 1763 855 2447 1237 8155 4953 1270 3579 908 1341 2363 1111
internal_count=569333 6471 6052 3729 2917 2323 1209 1197 1114 1720 1237 562862 20785 19515 15305 13108 2197 4210 1763 855 2447 1237 8155 4953 1270 3579 908 1341 2363 1111
is_linear=0
shrinkage=0.03


Tree=234
num_leaves=31
num_cat=0
split_feature=38 11 8 21 11 6 12 7 11 9 29 13 37 21 38 28 11 9 38 5 5 5 11 39 5 16 22 23 28 6
split_gain=0.00769591 0.0148236 0.0192899 0.0145683 0.0107164 0.0168278 0.0181134 0.00961238 0.0121503 0.0125355 0.0101882 0.0120615 0.0112913 0.00793388 0.0114516 0.00691251 0.011236 0.0068061 0.00662913 0.0212097 0.00740968 0.00659753 0.00612316 0.00603183 0.0251607 0.0241921 0.0272086 0.021041 0.0217589 0.0209904
threshold=0.47318433225154882 0.49221777915954595 0.48431348800659185 -0.43286086618900294 0.44485473632812506 0.48312206566333776 0.41289757192134863 0.47108417749404913 0.27187095582485205 -0.42605021595954889 -0.2781506478786468 0.20472994446754458 0.47696729004383093 0.29238027334213262 0.49245272576808935 -0.19795162230730054 0.22491610795259478 0.24460320174694064 0.47152988612651831 -0.16926105320453641 0.35818248987197882 0.18860191851854327 0.19131659716367724 0.4641572386026383 0.2632583379745484 0.47993287444114691 0.40614514052867895 0.47718597948551184 -0.091607980430126176 0.43033367395401007
decision_type=10 2 2 10 2 8 2 2 2 2 2 2 2 10 10 2 2 2 10 8 10 8 2 2 10 2 8 2 2 10
left_child=18 2 3 -2 7 6 -6 8 15 -10 11 -11 13 -12 -15 16 17 21 23 -20 -21 -5 -17 -1 -25 26 27 29 -29 -26
right_child=1 -3 -4 4 5 -7 -8 -9 9 10 12 -13 -14 14 -16 22 -18 -19 19 20 -22 -23 -24 24 25 -27 -28 28 -30 -31
leaf_value=5.9621326243242106e-07 -0.00018979123883469199 0.00011787890596534186 -0.00018595491259402027 1.3876649873540436e-05 0.00012957286364679831 0.0001825417086743393 -0.00012800858338021879 0.00010180926910401616 4.8417281482930227e-05 -0.00030057205465921995 -2.7032287683116391e-05 -6.6997936410410973e-05 7.4123227540860064e-05 -0.00021772644395330729 -3.1726995133457735e-05 -1.6964469662209401e-05 0.00015894829281305257 9.5928475810088304e-05 -8.6911849436288109e-05 6.8047256502149742e-05 0.0002094239529229033 -9.6338164794282561e-05 -0.00011896564715791092 4.8735823609564419e-05 -3.9041141471287865e-06 -0.00023454067983557373 0.00013856301675076565 0.00026814046527039918 -3.7951624175247217e-05 -0.00010853134550087827
leaf_weight=529950 424 668 636 1619 422 608 560 528 668 401 969 400 436 724 508 4402 481 566 669 1045 492 689 593 10786 4862 432 1014 415 407 2666
leaf_count=529950 424 668 636 1619 422 608 560 528 668 401 969 400 436 724 508 4402 481 566 669 1045 492 689 593 10786 4862 432 1014 415 407 2666
internal_value=8.24364e-07 -1.94844e-05 -2.54251e-05 -1.84984e-05 -1.33883e-05 5.98884e-05 -1.71264e-05 -2.24008e-05 -2.77434e-05 -6.99293e-05 -9.29976e-05 -0.000186195 -6.4092e-05 -9.16827e-05 -0.000141905 -6.94024e-06 2.63189e-05 3.64753e-06 1.42367e-06 5.32074e-05 0.000114364 -1.92991e-05 -2.92874e-05 1.21521e-06 1.71453e-05 -1.7652e-05 -7.40648e-06 -2.52771e-05 0.000117949 -4.10521e-05
internal_weight=569040 16302 15634 14998 14574 1590 982 12984 12456 4106 3438 801 2637 2201 1232 8350 3355 2874 552738 2206 1537 2308 4995 550532 20582 9796 9364 8350 822 7528
internal_count=569040 16302 15634 14998 14574 1590 982 12984 12456 4106 3438 801 2637 2201 1232 8350 3355 2874 552738 2206 1537 2308 4995 550532 20582 9796 9364 8350 822 7528
is_linear=0
shrinkage=0.03


Tree=235
num_leaves=31
num_cat=0
split_feature=38 36 20 25 5 15 37 0 36 19 5 16 23 2 35 12 28 35 6 0 2 38 20 13 23 22 22 36 6 6
split_gain=0.00799424 0.0192355 0.0400785 0.0343077 0.0188696 0.0419201 0.0408983 0.0232292 0.0186491 0.0348923 0.0225878 0.0149856 0.0129678 0.0283916 0.0317567 0.0155506 0.0135018 0.0385117 0.0247464 0.0180582 0.0185827 0.0178493 0.0471886 0.0388779 0.0188067 0.0186944 0.0234534 0.014862 0.028746 0.0186469
threshold=-0.30525226891040796 0.49288246035575872 -0.24493220448493955 0.45307256281375891 0.39212159812450414 0.30546234548091894 0.42490601539611822 0.2450322434306145 0.49664428830146795 -0.4798318743705749 0.29435938596725469 -0.21147392690181729 0.036974893882870681 0.45793896913528448 0.49118925631046301 0.023649728856980804 -0.38581016659736628 0.47318433225154882 0.20034013688564303 0.43133513629436498 0.31106737256050115 -0.4394956231117248 -0.47339232265949244 0.39849410951137548 0.4385290145874024 -0.077052142471075044 -0.32545009255409235 0.41950166225433355 0.45279304683208471 0.29133562743663793
decision_type=10 2 10 2 10 2 2 2 2 10 10 2 2 2 2 2 2 2 10 2 2 8 10 2 2 10 8 2 8 10
left_child=8 -2 3 -3 6 -6 7 -4 12 10 -10 -11 13 14 -1 -14 17 18 -17 27 -21 22 24 -24 -22 26 -23 -18 29 -29
right_child=1 2 4 -5 5 -7 -8 -9 9 11 -12 -13 15 -15 -16 16 19 -19 -20 20 21 25 23 -25 -26 -27 -28 28 -30 -31
leaf_value=1.5122338477501851e-05 -1.2086760051414552e-06 -2.3944975081019125e-05 0.00022315785086758955 -0.00035555487106086808 -0.00011973302844283423 0.000286119259126387 -0.00025937905799244078 -5.9754242632719428e-05 0.00013802368566431165 0.00036931452985232302 -0.00014369509290132915 0.00011059725068812484 1.3040046322713867e-05 0.00020582016623451661 -0.00020892794805543456 -2.9099680477897467e-05 -2.8098073653644731e-05 0.00026112359728368474 0.00016722854871692141 -0.00017972546155010382 0.00013458769693126826 -1.3502569880652693e-05 -7.0032851066691564e-05 -0.00039893363408344669 -0.00011582135395464526 -0.00010580404992021642 0.00027373710874324962 2.2287835422120336e-05 -0.00011143706518965556 0.0001777678787292858
leaf_weight=58383 448636 486 407 660 406 503 603 691 458 420 556 402 23964 685 565 4354 15945 541 656 1226 726 613 716 588 417 573 428 1772 880 1135
leaf_count=58383 448636 486 407 660 406 503 603 691 458 420 556 402 23964 685 565 4354 15945 541 656 1226 726 613 716 588 417 573 428 1772 880 1135
internal_value=2.6171e-08 -1.77547e-06 -6.92933e-05 -0.000216348 -4.14505e-06 0.000105517 -6.30218e-05 4.61815e-05 7.05181e-06 0.000101644 -1.63441e-05 0.000245639 5.52184e-06 1.51895e-05 1.29398e-05 -5.05066e-06 -1.92317e-05 2.30646e-05 -3.11091e-06 -2.86215e-05 -7.78073e-05 -4.66726e-05 -9.76009e-05 -0.000220248 4.30189e-05 3.06656e-05 0.000106075 -1.54099e-05 3.79463e-05 8.33943e-05
internal_weight=568395 452392 3756 1146 2610 909 1701 1098 116003 1836 1014 822 114167 59633 58948 54534 30570 5551 5010 25019 5287 4061 2447 1304 1143 1614 1041 19732 3787 2907
internal_count=568395 452392 3756 1146 2610 909 1701 1098 116003 1836 1014 822 114167 59633 58948 54534 30570 5551 5010 25019 5287 4061 2447 1304 1143 1614 1041 19732 3787 2907
is_linear=0
shrinkage=0.03


Tree=236
num_leaves=31
num_cat=0
split_feature=38 20 13 38 21 37 39 28 37 16 25 28 39 28 16 29 7 14 19 6 39 35 31 30 10 1 30 10 13 29
split_gain=0.00826901 0.0129499 0.0171245 0.0237352 0.0177705 0.015842 0.0165075 0.0129322 0.0262282 0.0194018 0.00954967 0.0137714 0.0171829 0.0270025 0.0306736 0.0259063 0.0233473 0.0223602 0.0170187 0.0173843 0.0405379 0.0169945 0.0212659 0.0145324 0.0174948 0.0139548 0.0179033 0.0135404 0.0131446 0.0128622
threshold=0.16554810106754306 -0.30533944070339197 0.37251612544059759 0.21118935942649844 -0.083612978458404527 -0.45970448851585383 0.31229026615619665 0.063794087618589415 -0.41940896213054651 -0.39273729920387263 0.33895461261272436 -0.01056390395388007 0.15108475089073184 -0.1843871399760246 -0.49664428830146784 -0.17169876396656034 0.45782060921192175 0.38593547046184545 0.39966443181037908 0.43033367395401007 0.48615899682044988 0.48418948054313665 -0.11742048338055609 -0.1319722235202789 0.38593547046184545 -0.44627264142036432 0.30546234548091894 0.47718597948551184 0.28466880321502691 -0.41272504627704615
decision_type=10 10 2 10 10 2 2 2 2 2 2 2 2 2 2 2 2 2 10 10 2 2 2 2 2 2 2 2 2 2
left_child=10 2 5 -4 7 6 -2 8 -5 -10 -1 12 -12 14 -14 16 23 -17 19 21 25 -13 -23 -15 -25 -21 28 -28 -27 -16
right_child=1 -3 3 4 -6 -7 -8 -9 9 -11 11 18 13 15 29 17 -18 -19 -20 20 -22 22 -24 24 -26 26 27 -29 -30 -31
leaf_value=2.7420674536473389e-07 -1.0243491723388841e-05 -3.2078161843749568e-06 -0.00029293365307712048 2.1916990081973924e-05 8.938438006292522e-05 -2.7144064014850024e-05 0.00022148375968688129 -7.1023670737835176e-06 -0.00038845336376803254 -0.00010257351781364009 -1.3910374284247205e-05 5.1154547275377391e-06 -0.00017582890342378898 -4.7739642724916669e-05 0.0001105115454864855 2.5135789879546199e-05 0.00030442188320912365 0.00024394511401788833 -0.00013795422524313686 0.00011699986036312052 -0.00030929167165573917 -3.811012997755535e-05 0.0002398130586175032 0.00023344684395933311 3.2743256806264606e-06 -5.396267943720931e-05 -6.5290257394384337e-05 0.00012402715914420928 -0.00026129209520366574 1.8055987315151878e-05
leaf_weight=325165 627 174991 452 479 561 10014 484 855 450 417 7787 14456 698 428 1461 4505 742 454 833 548 494 404 621 838 458 719 699 644 443 17170
leaf_count=325165 627 174991 452 479 561 10014 484 855 450 417 7787 14456 698 428 1461 4505 742 454 833 548 494 404 621 838 458 719 699 644 443 17170
internal_value=-3.33696e-07 -5.45466e-06 -3.28535e-05 -9.37377e-05 -6.02003e-05 -1.51957e-05 9.17822e-05 -9.85588e-05 -0.000156173 -0.000253691 2.22074e-06 1.38532e-05 2.52962e-05 3.67085e-05 1.80091e-05 8.52978e-05 0.000164584 4.56186e-05 -6.05048e-06 -2.06619e-07 -6.00164e-05 1.35269e-05 0.000130961 0.00010299 0.000152753 -1.88035e-05 -4.88593e-05 2.57376e-05 -0.00013456 2.53615e-05
internal_weight=568897 189330 14339 3214 2762 11125 1111 2201 1346 867 379567 54402 34541 26754 19329 7425 2466 4959 19861 19028 3547 15481 1025 1724 1296 3053 2505 1343 1162 18631
internal_count=568897 189330 14339 3214 2762 11125 1111 2201 1346 867 379567 54402 34541 26754 19329 7425 2466 4959 19861 19028 3547 15481 1025 1724 1296 3053 2505 1343 1162 18631
is_linear=0
shrinkage=0.03


Tree=237
num_leaves=31
num_cat=0
split_feature=15 35 26 20 27 39 1 27 39 26 4 4 4 2 26 13 39 7 39 20 12 29 7 17 17 30 37 35 11 26
split_gain=0.0097343 0.0178361 0.0194394 0.0119909 0.0210049 0.0208064 0.0114741 0.0334136 0.0154465 0.0182261 0.0177126 0.03009 0.0155117 0.0111363 0.0151789 0.010985 0.0104319 0.010274 0.0098858 0.0357448 0.0289877 0.0396647 0.0393765 0.0222864 0.0412805 0.0332295 0.0572286 0.022074 0.013555 0.0212326
threshold=-0.47306366264820093 0.49664428830146795 -0.46641474962234492 -0.48653183877468104 0.27815064787864691 0.45986577868461614 0.49303127825260168 0.46465381979942327 0.43310962617397314 0.35837019979953771 0.45196153223514562 0.33858561515808111 0.47132579982280737 -0.2717756032943725 -0.48653183877468104 -0.083612978458404527 0.47696729004383093 0.44500453770160681 0.48615899682044988 -0.12458053603768347 0.43962624669075018 -0.25836129486560816 0.1380131393671036 0.466554805636406 0.49221777915954595 -0.17181536555290219 0.4385290145874024 0.46399636566638952 0.39273729920387274 -0.37241181731224055
decision_type=2 2 2 8 2 2 2 2 2 2 2 2 2 2 2 2 2 2 2 10 2 2 2 2 2 2 2 2 2 2
left_child=1 2 13 4 -2 -6 8 -8 12 10 11 16 17 14 -1 -14 -10 -4 -5 20 21 -20 27 25 -25 -21 28 -23 -27 -30
right_child=3 -3 6 18 5 -7 7 -9 9 -11 -12 -13 15 -15 -16 -17 -18 -19 19 23 -22 22 -24 24 -26 26 -28 -29 29 -31
leaf_value=-6.9099670051323193e-05 -7.0013488373372574e-06 -0.00018224889450496341 -1.0400776247959989e-05 1.4670624425871465e-07 3.2190260740128248e-05 0.00030391980658771246 -0.00027067512297691365 3.827713790160682e-05 4.9505915313100339e-05 -8.8399831707281393e-05 0.00023936639745176001 -0.00016813312107272845 -8.1895834208668162e-06 -8.7581269706009015e-06 -0.00030349303214458398 -0.00021207791644062174 0.00024096823874598437 0.00011853297901731219 -0.00027496071289653698 -0.00015653843262034337 -0.00026683737625451492 3.2986528456372019e-06 0.00016434956712903408 -0.00030183479932986641 7.985903474823567e-05 0.00012397520144477928 0.00031585252224561918 -0.00027148239953824789 0.00016077960882395344 -8.5787821694821204e-05
leaf_weight=554 1466 597 10602 540717 503 507 537 738 593 534 623 405 406 550 453 567 450 577 573 575 791 633 814 487 517 757 756 440 402 1318
leaf_count=554 1466 597 10602 540717 503 507 537 738 593 534 623 405 406 550 453 567 450 577 573 575 791 633 814 487 517 757 756 440 402 1318
internal_value=-7.6011e-07 -2.23492e-05 -1.68214e-05 -4.74922e-08 6.56903e-05 0.000170235 -6.95963e-06 -9.29401e-05 5.26961e-07 6.66737e-05 0.000106891 4.86435e-05 -1.36959e-05 -0.000117673 -0.000176489 -0.000127951 0.000133616 -3.64592e-06 -3.45281e-07 -3.3298e-05 -0.000109985 -5.86737e-05 8.10648e-06 1.86325e-05 -0.000106436 5.17999e-05 8.9222e-05 -0.000110846 1.90607e-05 -2.75636e-05
internal_weight=569442 18186 17589 551256 2476 1010 16032 1275 14757 2605 2071 1448 12152 1557 1007 973 1043 11179 548780 8063 3251 2460 1887 4812 1004 3808 3233 1073 2477 1720
internal_count=569442 18186 17589 551256 2476 1010 16032 1275 14757 2605 2071 1448 12152 1557 1007 973 1043 11179 548780 8063 3251 2460 1887 4812 1004 3808 3233 1073 2477 1720
is_linear=0
shrinkage=0.03


Tree=238
num_leaves=31
num_cat=0
split_feature=14 1 6 19 25 35 38 1 2 27 38 1 2 8 24 15 16 25 25 30 38 30 15 13 24 29 20 29 4 6
split_gain=0.0153018 0.0326423 0.0189764 0.0132558 0.029121 0.0218798 0.0144535 0.0288568 0.0160849 0.0160078 0.0140446 0.0170026 0.01087 0.023511 0.0222954 0.0357229 0.0187986 0.0336989 0.0196939 0.0182713 0.017242 0.0151145 0.0229002 0.0181443 0.019388 0.0194 0.0187246 0.0181497 0.0364472 0.017897
threshold=0.49664428830146795 0.4463686496019364 0.19258242100477221 0.48634795844554907 0.47993287444114691 0.47993287444114691 0.43310962617397314 0.4463686496019364 -0.38581016659736628 0.39966443181037908 0.14388750493526462 0.28547459840774542 0.41950166225433355 -0.083612978458404527 -0.18559908121824262 -0.3184868842363357 -0.49664428830146784 0.37925247848033911 0.43310962617397314 -0.46641474962234492 -0.46015873551368708 -0.19122581928968427 0.37925247848033911 -0.098455023020505891 0.31881627440452581 0.42620199918746954 0.45307256281375891 -0.45298065245151514 0.43310962617397314 0.4903379380702973
decision_type=2 2 10 10 2 2 8 2 2 2 10 2 2 2 2 2 2 2 2 2 10 2 2 2 2 2 10 2 2 8
left_child=3 -2 -3 12 5 6 10 8 -8 -10 -5 -12 16 -14 15 -15 17 -1 -18 -16 -19 22 -21 29 26 27 -25 28 -26 -23
right_child=1 2 -4 4 -6 -7 7 -9 9 -11 11 -13 13 14 19 -17 18 20 -20 21 -22 23 -24 24 25 -27 -28 -29 -30 -31
leaf_value=1.6255721928064302e-05 1.5593656057393383e-05 0.0003703994475133856 7.9104532565628486e-05 -7.5357240387431102e-05 -0.00022275351876320076 0.00018814597044115113 -0.00017087224518366962 -0.00028787994713668424 -4.1486990782519357e-05 0.00015338928728492884 5.2244603432434351e-07 0.0001773100061407656 -0.00018290391871944494 0.00024621716011738031 -0.00020108703857073894 3.4656981765609148e-06 1.3916028091506247e-07 -0.00035168265971001565 3.4149998532900727e-05 6.6692822264757271e-06 -0.00010745892606347222 -4.6731061178189431e-05 0.00022757283597061556 -4.0156338084151013e-05 -6.878802895183055e-05 8.1929299097140509e-05 -0.00021599746028160452 -1.5395247316795686e-05 0.00023476279905937725 -0.00021234307187018511
leaf_weight=1415 3463 401 408 1135 696 414 683 483 2248 446 1657 685 726 748 472 1948 494322 427 15803 1801 677 2281 542 8354 654 2332 574 21891 762 785
leaf_count=1415 3463 401 408 1135 696 414 683 483 2248 446 1657 685 726 748 472 1948 494322 427 15803 1801 677 2281 542 8354 654 2332 574 21891 762 785
internal_value=-5.7597e-07 5.59217e-05 0.000226251 -1.00416e-06 -3.82812e-05 -2.14509e-05 -3.35176e-05 -7.34035e-05 -4.19683e-05 -8.77667e-06 1.08452e-05 5.27642e-05 -4.3768e-07 -1.47684e-05 -1.18974e-05 7.14776e-05 7.88953e-07 -8.08008e-05 1.19342e-06 -1.7471e-05 -0.000204228 -1.52533e-05 5.85203e-05 -1.98607e-05 -1.36432e-05 -3.79401e-07 -5.16905e-05 -8.64647e-06 9.50643e-05 -8.96858e-05
internal_weight=569233 4272 809 564961 8447 7751 7337 3860 3377 2694 3477 2342 556514 43870 43144 2696 512644 2519 510125 40448 1104 39976 2343 37633 34567 25639 8928 23307 1416 3066
internal_count=569233 4272 809 564961 8447 7751 7337 3860 3377 2694 3477 2342 556514 43870 43144 2696 512644 2519 510125 40448 1104 39976 2343 37633 34567 25639 8928 23307 1416 3066
is_linear=0
shrinkage=0.03


Tree=239
num_leaves=31
num_cat=0
split_feature=39 28 25 0 6 0 29 37 28 37 20 15 5 39 39 23 25 7 7 14 29 2 7 29 7 24 28 38 15 39
split_gain=0.010374 0.0188401 0.0296874 0.0262731 0.0236879 0.0378714 0.0224142 0.0199608 0.0191647 0.0237443 0.0289725 0.0258054 0.0234938 0.0247606 0.0493591 0.0228565 0.0227709 0.0190593 0.0245751 0.030751 0.0196643 0.0212003 0.0259374 0.0223554 0.0250556 0.029592 0.0263601 0.0242093 0.0211731 0.0188204
threshold=0.45782060921192175 -0.045141067355871194 -0.023463716730475422 -0.4798318743705749 -0.42639318108558649 0.45307256281375891 -0.12587480992078778 0.070949185639619841 -0.49277968704700464 -0.43286086618900294 -0.45298065245151514 -0.4394956231117248 0.04298029653728009 0.49118925631046301 0.47993287444114691 0.32465183734893804 0.49095004796981817 0.49283143877983099 0.47318433225154882 0.27865724265575414 0.4463686496019364 0.49221777915954595 -0.45298065245151514 0.050361584872007377 -0.25083892047405237 0.48662193119525915 -0.33881792426109308 0.26490327715873724 0.42620199918746954 0.48615899682044988
decision_type=2 2 2 2 8 2 2 2 2 2 10 2 8 2 2 2 2 2 2 2 2 2 2 2 2 2 2 10 2 2
left_child=-1 4 -3 6 5 7 -4 -2 -6 12 -11 -12 -10 14 15 -14 -15 18 20 -20 21 22 -13 24 -24 26 27 -26 -22 -28
right_child=1 2 3 -5 8 -7 -8 -9 9 10 11 17 13 16 -16 -17 -18 -19 19 -21 28 -23 23 -25 25 -27 29 -29 -30 -31
leaf_value=-1.1557010555390294e-06 0.00017764526724776351 0.00020769017323559664 -0.00027632191461482604 -8.1409034112298035e-06 -0.00010570043701682408 -0.00030051655133700228 -2.3029376357652822e-05 -0.00011203405118470432 0.00026093288857555305 -0.00016261480239064804 0.00025975989701942123 -0.00015776173537967853 -5.7360256217648782e-05 0.00028102802028790331 -0.00025914249581698336 0.00023208541118387632 6.6345592971298502e-06 -0.00011945632678216714 6.4113345862026101e-06 0.0003605139311568468 5.216730113043804e-05 -0.00014831929403367152 0.00027132756287231541 -1.3496389705225986e-05 0.00029386136200255908 0.00028335852932982655 5.0643905232532169e-06 -1.23541342853288e-05 0.00030023526350435401 -0.00023398772362729554
leaf_weight=542459 423 491 654 7355 703 464 601 414 830 633 470 614 411 734 458 588 430 666 413 465 956 669 604 3109 459 437 1055 459 452 402
leaf_count=542459 423 491 654 7355 703 464 601 414 830 633 470 614 411 734 458 588 430 666 413 465 956 669 604 3109 459 437 1055 459 452 402
internal_value=-2.61517e-07 1.80922e-05 -1.68427e-05 -2.98731e-05 3.64504e-05 -8.62143e-05 -0.000156165 3.4732e-05 4.64615e-05 5.3511e-05 3.33072e-05 4.44855e-05 0.000122666 7.80554e-05 -4.52643e-06 0.000113616 0.000180583 3.48498e-05 4.51391e-05 0.000195897 3.05798e-05 1.1899e-05 2.70996e-05 4.47098e-05 9.75697e-05 5.94184e-05 1.71981e-05 0.00014227 0.000133358 -6.20377e-05
internal_weight=568878 26419 9101 8610 17318 1301 1255 837 16017 15314 11863 11230 3451 2621 1457 999 1164 10760 10094 878 9216 7808 7139 6525 3416 2812 2375 918 1408 1457
internal_count=568878 26419 9101 8610 17318 1301 1255 837 16017 15314 11863 11230 3451 2621 1457 999 1164 10760 10094 878 9216 7808 7139 6525 3416 2812 2375 918 1408 1457
is_linear=0
shrinkage=0.03


Tree=240
num_leaves=31
num_cat=0
split_feature=35 6 25 17 13 14 17 29 18 16 3 0 35 12 13 25 35 27 11 8 31 6 1 13 17 6 0 16 18 6
split_gain=0.00866082 0.0219552 0.0337427 0.0318665 0.03366 0.025821 0.0407615 0.0367051 0.0270437 0.0236477 0.0201658 0.0197153 0.022989 0.0173115 0.0168687 0.0532115 0.0345924 0.0165914 0.01684 0.0306136 0.0434883 0.0209991 0.0201995 0.0167451 0.0180504 0.0225887 0.0223095 0.0214826 0.0278164 0.0243466
threshold=0.46399636566638952 0.46743549406528478 0.3447438925504685 0.31229026615619665 0.21815130859613421 0.31881627440452581 0.071921184659004225 -0.35920709371566767 0.31229026615619665 0.31848688423633581 0.49664428830146795 0.49215674400329595 0.48625412583351141 0.15073929727077487 0.47083835303783422 0.4463686496019364 0.49118925631046301 -0.016722595319151875 0.3978846967220307 -0.083612978458404527 0.15780642628669742 0.3160459846258164 0.49227787554264074 0.43809871375560766 -0.45970448851585383 0.31226503849029547 0.4463686496019364 -0.019305307418107983 0.097359016537666335 0.1690911948680878
decision_type=2 8 2 2 2 2 2 2 2 2 2 2 2 2 2 2 2 2 2 2 2 10 2 2 2 10 2 2 2 10
left_child=-1 3 -3 10 -5 6 11 -7 -9 -6 14 12 -4 -11 17 -16 -17 -2 22 -20 21 -21 23 24 -19 27 -27 29 -29 -26
right_child=1 2 5 4 9 7 -8 8 -10 13 -12 -13 -14 -15 15 16 -18 18 19 20 -22 -23 -24 -25 25 26 -28 28 -30 -31
leaf_value=4.086017525346204e-07 7.7417469943882075e-05 -6.1927474195548732e-05 -6.8839413092761015e-06 -1.1349781761672733e-05 -5.8479276819930822e-05 -0.00024088644787529262 0.00034148633921283426 -6.2920744593104649e-05 0.00027460949833049692 -0.00010142200358698746 -0.00021044630106511233 -0.00010239583483393314 0.00030536258374301789 -0.00034004108871205774 0.00031712554790987819 -0.00024992068318106315 0.00011710530320807624 -0.00021184963603948728 -0.00014475186337857313 9.3274919357502428e-05 -8.9810958056942518e-05 0.00037578557451369823 -0.00025089619039941966 -0.00020565504626117285 5.414126268130557e-05 -4.4175087940507533e-05 0.00017052252288568849 -0.00018645100529780055 5.3582421803752147e-05 -0.00013692728835160186
leaf_weight=545650 1416 1980 439 1673 769 411 715 433 406 404 442 438 400 917 557 419 492 443 557 478 585 477 421 503 2252 770 983 1557 596 807
leaf_count=545650 1416 1980 439 1673 769 411 715 433 406 404 442 438 400 917 557 419 492 443 557 478 585 477 421 503 2252 770 983 1557 596 807
internal_value=-3.4754e-07 -1.84835e-05 3.546e-05 -3.45747e-05 -0.000111811 9.49454e-05 0.000161744 -1.19441e-05 0.000101724 -0.000191792 -1.3379e-05 5.92342e-05 0.000143825 -0.000268375 -6.68321e-06 8.88911e-05 -5.25832e-05 -1.85931e-05 -3.16907e-05 4.41452e-05 0.00011296 0.000236814 -5.08071e-05 -3.98556e-05 -2.83359e-05 -1.63767e-05 7.65016e-05 -4.7702e-05 -0.000120064 3.45322e-06
internal_weight=568390 22740 5222 17518 3763 3242 1992 1250 839 2090 13755 1277 839 1321 13313 1468 911 11845 10429 2097 1540 955 8332 7911 7408 6965 1753 5212 2153 3059
internal_count=568390 22740 5222 17518 3763 3242 1992 1250 839 2090 13755 1277 839 1321 13313 1468 911 11845 10429 2097 1540 955 8332 7911 7408 6965 1753 5212 2153 3059
is_linear=0
shrinkage=0.03


Tree=241
num_leaves=31
num_cat=0
split_feature=28 39 29 1 38 38 26 23 6 10 35 20 8 17 7 23 25 6 16 39 1 22 16 24 8 24 25 1 6 31
split_gain=0.00936687 0.012891 0.0076292 0.0311413 0.0199837 0.0185111 0.0167209 0.0108374 0.0121116 0.0103756 0.00935612 0.0298186 0.0369863 0.0276796 0.0308564 0.0255352 0.02704 0.027869 0.0642701 0.0331135 0.0258142 0.0243869 0.0199836 0.0191712 0.0267181 0.0292376 0.027783 0.0376581 0.0189593 0.0184877
threshold=-0.49277968704700464 0.45782060921192175 0.43962624669075018 0.4641572386026383 0.29792606830596929 -0.31886911392211909 0.42469435930252081 -0.29863440990447992 -0.49659864604473108 0.40614514052867895 0.47083835303783422 0.43868599832057958 0.27169632911682134 0.47993287444114691 0.24460320174694064 0.41856157779693609 0.45986577868461614 0.33903175592422491 -0.36602540314197535 0.45782060921192175 0.47966079413890844 0.41188235580921179 0.070949185639619841 0.49283143877983099 0.47318433225154882 0.46441236138343817 0.35240399837493902 0.48406349122524267 -0.36531642079353327 0.16554810106754306
decision_type=2 2 2 2 8 8 2 2 10 2 2 10 2 2 2 2 2 8 2 2 2 8 2 2 2 2 2 2 10 2
left_child=1 -1 10 6 5 -5 7 8 -4 -8 -2 12 15 14 -13 16 17 20 -19 -20 22 23 28 24 26 -26 -14 29 -12 -28
right_child=2 -3 3 4 -6 -7 9 -9 -10 -11 11 13 21 -15 -16 -17 -18 18 19 -21 -22 -23 -24 -25 25 -27 27 -29 -30 -31
leaf_value=-2.058227859814384e-05 4.3687351221042676e-07 -0.00015459223644319247 0.00019139959974513252 0.0002202511285069067 0.00026829210758524827 -2.30680192271393e-05 3.5243113538922392e-05 -2.0875813688405691e-06 3.0733733431843577e-05 0.00024121267226190763 0.00016798346996242045 -5.5126232361783481e-05 -3.6922601109891229e-05 8.1712726501079842e-05 -0.00033376359637162634 0.00010246696780921441 -0.0002964528105857912 -0.00028576966485428649 3.143654475370251e-05 0.00031253961629654046 -0.00030961633006331335 0.00023978620664015605 -0.00014270147161156313 0.00017456460033918883 -0.00024580648873029831 7.1562343537891199e-05 0.00011961039078734316 -8.0782092824772947e-05 -4.9751490445482768e-05 0.00034039069786447518
leaf_weight=5784 511857 718 495 421 637 806 457 28185 2615 422 407 706 1975 404 725 905 420 429 1199 542 426 529 1969 704 663 421 980 600 2624 530
leaf_count=5784 511857 718 495 421 637 806 457 28185 2615 422 407 706 1975 404 725 905 420 429 1199 542 426 529 1969 704 663 421 980 600 2624 530
internal_value=1.78402e-07 -3.55953e-05 5.92134e-07 1.4357e-05 0.000133239 6.15236e-05 7.43027e-06 3.78449e-06 5.68375e-05 0.000135728 -2.9378e-07 -2.20782e-05 -8.35326e-06 -0.00013602 -0.000197631 -4.78151e-05 -6.48884e-05 -5.17117e-05 3.90256e-05 0.000120233 -8.8005e-05 4.66245e-05 -6.85434e-05 2.88478e-05 8.70292e-06 -0.00012302 4.38722e-05 0.000119315 -2.0058e-05 0.000198832
internal_weight=569555 6502 563053 34038 1864 1227 32174 31295 3110 879 529015 17158 15323 1835 1431 8921 8016 7596 2170 1741 5426 6402 5000 5873 5169 1084 4085 2110 3031 1510
internal_count=569555 6502 563053 34038 1864 1227 32174 31295 3110 879 529015 17158 15323 1835 1431 8921 8016 7596 2170 1741 5426 6402 5000 5873 5169 1084 4085 2110 3031 1510
is_linear=0
shrinkage=0.03


Tree=242
num_leaves=31
num_cat=0
split_feature=16 35 8 6 36 6 30 1 38 30 2 13 28 8 32 5 29 17 29 12 37 36 0 29 5 29 21 5 8 8
split_gain=0.0095565 0.0136618 0.0145872 0.0394063 0.0224099 0.0169665 0.0159287 0.0368103 0.0281661 0.0389599 0.0244863 0.0180318 0.021534 0.0256791 0.0158387 0.0144753 0.0167399 0.0132319 0.0243984 0.0268811 0.0324574 0.0164201 0.0130412 0.0273017 0.0311894 0.0188549 0.0203347 0.013327 0.013018 0.012714
threshold=0.31848688423633581 0.36581273376941686 0.45986577868461614 0.36162029206752783 0.47132579982280737 0.26339980959892279 0.29197315871715551 0.45307256281375891 0.22444961965084079 0.39273729920387274 0.4049357026815415 0.10409675538539888 -0.33956441283226008 0.24460320174694064 -0.050167785957455628 0.44561520218849188 -0.30589769780635828 0.29932886362075811 0.32554237544536596 0.34589572250843054 0.4463686496019364 0.35222332179546362 0.43962624669075018 -0.016722595319151875 -0.28755530714988703 -0.23877235502004621 0.4385290145874024 0.20428658276796344 -0.2781506478786468 0.010135597549378874
decision_type=2 2 2 8 2 8 2 2 10 2 2 2 2 2 2 8 2 2 2 2 2 2 2 2 10 2 10 10 2 2
left_child=-1 22 5 -4 -5 17 7 11 10 -10 -8 15 -13 -14 -11 -7 -17 -3 19 20 21 -19 -2 24 -24 26 -26 -25 -18 -20
right_child=1 2 3 4 -6 6 8 -9 9 14 -12 12 13 -15 -16 16 28 18 29 -21 -22 -23 23 27 25 -27 -28 -29 -30 -31
leaf_value=2.2302146864151634e-06 -5.1153803700912821e-06 -1.3671632898751607e-06 0.00012899181202605673 -0.00029425963432432208 -2.5988014460215874e-05 2.2478271099816353e-05 6.7322644052447892e-05 -0.00022363542585789202 0.00014239426245581392 -0.00028599148974540019 0.00035710269897103311 0.00021168857924304648 0.000148238589823175 -0.00018168879005624132 -2.5384018233554819e-05 -0.00026258331941085821 -0.00014848683999660442 -8.6447189561867391e-05 -4.7793450564305993e-05 -0.00031217034124540169 0.00010742458299655871 -0.00025401968041054938 -9.1228183276032766e-05 3.4174861264145582e-05 0.00026142598644807874 0.00037601797440064337 -2.8521521268242106e-05 -0.00016387259756853848 8.8673389870385903e-05 0.00014575301176445539
leaf_weight=464189 85438 2764 430 806 430 1694 663 698 749 405 431 712 427 403 429 424 411 1958 728 552 619 720 400 744 463 410 400 506 403 512
leaf_count=464189 85438 2764 430 806 430 1694 663 698 749 405 431 712 427 403 429 424 411 1958 728 552 619 720 400 744 463 410 400 506 403 512
internal_value=3.76167e-07 -7.76322e-06 -3.20791e-05 -0.000116226 -0.000201887 -2.30828e-05 8.11002e-06 -2.26362e-05 6.73754e-05 -1.36552e-05 0.000183687 9.15096e-06 9.18698e-05 -1.2211e-05 -0.000153827 -3.4517e-05 -0.000112061 -5.42303e-05 -8.2883e-05 -0.000120091 -8.70857e-05 -0.000132278 -2.98067e-06 5.92207e-05 0.000138137 0.000210357 0.000128248 -4.66591e-05 -3.14209e-05 3.26492e-05
internal_weight=569918 105729 17368 1666 1236 15702 7849 5172 2677 1583 1094 4474 1542 830 834 2932 1238 7853 5089 3849 3297 2678 88361 2923 1673 1273 863 1250 814 1240
internal_count=569918 105729 17368 1666 1236 15702 7849 5172 2677 1583 1094 4474 1542 830 834 2932 1238 7853 5089 3849 3297 2678 88361 2923 1673 1273 863 1250 814 1240
is_linear=0
shrinkage=0.03


Tree=243
num_leaves=31
num_cat=0
split_feature=38 8 25 22 3 8 2 38 29 7 18 22 31 37 29 26 25 26 36 8 8 25 6 24 22 6 22 22 38 20
split_gain=0.0103355 0.0187208 0.0178778 0.0174443 0.0142238 0.0210748 0.0159121 0.0156842 0.0235548 0.0181226 0.0155758 0.0216499 0.0183797 0.0201893 0.0214074 0.0206633 0.0197467 0.0324984 0.017861 0.0203977 0.0284059 0.0240633 0.0256213 0.0562687 0.0198279 0.0193217 0.0166755 0.0157421 0.0150701 0.0140446
threshold=0.47318433225154882 0.45801258087158209 0.4641572386026383 0.20508208870887759 0.45986577868461614 -0.48653183877468104 -0.45970448851585383 -0.49664428830146784 -0.23179569095373151 -0.13754194974899289 0.48431348800659185 0.22491610795259478 -0.4394956231117248 -0.43286086618900294 0.090756561607122435 0.45307256281375891 0.43310962617397314 0.097359016537666335 0.49288246035575872 0.49126620590686804 0.48431348800659185 0.36497211456298834 0.49227787554264074 0.32554237544536596 -0.13139231503009793 0.39712753891944891 -0.20497699826955793 0.036803405731916435 0.20519568026065829 -0.19122581928968427
decision_type=10 2 2 10 2 2 2 8 2 2 2 10 2 2 2 2 2 2 2 2 2 2 8 2 8 10 8 10 10 10
left_child=4 -2 -3 -4 -1 -6 -7 8 -8 -9 12 -12 -11 14 15 16 -14 -18 19 20 21 -15 24 -24 25 -23 -21 -28 -29 -26
right_child=1 2 3 -5 5 6 7 9 -10 10 11 -13 13 18 -16 -17 17 -19 -20 26 -22 22 23 -25 29 -27 27 28 -30 -31
leaf_value=2.0160459327302145e-07 -1.2133372278307396e-05 -0.00022864286228220656 0.00010401234381022635 -0.0001514353786213392 -0.00016230507999908986 0.00021276552830569415 -0.00024364405504503006 0.00022507977943074791 5.1112552559190597e-05 -8.6459434893255922e-05 -0.0001748079368474197 2.4952219132511908e-05 7.1174724367300022e-05 -1.6948855028886636e-05 -9.053450811764793e-06 1.0445533196463043e-05 0.00014284568821500528 0.00051075446094101906 -9.5314875170062399e-05 0.00024498625029019692 -0.00012440535199737028 6.6189773928685365e-05 1.5362464185103444e-05 0.00046657465512622452 0.00022133675629400435 -0.00014227071621236863 -6.0411326514538742e-05 2.9422220681151708e-05 0.00022843715871366892 5.9185691665634249e-05
leaf_weight=531154 14544 727 446 500 520 407 464 415 497 1030 777 1281 433 4240 797 488 463 414 953 645 1088 794 564 436 606 788 583 720 649 2251
leaf_count=531154 14544 727 446 500 520 407 464 415 497 1030 777 1281 433 4240 797 488 463 414 953 645 1088 794 564 436 606 788 583 720 649 2251
internal_value=4.9544e-07 -2.31035e-05 -0.000117833 -3.11741e-05 1.18733e-06 2.4652e-05 2.91875e-05 2.55943e-05 -9.22484e-05 3.1184e-05 2.70501e-05 -5.0948e-05 3.60202e-05 4.35263e-05 0.000120365 0.000177466 0.000239134 0.000320322 2.95246e-05 3.84917e-05 2.02401e-05 3.66111e-05 7.83184e-05 0.000214763 4.71672e-05 -3.78866e-05 0.000113794 6.94161e-05 0.000124741 9.42317e-05
internal_weight=569674 16217 1673 946 553457 22303 21783 21376 961 20415 20000 2058 17942 16912 2595 1798 1310 877 14317 13364 10767 9679 5439 1000 4439 1582 2597 1952 1369 2857
internal_count=569674 16217 1673 946 553457 22303 21783 21376 961 20415 20000 2058 17942 16912 2595 1798 1310 877 14317 13364 10767 9679 5439 1000 4439 1582 2597 1952 1369 2857
is_linear=0
shrinkage=0.03


Tree=244
num_leaves=31
num_cat=0
split_feature=6 31 28 35 38 18 4 17 37 1 37 26 4 22 38 22 11 35 21 8 25 38 18 1 6 8 15 35 8 22
split_gain=0.0077405 0.0144228 0.0179661 0.0210551 0.0180395 0.0174622 0.0169954 0.0228737 0.019718 0.0162386 0.0148694 0.0174913 0.0179623 0.0130779 0.0186085 0.0158582 0.0226993 0.0131587 0.0109912 0.0109781 0.0163325 0.0149052 0.01782 0.0108955 0.0103962 0.0214005 0.0147799 0.0402683 0.0195928 0.0225823
threshold=0.44139115512371069 0.35910767316818243 -0.010033556725829838 0.49227787554264074 -0.4798318743705749 -0.41940896213054651 0.49664428830146795 0.083917114883661284 0.48662193119525915 0.36424161493778234 0.46399636566638952 0.12542516738176349 0.48393547534942633 -0.49664428830146784 -0.49664428830146784 -0.49267388880252833 0.29932886362075811 0.47318433225154882 -0.44627264142036432 0.47735816240310674 0.31125478446483618 -0.25836129486560816 0.21815130859613421 0.40521778166294103 0.088010776787996306 0.49664428830146795 -0.34561291337013239 0.47705537080764776 0.48431348800659185 0.23817513883113864
decision_type=10 2 2 2 8 2 2 2 2 2 2 2 2 8 10 8 2 2 10 2 2 10 2 2 8 2 2 2 2 10
left_child=13 2 3 6 -4 -3 8 9 10 -8 11 -2 -13 14 18 16 -15 23 -1 20 -7 -22 -23 -16 25 -17 27 -26 -28 -30
right_child=1 5 4 -5 -6 19 7 -9 -10 -11 -12 12 -14 15 17 24 -18 -19 -20 -21 21 22 -24 -25 26 -27 28 -29 29 -31
leaf_value=0.00029056262403776972 3.2597468112653153e-05 0.00019781432224442693 -0.00020801694473409935 0.00018226654302891363 -1.8688559878407702e-05 8.1645357676678967e-06 -9.1209653040632231e-05 0.000297889872520831 -0.00018132645837877961 0.00016566509479792863 0.00014224458689530419 -1.4933177947862104e-05 -0.00017747683729742839 -2.255236614104455e-05 1.9141053723966473e-05 1.4493270004282765e-06 -0.00024420690056143056 0.0001412835607926529 6.732474696480317e-05 -8.3976884259816679e-05 0.00028593771985826756 0.00017653991834911856 -6.4464198306546475e-05 -0.00013976556088757071 -1.7268134970187399e-05 0.00020361133713422687 -2.001294490840797e-06 -0.00016723817979234369 -2.0653369517190894e-05 -0.00017807084943842821
leaf_weight=400 8682 692 466 705 9430 2557 458 424 474 411 753 4695 694 1471 1924 303669 571 619 400 580 405 638 474 476 34746 462 186432 1680 2569 1197
leaf_count=400 8682 692 466 705 9430 2557 458 424 474 411 753 4695 694 1471 1924 303669 571 619 400 580 405 638 474 476 34746 462 186432 1680 2569 1197
internal_value=-9.24534e-07 1.3281e-05 4.41626e-06 2.28572e-05 -2.7805e-05 5.82784e-05 1.59777e-05 0.000119987 7.11416e-06 3.07837e-05 1.32578e-05 6.25899e-06 -3.61556e-05 -1.78613e-06 5.34588e-05 -2.18311e-06 -8.54212e-05 1.91351e-05 0.000181153 3.71512e-05 5.45592e-05 0.000132195 7.41508e-05 -1.28246e-05 -1.86126e-06 1.76311e-06 -6.72505e-06 -2.42289e-05 -3.37169e-06 -7.10266e-05
internal_weight=569154 32538 27192 17296 9896 5346 16591 1293 15298 869 14824 14071 5389 536616 3819 532797 2042 3019 800 4654 4074 1517 1112 2400 530755 304131 226624 36426 190198 3766
internal_count=569154 32538 27192 17296 9896 5346 16591 1293 15298 869 14824 14071 5389 536616 3819 532797 2042 3019 800 4654 4074 1517 1112 2400 530755 304131 226624 36426 190198 3766
is_linear=0
shrinkage=0.03


Tree=245
num_leaves=31
num_cat=0
split_feature=15 35 18 22 39 19 18 38 2 7 3 1 39 13 29 3 5 29 3 38 30 16 5 22 30 1 5 23 18 38
split_gain=0.00750802 0.0128475 0.0186136 0.0185746 0.0268129 0.0239254 0.018998 0.0206132 0.0199681 0.0180465 0.0200166 0.0369978 0.0294474 0.0254683 0.0229301 0.0164174 0.0156196 0.0131332 0.012484 0.0220148 0.0263762 0.023747 0.0215476 0.0165877 0.013353 0.0153988 0.0144506 0.0127379 0.01236 0.0121185
threshold=0.41950166225433355 0.090756561607122435 0.49227787554264074 0.43310962617397314 0.37867964804172521 0.47718597948551184 -0.35901738703250879 0.47152988612651831 0.28547459840774542 0.47993287444114691 0.45986577868461614 0.43116609752178198 0.43962624669075018 0.21815130859613421 -0.045776918530464165 0.27815064787864691 0.11710438877344133 -0.18511227518320081 0.30546234548091894 0.41289757192134863 -0.036877427250146859 0.46441236138343817 0.39558728039264685 0.31153479218482977 0.37159061431884771 0.15747082233428958 0.24020861089229587 0.050361584872007377 0.36581273376941686 0.31229026615619665
decision_type=2 2 2 8 2 10 2 10 2 2 2 2 2 2 2 2 8 2 2 10 2 2 8 10 2 2 8 2 2 10
left_child=-1 2 18 5 16 9 -7 8 -8 10 11 12 28 -13 -12 -9 -5 -6 -2 20 22 23 -20 -21 26 -26 -22 -23 -3 -15
right_child=1 3 -4 4 17 6 7 15 -10 -11 14 13 -14 29 -16 -17 -18 -19 19 21 24 27 -24 -25 25 -27 -28 -29 -30 -31
leaf_value=1.0727083785300082e-06 -6.3024421956918979e-06 -1.5797762654936123e-05 -0.00018378451406179068 -0.00014775390691857879 -0.00034309558666924511 0.00024020896520222419 5.5077151078825463e-05 2.2445232987193752e-06 -0.00021168286837813073 -0.00017638284495563873 0.00022120789856049797 -4.1812365344702522e-05 0.00017628980444466783 -0.00016226262967801431 -6.9895618295626619e-05 0.00027212024051479904 5.8555945945533781e-05 -0.00010809605887489737 1.4040163475143762e-05 0.00012136463794569503 2.3779225105948581e-05 0.00013689705415436201 0.0002979716149172713 0.00037420377262738821 -8.2766284393063895e-05 0.00012939073787786534 -0.00014665135625462243 -5.6206135061936926e-05 -0.00010532737465401437 -0.00039868443022928629
leaf_weight=522369 20121 9616 467 551 482 464 562 400 444 742 591 718 658 400 403 402 794 402 555 576 677 544 416 401 537 696 1298 682 1613 419
leaf_count=522369 20121 9616 467 551 482 464 562 400 444 742 591 718 658 400 403 402 794 402 555 576 677 544 416 401 537 696 1298 682 1613 419
internal_value=4.30079e-08 -1.14896e-05 1.95648e-06 -2.9926e-05 -0.000111277 -1.94659e-05 7.11187e-05 2.66413e-05 -6.35826e-05 -3.30796e-05 -2.55876e-05 -3.52283e-05 -1.72526e-05 -0.00017324 0.000103664 0.000139204 -2.64288e-05 -0.000238634 5.29744e-06 4.18219e-05 1.30381e-06 0.00011833 0.000137481 0.00022788 -4.02135e-05 3.70689e-05 -8.84049e-05 2.98918e-05 -2.87406e-05 -0.000286566
internal_weight=569000 46631 26970 19661 2229 17432 2272 1808 1006 15160 14418 13424 11887 1537 994 802 1345 884 26503 6382 4179 2203 971 977 3208 1233 1975 1226 11229 819
internal_count=569000 46631 26970 19661 2229 17432 2272 1808 1006 15160 14418 13424 11887 1537 994 802 1345 884 26503 6382 4179 2203 971 977 3208 1233 1975 1226 11229 819
is_linear=0
shrinkage=0.03


Tree=246
num_leaves=31
num_cat=0
split_feature=35 13 21 28 6 16 37 8 29 21 16 2 24 1 29 1 25 6 39 35 20 8 21 1 30 39 24 20 27 6
split_gain=0.014251 0.0406112 0.032128 0.039814 0.0280813 0.0310541 0.0389265 0.0407851 0.0290859 0.025464 0.0280082 0.0228686 0.0214657 0.0217552 0.0202709 0.0151383 0.0136628 0.0207831 0.0131322 0.0095866 0.0228105 0.0198722 0.0260097 0.0256482 0.0238294 0.0491877 0.0204164 0.0258678 0.0210961 0.0320356
threshold=0.48625412583351141 0.47083835303783422 0.071921184659004225 -0.01056390395388007 0.33903175592422491 -0.41940896213054651 -0.39930471777915949 0.43962624669075018 -0.27231748402118677 0.23838964849710467 -0.11887632682919501 0.4385290145874024 0.46441236138343817 0.41797162592411047 -0.38581016659736628 0.41797162592411047 0.3849239200353623 0.47069558501243597 0.45307256281375891 0.46399636566638952 0.48662193119525915 1.0000000180025095e-35 -0.44627264142036432 0.40521778166294103 0.41204395890235906 0.41950166225433355 0.47318433225154882 -0.092169135808944688 0.43310962617397314 0.21647667139768603
decision_type=2 2 10 2 8 2 2 2 2 10 2 2 2 2 2 2 2 8 2 2 8 2 10 2 2 2 2 10 2 10
left_child=19 4 3 -3 8 -6 -7 11 14 10 12 16 13 -10 -2 -11 17 -8 -12 -1 21 23 -23 -21 26 -26 27 -24 29 -29
right_child=1 2 -4 -5 5 6 7 -9 9 15 18 -13 -14 -15 -16 -17 -18 -19 -20 20 -22 22 24 -25 25 -27 -28 28 -30 -31
leaf_value=1.1064820561051204e-06 -2.9663266307202348e-05 0.00042309192751827286 -2.5727147825265828e-05 6.3849853545513448e-05 -0.00011151850975737163 0.00033616091179293039 0.00012190273624942715 -0.00015267664005668078 -2.0165050143885176e-05 -9.8478820090879132e-06 -0.00024879630741252428 0.00025258827269398094 -0.00011591820290701244 0.00025669752803073742 -0.00030453888178265338 0.00022566537770082309 0.00018645238713267841 -0.00014144853450949601 -3.7384813519129075e-05 -2.3545545526551476e-05 -0.00024385403166483192 -0.00014885984206568578 0.00011384909295159994 -0.00018166030456877373 -3.5360288541224185e-05 0.00032382469775944458 -0.00018928314042083609 -7.5259320017577154e-05 -0.00017860080742890456 0.00016793544342961434
leaf_weight=546422 431 612 503 509 717 539 536 625 525 421 659 759 560 485 546 577 457 523 444 3485 407 776 1715 1248 681 678 440 1331 675 756
leaf_count=546422 431 612 503 509 717 539 536 625 525 421 659 759 560 485 546 577 457 523 444 3485 407 776 1715 1248 681 678 440 1331 675 756
internal_value=1.1682e-06 3.58991e-05 0.000173258 0.000261982 1.03938e-05 6.69729e-05 0.000104402 6.03199e-05 -4.02314e-05 -1.35634e-06 -4.96511e-05 0.000119247 3.17744e-05 0.000113997 -0.000184808 0.000127204 5.12714e-05 -8.26303e-06 -0.000164796 5.19222e-07 -2.578e-05 -1.80483e-05 1.38686e-05 -6.55324e-05 3.41941e-05 0.000144892 3.36645e-06 2.26797e-05 -3.41363e-05 1.32169e-05
internal_weight=569042 10428 1624 1121 8804 4156 3439 2900 4648 3671 2673 2275 1570 1010 977 998 1516 1059 1103 558614 12192 11785 7052 4733 6276 1359 4917 4477 2762 2087
internal_count=569042 10428 1624 1121 8804 4156 3439 2900 4648 3671 2673 2275 1570 1010 977 998 1516 1059 1103 558614 12192 11785 7052 4733 6276 1359 4917 4477 2762 2087
is_linear=0
shrinkage=0.03


Tree=247
num_leaves=31
num_cat=0
split_feature=18 12 5 5 22 22 2 23 28 3 35 20 0 24 24 35 21 30 5 24 31 21 24 35 22 17 13 35 2 26
split_gain=0.0144594 0.0276401 0.0261664 0.0168986 0.0151171 0.0180472 0.0238367 0.019396 0.0170097 0.0167349 0.00852292 0.013207 0.0281786 0.0206489 0.0252027 0.0193231 0.0280924 0.0187098 0.0213467 0.0154349 0.0143494 0.0211589 0.0161951 0.0209724 0.0165304 0.0158511 0.0140968 0.0225959 0.0135261 0.0126847
threshold=-0.49272717535495753 0.45793896913528448 0.47570809721946722 0.41985401511192327 -0.018657755106687542 -0.37915775179862971 0.45307256281375891 0.33895461261272436 -0.30546234548091883 0.31167945265769964 0.15108475089073184 0.43868599832057958 -0.4394956231117248 0.48418948054313665 0.42620199918746954 0.39849410951137548 0.44525898993015295 0.45307256281375891 0.48367318511009222 0.48418948054313665 -0.35901738703250879 0.3318170458078385 0.49664428830146795 0.48625412583351141 -0.23151255398988721 -0.23817513883113858 0.47993287444114691 0.48625412583351141 0.4385290145874024 0.34501582384109503
decision_type=2 2 10 10 8 10 2 2 2 2 2 10 2 2 2 2 10 2 10 2 2 8 2 2 8 2 2 2 2 2
left_child=1 3 -3 4 5 6 8 -7 -1 -10 -2 19 -13 14 17 -16 -17 18 -14 26 -21 22 23 25 -24 -22 29 -28 -27 -12
right_child=10 2 -4 -5 -6 7 -8 -9 9 -11 11 12 13 -15 15 16 -18 -19 -20 20 21 -23 24 -25 -26 28 27 -29 -30 -31
leaf_value=0.00016625805753488641 1.2774676683672662e-06 0.00029670546774908575 -7.0641060774505595e-06 -0.00011414536294971401 0.00016201388010418492 1.9443259414580756e-06 0.00023627598544042271 -0.00024934124898461389 2.7393020731032488e-05 -0.00017781507005565797 -8.4440492609183907e-06 -0.00023467323615009399 -2.0149744105492097e-05 0.00015492323667673112 1.5484716448315543e-05 -0.00039560797900342918 -6.0822792622237072e-05 -0.00017971165814559042 0.00016094592577681633 -0.00022715145734588082 9.0886961284778134e-05 0.000145629550930852 0.00014465789966822994 -0.00026426533902553255 -0.00010359344848021906 -5.6583526212697113e-06 2.640417632951285e-05 0.00025761203863941323 -0.00024595890905302123 1.0992501656149664e-05
leaf_weight=500 366621 664 410 763 727 844 527 401 1262 488 136028 596 10337 538 401 460 442 607 611 423 442 451 501 628 448 410 2422 442 425 38840
leaf_count=500 366621 664 410 763 727 844 527 401 1262 488 136028 596 10337 538 401 460 442 607 611 423 442 451 501 628 448 410 2422 442 425 38840
internal_value=-9.01664e-07 4.32576e-05 0.000181746 1.59933e-05 3.7098e-05 1.41729e-05 5.66788e-05 -8.03337e-05 1.37538e-05 -3.05159e-05 -1.41985e-06 -6.47919e-06 -3.45523e-05 -2.54804e-05 -3.31433e-05 -0.000157703 -0.000234022 -1.89731e-05 -9.90527e-06 -4.31274e-06 -6.46431e-05 -4.32215e-05 -7.34688e-05 -0.000123702 2.76062e-05 -5.30596e-05 -3.04372e-06 6.28586e-05 -0.00012943 -4.12661e-06
internal_weight=568659 6586 1074 5512 4749 4022 2777 1245 2250 1750 562073 195452 13992 13396 12858 1303 902 11555 10948 181460 3728 3305 2854 1905 949 1277 177732 2864 835 174868
internal_count=568659 6586 1074 5512 4749 4022 2777 1245 2250 1750 562073 195452 13992 13396 12858 1303 902 11555 10948 181460 3728 3305 2854 1905 949 1277 177732 2864 835 174868
is_linear=0
shrinkage=0.03


Tree=248
num_leaves=31
num_cat=0
split_feature=18 1 29 37 38 29 2 36 27 21 6 1 7 38 37 27 20 3 7 21 36 18 3 35 13 31 0 39 20 39
split_gain=0.0085705 0.0115917 0.0324791 0.0195425 0.0272274 0.0232728 0.0218744 0.0225794 0.01983 0.0307869 0.0213269 0.02031 0.0145089 0.0203922 0.0141767 0.0130804 0.0111886 0.00982248 0.0308134 0.0221824 0.0203975 0.0306853 0.017763 0.0168494 0.0165374 0.0227457 0.0133053 0.0128244 0.0120696 0.0269308
threshold=0.30546234548091894 0.47993287444114691 0.42508503794670111 -0.043551212176680558 0.21178805828094485 -0.39258971810340876 0.47083835303783422 0.42459291219711309 0.46465381979942327 -0.35231085121631617 0.426538035273552 0.49111093580722814 0.3388179242610932 0.14504440873861316 -0.10535266622900961 0.43962624669075018 -0.38581016659736628 0.48662193119525915 0.47318433225154882 0.44525898993015295 0.43962624669075018 0.47132579982280737 0.45986577868461614 -0.18465003371238706 -0.3184868842363357 -0.090577606111764894 -0.37241181731224055 0.29197315871715551 0.41289757192134863 0.45782060921192175
decision_type=2 2 2 2 10 2 2 2 2 10 10 2 2 8 2 2 8 2 2 10 2 2 2 2 2 2 2 2 10 2
left_child=1 -1 3 4 8 -5 7 -7 9 11 -10 -3 -8 -14 -4 -6 -11 18 28 20 26 -22 24 -24 25 -20 -19 -28 29 -2
right_child=17 2 14 5 15 6 12 -9 10 16 -12 -13 13 -15 -16 -17 -18 19 22 -21 21 -23 23 -25 -26 -27 27 -29 -30 -31
leaf_value=3.6743259777705119e-07 -8.1964433235458565e-06 1.1998945114201369e-05 7.6234590174446018e-05 0.00012064274607286222 8.4924875774677403e-05 -3.2005387650552062e-05 0.00013747029902906735 -0.00031641169282948774 0.00021267244881277537 0.00017889013916535173 -1.0756281599721038e-05 -0.00023782625756732159 7.7896554440119712e-05 -0.0002113168281227464 0.00030786776041080987 0.00032448613265704856 -2.8990731690191276e-06 0.00010271196530714624 0.00027516155891178768 0.00014536086497960466 -0.00032604928582073787 -4.4822126653965126e-05 5.4808415035105487e-05 0.0002669656782027492 -4.5981094350538435e-05 1.8588512878215505e-06 3.3743746158867683e-05 -0.0001786932995912763 -3.3305653500053138e-05 8.9914034425424473e-05
leaf_weight=449175 84918 479 461 584 416 447 412 571 777 501 750 740 404 460 501 414 754 567 447 413 618 795 662 690 1265 685 484 526 16429 2585
leaf_count=449175 84918 479 461 584 416 447 412 571 777 501 750 740 404 460 501 414 754 567 447 413 618 795 662 690 1265 685 484 526 16429 2585
internal_value=-7.82683e-07 1.03104e-06 3.53674e-05 1.47425e-05 5.15708e-05 -4.70419e-05 -9.0069e-05 -0.000193056 1.89215e-05 -3.35363e-05 0.000103577 -0.00014036 -7.04298e-06 -7.67388e-05 0.000198793 0.000206857 7.05122e-05 -8.25759e-06 -6.6688e-06 -5.83646e-05 -8.68954e-05 -0.000169249 7.77127e-05 0.000164249 2.84233e-05 0.000111244 -1.2505e-05 -7.7559e-05 -9.71977e-06 -5.28814e-06
internal_weight=568930 457846 8671 7709 4831 2878 2294 1018 4001 2474 1527 1219 1276 864 962 830 1255 111084 107681 3403 2990 1413 3749 1352 2397 1132 1577 1010 103932 87503
internal_count=568930 457846 8671 7709 4831 2878 2294 1018 4001 2474 1527 1219 1276 864 962 830 1255 111084 107681 3403 2990 1413 3749 1352 2397 1132 1577 1010 103932 87503
is_linear=0
shrinkage=0.03


Tree=249
num_leaves=31
num_cat=0
split_feature=39 23 14 14 21 30 5 35 24 5 36 0 23 24 4 35 24 13 13 1 8 36 19 31 5 2 39 0 24 30
split_gain=0.011216 0.0249787 0.0228051 0.047652 0.0342303 0.0305316 0.0258328 0.0489135 0.0300924 0.0241125 0.0438995 0.0291318 0.0230197 0.0311245 0.0204056 0.018102 0.0300513 0.0329862 0.0323433 0.0313705 0.0230358 0.0218985 0.0166148 0.026055 0.0329489 0.0238667 0.0158697 0.0154533 0.0297806 0.0185295
threshold=0.45782060921192175 0.48443555831909185 0.4385290145874024 0.45986577868461614 0.15126946568489077 0.35844881832599645 0.48576495051383978 0.466554805636406 0.4463686496019364 0.47570809721946722 0.49221777915954595 0.46441236138343817 0.21147392690181735 0.47318433225154882 0.48662193119525915 0.48625412583351141 0.42620199918746954 0.47083835303783422 0.43962624669075018 0.4463686496019364 -0.10499014332890509 0.47318433225154882 -0.47339232265949244 0.26449580490589147 0.32250526547431951 0.49095004796981817 0.48418948054313665 0.47993287444114691 0.17118690907955172 0.45176568627357488
decision_type=2 2 2 2 10 2 8 2 2 8 2 2 2 2 2 2 2 2 2 2 2 2 8 2 10 2 2 2 2 2
left_child=27 2 9 5 -5 -4 7 8 -6 14 12 -12 -11 -14 15 22 19 18 20 -17 -18 -22 23 24 -2 -24 -27 -1 -29 -30
right_child=1 -3 3 4 6 -7 -8 -9 -10 10 11 -13 13 -15 -16 16 17 -19 -20 -21 21 -23 25 -25 -26 26 -28 28 29 -31
leaf_value=-4.7804175266375552e-07 0.00011996118242576805 -0.00017256651881544533 0.00042191865372706914 0.00028456765630224676 -0.00011346942030706066 8.122374207695512e-05 0.00013083317063830089 -0.00032591621810127092 0.00017391261435928032 0.0001512920115883186 -4.3677608530033264e-05 -0.00036982446209194337 -9.1681230488164272e-05 0.00018601315224770656 0.00020554596863307068 6.4284431843076486e-05 0.00021274940962356798 0.00019300733647719363 -0.00027778848520024582 0.00040246808429814833 -0.00018566759135948773 0.00010673670300646969 3.8925118257346906e-06 0.00026915652636123611 -0.00016392323520204792 -1.9170573494972944e-05 -0.00027297727010942288 -0.00028127419003084932 -6.1736693706347214e-05 0.00014980411278561355
leaf_weight=539758 1071 588 533 401 679 430 797 489 616 706 445 551 2015 433 547 540 402 732 403 452 512 404 10744 502 548 410 477 482 2289 435
leaf_count=539758 1071 588 533 401 679 430 797 489 616 706 445 551 2015 433 547 540 402 732 403 452 512 404 10744 502 548 410 477 482 2289 435
internal_value=6.03484e-08 1.91418e-05 2.35694e-05 8.98702e-05 3.02795e-05 0.000272189 -1.0174e-05 -7.3547e-05 2.35164e-05 1.15873e-05 -5.34304e-05 -0.000225989 1.6038e-06 -4.2006e-05 2.68153e-05 2.10141e-05 8.24037e-05 2.57442e-05 -4.61025e-05 0.000220855 2.62976e-05 -5.69433e-05 5.5868e-06 8.25983e-05 2.34554e-05 -8.51572e-06 -0.000157181 -8.68713e-07 -6.64356e-05 -2.7531e-05
internal_weight=569391 26427 25839 3945 2982 963 2581 1784 1295 21894 4150 996 3154 2448 17744 17197 3445 2453 1721 992 1318 916 13752 2121 1619 11631 887 542964 3206 2724
internal_count=569391 26427 25839 3945 2982 963 2581 1784 1295 21894 4150 996 3154 2448 17744 17197 3445 2453 1721 992 1318 916 13752 2121 1619 11631 887 542964 3206 2724
is_linear=0
shrinkage=0.03


Tree=250
num_leaves=31
num_cat=0
split_feature=8 22 30 5 27 29 28 28 8 35 38 13 35 8 8 38 12 31 25 8 22 7 25 38 4 27 5 0 7 5
split_gain=0.0166325 0.032787 0.0295566 0.033108 0.0210204 0.0206551 0.0173965 0.0218399 0.00880812 0.0240335 0.0185388 0.0178793 0.0121464 0.0116823 0.00913754 0.0194101 0.0195495 0.0166483 0.0145864 0.012639 0.0141142 0.0191613 0.0126525 0.0117963 0.0215795 0.0158973 0.0178295 0.0106555 0.0383535 0.0298189
threshold=0.49664428830146795 -0.077052142471075044 0.43962624669075018 0.4385290145874024 0.49664428830146795 -0.36572171747684473 -1.0000000180025095e-35 -0.23817513883113858 -0.4798318743705749 0.48662193119525915 0.44525898993015295 0.070949185639619841 -0.47306366264820093 -0.49277968704700464 0.45307256281375891 0.47318433225154882 0.4385290145874024 0.47696729004383093 0.4463686496019364 0.44551637768745428 -0.25083892047405237 0.47108417749404913 0.33277405798435217 -0.29863440990447992 0.40614514052867895 0.29828247427940374 0.19659046828746798 0.4463686496019364 0.48576495051383978 0.49069747328758245
decision_type=2 8 2 10 2 2 2 2 2 2 10 2 2 2 2 10 2 2 2 2 10 2 2 10 2 2 10 2 2 10
left_child=8 2 3 -2 5 -3 7 -7 9 10 12 -12 13 -1 19 17 18 -16 -17 27 -21 22 -22 -24 25 -25 -27 -10 29 -29
right_child=1 4 -4 -5 -6 6 -8 -9 14 -11 11 -13 -14 -15 15 16 -18 -19 -20 20 21 -23 23 24 -26 26 -28 28 -30 -31
leaf_value=-3.2083080691732617e-05 0.00024475672516821167 -0.00022522411661432876 0.00036777055255780313 -8.2572150032296789e-05 0.00014564289971223933 3.96075467582616e-05 0.00012394486939828654 -0.00024104074551351478 7.1361093712431046e-07 -0.00024866819842913983 -1.5554799538732734e-05 0.00018399283745184502 -2.0062663621151008e-05 -0.00025051507922993493 -6.3044141213574657e-06 -0.0001584461577000357 -0.0002941564053028018 -0.00018403504472153895 7.8305215169174622e-05 -3.3418863023443207e-05 -2.2621576978570416e-05 0.00025869459215134219 0.00021996653260373476 -1.5155002388769871e-05 -0.00011160152942323137 5.3563784210590632e-05 0.00030783555160193964 1.9042364396769369e-05 0.00023636186664193241 -0.00021855965397642031
leaf_weight=472 551 455 463 544 647 605 630 412 496074 401 845 762 11271 409 21635 494 421 475 429 1489 1342 441 502 554 499 488 506 24031 711 475
leaf_count=472 551 455 463 544 647 605 630 412 496074 401 845 762 11271 409 21635 494 421 475 429 1489 1342 441 502 554 499 488 506 24031 711 475
internal_value=1.20422e-06 5.9866e-05 0.000169336 8.28629e-05 -2.5653e-06 -4.86577e-05 1.18537e-06 -7.53267e-05 7.55768e-07 -2.25982e-05 -1.58337e-05 7.96185e-05 -2.85115e-05 -0.000135163 1.35681e-06 -1.69612e-05 -0.000127225 -1.02042e-05 -4.87469e-05 2.17218e-06 4.6095e-05 7.34397e-05 5.18338e-05 9.09684e-05 5.84177e-05 0.000113588 0.000184779 1.68084e-06 2.07006e-05 1.43497e-05
internal_weight=569033 4307 1558 1095 2749 2102 1647 1017 564726 14160 13759 1607 12152 881 550566 23454 1344 22110 923 527112 5821 4332 3891 2549 2047 1548 994 521291 25217 24506
internal_count=569033 4307 1558 1095 2749 2102 1647 1017 564726 14160 13759 1607 12152 881 550566 23454 1344 22110 923 527112 5821 4332 3891 2549 2047 1548 994 521291 25217 24506
is_linear=0
shrinkage=0.03


Tree=251
num_leaves=31
num_cat=0
split_feature=26 36 5 5 29 12 26 29 30 32 17 35 2 35 26 2 12 11 11 39 17 18 11 5 23 16 38 39 21 11
split_gain=0.00656076 0.0178119 0.0257498 0.0321651 0.0297965 0.0293771 0.0259923 0.0375145 0.0358866 0.0209341 0.0226821 0.0307672 0.0132037 0.0129431 0.0146542 0.0261048 0.0181515 0.0166566 0.026682 0.0207751 0.0407082 0.0251779 0.0238665 0.0163039 0.0195066 0.0144759 0.0135803 0.0121407 0.0118751 0.020272
threshold=0.35240399837493902 0.45307256281375891 0.48367318511009222 0.36146230995655065 -0.10547338053584097 0.4516685158014298 0.466554805636406 -0.17169876396656034 0.44538351893424993 -0.2717756032943725 0.13763252645730975 0.38593547046184545 0.47083835303783422 0.32554237544536596 0.43310962617397314 0.41856157779693609 0.35240399837493902 0.20472994446754458 0.4463686496019364 0.4049357026815415 -0.22470416128635404 -0.3656089305877685 0.31848688423633581 0.43090185523033148 -0.084561213850975023 0.30498139560222631 0.45307256281375891 0.42620199918746954 0.050361584872007377 -0.019305307418107983
decision_type=2 2 8 10 2 2 2 2 2 2 2 2 2 2 2 2 2 2 2 2 2 2 2 10 2 2 10 2 8 2
left_child=-1 13 3 6 -4 9 7 -3 -9 -5 11 -11 -8 -2 15 27 25 26 19 21 -21 -19 -22 24 -23 -17 28 -15 29 -16
right_child=1 2 4 5 -6 -7 12 8 -10 10 -12 -13 -14 14 17 16 -18 18 -20 20 22 23 -24 -25 -26 -27 -28 -29 -30 -31
leaf_value=-8.866603609295958e-07 4.0176571623933925e-06 0.00016121900967674654 -0.00032736406050425944 -0.00016234764403680679 -2.1424820830570303e-05 0.00029824039229821227 -9.2775368195499174e-05 2.8425551611012628e-06 -0.00030020692088586774 0.00018971754445629502 0.00023714294827063869 -0.00014168633688027411 -0.00032946608506299034 2.0972154093048944e-05 1.4187211653736749e-05 0.0001415523555184523 -1.5388500384314823e-05 0.00019953647700879737 0.00017069297111865141 -0.00040786841702214498 -0.00022000730216877975 -0.00018338066623498262 6.8946427611416247e-05 -0.00020703407534581076 5.7518261897321545e-05 0.00034488436573076257 0.00017422317769893455 0.00017023438318090192 -2.0184781186596674e-05 0.00014286235359029238
leaf_weight=484704 53630 690 541 423 600 412 427 1001 532 414 501 612 434 7340 3833 1508 509 413 478 400 437 403 598 473 1121 401 563 516 3425 1538
leaf_count=484704 53630 690 541 423 600 412 427 1001 532 414 501 612 434 7340 3833 1508 509 413 478 400 437 403 598 473 1121 401 563 516 3425 1538
internal_value=4.55961e-07 8.18653e-06 -3.91398e-05 -1.18692e-05 -0.000168068 7.12699e-05 -7.55691e-05 -2.10412e-05 -0.000103589 2.20382e-05 7.38395e-05 -7.42149e-06 -0.000214496 1.2209e-05 3.05376e-05 5.75968e-05 0.00014359 1.01913e-05 -3.84556e-05 -6.48318e-05 -0.000154775 -1.08581e-05 -5.39941e-05 -5.51472e-05 -6.96419e-06 0.000185838 3.26788e-05 3.098e-05 2.34315e-05 5.12307e-05
internal_weight=568877 84173 6587 5446 1141 2362 3084 2223 1533 1950 1527 1026 861 77586 23956 10274 2418 13682 4323 3845 1435 2410 1035 1997 1524 1909 9359 7856 8796 5371
internal_count=568877 84173 6587 5446 1141 2362 3084 2223 1533 1950 1527 1026 861 77586 23956 10274 2418 13682 4323 3845 1435 2410 1035 1997 1524 1909 9359 7856 8796 5371
is_linear=0
shrinkage=0.03


Tree=252
num_leaves=31
num_cat=0
split_feature=38 39 7 7 37 29 36 4 2 14 23 5 32 6 19 36 7 17 25 17 22 17 5 30 22 18 15 36 19 22
split_gain=0.0101612 0.0230316 0.030008 0.0396802 0.0368376 0.0133682 0.0102376 0.0319009 0.0253392 0.0276884 0.0324547 0.0293846 0.0267752 0.0241899 0.0220653 0.0210768 0.0204113 0.0166657 0.0178044 0.0138951 0.0263384 0.015788 0.00991496 0.0166233 0.0114397 0.0116965 0.00928512 0.0171313 0.0208145 0.00918193
threshold=-0.26490327715873713 0.49293276667594915 -0.2781506478786468 0.31106737256050115 -0.46641474962234492 -0.016901542432606217 0.48406349122524267 0.3856052309274674 0.45793896913528448 -0.063697375357151018 0.016816227696835998 -0.16181761026382444 -0.19795162230730054 0.29536506533622747 -0.42605021595954889 0.39273729920387274 -0.084825713187456117 -0.40601159632205958 0.42620199918746954 -0.18511227518320081 -0.39138861000537867 -0.44627264142036432 0.46862696111202246 0.09127261117100717 -0.3259222656488418 0.24460320174694064 -0.47306366264820093 0.41810730099678045 -0.29847852885723108 -0.023463716730475422
decision_type=10 2 2 2 2 2 2 2 2 2 2 10 2 10 10 2 2 2 2 2 8 2 10 2 8 2 2 2 10 8
left_child=1 6 -3 4 -4 -5 8 16 22 10 -10 -12 -11 17 -9 -14 -8 -13 -19 20 -15 -22 -1 24 -24 -26 27 -2 -29 -25
right_child=26 2 3 5 -6 -7 7 14 9 12 11 13 15 19 -16 -17 -18 18 -20 -21 21 -23 23 29 25 -27 -28 28 -30 -31
leaf_value=5.2942654741746558e-06 -7.9061833820319516e-06 0.00029765127294385069 -0.00025550112476502789 8.0601680203857754e-05 0.00010585611485974415 0.00028436129990025666 -7.2066745652888363e-05 -0.00028022482940916714 0.00035154985819934128 0.00014654664739501027 0.00031750438593542595 8.096916654316884e-05 7.213612544755265e-06 -0.00011703859922544676 -1.3521556390358921e-05 -0.00024859323270031526 0.00014861890070841624 1.3748620072160802e-05 -0.00025929061578310725 0.00025040192996767462 0.00024431273360986887 3.4309923676372483e-05 0.00016400055417183321 -0.00013831580229474574 -0.00013517001117748957 8.2439434514157214e-05 -1.5245139928705194e-06 -1.9211837618359329e-05 -0.00024000431730384801 -1.6165814374963578e-05
leaf_weight=123391 4022 513 557 782 452 462 744 673 424 481 405 549 592 479 474 557 746 408 442 495 651 636 438 1461 418 453 424694 801 732 893
leaf_count=123391 4022 513 557 782 452 462 744 673 424 481 405 549 592 479 474 557 746 408 442 495 651 636 438 1461 418 453 424694 801 732 893
internal_value=2.46551e-07 7.31139e-06 9.28541e-05 4.51133e-05 -9.41743e-05 0.000157939 5.56246e-06 -5.286e-05 6.72318e-06 6.63023e-05 0.000104695 7.81472e-05 -3.9424e-05 5.08679e-05 -0.000171079 -0.000117869 3.86784e-05 -4.69771e-05 -0.000129596 0.00011135 7.11842e-05 0.0001416 3.84882e-06 -4.4724e-05 4.07801e-05 -2.2342e-05 -2.02903e-06 -4.05286e-05 -0.000125511 -9.22421e-05
internal_weight=568825 138576 2766 2253 1009 1244 135810 2637 133173 6119 4489 4065 1630 3660 1147 1149 1490 1399 850 2261 1766 1287 127054 3663 1309 871 430249 5555 1533 2354
internal_count=568825 138576 2766 2253 1009 1244 135810 2637 133173 6119 4489 4065 1630 3660 1147 1149 1490 1399 850 2261 1766 1287 127054 3663 1309 871 430249 5555 1533 2354
is_linear=0
shrinkage=0.03


Tree=253
num_leaves=31
num_cat=0
split_feature=25 30 20 19 35 30 5 15 4 12 25 29 38 23 18 17 36 35 30 7 22 24 8 31 24 29 21 36 2 3
split_gain=0.00913143 0.0223866 0.0462465 0.0407753 0.0248921 0.0228087 0.0217072 0.0206408 0.014813 0.0203884 0.0117297 0.0136777 0.0107236 0.0111265 0.00788522 0.013781 0.0117945 0.0324557 0.0271986 0.0262855 0.0253991 0.0249968 0.0347854 0.0278583 0.019556 0.0171377 0.0145754 0.023027 0.0196684 0.0141419
threshold=0.49221777915954595 0.43962624669075018 -0.49261982738971705 -0.010033556725829838 0.45986577868461614 0.49221777915954595 -0.42802877724170679 0.29133562743663793 0.47718597948551184 0.47318433225154882 0.48662193119525915 0.29197315871715551 0.29197315871715551 0.33189558982849127 0.33208893239498144 0.49664428830146795 0.45801258087158209 -0.24493220448493955 0.31848688423633581 0.45986577868461614 0.26518444716930395 0.29932886362075811 -0.051597364246845238 0.043656742200255401 0.46441236138343817 -0.10547338053584097 0.45196153223514562 0.38593547046184545 0.49293276667594915 0.46441236138343817
decision_type=2 2 10 10 2 2 8 2 2 2 2 2 10 2 2 2 2 2 2 2 8 2 2 2 2 2 8 2 2 2
left_child=10 2 -2 5 6 -3 -4 -5 12 -10 14 -12 13 -8 -1 16 24 18 20 21 -18 -19 -23 -24 26 -20 28 -28 29 -16
right_child=1 3 4 7 -6 -7 8 -9 9 -11 11 -13 -14 -15 15 -17 17 19 25 -21 -22 22 23 -25 -26 -27 27 -29 -30 -31
leaf_value=2.0007792783228512e-06 -0.00033882742505328796 0.00025726347572741648 -0.00018970195784810638 -0.00020854691952974916 -0.00020026739233953313 -1.5390787893415512e-05 -6.3169098034001792e-05 4.8402193060406063e-05 -0.0002191054872906534 6.3848166739533438e-05 2.7351232539346377e-05 0.00022929550259921002 0.00016125651884202168 0.00010941547803881569 -1.0860377988384249e-05 -0.00012562768577252439 -0.00014411543124677134 -0.00028350445640695641 0.0003970044989001469 0.00016574156848689787 0.00018534863117851153 0.0002169645386033963 -0.00024091517874034145 4.7533884186973347e-05 -0.00011186228340558815 0.00013220199312671699 1.4885413992458755e-05 0.00020338562190196777 -0.00020359123232054007 5.274235728606465e-05
leaf_weight=466165 509 783 481 590 698 422 700 524 440 460 1072 412 732 629 79564 871 422 403 408 500 401 401 618 574 1615 497 3081 710 457 3266
leaf_count=466165 509 783 481 590 698 422 700 524 440 460 1072 412 732 629 79564 871 422 403 408 500 401 401 618 574 1615 497 3081 710 457 3266
internal_value=2.04016e-07 -3.39029e-05 -7.18297e-05 4.21124e-05 -3.82658e-05 0.000162437 -4.92866e-06 -8.83286e-05 2.56243e-05 -7.53723e-05 6.27914e-07 8.45761e-05 6.98787e-05 1.87203e-05 4.03926e-07 -7.53246e-06 -6.41204e-06 4.25066e-05 0.000142057 -2.67046e-05 1.67112e-05 -7.54984e-05 -2.14364e-05 -0.000102774 -8.74632e-06 0.000254617 -6.82124e-06 5.0631e-05 -9.44208e-06 -8.34645e-06
internal_weight=568405 6968 4649 2319 4140 1205 3442 1114 2961 900 561437 1484 2061 1329 559953 93788 92917 4224 1728 2496 823 1996 1593 1192 88693 905 87078 3791 83287 82830
internal_count=568405 6968 4649 2319 4140 1205 3442 1114 2961 900 561437 1484 2061 1329 559953 93788 92917 4224 1728 2496 823 1996 1593 1192 88693 905 87078 3791 83287 82830
is_linear=0
shrinkage=0.03


Tree=254
num_leaves=31
num_cat=0
split_feature=35 11 8 31 4 39 26 3 14 6 6 38 11 8 18 39 6 8 0 38 3 0 26 22 35 1 8 22 6 31
split_gain=0.0164088 0.031461 0.0392417 0.0481889 0.036516 0.0319044 0.033559 0.0330652 0.0305831 0.0599112 0.029847 0.0224834 0.024646 0.0224467 0.0218961 0.020386 0.0219227 0.0313571 0.0219573 0.0152743 0.0144363 0.0130425 0.0224408 0.0262457 0.0246885 0.0339583 0.018344 0.0222591 0.0135459 0.0131717
threshold=0.48418948054313665 0.41950166225433355 -0.098252441734075532 0.31229026615619665 0.23754432797431949 0.45986577868461614 0.41950166225433355 0.43885339796543127 -0.29863440990447992 0.32373654842376715 0.3430562317371369 0.45986577868461614 0.37844152748584753 -0.084825713187456117 0.29180648922920233 0.4463686496019364 0.2284832447767258 -0.11887632682919501 0.45307256281375891 -0.33219130337238306 0.49221777915954595 -0.46641474962234492 0.37149409949779516 0.14436987787485125 0.27103835344314581 0.42469435930252081 0.49664428830146795 -0.17821089178323743 0.46743549406528478 0.11071263998746873
decision_type=2 2 2 2 2 2 2 2 2 10 10 8 2 2 2 2 8 2 2 10 2 2 2 10 2 2 2 8 8 2
left_child=20 5 4 8 -3 11 10 -8 9 -4 13 12 15 -7 -10 16 17 -2 -18 -19 -1 29 24 28 26 -26 27 -23 -24 -22
right_child=1 2 3 -5 -6 6 7 -9 14 -11 -12 -13 -14 -15 -16 -17 18 19 -20 -21 21 22 23 -25 25 -27 -28 -29 -30 -31
leaf_value=1.8699801320457109e-07 -0.00024209734910723545 0.00014059911173440974 0.00057480533511073697 -0.00010696044648312427 -0.00023242264495008268 0.00021449200550132782 0.00011567715116982142 -0.00024566919686351595 1.738915171910496e-05 0.0001255660100211293 0.00038144859304012709 0.00016300623569598277 -0.00025628354946134041 -3.5322681745636403e-05 0.00025557984292173564 -0.00021601937187883509 -4.9765395453432569e-05 -0.00012512532785329539 0.00017308492936958636 9.501912428598895e-05 -4.5917651451488309e-05 -0.00028555533628482833 1.9352834432478697e-05 -0.00011946571781238297 -6.9240429029723363e-05 -0.00041255486746348031 9.9999385040014672e-05 -3.231398498586746e-05 0.00024011967033545217 0.00016859594079104173
leaf_weight=552111 685 421 486 510 514 638 452 441 823 595 414 417 524 642 593 500 740 447 842 738 575 436 574 721 543 495 504 1053 436 452
leaf_count=552111 685 421 486 510 514 638 452 441 823 595 414 417 524 642 593 500 740 447 842 738 575 436 574 721 543 495 504 1053 436 452
internal_value=4.21478e-07 3.60005e-05 0.000104469 0.000157127 -6.47526e-05 -1.73869e-07 8.48443e-05 -6.35149e-05 0.000211277 0.000330954 0.000162966 -4.52056e-05 -6.49235e-05 8.98918e-05 0.000118233 -3.8968e-05 -1.27733e-05 -8.21094e-05 6.91861e-05 1.16251e-05 -3.07571e-07 -4.73948e-05 -6.82883e-05 1.78438e-05 -0.000117375 -0.000235334 -5.50713e-05 -0.000107877 0.000116074 4.92088e-05
internal_weight=569322 11422 3942 3007 935 7480 2587 893 2497 1081 1694 4893 4476 1280 1416 3952 3452 1870 1582 1185 557900 5789 4762 1731 3031 1038 1993 1489 1010 1027
internal_count=569322 11422 3942 3007 935 7480 2587 893 2497 1081 1694 4893 4476 1280 1416 3952 3452 1870 1582 1185 557900 5789 4762 1731 3031 1038 1993 1489 1010 1027
is_linear=0
shrinkage=0.03


Tree=255
num_leaves=31
num_cat=0
split_feature=11 19 37 14 14 37 36 18 14 35 38 0 13 23 19 19 8 23 15 36 8 31 27 29 29 27 24 22 38 14
split_gain=0.0106402 0.0298551 0.0278118 0.0333598 0.0229406 0.0190842 0.0190626 0.0108685 0.00818805 0.00701425 0.0207419 0.0322068 0.0170232 0.0324629 0.0583915 0.0232384 0.017723 0.0306387 0.0341777 0.0213093 0.0189852 0.0191788 0.0243551 0.0282654 0.0208638 0.0201312 0.0176091 0.028929 0.0351588 0.0245748
threshold=0.49664428830146795 -0.49272717535495753 0.39151957631111151 0.47748585045337683 0.33189558982849127 -0.35231085121631617 0.45307256281375891 -0.1383797079324722 0.036974893882870681 0.21130390465259555 -0.49267388880252833 0.37853804230690008 0.4463686496019364 0.41950166225433355 -0.4718968123197555 0.245688371360302 0.43897783756256109 -0.31229026615619654 0.41204395890235906 0.29932886362075811 0.4463686496019364 0.19791415333747867 0.42620199918746954 -0.092270351946353898 0.41289757192134863 0.48431348800659185 0.49664428830146795 -0.38581016659736628 -0.47212508320808405 0.45307256281375891
decision_type=2 10 2 2 2 2 2 2 2 2 8 2 2 2 8 8 2 2 2 2 2 2 2 2 2 2 2 10 10 2
left_child=9 -2 4 -4 5 6 -3 -7 -9 10 11 -1 16 26 -15 -16 -11 -18 20 -20 -19 24 -23 -24 25 -22 27 -14 -29 -30
right_child=1 2 3 -5 -6 7 -8 8 -10 12 -12 -13 13 14 15 -17 17 18 19 -21 21 22 23 -25 -26 -27 -28 28 29 -31
leaf_value=3.3496517769379338e-05 -0.00025797176988904581 -4.2478552849138243e-05 -0.00031928790638477124 3.8736351400277471e-05 0.00022234732914673007 -0.0001951868038655636 0.00023124760280985164 5.2730182768065065e-05 -0.0001184414594694129 -5.1862155889039974e-06 1.6070616464774026e-06 0.00029012401390530979 -8.6205812008951661e-05 -0.00034301734499325406 -5.2324497571043879e-05 0.00021034687827675095 0.00019540399640424644 -0.00013705072046836742 9.9393230770344298e-07 -0.00025062141405969037 -3.8714370905957744e-05 -5.6866781236432581e-05 0.00034787432627786678 2.2762313776431917e-05 0.0001453202279892065 -0.00024184082508911577 0.00023254218545880358 0.00033328099673080573 7.4980247520817377e-05 -0.00013819865565757301
leaf_weight=2288 521 437 511 422 454 454 465 587 425 146078 397261 536 1187 525 1048 415 424 1234 405 1191 2441 702 442 518 433 527 493 431 5166 528
leaf_count=2288 521 437 511 422 454 454 465 587 425 146078 397261 536 1187 525 1048 415 424 1234 405 1191 2441 702 442 518 433 527 493 431 5166 528
internal_value=-3.16341e-07 -4.74062e-05 -1.7583e-05 -0.000158658 2.94545e-05 -8.30702e-06 9.96214e-05 -7.49382e-05 -1.96107e-05 4.13342e-08 2.18404e-06 8.30567e-05 -5.17971e-06 3.3156e-05 -7.48129e-05 2.3108e-05 -7.61326e-06 -5.01839e-05 -6.36071e-05 -0.000187163 -3.20443e-05 -6.23143e-06 7.70147e-05 0.000174492 -4.70186e-05 -7.54726e-05 6.07171e-05 4.88303e-05 7.50976e-05 5.50047e-05
internal_weight=568549 4276 3755 933 2822 2368 902 1466 1012 564273 400085 2824 164188 9793 1988 1463 154395 8317 7893 1596 6297 5063 1662 960 3401 2968 7805 7312 6125 5694
internal_count=568549 4276 3755 933 2822 2368 902 1466 1012 564273 400085 2824 164188 9793 1988 1463 154395 8317 7893 1596 6297 5063 1662 960 3401 2968 7805 7312 6125 5694
is_linear=0
shrinkage=0.03


Tree=256
num_leaves=31
num_cat=0
split_feature=38 39 22 37 28 20 39 2 8 1 30 0 2 24 24 8 32 1 6 35 17 5 24 39 11 4 20 6 24 24
split_gain=0.00544338 0.019508 0.037084 0.0408312 0.025183 0.01753 0.0139899 0.0385629 0.0146205 0.0112931 0.0254264 0.0462431 0.0220077 0.0147415 0.0137978 0.0135667 0.0174487 0.00956965 0.0209132 0.0160728 0.0249324 0.0289856 0.0152707 0.011133 0.0122867 0.0118212 0.00969904 0.00959633 0.0146912 0.0127768
threshold=-0.26490327715873713 0.49293276667594915 -0.41272504627704615 -0.1590028181672096 -0.10499014332890509 -0.48653183877468104 0.48615899682044988 0.4641572386026383 -0.058722110465168946 0.47683362662792211 0.45986577868461614 0.48596473038196569 0.48606254160404211 0.28547459840774542 0.43962624669075018 0.46441236138343817 -0.083612978458404527 0.30546234548091894 -0.37318687140941614 0.47705537080764776 -0.33881792426109308 0.12542516738176349 0.42508503794670111 0.45986577868461614 0.43310962617397314 0.32449445128440862 0.4186519086360932 0.28368294239044195 0.40521778166294103 0.43310962617397314
decision_type=10 2 8 2 2 8 2 2 2 2 2 2 2 2 2 2 2 2 8 2 2 8 2 2 2 2 8 10 2 2
left_child=1 6 4 5 -3 -4 9 8 -8 13 11 12 14 15 -11 -1 -17 23 22 26 -21 -22 -19 24 -15 -26 27 -20 -29 -30
right_child=-2 2 3 -5 -6 -7 7 -9 -10 10 -12 -13 -14 17 -16 16 -18 18 19 20 21 -23 -24 -25 25 -27 -28 28 29 -31
leaf_value=7.7588378480575019e-06 -1.2431554425299273e-06 9.9539639061885032e-05 0.00017707467079706594 -1.9710101562045221e-05 -0.00015344421989424271 0.00045535174290985608 -8.6799638736047717e-05 -0.0002536420878638193 0.00015374083817667138 4.6980066712843396e-06 -9.3286578701798695e-05 0.00032920962165778695 -9.8384642469951804e-05 4.8190157652005226e-06 0.00018951026000005937 0.00022753861231084244 1.3169730089928269e-05 -9.9270500129879256e-06 -4.1223445322759749e-05 -0.00032581906899726215 -0.00022085525388026281 7.2784893688169596e-05 0.00020209121903346075 0.00010759592152536233 9.2429670465207884e-06 -0.00017041919601568575 -0.00017398977306451032 -4.4137364475546892e-05 0.00021230165193715945 2.4635738773213232e-05
leaf_weight=99516 430461 719 418 496 679 430 409 678 489 689 777 607 732 12693 761 571 833 670 8743 424 541 663 551 839 590 734 400 1503 490 950
leaf_count=99516 430461 719 418 496 679 430 409 678 489 689 777 607 732 12693 761 571 833 670 8743 424 541 663 551 839 590 734 400 1503 490 950
internal_value=4.21752e-07 5.59249e-06 8.46696e-05 0.00019658 -2.35502e-05 0.000321845 3.99032e-06 -8.4589e-05 4.44357e-05 5.03619e-06 5.76344e-05 9.98633e-05 3.48517e-05 3.59693e-06 0.000102326 9.07072e-06 0.000101345 -1.49429e-05 -3.18925e-05 -4.2499e-05 -0.000130716 -5.98905e-05 8.66148e-05 2.10674e-06 -4.27961e-06 -9.08891e-05 -3.05178e-05 -2.54623e-05 2.13415e-05 8.9518e-05
internal_weight=569056 138595 2742 1344 1398 848 135853 1576 898 134277 3566 2789 2182 130711 1450 100920 1404 29791 14935 13714 1628 1204 1221 14856 14017 1324 12086 11686 2943 1440
internal_count=569056 138595 2742 1344 1398 848 135853 1576 898 134277 3566 2789 2182 130711 1450 100920 1404 29791 14935 13714 1628 1204 1221 14856 14017 1324 12086 11686 2943 1440
is_linear=0
shrinkage=0.03


Tree=257
num_leaves=31
num_cat=0
split_feature=3 28 15 20 6 1 22 3 5 26 1 23 29 32 26 38 30 38 9 23 1 6 13 39 9 36 9 24 7 23
split_gain=0.00807264 0.02261 0.0286162 0.0194971 0.0202942 0.0193438 0.0388861 0.0283068 0.0252378 0.0225039 0.0219602 0.0520105 0.0420888 0.0195931 0.017034 0.0209318 0.00941477 0.00693746 0.0297141 0.0234058 0.0245239 0.0199882 0.0159784 0.0156363 0.0247159 0.0158186 0.0144541 0.0217594 0.0139164 0.013637
threshold=0.49664428830146795 -0.40601159632205958 0.35875959694385534 -0.25083892047405237 0.46743549406528478 0.49664428830146795 -0.39273729920387263 0.41950166225433355 0.43536783754825598 0.37925247848033911 0.49303127825260168 0.43189549446105963 -0.085275519639253602 -0.16440654546022412 -0.085275519639253602 -0.45298065245151514 0.36581273376941686 -0.47318433225154871 0.47318433225154882 0.14436987787485125 0.45202739536762243 -0.43033367395400995 0.47993287444114691 0.466554805636406 0.33277405798435217 0.2382863983511925 0.2450322434306145 0.466554805636406 0.41950166225433355 0.29932886362075811
decision_type=2 2 2 10 10 2 10 2 10 2 2 2 2 2 2 8 2 10 2 2 2 8 2 2 2 2 2 2 2 2
left_child=5 16 3 14 -5 10 9 -8 13 -7 17 12 -12 -9 -3 -16 -2 18 19 20 -1 -21 23 25 -25 -23 -27 29 -20 -28
right_child=1 2 -4 4 -6 6 7 8 -10 -11 11 -13 -14 -15 15 -17 -18 -19 28 21 -22 22 -24 24 -26 26 27 -29 -30 -31
leaf_value=2.7931054565325519e-05 -9.595497858861241e-07 -0.00025443131875688428 -0.00023484095721071824 -2.8777341863127453e-05 0.00022860405981671921 0.00040590088147487904 0.00020012126087326246 -0.00029570783190770866 9.1654779549230628e-05 8.8668130871142603e-05 0.00015370400622840118 -0.00035573422705920685 -0.000190660897002717 -3.7434285303257135e-05 0.00011707653433788812 -0.00015492396199859654 0.00020158563697851689 -4.2449236290799725e-07 7.0458199839160108e-05 0.00015460427873360952 0.00026111699293723828 -3.6732624526014609e-06 -0.00022647153184381552 0.00024198684241906893 -5.4566180639085354e-05 -0.00019412699898379505 -9.2075521457960825e-05 -0.0002310519019948203 0.00030115904842037514 0.00012802055363261505
leaf_weight=10194 415 443 770 783 414 409 553 404 758 401 701 516 570 741 454 555 401 541164 503 462 413 2484 411 429 590 1058 456 401 446 546
leaf_count=10194 415 443 770 783 414 409 553 404 758 401 701 516 570 741 454 555 401 541164 503 462 413 2484 411 429 590 1058 456 401 446 546
internal_value=-3.04393e-08 -4.12462e-05 -7.51047e-05 -2.79647e-05 6.13983e-05 2.79435e-07 7.29664e-05 1.31885e-05 -4.18951e-05 0.000251848 -1.44763e-07 -0.00010485 -1.01465e-06 -0.000130334 -0.00010155 -3.25893e-05 9.9811e-05 1.91492e-07 1.83055e-05 9.36194e-06 3.72479e-05 -3.38919e-05 -4.7773e-05 -3.50998e-05 7.14213e-05 -5.71501e-05 -0.000110893 -4.71975e-05 0.00018089 2.7937e-05
internal_weight=568845 4235 3419 2649 1197 564610 3266 2456 1903 810 561344 1787 1271 1145 1452 1009 816 559557 18393 17444 10607 6837 6375 5964 1019 4945 2461 1403 949 1002
internal_count=568845 4235 3419 2649 1197 564610 3266 2456 1903 810 561344 1787 1271 1145 1452 1009 816 559557 18393 17444 10607 6837 6375 5964 1019 4945 2461 1403 949 1002
is_linear=0
shrinkage=0.03


Tree=258
num_leaves=31
num_cat=0
split_feature=20 19 0 23 5 23 4 23 36 1 19 26 4 7 8 2 2 38 36 0 36 5 6 2 13 25 19 2 39 19
split_gain=0.0137581 0.025385 0.0182376 0.0291843 0.0401949 0.0323483 0.0207234 0.0174023 0.0391371 0.0242901 0.0203047 0.013686 0.0133188 0.0163545 0.0128958 0.011717 0.0105233 0.01831 0.0341321 0.0164703 0.0164708 0.0190388 0.0103741 0.0100532 0.0160974 0.0100083 0.0149394 0.0181085 0.0203539 0.0158598
threshold=-0.45298065245151514 0.26490327715873724 0.47696729004383093 0.40558609366416937 0.23247625678777697 0.28466880321502691 0.45307256281375891 0.41950166225433355 0.45801258087158209 0.44463601708412176 -0.49272717535495753 -0.46641474962234492 0.48393547534942633 0.45186515152454382 0.036974893882870681 0.12413727492094041 0.4515345990657807 -0.33830955624580378 0.35844881832599645 0.40614514052867895 0.31881627440452581 0.11710438877344133 0.2284832447767258 0.41166466474533087 0.40521778166294103 0.37925247848033911 -0.37915775179862971 -0.48653183877468104 0.49293276667594915 -0.39930471777915949
decision_type=8 10 2 2 10 2 2 2 2 2 10 2 2 2 2 2 2 10 2 2 2 10 8 2 2 2 10 2 2 8
left_child=1 2 7 5 -5 14 -6 8 11 10 -10 -1 13 -9 -4 -12 19 18 -18 23 -21 -22 -7 -13 -25 -2 27 -27 29 -29
right_child=25 -3 3 4 6 22 -8 12 9 -11 15 16 -14 -15 -16 -17 17 -19 -20 20 21 -23 -24 24 -26 26 -28 28 -30 -31
leaf_value=-0.00011446677297414232 -2.336815625150737e-08 -0.00025403069499376082 -0.00014013923091175061 0.00023993436334198668 -0.0002396075307239493 -0.00017282813275039873 1.2494327771703753e-05 -7.2953244431482858e-05 0.00023276398280108984 0.00028271396120982476 -0.00013269130449396563 4.1682928251938978e-06 2.6142692774583069e-05 -0.00028016620961488712 8.8862562227423584e-05 7.1336531071400678e-05 -3.5399145818471573e-05 -8.6462646624603471e-05 0.00034323588254690112 7.0417817369161634e-06 -5.4555450720745044e-05 -0.00030612640876964253 -0.00037324285137206332 3.43136648993519e-05 -0.00022741232941049256 -0.00010292041267532711 7.5793510583887381e-06 2.5087065505771955e-05 0.00024088236311431692 0.00014369776659395626
leaf_weight=1081 478930 400 439 479 455 480 793 1597 412 613 427 15577 798 431 427 593 418 402 426 828 598 493 507 402 431 592 53694 4423 558 1309
leaf_count=1081 478930 400 439 479 455 480 793 1597 412 613 427 15577 798 431 427 593 418 402 426 828 598 493 507 402 431 592 53694 4423 558 1309
internal_value=3.38816e-07 -1.96045e-05 -1.62968e-05 -7.96096e-05 9.17867e-06 -0.000161966 -8.05919e-05 -7.38988e-06 1.3628e-06 0.000126222 5.77366e-05 -1.10537e-05 -7.74562e-05 -0.00011815 -2.74995e-05 -1.45341e-05 -5.28738e-06 7.8724e-05 0.000157494 -1.10383e-05 -9.39607e-05 -0.000169983 -0.000278488 -1.28992e-06 -0.000102196 1.42991e-06 1.2918e-05 5.44996e-05 6.94555e-05 5.23769e-05
internal_weight=569013 29507 29107 3580 1727 1853 1248 25527 22701 2045 1432 20656 2826 2028 866 1020 19575 1246 844 18329 1919 1091 987 16410 833 539506 60576 6882 6290 5732
internal_count=569013 29507 29107 3580 1727 1853 1248 25527 22701 2045 1432 20656 2826 2028 866 1020 19575 1246 844 18329 1919 1091 987 16410 833 539506 60576 6882 6290 5732
is_linear=0
shrinkage=0.03


Tree=259
num_leaves=31
num_cat=0
split_feature=38 26 30 2 4 35 12 27 2 14 29 36 17 29 36 4 37 12 20 38 26 29 24 39 26 21 21 16 37 14
split_gain=0.00995184 0.0227232 0.0196645 0.0256124 0.0255905 0.0125742 0.0113278 0.019478 0.0131384 0.0117328 0.010659 0.00875156 0.0258583 0.0248298 0.0266013 0.0340949 0.0398883 0.0319004 0.0321974 0.0314039 0.0253796 0.0290522 0.0216858 0.0244126 0.0228197 0.0189608 0.0410022 0.0385795 0.0251233 0.0370706
threshold=0.47993287444114691 0.47696729004383093 0.33895461261272436 0.45307256281375891 0.47132579982280737 0.39849410951137548 0.4516685158014298 0.41950166225433355 -0.33277405798435206 0.47748585045337683 0.083917114883661284 0.45202739536762243 0.49298237264156347 -0.30589769780635828 0.49221777915954595 0.466554805636406 -0.40601159632205958 0.43172106146812445 0.25850497186183935 -0.20462171733379361 -0.4798318743705749 -0.33219130337238306 0.49283143877983099 0.49293276667594915 0.36476325988769537 0.37891006469726568 0.43962624669075018 -0.43286086618900294 -0.23817513883113858 0.19775807857513431
decision_type=10 2 2 2 2 2 2 2 2 2 2 2 2 2 2 2 2 2 10 8 2 2 2 2 2 10 8 2 2 2
left_child=11 2 4 5 6 -4 7 8 -2 -10 -8 -1 13 20 15 -15 -17 22 19 -19 -13 25 23 -16 -24 27 -27 -22 -29 -30
right_child=1 -3 3 -5 -6 -7 10 -9 9 -11 -12 12 -14 14 17 16 -18 18 -20 -21 21 -23 24 -25 -26 26 -28 28 29 -31
leaf_value=3.7246204219612268e-07 4.6819000568773063e-05 -0.00020087830502905644 3.7757772499011385e-05 0.00019611995306711278 -0.00024070121100714935 -0.00013964242198244965 -0.00021982288785391595 0.00017976249507191497 -3.016984526879711e-05 -0.0001595244617681519 -2.4212121272326343e-05 -0.00022677515232629304 0.00017550338590325226 2.6456493911444549e-05 2.209111069139908e-05 0.00033670352664841362 7.238936725907912e-05 -8.6799702928107913e-05 6.9082100964836996e-05 -0.00039902874907776629 8.6840370862634414e-05 -0.00022486300393217883 2.366155264362473e-05 0.00028127254159526587 -0.00023310858017287534 0.00030644605491519168 -4.6004627795747214e-05 -0.00024584064039385046 0.00012287591000732131 -0.00019963999203457549
leaf_weight=528994 1740 624 1480 795 517 464 481 436 4640 722 518 593 893 14140 1115 699 1897 667 462 513 1438 553 904 454 464 511 686 797 662 604
leaf_count=528994 1740 624 1480 795 517 464 481 436 4640 722 518 593 893 14140 1115 699 1897 667 462 513 1438 553 904 454 464 511 686 797 662 604
internal_value=6.46208e-07 -2.59059e-05 -1.64853e-05 5.38178e-05 -3.77892e-05 -5.08261e-06 -2.52336e-05 -1.25801e-05 -2.46244e-05 -4.78521e-05 -0.00011964 1.23853e-06 1.75646e-05 1.23088e-05 2.73283e-05 4.48542e-05 0.000144578 -3.66861e-05 -0.00014216 -0.000224752 -4.24255e-05 -2.12153e-05 2.2564e-05 9.83933e-05 -6.44897e-05 3.18273e-06 0.000105749 -3.20863e-05 -0.000115002 -3.13529e-05
internal_weight=569463 12417 11793 2739 9054 1944 8537 7538 7102 5362 999 557046 28052 27159 21315 16736 2596 4579 1642 1180 5844 5251 2937 1569 1368 4698 1197 3501 2063 1266
internal_count=569463 12417 11793 2739 9054 1944 8537 7538 7102 5362 999 557046 28052 27159 21315 16736 2596 4579 1642 1180 5844 5251 2937 1569 1368 4698 1197 3501 2063 1266
is_linear=0
shrinkage=0.03


Tree=260
num_leaves=31
num_cat=0
split_feature=35 7 31 20 38 8 12 11 37 28 11 16 14 28 11 7 10 36 27 7 8 38 38 6 19 11 28 15 1 37
split_gain=0.0112364 0.0493483 0.0495758 0.0390833 0.0292594 0.0220377 0.0193642 0.062346 0.0540845 0.0272846 0.0226664 0.0336951 0.0293391 0.0276004 0.0235005 0.0229557 0.0547375 0.0323955 0.0326925 0.0299357 0.0248456 0.0225869 0.0165052 0.0164156 0.0186411 0.01874 0.0181469 0.0324158 0.0139232 0.0199469
threshold=0.46399636566638952 -0.47306366264820093 -0.038196288049221032 0.48662193119525915 0.49134182929992681 -0.4798318743705749 0.45793896913528448 0.47993287444114691 -0.31205530464649195 -0.19169799238443372 0.43310962617397314 -0.23817513883113858 -0.45298065245151514 -0.10499014332890509 0.31881627440452581 -0.045141067355871194 0.083917114883661284 0.41950166225433355 0.45307256281375891 0.20472994446754458 0.38593547046184545 0.20519568026065829 -0.46641474962234492 0.30875958502292639 -0.46641474962234492 0.1113109514117241 -0.29863440990447992 0.23162547498941424 0.27103835344314581 0.19068456441164019
decision_type=2 2 2 10 8 2 2 2 2 2 2 2 2 2 2 2 2 2 2 2 2 10 10 10 10 2 2 2 2 2
left_child=-1 2 -2 4 5 -3 7 10 9 -8 14 12 -12 -13 22 16 -16 20 19 -19 -17 -10 -7 24 -24 -26 -27 -28 -25 -30
right_child=1 3 -4 -5 -6 6 8 -9 21 -11 11 13 -14 -15 15 17 -18 18 -20 -21 -22 -23 23 28 25 26 27 -29 29 -31
leaf_value=1.3604680495751616e-06 -3.1693739619573076e-05 -0.00019849772874095301 0.00036522676487200516 -0.00024986941568744232 0.00015851034547335009 -0.00010244206843261947 0.00042266703124960701 -0.00030585479925392237 -0.0001794714856308553 7.8957912498363609e-05 1.5717227989512661e-05 7.1455442347480151e-05 0.00035133695913734783 -0.0002362167660415739 -4.5247935451248529e-05 -3.1792479604061147e-05 -0.00044980769088163335 -6.2112610618543444e-05 -0.00016433404232674343 0.00024224672216042388 -0.00028483363178766858 7.7310165090645395e-05 0.00017453126454263027 -7.0274245160664473e-05 1.8568998060316511e-05 2.2712179488735275e-05 -6.242582603758897e-05 -0.00033260777638090971 4.593038707980668e-05 0.00026648301970282599
leaf_weight=547171 547 664 574 696 761 1493 402 719 673 431 424 711 517 403 787 715 480 474 496 729 678 554 412 451 3208 938 1465 543 1174 532
leaf_count=547171 547 664 574 696 761 1493 402 719 673 431 424 711 517 403 787 715 480 474 496 729 678 554 412 451 3208 938 1465 543 1174 532
internal_value=5.0318e-07 -2.01974e-05 0.000172979 -3.03312e-05 -2.28807e-05 -2.9833e-05 -2.39636e-05 -3.42953e-05 6.27938e-05 0.000247876 -2.23777e-05 7.0672e-05 0.000201867 -4.09592e-05 -3.55366e-05 -9.37694e-05 -0.000200837 -4.93908e-05 3.85049e-05 0.000122801 -0.000156105 -6.38449e-05 -1.06223e-05 5.19262e-06 -1.84112e-05 -3.15905e-05 -8.6089e-05 -0.000136774 7.67969e-05 0.00011586
internal_weight=569822 22651 1121 21530 20834 20073 19409 17349 2060 833 16630 2055 941 1114 14575 4359 1267 3092 1699 1203 1393 1227 10216 8723 6566 6154 2946 2008 2157 1706
internal_count=569822 22651 1121 21530 20834 20073 19409 17349 2060 833 16630 2055 941 1114 14575 4359 1267 3092 1699 1203 1393 1227 10216 8723 6566 6154 2946 2008 2157 1706
is_linear=0
shrinkage=0.03


Tree=261
num_leaves=31
num_cat=0
split_feature=3 18 2 30 27 4 39 35 25 0 21 3 39 5 27 16 2 23 30 30 27 26 0 25 15 39 35 25 37 11
split_gain=0.00822047 0.0169574 0.02119 0.0141617 0.0139178 0.0321876 0.0223045 0.0140558 0.0109414 0.0102201 0.00935597 0.0078267 0.0144775 0.0218906 0.0158527 0.0146995 0.00872189 0.00758272 0.00822185 0.0074229 0.00777544 0.00741751 0.0177333 0.0173412 0.0269259 0.0120934 0.011451 0.0262332 0.0475541 0.0195664
threshold=-0.48653183877468104 0.16554810106754306 -0.49664428830146784 -0.38593547046184534 -0.23817513883113858 -0.39198911190032953 0.33196638524532324 -0.26490327715873713 0.42508503794670111 0.20462171733379367 0.21118935942649844 -0.47306366264820093 0.20497699826955798 -0.4484915137290954 -0.19834428280591962 0.35222332179546362 -0.4394956231117248 -0.24493220448493955 -0.13754194974899289 0.33895461261272436 0.29828247427940374 0.35198226571083074 -0.4798318743705749 0.48662193119525915 0.07720848917961122 0.31167945265769964 0.2450322434306145 0.47993287444114691 0.2450322434306145 0.48662193119525915
decision_type=2 2 2 2 2 2 2 2 2 2 10 2 2 10 2 2 2 2 2 2 2 2 2 2 2 2 2 2 2 2
left_child=1 4 3 -3 7 6 -6 8 -1 10 -7 12 17 14 -14 16 -15 18 -2 20 -4 26 25 -24 -25 -23 -13 -28 29 -29
right_child=11 2 19 -5 5 9 -8 -9 -10 -11 -12 21 13 15 -16 -17 -18 -19 -20 -21 -22 22 23 24 -26 -27 27 28 -30 -31
leaf_value=-5.2370966048135769e-05 -3.8021647684847467e-06 -7.7071484856271419e-05 -4.0003523218213909e-05 -0.00031595131324959588 2.495688534158565e-05 -6.7225951620614443e-05 0.00027712635997113465 1.4874800350455073e-05 -0.00024316953737285206 -0.00015883368790718384 8.5086003129287619e-05 2.3305978722608392e-06 6.0940427712072034e-05 0.00014562388039504603 0.00027516659604719486 -0.00011753835698420335 -4.4028948658316433e-06 -2.8819700718171421e-05 0.00013979190596503886 -0.00014998256590315252 9.2237148683411264e-05 -5.622866563233338e-06 9.1663250889897175e-06 2.4222185473777442e-05 0.00031058492111558168 -0.00020772661037724634 -6.4370706348189773e-06 -0.0001122995474907527 -0.00027148350917732903 7.9521593638068227e-05
leaf_weight=799 903 448 2482 453 566 715 710 1742 405 412 717 358793 581 661 677 523 725 3131 585 438 467 507 84005 910 429 553 101539 903 944 996
leaf_count=799 903 448 2482 453 566 715 710 1742 405 412 717 358793 581 661 677 523 725 3131 585 438 467 507 84005 910 429 553 101539 903 944 996
internal_value=1.2229e-06 -2.52503e-05 -7.08395e-05 -0.000199324 7.03986e-06 5.11173e-05 0.000166334 -3.96559e-05 -0.000118026 -2.90772e-05 9.09758e-06 1.71513e-06 3.15632e-05 8.08577e-05 0.000177488 1.65865e-05 6.76773e-05 -2.33698e-06 5.32075e-05 -3.61742e-05 -1.88211e-05 1.2917e-06 9.36055e-06 1.0881e-05 0.000117592 -0.000112016 -2.13691e-07 -8.95858e-06 -9.86772e-05 -1.18024e-05
internal_weight=567719 10354 4288 901 6066 3120 1276 2946 1204 1844 1432 557365 7786 3167 1258 1909 1386 4619 1488 3387 2949 549579 86404 85344 1339 1060 463175 104382 2843 1899
internal_count=567719 10354 4288 901 6066 3120 1276 2946 1204 1844 1432 557365 7786 3167 1258 1909 1386 4619 1488 3387 2949 549579 86404 85344 1339 1060 463175 104382 2843 1899
is_linear=0
shrinkage=0.03


Tree=262
num_leaves=31
num_cat=0
split_feature=6 14 16 14 21 27 3 21 24 28 19 22 15 29 15 21 35 1 6 27 8 26 8 19 29 1 27 0 29 37
split_gain=0.0129975 0.0311151 0.022751 0.0281251 0.0418497 0.0177716 0.0344761 0.0181802 0.0148542 0.0134731 0.017535 0.0244642 0.0218411 0.0256931 0.0268061 0.0300862 0.0162472 0.0156636 0.0212071 0.0359117 0.0146155 0.0137639 0.0162084 0.0123509 0.0218972 0.0182075 0.0121029 0.0110808 0.010416 0.0157727
threshold=0.40842382609844213 0.44500453770160681 -0.21147392690181729 0.45986577868461614 0.4385290145874024 0.46465381979942327 0.4516685158014298 0.45307256281375891 0.11092468351125719 -0.11200463399291037 0.17812155932188037 0.083917114883661284 0.44500453770160681 0.35844881832599645 0.39859968423843389 0.35240399837493902 -0.45970448851585383 0.45735588669776922 0.47069558501243597 0.47152988612651831 0.47318433225154882 -0.31886911392211909 0.35837019979953771 0.42508503794670111 -0.22480142861604688 0.29133562743663793 0.47993287444114691 0.42620199918746954 0.17790922522544864 0.466554805636406
decision_type=10 2 2 2 10 2 2 10 2 2 8 10 2 2 2 10 2 2 10 2 2 2 2 10 2 2 2 2 2 2
left_child=28 9 -3 4 -4 6 8 -7 -5 10 17 12 13 14 15 -12 -13 21 19 -19 23 22 -2 24 -18 -25 27 -23 -1 -30
right_child=1 2 3 5 -6 7 -8 -9 -10 -11 11 16 -14 -15 -16 -17 20 18 -20 -21 -22 26 -24 25 -26 -27 -28 -29 29 -31
leaf_value=-3.056962112012021e-06 1.3365902247788719e-05 0.00029143821289543277 1.6461957608265901e-05 -4.9288759927926853e-05 0.0003723035753074487 -3.6200072584864449e-05 -0.00027218728797301708 0.00020910698168479842 0.00012504992241433552 -6.3642967323634057e-06 0.00035822690666727664 -0.00013931138203314544 -4.5780600856504632e-05 -1.9838205028350362e-05 0.00041846625555350326 3.9012607143807769e-05 0.00018444698563150353 0.00015905746259681528 0.00020104966184028667 -0.00021571771771017925 0.00019579311388641 -4.6260269084794588e-06 0.00020056428929000861 4.1841700655098252e-05 -3.6023888008537779e-06 -0.00018732323907410031 -0.00014079247803052675 -0.00013346717719453196 7.6793272882613565e-06 -4.7157430607778915e-05
leaf_weight=354137 2686 438 605 964 577 432 412 712 793 25327 404 488 472 456 490 750 836 499 792 410 481 5605 483 738 1632 527 814 663 160340 4854
leaf_count=354137 2686 438 605 964 577 432 412 712 793 25327 404 488 472 456 490 750 836 499 792 410 481 5605 483 738 1632 527 814 663 160340 4854
internal_value=1.24477e-06 1.5934e-05 8.73458e-05 6.68559e-05 0.000191834 2.18235e-05 -2.86623e-05 0.000116963 2.96592e-05 8.00926e-06 2.69375e-05 6.36281e-05 0.00013783 0.00017912 0.000234092 0.000152883 2.28331e-05 4.57296e-06 8.86035e-05 -1.0491e-05 4.18955e-05 -9.44342e-06 4.24387e-05 2.15955e-05 6.05839e-05 -5.4349e-05 -3.26863e-05 -1.84451e-05 -1.55211e-07 6.06527e-06
internal_weight=568817 49486 4933 4495 1182 3313 2169 1144 1757 44553 19226 7274 2572 2100 1644 1154 4702 11952 1701 909 4214 10251 3169 3733 2468 1265 7082 6268 519331 165194
internal_count=568817 49486 4933 4495 1182 3313 2169 1144 1757 44553 19226 7274 2572 2100 1644 1154 4702 11952 1701 909 4214 10251 3169 3733 2468 1265 7082 6268 519331 165194
is_linear=0
shrinkage=0.03


Tree=263
num_leaves=31
num_cat=0
split_feature=0 14 4 29 26 26 29 36 33 29 14 33 4 1 29 2 6 26 17 13 33 24 22 26 21 36 3 1 16 7
split_gain=0.0130357 0.0172129 0.0190914 0.0144941 0.0303823 0.016815 0.0258964 0.0258184 0.0160893 0.0158459 0.0143191 0.0142439 0.0127185 0.0127163 0.019291 0.0127039 0.0126437 0.0139072 0.0113544 0.0108776 0.0301664 0.0214622 0.0152812 0.0144751 0.0231126 0.0119213 0.0205151 0.0357372 0.0248196 0.0300782
threshold=-0.4798318743705749 0.466554805636406 0.48662193119525915 -0.35231085121631617 -0.47306366264820093 -0.44627264142036432 0.15780642628669742 0.41289757192134863 0.071921184659004225 0.17118690907955172 0.07720848917961122 0.083917114883661284 -0.37241181731224055 0.43809871375560766 -0.26490327715873713 -0.43286086618900294 0.20444663614034655 -0.15097505599260327 -0.019842519424855706 0.49664428830146795 0.023649728856980804 0.48662193119525915 0.19153907895088199 -0.22470416128635404 -0.45970448851585383 0.48406349122524267 0.39273729920387274 0.47069558501243597 0.466554805636406 0.29828247427940374
decision_type=2 2 2 2 2 2 2 2 2 2 2 2 2 2 2 2 10 2 2 2 2 2 10 2 10 2 2 2 2 2
left_child=1 2 3 4 -1 6 7 -5 15 12 -8 -3 -7 14 -14 -6 -16 -18 -10 25 21 22 -21 -22 -25 -2 27 -27 29 -28
right_child=19 11 -4 5 8 9 10 -9 18 -11 -12 -13 13 -15 16 -17 17 -19 -20 20 23 -23 -24 24 -26 26 28 -29 -30 -31
leaf_value=-0.00029117203914684475 -4.7506020841627062e-07 -0.00021623258888182504 0.0001244594523318664 2.7597243390636147e-05 0.00016357242138391879 -0.00019569814415858829 -0.00016931135794027698 0.00036036835253182563 -4.1979935965829769e-05 2.2446581547851441e-05 8.039343207258435e-05 -3.9811093973786144e-06 0.00011488458511394598 -0.00016893263060581992 -1.0348647791071433e-05 -3.5109668045997866e-05 -0.00025995562915645027 -3.7731760961147239e-05 -0.00024694232866817156 -2.3640715660454492e-06 -0.00014427121049888486 0.00031291243432587284 0.00019373226679756747 -0.00013353369927503691 0.0001670693408977829 -3.1903558908993105e-05 -0.0001566453408711354 0.00018398421247582257 -0.00027302417124360981 5.9507519340479829e-06
leaf_weight=528 541788 757 769 426 414 570 403 407 565 3195 405 453 716 626 1786 906 472 543 424 896 709 442 585 401 514 3202 1600 869 508 2811
leaf_count=528 541788 757 769 426 414 570 403 407 565 3195 405 453 716 626 1786 906 472 543 424 896 709 442 585 401 514 3202 1600 869 508 2811
internal_value=-1.43765e-06 -2.96426e-05 -1.96293e-05 -2.86684e-05 -8.80814e-05 -1.09431e-05 7.61621e-05 0.000192534 -4.05852e-05 -2.90918e-05 -4.46972e-05 -0.000137454 -6.40039e-05 -4.54576e-05 -2.30633e-05 2.79656e-05 -5.86092e-05 -0.000142599 -0.000131443 -7.06217e-07 5.15874e-05 0.000131694 7.58745e-05 -4.34939e-05 3.53103e-05 -1.04392e-06 -3.52878e-05 1.4518e-05 -7.64533e-05 -5.32486e-05
internal_weight=568690 14365 13155 12386 2837 9549 1641 833 2309 7908 808 1210 4713 4143 3517 1320 2801 1015 989 554325 3547 1923 1481 1624 915 550778 8990 4071 4919 4411
internal_count=568690 14365 13155 12386 2837 9549 1641 833 2309 7908 808 1210 4713 4143 3517 1320 2801 1015 989 554325 3547 1923 1481 1624 915 550778 8990 4071 4919 4411
is_linear=0
shrinkage=0.03


Tree=264
num_leaves=31
num_cat=0
split_feature=1 26 0 16 11 6 22 13 12 36 37 2 28 26 17 20 11 10 27 10 22 3 15 16 17 3 22 36 3 35
split_gain=0.0108621 0.0275358 0.0396027 0.0357257 0.0332778 0.0252045 0.0479252 0.018847 0.0238601 0.0103384 0.0339237 0.0299599 0.0220558 0.0356559 0.0243699 0.0276831 0.0283161 0.0277035 0.0341015 0.02165 0.023996 0.0208321 0.0159564 0.0155653 0.0160105 0.0144457 0.0276532 0.0245527 0.0189881 0.0253791
threshold=0.49664428830146795 0.49221777915954595 0.48662193119525915 -0.46641474962234492 0.48418948054313665 0.47069558501243597 -0.17158731818199155 0.29151678085327154 0.2981210350990296 0.48406349122524267 0.43962624669075018 0.43133513629436498 0.20415349304676059 0.17118690907955172 -0.48653183877468104 -0.01373004913330078 0.49111093580722814 0.39849410951137548 0.466554805636406 -0.22480142861604688 -0.31229026615619654 0.34515425562858587 0.43885339796543127 0.07720848917961122 0.32554237544536596 0.49664428830146795 0.39177928864955908 0.45202739536762243 0.49283143877983099 0.097359016537666335
decision_type=2 2 2 2 2 8 10 2 2 2 2 2 2 2 2 8 2 2 2 2 8 2 2 2 2 2 8 2 2 2
left_child=9 2 4 -4 7 6 -5 -2 -9 25 12 -12 14 -14 -11 17 22 19 -19 -16 -21 -22 23 -17 -25 28 27 -27 -1 -30
right_child=1 -3 3 5 -6 -7 -8 8 -10 10 11 -13 13 -15 15 16 -18 18 -20 20 21 -23 -24 24 -26 26 -28 -29 29 -31
leaf_value=-2.6872687241447803e-07 6.5109099006754228e-05 -0.00017082925869738358 -5.390567465138337e-05 0.00037308537501630696 0.00014110355369793687 0.00043232831019941693 -7.7254166501019788e-05 -1.5498329500367522e-05 -0.00031121331651835972 0.00018614874520781022 -3.2746409053067468e-05 -0.00031964690417163701 0.00024396489705635189 -6.6836963271466615e-05 -0.00018090316428371494 -8.5590309084209641e-05 0.00024909721829193535 -0.00036525308498873367 -5.1300499820953079e-05 0.00011039601967702079 4.3130839270348804e-05 -0.00025234683315600396 -0.00017806799610215886 0.00021696152699550355 -1.3916238801705002e-05 -3.6556110721001121e-05 0.00028832370292239423 0.0001877154100938555 1.5330819199790547e-05 -0.00022626164398407617
leaf_weight=551207 427 460 441 429 799 466 407 465 513 427 673 633 719 604 703 683 431 632 612 1025 426 418 421 508 563 1562 426 600 784 769
leaf_count=551207 427 460 441 429 799 466 407 465 513 427 673 633 719 604 703 683 431 632 612 1025 426 418 421 508 563 1562 426 600 784 769
internal_value=-3.97174e-07 4.6465e-05 7.21571e-05 0.000178577 -1.24304e-05 0.000257132 0.000155519 -0.000100123 -0.000172193 -7.63627e-07 -3.18151e-05 -0.000173175 -9.0397e-06 0.000102635 -3.07297e-05 -4.5417e-05 2.98939e-05 -9.67917e-05 -0.000212441 -4.02492e-05 1.33371e-05 -0.000104449 -1.44848e-05 2.55657e-05 9.65884e-05 -2.33116e-07 7.03423e-05 2.62616e-05 -5.64814e-07 -0.000104981
internal_weight=569233 4407 3947 1743 2204 1302 836 1405 978 564826 9478 1306 8172 1323 6849 6422 2606 3816 1244 2572 1869 844 2175 1754 1071 555348 2588 2162 552760 1553
internal_count=569233 4407 3947 1743 2204 1302 836 1405 978 564826 9478 1306 8172 1323 6849 6422 2606 3816 1244 2572 1869 844 2175 1754 1071 555348 2588 2162 552760 1553
is_linear=0
shrinkage=0.03


Tree=265
num_leaves=31
num_cat=0
split_feature=14 10 26 5 10 16 13 1 25 16 35 39 27 10 25 25 0 19 27 39 12 24 36 24 20 38 26 20 12 25
split_gain=0.0151679 0.0188305 0.0259337 0.033221 0.0221426 0.021941 0.0258415 0.018206 0.011981 0.00963353 0.00937662 0.00902544 0.0148089 0.0203782 0.0173479 0.0121005 0.00913148 0.00833524 0.0223792 0.013525 0.0128913 0.0188787 0.0155455 0.0125689 0.0123872 0.0152487 0.0166329 0.0153926 0.0109592 0.00997229
threshold=-0.4798318743705749 0.42620199918746954 0.19775807857513431 0.45720390975475317 0.39198911190032965 -0.48653183877468104 0.22491610795259478 0.41289757192134863 0.47993287444114691 -0.34589572250843043 -0.48653183877468104 0.47696729004383093 0.32490874826908117 0.24519053101539615 0.33277405798435217 0.26512607932090765 0.43962624669075018 0.49126620590686804 0.33277405798435217 0.45307256281375891 0.35837019979953771 0.43868599832057958 0.44500453770160681 0.31167945265769964 0.48662193119525915 0.05709491856396199 0.36581273376941686 0.49664428830146795 0.25769412517547613 0.42620199918746954
decision_type=2 2 2 10 2 2 2 2 2 2 2 2 2 2 2 2 2 10 2 2 2 2 2 2 10 8 2 10 2 2
left_child=1 4 5 -4 8 6 -3 -6 9 10 -1 12 13 16 -14 -15 -12 24 19 23 28 22 29 -19 -2 27 -27 -26 -20 -22
right_child=17 2 3 -5 7 -7 -8 -9 -10 -11 11 -13 14 15 -16 -17 -18 18 20 -21 21 -23 -24 -25 25 26 -28 -29 -30 -31
leaf_value=0.00013403724361834226 5.6497645020983188e-07 -6.9339519104999771e-05 0.00032909387402254718 4.2645501336081023e-05 8.6036538188477447e-06 -0.00010398227404563359 0.00022151994764837293 -0.00027267480698287775 0.00015279620924247276 0.00013607105877091506 -1.3790472475460047e-06 9.9147722544775833e-05 1.8056473493611135e-05 4.2473653725076294e-05 -0.00021172156537249977 0.00026052085153666066 -0.00014823085032538368 -1.3658563961344743e-05 8.8508510376933763e-05 -0.00015522148803023708 0.00012857600527460948 -0.00011082122788043067 0.00025658370015292273 0.00011280003252931834 -5.076535246469295e-05 -4.8884655396257402e-05 -0.00022437151567511793 0.00018750617066495495 0.00031077211221931941 -6.393864581332309e-05
leaf_weight=500 542213 456 736 719 401 755 668 417 610 562 5239 766 547 525 630 403 401 3702 410 481 531 446 442 864 536 3067 570 433 401 430
leaf_count=500 542213 456 736 719 401 755 668 417 610 562 5239 766 547 525 630 403 401 3702 410 481 531 446 442 864 536 3067 570 433 401 430
internal_value=1.37322e-06 3.18303e-05 9.4176e-05 0.0001888 1.28672e-05 2.02921e-05 0.000103949 -0.000136348 2.49756e-05 1.66798e-05 9.09104e-06 1.60208e-06 -8.16084e-06 9.44923e-06 -0.000105682 0.000138932 -1.2064e-05 5.85316e-07 3.15462e-05 -5.60156e-06 0.000101786 5.74868e-05 0.000111396 1.04647e-05 1.48377e-07 -4.87882e-05 -7.69272e-05 5.65346e-05 0.000200854 4.26639e-05
internal_weight=568861 14335 3334 1455 11001 1879 1124 818 10183 9573 9011 8511 7745 6568 1177 928 5640 554526 7707 5047 2660 1849 1403 4566 546819 4606 3637 969 811 961
internal_count=568861 14335 3334 1455 11001 1879 1124 818 10183 9573 9011 8511 7745 6568 1177 928 5640 554526 7707 5047 2660 1849 1403 4566 546819 4606 3637 969 811 961
is_linear=0
shrinkage=0.03


Tree=266
num_leaves=31
num_cat=0
split_feature=8 15 38 24 6 28 29 38 22 15 26 26 16 22 4 24 36 6 22 24 7 38 23 37 22 13 3 29 27 23
split_gain=0.0106832 0.0176669 0.0340907 0.022139 0.0172926 0.0260334 0.0174968 0.0164872 0.0157191 0.0152087 0.0217789 0.0147018 0.0144997 0.0272511 0.0280342 0.018314 0.0177731 0.0152365 0.0144447 0.0269716 0.0188444 0.013984 0.0136477 0.0150994 0.0172812 0.0228605 0.0224713 0.0155446 0.0139517 0.0135648
threshold=0.47318433225154882 0.46441236138343817 0.19131659716367724 0.44500453770160681 0.45617236196994787 0.070949185639619841 0.42620199918746954 -0.34561291337013239 -0.36572171747684473 -0.42605021595954889 0.33203053474426275 -0.030160912312567231 -0.10499014332890509 0.13091243803501132 0.44525898993015295 0.42620199918746954 0.49664428830146795 0.41592712700366979 -0.49664428830146784 0.49664428830146795 -0.38545641303062433 -0.49664428830146784 -0.050167785957455628 -0.050167785957455628 0.18458957225084308 0.49293276667594915 0.47993287444114691 -0.22480142861604688 0.40614514052867895 0.43189549446105963
decision_type=2 2 10 2 10 2 2 10 10 2 2 2 2 10 2 2 2 8 8 2 2 8 2 2 10 2 2 2 2 2
left_child=18 4 -3 11 6 8 12 -7 -6 -10 -11 -4 16 14 -14 -16 22 -15 19 20 -1 -22 -2 24 25 26 27 -24 -25 -8
right_child=1 2 3 -5 5 7 29 -9 9 10 -12 -13 13 17 15 -17 -18 -19 -20 -21 21 -23 23 28 -26 -27 -28 -29 -30 -31
leaf_value=-0.00014819748407230525 8.8529841819175232e-05 -0.00030498873734286907 0.00018129796270064421 -0.00020156131317129692 0.00027218324572638017 -0.00022164989905388386 0.00017571235803678483 2.023477292407255e-05 0.00020139190499403464 0.00011438963669399252 -0.00014364652806302718 -5.4001597619067209e-05 -1.3667163678114952e-05 -3.3482659282598358e-05 7.1136651574308429e-05 0.00034477890001989115 -0.00025545665710934723 -0.00025213061946271624 9.1892349143533447e-08 0.00027461140283676386 0.00019406744036587042 2.6668533129093416e-05 -0.00023736483251776279 -1.6768392468372399e-05 5.2548633535047982e-05 -0.00024634620851279881 0.00012624911060701524 -1.9955807214244298e-05 -0.00019667701382112486 -3.8832654176966154e-05
leaf_weight=459 528 556 429 441 417 400 614 661 523 708 489 517 1530 877 487 402 422 419 549283 445 534 2602 460 565 1304 573 561 805 1242 456
leaf_count=459 528 556 429 441 417 400 614 661 523 708 489 517 1530 877 487 402 422 419 549283 445 534 2602 460 565 1304 573 561 805 1242 456
internal_value=-1.99055e-07 -2.40641e-05 -0.000108754 -2.84704e-05 -1.26035e-05 4.8852e-05 -3.01089e-05 -7.21745e-05 0.000108997 6.8089e-05 8.6596e-06 5.34843e-05 -4.22606e-05 4.96463e-06 6.43707e-05 0.000197335 -6.93845e-05 -0.000105561 5.08103e-07 5.69567e-05 2.93277e-05 5.56996e-05 -5.59789e-05 -6.99619e-05 -3.50951e-05 -8.27551e-05 -3.0358e-05 -0.000100255 -0.000140826 8.47671e-05
internal_weight=569709 16386 1943 1387 14443 3198 11245 1061 2137 1720 1197 946 10175 3715 2419 889 6460 1296 553323 4040 3595 3136 6038 5510 3703 2399 1826 1265 1807 1070
internal_count=569709 16386 1943 1387 14443 3198 11245 1061 2137 1720 1197 946 10175 3715 2419 889 6460 1296 553323 4040 3595 3136 6038 5510 3703 2399 1826 1265 1807 1070
is_linear=0
shrinkage=0.03


Tree=267
num_leaves=31
num_cat=0
split_feature=0 21 12 6 9 27 30 5 6 38 23 7 32 6 13 24 1 12 4 15 15 17 5 13 11 9 24 13 17 21
split_gain=0.00594643 0.0129955 0.0126309 0.0174257 0.0217272 0.0173068 0.0112474 0.0253111 0.0166446 0.02237 0.0181442 0.0129094 0.0116109 0.00882735 0.0115761 0.00859519 0.007986 0.0135218 0.00940386 0.0465829 0.0350996 0.0270927 0.0180477 0.0200005 0.0182241 0.0169216 0.022261 0.0255399 0.0265395 0.0239655
threshold=0.063794087618589415 -0.49283143877983088 0.05709491856396199 0.37398266792297369 0.48606254160404211 0.37149409949779516 0.47993287444114691 0.46457038819789892 -0.048267621546983712 -0.45818765461444849 0.3388179242610932 0.28466880321502691 0.090756561607122435 0.071921184659004225 0.4516685158014298 0.33277405798435217 -0.48653183877468104 0.37925247848033911 0.47993287444114691 -0.4394956231117248 -0.4798318743705749 -0.38581016659736628 0.49069747328758245 0.23838964849710467 0.31153479218482977 0.48418948054313665 0.47094413638114935 0.39177928864955908 0.15108475089073184 0.27103835344314581
decision_type=2 8 2 8 2 2 2 10 10 8 2 2 2 10 2 2 2 2 2 2 2 2 10 2 2 2 2 2 2 10
left_child=-1 2 -2 5 -5 -4 16 8 10 -10 12 13 -8 -11 -15 -13 17 -3 25 20 -20 -21 24 -24 -23 -18 27 -27 -29 -28
right_child=1 6 3 4 -6 -7 7 -9 9 11 -12 15 -14 14 -16 -17 18 -19 19 21 -22 22 23 -25 -26 26 29 28 -30 -31
leaf_value=2.358618844919054e-06 -6.6971301949102623e-05 3.9558880430917919e-05 6.2351514593796069e-05 0.00014104937827683254 -0.00011022558123070224 0.00033890748992488294 5.1525632311256637e-05 -0.00024165577524440498 -0.00022153560442190304 3.5719440799154225e-05 0.00018694449226982758 -4.9616028015814915e-05 -0.00011644673934482049 -2.9987386657202047e-05 -0.00021463378608777974 0.00012392002077257059 -2.9763329170788868e-06 -0.00017701600848953845 3.5047556472065203e-05 -0.00017408372621210692 0.00041368335632971793 -6.8351105285428836e-05 1.7793286492058752e-05 -0.00023633817215760073 0.00011007904104050624 -1.473226833117361e-05 -5.0380899639543344e-05 -0.00010778026830176595 -0.00038969136769330002 0.00019109657050482139
leaf_weight=321374 526 444 407 659 567 409 966 527 665 431 549 425 587 623 597 623 227896 604 421 693 457 664 821 411 2203 1050 1396 818 476 492
leaf_count=321374 526 444 407 659 567 409 966 527 665 431 549 425 587 623 597 623 227896 604 421 693 457 664 821 411 2203 1050 1396 818 476 492
internal_value=-3.32747e-07 -3.8287e-06 6.31761e-05 9.68639e-05 2.48882e-05 0.000203393 -4.53404e-06 -4.5092e-05 -2.57338e-05 -6.70393e-05 4.03751e-05 -2.82961e-05 -1.23031e-05 -8.03808e-05 -0.000121353 5.37414e-05 -3.51453e-06 -8.57543e-05 -3.1485e-06 3.49892e-05 0.000234567 -1.99016e-06 2.74578e-05 -6.82062e-05 6.86605e-05 -4.08153e-06 -6.34496e-05 -0.000124999 -0.000213675 1.32218e-05
internal_weight=568781 247407 2568 2042 1226 816 244839 5993 5466 3364 2102 2699 1553 1651 1220 1048 238846 1048 237798 5670 878 4792 4099 1232 2867 232128 4232 2344 1294 1888
internal_count=568781 247407 2568 2042 1226 816 244839 5993 5466 3364 2102 2699 1553 1651 1220 1048 238846 1048 237798 5670 878 4792 4099 1232 2867 232128 4232 2344 1294 1888
is_linear=0
shrinkage=0.03


Tree=268
num_leaves=31
num_cat=0
split_feature=8 32 5 18 35 39 32 27 36 22 8 8 27 10 37 37 18 6 6 19 7 19 16 3 39 19 6 32 6 0
split_gain=0.0114083 0.0166625 0.0131031 0.0293991 0.0244754 0.0219155 0.0160873 0.0151553 0.0109822 0.0263437 0.0346179 0.0188433 0.0150719 0.0463262 0.0243893 0.0231015 0.0224986 0.0439163 0.0185393 0.029385 0.0271902 0.0270524 0.0216786 0.0197941 0.0184135 0.0236734 0.0160598 0.0154237 0.0144536 0.00920361
threshold=-0.48653183877468104 0.30455449223518377 -0.42802877724170679 0.19804988801479342 0.41810730099678045 0.39966443181037908 -0.091918367892503725 -0.19834428280591962 0.48406349122524267 -0.4798318743705749 0.33895461261272436 -0.091751702129840837 0.23838964849710467 -0.33842268586158747 0.17790922522544864 -0.49664428830146784 -0.47306366264820093 0.15652710199356082 0.35476978123188024 -0.3184868842363357 0.36476325988769537 -0.3184868842363357 -0.23151255398988721 0.44500453770160681 0.48418948054313665 0.38475373387336737 0.49227787554264074 0.036974893882870681 0.20818126201629641 -0.4798318743705749
decision_type=2 2 8 2 2 2 2 2 2 8 2 2 2 2 2 2 2 10 8 8 2 8 2 2 2 8 8 2 8 2
left_child=1 2 3 6 -4 -6 -1 -5 29 10 11 -10 14 -14 28 -15 17 -17 19 -18 26 -22 -23 27 -24 -26 -20 -21 -11 -2
right_child=8 -3 4 7 5 -7 -8 -9 9 12 -12 -13 13 15 -16 16 18 -19 20 23 21 22 24 -25 25 -27 -28 -29 -30 -31
leaf_value=0.0001405460257109476 -2.5284016552565268e-05 4.8925775341999646e-05 -6.776243189014482e-06 -0.00012037212942513655 -0.00031559062061044442 -2.6792776535094833e-05 -0.00011341642593677734 -0.00036548878014517038 -0.00017315433502039108 7.7416294522099206e-05 -0.00033156628523404059 7.923069231617799e-05 0.00030614615722675048 0.00018540651919602617 -0.00022878041487894025 6.9473009159854059e-05 0.00027044720061960903 -0.00031505413186886982 -0.00030969709391345031 -1.0797252334763951e-05 -0.0001800754105635737 0.00025088969972669419 -0.00012091758691150252 -0.00011070391961416866 -6.1838327515259352e-05 0.00025759120428889358 -5.8269282849066238e-05 0.00022408604203495551 -0.00013954555027744804 1.1750000537464989e-06
leaf_weight=405 12089 1879 5746 494 464 476 479 435 492 733 553 558 433 495 677 464 484 611 449 564 521 415 586 724 413 406 467 443 430 535893
leaf_count=405 12089 1879 5746 494 464 476 479 435 492 733 553 558 433 495 677 464 484 611 449 564 521 415 586 724 413 406 467 443 430 535893
internal_value=-5.8199e-07 -3.17326e-05 -4.96015e-05 -0.000120924 -3.01098e-05 -0.00017117 3.20578e-06 -0.000237817 -3.00776e-09 -2.97818e-05 -0.000141719 -3.95476e-05 -1.03875e-05 8.5756e-06 -8.70551e-05 -1.01297e-05 -2.51738e-05 -0.000149971 -4.28e-07 6.6363e-05 -4.59149e-05 8.48215e-06 6.31484e-05 8.07391e-06 6.31339e-06 9.77085e-05 -0.000183526 9.37201e-05 -3.30753e-06 5.90838e-07
internal_weight=569278 10378 8499 1813 6686 940 884 929 558900 10918 1603 1050 9315 7475 1840 7042 6547 1075 5472 2215 3257 2341 1820 1731 1405 819 916 1007 1163 547982
internal_count=569278 10378 8499 1813 6686 940 884 929 558900 10918 1603 1050 9315 7475 1840 7042 6547 1075 5472 2215 3257 2341 1820 1731 1405 819 916 1007 1163 547982
is_linear=0
shrinkage=0.03


Tree=269
num_leaves=31
num_cat=0
split_feature=24 3 24 29 12 33 7 18 33 30 11 29 12 27 1 7 11 22 22 26 19 37 13 39 17 13 19 1 39 25
split_gain=0.00905203 0.0128902 0.0248555 0.0149474 0.0220452 0.0310115 0.0218635 0.0115624 0.0152235 0.0207232 0.0173902 0.0168801 0.0167827 0.0160972 0.0373574 0.0165689 0.0140677 0.0211547 0.0215697 0.0186358 0.0258291 0.0165119 0.0131982 0.0162056 0.0288477 0.0206057 0.0127339 0.0302574 0.014881 0.020601
threshold=0.22491610795259478 0.49664428830146795 0.33816526830196386 0.40514095127582556 0.47318433225154882 0.29932886362075811 0.48406349122524267 -0.47306366264820093 0.24448499828577044 0.030252186581492427 0.49288246035575872 -0.30533944070339197 0.31229026615619665 0.45986577868461614 0.49111093580722814 0.45307256281375891 0.49221777915954595 -0.25850497186183924 0.39273729920387274 -0.32545009255409235 0.14468246698379519 0.12542516738176349 0.47683362662792211 0.45986577868461614 -0.37915775179862971 0.39849410951137548 -0.41272504627704615 0.49227787554264074 0.4385290145874024 0.35910767316818243
decision_type=2 2 2 2 2 2 2 2 2 2 2 2 2 2 2 2 2 8 10 2 10 2 2 2 2 2 8 2 2 2
left_child=-1 7 -3 4 5 6 -4 8 10 -10 13 -11 -13 14 22 -15 26 -18 19 21 -21 -19 23 -2 -25 -26 27 28 -9 -30
right_child=1 2 3 -5 -6 -7 -8 16 9 11 -12 12 -14 15 -16 -17 17 18 -20 20 -22 -23 -24 24 25 -27 -28 -29 29 -31
leaf_value=2.5142086206912347e-06 -5.1577521226779576e-05 -0.00028003833301889759 -0.00024352789096561791 -0.00018553318108354515 0.00013838996925064209 0.00015398784405789393 1.0849062760504676e-06 -1.983286880422007e-06 0.00016873421298763748 0.0001171058330477374 -0.00022914796863704063 -1.026118840518612e-05 -0.0002307230259985873 0.00021521646237141525 -0.00029401295168228741 -4.8969005216695299e-05 0.00025840300381515315 1.608341529670275e-05 0.00022359702788487713 -5.4617488535873006e-05 0.00025228271588072346 -0.00025142099890422602 -0.00016331521076510841 0.00025460084693549711 0.00010193591648399988 -0.0001739240020553832 -6.6895085525179714e-06 0.00024526712441520754 -1.1787217213239334e-05 0.00014841249339669094
leaf_weight=412140 4484 410 716 474 698 447 601 10433 685 576 472 1111 422 407 547 432 421 403 406 600 406 416 669 468 499 458 125313 523 1335 1561
leaf_count=412140 4484 410 716 474 698 447 601 10433 685 576 472 1111 422 407 547 432 421 403 406 600 406 416 669 468 499 458 125313 523 1335 1561
internal_value=1.82346e-07 -5.96254e-06 -6.4124e-05 -3.31242e-05 -3.14961e-06 -5.962e-05 -0.000132734 -4.68688e-06 -3.39757e-05 2.66473e-05 -5.40618e-05 -2.00808e-05 -7.20513e-05 -4.34106e-05 -5.80599e-05 8.02132e-05 -2.36537e-06 6.59497e-05 2.86419e-05 -1.57111e-05 7.05049e-05 -0.000121186 -3.80225e-05 -2.35853e-05 6.42426e-05 -3.05182e-05 -3.67186e-06 2.36126e-05 1.4738e-05 7.47771e-05
internal_weight=568533 156393 3346 2936 2462 1764 1317 153047 11230 2794 8436 2109 1533 7964 7125 839 141817 2652 2231 1825 1006 819 6578 5909 1425 957 139165 13852 13329 2896
internal_count=568533 156393 3346 2936 2462 1764 1317 153047 11230 2794 8436 2109 1533 7964 7125 839 141817 2652 2231 1825 1006 819 6578 5909 1425 957 139165 13852 13329 2896
is_linear=0
shrinkage=0.03


Tree=270
num_leaves=31
num_cat=0
split_feature=25 19 22 26 1 36 36 0 14 13 28 20 11 26 36 22 24 36 1 16 8 28 19 5 12 36 30 0 22 26
split_gain=0.008546 0.0220295 0.0330872 0.0187772 0.0288395 0.0280118 0.0256919 0.0248312 0.0201719 0.0304659 0.0361388 0.0196307 0.0213528 0.0187912 0.01803 0.0178752 0.0199214 0.0274183 0.0240494 0.0247878 0.0223159 0.0209968 0.0224654 0.0190397 0.0128486 0.0116792 0.0148378 0.0174328 0.0110677 0.0107211
threshold=0.47069558501243597 0.49239532649517065 0.45202739536762243 0.16409231722354892 0.48662193119525915 0.49221777915954595 0.47718597948551184 0.16409231722354892 0.43310962617397314 0.49664428830146795 0.16554810106754306 0.40558609366416937 0.49221777915954595 0.41289757192134863 0.4463686496019364 0.45986577868461614 0.41188235580921179 0.35222332179546362 -0.45970448851585383 -0.3188162744045257 -0.42605021595954889 0.18465003371238711 -0.41940896213054651 0.38066548109054571 0.42620199918746954 0.48596473038196569 0.17118690907955172 0.39966443181037908 -0.024671319872140881 0.42620199918746954
decision_type=2 10 10 2 2 2 2 2 2 2 2 8 2 2 2 10 2 2 2 2 2 2 10 10 2 2 2 2 10 2
left_child=-1 3 -3 7 11 6 14 15 9 10 25 12 29 -7 -6 16 17 -2 19 -19 -21 22 -18 28 -24 26 -9 -28 -20 -5
right_child=1 2 -4 4 5 13 -8 8 -10 -11 -12 -13 -14 -15 -16 -17 21 18 23 20 -22 -23 24 -25 -26 -27 27 -29 -30 -31
leaf_value=-4.3699043692249823e-07 -8.23341426521309e-06 2.5183168177538264e-05 -0.00031455660739205952 4.5039806770712282e-05 0.00027530809451949281 0.0001782975606459391 0.00040396048711813313 -1.7880239244654098e-05 9.1250581364625774e-05 0.00012621824633051321 0.00010126008773204713 -0.00016868525968950627 -0.00012374161588756186 -9.3534028395320006e-05 -4.5715392907752666e-06 0.00022663520756518356 -0.00025045297757954424 -0.00010760738571459213 -1.0760809648460015e-05 0.00026945436871207105 -2.5526359808381666e-05 0.00014128331108921398 -0.00011283595227273292 0.00031213402182329441 8.6326803154622724e-05 -0.00027824328515149206 -0.00032624745050944539 -7.4549593313923051e-05 0.00020001328007564269 0.00020554405378572088
leaf_weight=550087 3170 635 423 1147 402 401 530 664 720 522 528 446 497 507 416 417 566 654 413 487 428 401 620 715 533 664 492 504 478 552
leaf_count=550087 3170 635 423 1147 402 401 530 664 720 522 528 446 497 507 416 417 566 654 413 487 428 401 620 715 533 664 492 504 478 552
internal_value=2.45235e-07 2.00577e-05 -0.000112322 2.7952e-05 7.79362e-05 0.000156461 0.000242723 9.03913e-06 -5.20085e-05 -8.27588e-05 -0.000121315 1.05465e-05 4.75475e-05 2.71495e-05 0.000134637 3.72048e-05 2.76167e-05 5.42024e-05 0.00011637 3.24807e-05 0.00013269 -5.18332e-05 -9.7439e-05 0.000197619 -2.08179e-05 -0.0001721 -0.000128231 -0.000200889 0.000103279 9.80847e-05
internal_weight=569019 18932 1058 17874 4898 2256 1348 12976 4094 3374 2852 2642 2196 908 818 8882 8465 6345 3175 1569 915 2120 1719 1606 1153 2324 1660 996 891 1699
internal_count=569019 18932 1058 17874 4898 2256 1348 12976 4094 3374 2852 2642 2196 908 818 8882 8465 6345 3175 1569 915 2120 1719 1606 1153 2324 1660 996 891 1699
is_linear=0
shrinkage=0.03


Tree=271
num_leaves=31
num_cat=0
split_feature=0 1 26 26 19 4 5 6 21 13 13 35 13 17 12 19 35 36 13 26 26 1 4 19 6 21 21 14 36 11
split_gain=0.00650211 0.0205532 0.034552 0.0286766 0.0393596 0.0228559 0.0225351 0.0373518 0.0186152 0.0233686 0.0249606 0.0197731 0.0277516 0.0236518 0.0209485 0.0182594 0.0192947 0.0180849 0.0175794 0.0251623 0.0252589 0.026269 0.0342054 0.0227407 0.0160017 0.0134782 0.0266646 0.0158536 0.0124749 0.0216376
threshold=0.47318433225154882 0.35910767316818243 0.21147392690181735 0.49221777915954595 -0.40601159632205958 -0.17109678685665128 -0.38727100193500513 -0.24448499828577039 -0.39258971810340876 0.4516685158014298 0.33895461261272436 0.49307949841022497 0.41188235580921179 0.41289757192134863 0.21147392690181735 -0.42605021595954889 0.31848688423633581 0.43962624669075018 0.48418948054313665 -0.41272504627704615 0.14400359243154529 0.45307256281375891 0.036974893882870681 -0.39930471777915949 0.33522948622703558 0.14436987787485125 0.31848688423633581 -0.21803475916385648 0.45202739536762243 0.43801879882812506
decision_type=2 2 2 2 10 2 8 8 10 2 2 2 2 2 2 10 2 2 2 2 2 2 2 10 10 10 10 2 2 2
left_child=28 5 6 8 -5 -2 -3 -8 9 10 -4 13 14 15 -13 -10 -17 -6 19 -9 21 -21 -23 -24 -25 27 -27 -18 -1 -30
right_child=1 2 3 4 17 -7 7 18 11 -11 -12 12 -14 -15 -16 16 25 -19 -20 20 -22 22 23 24 -26 26 -28 -29 29 -31
leaf_value=-7.7057440662840474e-07 0.00024885277506608947 8.2664356496773989e-05 -1.4612087972414633e-05 0.000119140289306099 -0.00011185859049473075 1.2981497439824803e-05 -0.0003489927132622056 -0.00025900853209985102 0.00013118160471118324 6.7115519177952105e-05 -0.00032089585361924638 0.00010542109262992385 -9.5185747084008583e-06 0.00018262454520629753 0.00040490688636156039 6.7182093377775247e-05 0.00011128034942850222 -0.00037994345143415291 -0.00023697505742209865 -0.00011210867629771753 -0.00021749427736022074 0.00031951981577366904 -0.00016635394793555806 -3.8683413750443759e-05 0.00022309064338017458 -0.00034478802600672228 -1.1285921932287439e-05 -0.00010905784966063572 -5.8720027194679663e-06 5.5611409091871666e-05
leaf_weight=532429 481 585 514 413 532 1502 529 480 680 724 440 428 593 678 422 1021 457 401 570 991 518 402 443 400 427 433 422 784 10976 9695
leaf_count=532429 481 585 514 413 532 1502 529 480 680 724 440 428 593 678 422 1021 457 401 570 991 518 402 443 400 427 433 422 784 10976 9695
internal_value=-4.32647e-07 -1.91189e-05 -3.16899e-05 4.3962e-06 -0.000122705 7.11564e-05 -9.19561e-05 -0.000113545 2.705e-05 -6.08987e-05 -0.000157738 5.20478e-05 0.000148214 2.07771e-05 0.000257086 -8.52655e-06 -3.93271e-05 -0.000229888 -8.33537e-05 -5.88553e-05 -2.79359e-05 9.61222e-06 8.19942e-05 4.90006e-06 9.75274e-05 -9.12823e-05 -0.000182216 -2.76771e-05 1.17364e-07 2.29776e-05
internal_weight=569370 16270 14287 8942 1346 1983 5345 4760 7596 1678 954 5918 1443 4475 850 3797 3117 933 4231 3661 3181 2663 1672 1270 827 2096 855 1241 553100 20671
internal_count=569370 16270 14287 8942 1346 1983 5345 4760 7596 1678 954 5918 1443 4475 850 3797 3117 933 4231 3661 3181 2663 1672 1270 827 2096 855 1241 553100 20671
is_linear=0
shrinkage=0.03


Tree=272
num_leaves=31
num_cat=0
split_feature=36 32 27 38 20 21 24 15 28 1 7 11 11 32 27 38 11 36 36 4 26 3 1 15 26 1 0 22 28 11
split_gain=0.00721359 0.0327668 0.032434 0.0300047 0.0227476 0.0227455 0.0200575 0.0232875 0.0136461 0.011268 0.0409857 0.0388083 0.0261374 0.0199076 0.018365 0.0143992 0.00720524 0.0173569 0.0298948 0.0230683 0.0240698 0.0216721 0.0191253 0.0184153 0.0174606 0.0167156 0.0160508 0.0151556 0.0151296 0.0124155
threshold=0.49664428830146795 -0.019842519424855706 0.47993287444114691 -0.36643192172050471 0.33895461261272436 -0.11742048338055609 0.49664428830146795 -0.032316081225872033 -0.083612978458404527 0.49664428830146795 0.27113538980484014 0.48662193119525915 0.44485473632812506 0.063794087618589415 0.42620199918746954 0.036974893882870681 0.48615899682044988 0.48662193119525915 0.47132579982280737 0.466554805636406 0.13763252645730975 0.35240399837493902 0.31229026615619665 -0.32545009255409235 -0.083612978458404527 -0.25836129486560816 -0.40601159632205958 0.10409675538539888 -0.17109678685665128 0.47976386547088629
decision_type=2 2 2 8 10 10 2 2 2 2 2 2 2 2 2 8 2 2 2 2 2 2 2 2 2 2 2 8 2 2
left_child=9 2 6 8 5 -5 7 -2 -3 16 14 12 15 -14 -11 -12 29 18 19 20 21 27 23 -21 -20 26 -23 -18 -29 -1
right_child=1 3 -4 4 -6 -7 -8 -9 -10 10 11 -13 13 -15 -16 -17 17 -19 24 22 -22 25 -24 -25 -26 -27 -28 28 -30 -31
leaf_value=-1.0396825023696468e-07 1.9864335415299302e-06 0.0003018892456955189 -0.0003196595552985177 1.4547888173260792e-05 0.00013168779794229499 -0.00027976539322159099 9.9192123307707681e-05 -0.00029466853545153721 5.9724146301287219e-05 8.8557494068206946e-05 -7.9891783024938764e-05 0.00020326263646937398 -0.00034417784369992165 -4.9691287451109637e-05 0.00036837299928220294 0.00015681138951993925 3.5708919454893168e-05 -0.00016907682837400079 3.3780076667167493e-05 -0.00021340041843048271 -0.00017021420183880226 0.00013929670731488927 -0.00027195053529550331 4.1553856283266772e-05 0.0002708346192283953 0.00019858210231742598 -9.4686377962375029e-05 -2.4272540073949396e-05 -0.00026614552840069914 5.8472040449080953e-05
leaf_weight=550781 526 412 554 483 433 451 510 425 428 420 486 570 418 407 432 424 978 709 756 411 669 494 593 640 437 806 544 524 412 3266
leaf_count=550781 526 412 554 483 433 451 510 425 428 420 486 570 418 407 432 424 978 709 756 411 669 494 593 640 437 806 544 524 412 3266
internal_value=-1.39566e-07 -3.91611e-05 -0.000126333 4.0638e-05 -4.60872e-05 -0.000129025 -5.13502e-05 -0.000132275 0.000180655 1.52622e-07 5.65814e-05 -9.37678e-06 -7.99998e-05 -0.000201233 0.000233063 3.0902e-05 -1.65353e-07 -2.84634e-05 -1.45253e-05 -4.15385e-05 -5.80971e-06 2.38317e-05 -0.000137133 -5.92192e-05 0.000122143 9.69753e-05 1.69363e-05 -4.67747e-05 -0.000132426 2.42375e-07
internal_weight=569399 4222 2015 2207 1367 934 1461 951 840 565177 3157 2305 1735 825 852 910 562020 7973 7264 6071 4427 3758 1644 1051 1193 1844 1038 1914 936 554047
internal_count=569399 4222 2015 2207 1367 934 1461 951 840 565177 3157 2305 1735 825 852 910 562020 7973 7264 6071 4427 3758 1644 1051 1193 1844 1038 1914 936 554047
is_linear=0
shrinkage=0.03


Tree=273
num_leaves=31
num_cat=0
split_feature=3 28 17 25 6 5 1 1 31 2 4 2 18 5 11 27 35 1 39 5 1 8 12 26 17 15 4 11 24 15
split_gain=0.00768742 0.0200538 0.0254043 0.0214635 0.031168 0.0300311 0.0298305 0.0207857 0.0178369 0.0223182 0.0173998 0.0167271 0.00773182 0.0203805 0.0158309 0.0180713 0.0244226 0.019042 0.0169207 0.0311339 0.0252921 0.0223261 0.0174219 0.0167057 0.0195288 0.0189805 0.0159009 0.0128191 0.0188703 0.0282818
threshold=0.49221777915954595 -0.38581016659736628 0.466554805636406 0.49221777915954595 0.45617236196994787 0.49272717535495764 0.47993287444114691 0.39837129414081579 0.14436987787485125 0.47993287444114691 0.48393547534942633 0.48662193119525915 -0.45298065245151514 0.46862696111202246 0.49664428830146795 0.466554805636406 0.49664428830146795 0.4641572386026383 0.45986577868461614 0.44274005293846136 0.45202739536762243 -0.31205530464649195 0.27854746580123907 -0.17101350426673886 -0.38581016659736628 -0.44627264142036432 0.33139298856258398 0.41797162592411047 0.47735816240310674 0.17729235440492633
decision_type=2 2 2 2 8 8 2 2 2 2 2 2 2 10 2 2 2 2 2 8 2 2 2 2 2 2 2 2 2 2
left_child=12 11 3 4 8 10 7 -6 9 -3 -5 -2 13 14 15 16 18 -17 20 21 -1 -20 -22 25 -25 -23 -26 -14 -29 -30
right_child=1 2 -4 5 6 -7 -8 -9 -10 -11 -12 -13 27 -15 -16 17 -18 -19 19 -21 22 23 -24 24 26 -27 -28 28 29 -31
leaf_value=-6.0841103155860267e-06 -3.6138839479929709e-05 -3.0413091509673372e-05 -0.00027747099883533241 -0.00017389327838203332 0.00012990797845474934 -0.00034217424473832194 0.0003145511722045393 -0.0001442415336205508 4.1504643778052651e-05 -0.00028846490701388533 4.5415297958235733e-05 0.00016058472215654877 7.9686244611001461e-08 -0.00012007323776679384 -0.00019108127263865485 -9.835038711409893e-06 -0.0001850494348030372 0.00025273655576109452 0.00026081409623792101 -0.00018085775219407041 -6.4230515102624169e-05 -0.00020563418516157802 -0.0002757147636145919 0.00026439757190799642 -3.5912752101931384e-05 7.8638496913483168e-05 0.00018269495595643989 1.2116889171404492e-05 1.819252171629849e-05 0.0002122244301891173
leaf_weight=19296 754 696 425 577 610 420 436 406 759 526 724 787 495844 1552 411 502 692 481 543 434 1204 402 490 477 844 426 452 35041 1778 1083
leaf_count=19296 754 696 425 577 610 420 436 406 759 526 724 787 495844 1552 411 502 692 481 543 434 1204 402 490 477 844 426 452 35041 1778 1083
internal_value=1.63458e-07 -3.07914e-05 -5.72408e-05 -3.85784e-05 4.8378e-06 -0.000124711 0.000110006 2.0018e-05 -7.24117e-05 -0.000142929 -5.24337e-05 6.47169e-05 5.56201e-07 -1.47486e-05 -8.5731e-06 -5.64309e-06 -1.0574e-05 0.000119897 -5.58635e-06 5.46242e-05 -1.58711e-05 8.76007e-05 -0.000126663 5.05792e-05 0.000102354 -6.01848e-05 4.11452e-05 1.36525e-06 1.81789e-05 9.21245e-05
internal_weight=569072 7120 5579 5154 3433 1721 1452 1016 1981 1222 1301 1541 561952 28206 26654 26243 25260 983 24568 3578 20990 3144 1694 2601 1773 828 1296 533746 37902 2861
internal_count=569072 7120 5579 5154 3433 1721 1452 1016 1981 1222 1301 1541 561952 28206 26654 26243 25260 983 24568 3578 20990 3144 1694 2601 1773 828 1296 533746 37902 2861
is_linear=0
shrinkage=0.03


Tree=274
num_leaves=31
num_cat=0
split_feature=15 36 1 7 30 3 19 15 30 22 36 36 37 9 29 0 19 11 37 15 37 29 39 9 8 14 17 23 23 28
split_gain=0.0106111 0.023779 0.0280944 0.014309 0.0151383 0.0188128 0.0193397 0.0124142 0.0296389 0.0502085 0.0120713 0.01558 0.0126835 0.0108468 0.00885809 0.00801429 0.0164649 0.0216576 0.0225668 0.0197426 0.0118065 0.0144805 0.0171691 0.0146907 0.00975762 0.0330924 0.0267415 0.0234467 0.0658585 0.0165209
threshold=0.47993287444114691 0.49288246035575872 0.48586554825305944 0.40614514052867895 -0.15181878209114072 0.42620199918746954 0.45986577868461614 0.47735816240310674 0.15108475089073184 -0.097268830984830842 0.466554805636406 0.41810730099678045 0.46399636566638952 0.18458957225084308 -0.45298065245151514 -0.48653183877468104 0.39151957631111151 0.47683362662792211 0.39966443181037908 0.41204395890235906 0.37925247848033911 -0.37915775179862971 0.35823833942413336 -0.43286086618900294 0.49664428830146795 0.31881627440452581 0.090756561607122435 0.42530338466167456 0.33189558982849127 -0.1590028181672096
decision_type=2 2 2 2 2 2 10 2 2 8 2 2 2 2 2 2 10 2 2 2 2 2 2 2 2 2 2 2 2 2
left_child=7 2 3 10 -5 -6 -7 15 13 -10 11 14 -13 -9 -2 16 19 18 -18 20 21 22 -1 -24 -17 26 27 28 -26 -29
right_child=1 -3 -4 4 5 6 -8 8 9 -11 -12 12 -14 -15 -16 24 17 -19 -20 -21 -22 -23 23 -25 25 -27 -28 29 -30 -31
leaf_value=3.4181568888737371e-05 8.9527820143197847e-05 -0.00021075886220253681 0.00017922137375530963 5.0583031629703542e-05 -2.5151659226996119e-05 -0.00034876017794651428 -7.9840680041528157e-05 3.2423528185610061e-05 -8.0827230784018026e-05 0.00033267168108232274 0.00014658559941473591 -6.6077490410829201e-06 -0.00022834351212732944 -0.00014018113679810899 -1.6183644392830038e-05 5.9959643950307176e-07 -0.00015353437676997393 -0.00029909044178536725 0.00012861409289194328 0.00014680963512173878 0.00012692828016189859 -1.1211147278381344e-05 -0.00031597403067043988 -8.1895497782532914e-05 -6.6174338459979546e-05 -0.00013808060868288082 0.00031212276658134573 9.0952088069371734e-05 0.00043143542710194277 -0.00015826496536556413
leaf_weight=454 786 595 607 484 754 517 457 1048 412 711 403 405 536 465 6868 541702 654 417 405 654 429 5471 436 547 520 622 449 420 430 532
leaf_count=454 786 595 607 484 754 517 457 1048 412 711 403 405 536 465 6868 541702 654 417 405 654 429 5471 436 547 520 622 449 420 430 532
internal_value=1.19443e-07 -2.73035e-05 -1.78959e-05 -2.87197e-05 -9.68992e-05 -0.000138261 -0.000224677 7.3125e-07 6.55575e-05 0.000181595 -1.187e-05 -1.94613e-05 -0.000133983 -2.11963e-05 -5.22533e-06 4.21701e-07 -2.69293e-05 -0.00011863 -4.54368e-05 -9.86441e-06 -2.40107e-05 -3.35542e-05 -0.000117954 -0.000187855 8.97574e-07 5.50072e-05 0.000106461 5.65319e-05 0.000161207 -4.85137e-05
internal_weight=569190 12412 11817 11210 2212 1728 974 556778 2636 1123 8998 8595 941 1513 7654 554142 9467 1476 1059 7991 7337 6908 1437 983 544675 2973 2351 1902 950 952
internal_count=569190 12412 11817 11210 2212 1728 974 556778 2636 1123 8998 8595 941 1513 7654 554142 9467 1476 1059 7991 7337 6908 1437 983 544675 2973 2351 1902 950 952
is_linear=0
shrinkage=0.03


Tree=275
num_leaves=31
num_cat=0
split_feature=39 22 12 22 6 35 6 6 2 35 7 23 18 30 25 24 36 6 38 37 29 5 37 21 16 17 2 22 6 16
split_gain=0.00930343 0.02639 0.0489723 0.0457089 0.0353484 0.0311919 0.0287179 0.0273341 0.0235428 0.0217258 0.021552 0.0205173 0.0193298 0.019244 0.0145875 0.0322089 0.0228937 0.0332644 0.0270639 0.0223214 0.021733 0.01591 0.0128886 0.0140191 0.0128061 0.035046 0.0339414 0.0251501 0.0203702 0.0137915
threshold=0.47993287444114691 0.13091243803501132 0.49664428830146795 0.39273729920387274 -0.42639318108558649 0.36581273376941686 0.2478626221418381 -0.059578418731689446 0.23141238093376162 0.29820537567138677 0.45986577868461614 0.37831963598728185 0.37844152748584753 -0.34549149870872492 0.48662193119525915 0.47318433225154882 0.41204395890235906 0.43801879882812506 0.25731724500656133 -0.092169135808944688 -0.063697375357151018 0.3730750977993012 -0.14426303654909131 -0.063697375357151018 -0.45970448851585383 -0.25898236036300654 0.49221777915954595 -0.46641474962234492 0.38927203416824346 -0.24914965778589246
decision_type=2 8 2 10 8 2 10 8 2 2 2 2 2 2 2 2 2 8 8 2 2 8 2 10 2 2 2 10 8 2
left_child=14 2 4 5 -2 10 -7 9 -5 -6 -3 -10 13 -9 -1 16 18 21 22 -19 -20 -18 -16 -24 27 28 29 -15 -26 -27
right_child=1 3 -4 8 7 6 -8 12 11 -11 -12 -13 -14 24 15 -17 17 19 20 -21 -22 -23 23 -25 25 26 -28 -29 -30 -31
leaf_value=5.882412305527216e-07 -0.00024845786352904704 -1.629678027010121e-05 0.00028735603665464661 0.00022640212446485943 1.6228548568342845e-05 -0.00049464393602910699 -0.00014711041211257073 0.00013168703777091393 -0.0001771004930780805 0.00026518226748127756 -0.00027181705319283842 6.5655701462342822e-05 0.00013692595858076726 -0.0003200161783372702 9.5262701165618388e-05 0.00023910943239660164 -2.8934472947374085e-05 -5.7865908332406403e-06 0.00032668428882652177 -0.00026830276968105662 3.769911431063916e-05 0.00020464211107966643 -0.00017485008854191617 5.2862855011440591e-05 -2.7743440243655984e-06 -0.00016744106902764536 -0.00030110102185955428 -7.9793352761487589e-06 0.00026742511563389407 -1.7976911524722101e-06
leaf_weight=551012 527 1057 509 407 692 412 459 521 517 572 404 764 606 440 851 692 596 505 559 681 403 456 490 467 563 576 532 482 443 1985
leaf_count=551012 527 1057 509 407 692 412 459 521 517 572 404 764 606 440 851 692 596 505 559 681 403 456 490 467 563 576 532 482 443 1985
internal_value=5.08404e-07 -2.51103e-05 5.017e-06 -8.8278e-05 -1.34236e-05 -0.000174063 -0.000315249 3.59982e-06 3.05626e-05 0.000130085 -8.83215e-05 -3.29314e-05 -2.2574e-05 -4.023e-05 1.0826e-06 4.87866e-05 2.20639e-05 -4.91763e-05 7.95917e-05 -0.000157506 0.000207256 7.32852e-05 1.08975e-05 -6.43324e-05 -5.82951e-05 -3.53735e-05 -8.53702e-05 -0.000158727 0.000117671 -3.95593e-05
internal_weight=569180 12468 8448 4020 7939 2332 871 7412 1688 1264 1461 1281 6148 5542 556712 5700 5008 2238 2770 1186 962 1052 1808 957 5021 4099 3093 922 1006 2561
internal_count=569180 12468 8448 4020 7939 2332 871 7412 1688 1264 1461 1281 6148 5542 556712 5700 5008 2238 2770 1186 962 1052 1808 957 5021 4099 3093 922 1006 2561
is_linear=0
shrinkage=0.03


Tree=276
num_leaves=31
num_cat=0
split_feature=14 39 0 11 19 27 27 19 19 20 21 24 5 30 13 23 3 7 35 2 5 0 11 23 3 35 39 31 19 36
split_gain=0.0103639 0.0153309 0.0141681 0.0212838 0.0175096 0.0156953 0.0122237 0.0211137 0.0250493 0.0237835 0.0199797 0.0255727 0.0170405 0.0217658 0.0295325 0.0211303 0.0354783 0.0202326 0.019765 0.0174706 0.0324773 0.01612 0.0460113 0.0191735 0.0142087 0.0171047 0.0243423 0.0145218 0.0192581 0.0140209
threshold=0.49664428830146795 0.48418948054313665 -0.41940896213054651 0.28547459840774542 0.45793896913528448 0.17118690907955172 0.43156538903713232 0.47318433225154882 0.49664428830146795 0.4186519086360932 0.48467411100864416 0.2382863983511925 0.067341789603233351 -0.41272504627704615 -0.1576878875494003 -0.044598657637834542 0.47094413638114935 0.49283143877983099 -0.19907208532094953 0.11071263998746873 -0.38316427171230311 0.49664428830146795 0.31848688423633581 0.35240399837493902 0.45986577868461614 -0.2717756032943725 0.40614514052867895 0.22444961965084079 -0.065051443874835954 0.30546234548091894
decision_type=2 2 2 2 10 2 2 8 10 8 10 2 10 2 2 2 2 2 2 2 10 2 2 2 2 2 2 2 8 2
left_child=6 2 -2 5 -5 -4 21 12 9 -9 11 -11 17 14 -14 16 -15 18 19 -8 -21 24 -23 -24 -1 -26 27 28 -27 -20
right_child=1 -3 3 4 -6 -7 7 8 -10 10 -12 -13 13 15 -16 -17 -18 -19 29 20 -22 22 23 -25 25 26 -28 -29 -30 -31
leaf_value=3.89773392982466e-07 -0.00010506683029014627 0.00020123918872926844 3.9190625564720422e-05 -1.8709975303184375e-05 0.00021858926536564132 -0.00015222020574707696 -8.8419834299881671e-05 0.0003081106996278833 -0.000111970881767163 0.00015259025067163151 0.00022321131008571219 -0.00012877467669198401 -7.4085336869757153e-05 1.4666360186663524e-06 0.00024327841281360552 -2.682557263949907e-05 0.00023446718038282562 -0.00024881715480696437 -1.6781837938286934e-05 0.00021613079912923496 -6.5295432991987267e-05 9.3306459192613828e-05 -0.0003763414544971002 -0.00010692676949171679 -2.7446854237906968e-05 0.00021278815047534247 0.00024094440706930553 -6.3046672626309718e-05 4.7964582407004927e-06 -0.0001341379539276558
leaf_weight=517807 619 495 1427 405 885 517 852 435 555 503 469 661 430 2713 658 26395 741 492 1446 761 701 699 415 566 1584 704 752 748 914 2506
leaf_count=517807 619 495 1427 405 885 517 852 435 555 503 469 661 430 2713 658 26395 741 492 1446 761 701 699 415 566 1584 704 752 748 914 2506
internal_value=-3.06153e-07 4.57798e-05 2.53385e-05 5.05455e-05 0.000144518 -1.22329e-05 -6.61925e-07 -1.65776e-05 6.55659e-05 0.000113522 6.01273e-05 -6.9242e-06 -2.23094e-05 -1.28716e-05 0.000118317 -1.76915e-05 5.19857e-05 -6.54311e-05 -5.06583e-05 1.89302e-05 8.16656e-05 5.62522e-07 -9.19412e-05 -0.000223547 8.61699e-07 5.27213e-05 9.34057e-05 4.56958e-05 9.60459e-05 -9.13492e-05
internal_weight=568855 4348 3853 3234 1290 1944 564507 40318 2623 2068 1633 1164 37695 30937 1088 29849 3454 6758 6266 2314 1462 524189 1680 981 522509 4702 3118 2366 1618 3952
internal_count=568855 4348 3853 3234 1290 1944 564507 40318 2623 2068 1633 1164 37695 30937 1088 29849 3454 6758 6266 2314 1462 524189 1680 981 522509 4702 3118 2366 1618 3952
is_linear=0
shrinkage=0.03


Tree=277
num_leaves=31
num_cat=0
split_feature=22 39 7 16 39 13 5 7 22 26 35 5 12 35 14 7 29 7 29 15 25 12 9 1 32 18 0 32 16 18
split_gain=0.00939111 0.0223083 0.00897992 0.0110454 0.0117989 0.0179731 0.0071008 0.00682127 0.0274375 0.0408619 0.0303359 0.0207837 0.0164901 0.019808 0.0272945 0.0205922 0.0264507 0.0155059 0.0149979 0.0148607 0.0147253 0.0143574 0.0162179 0.0142951 0.021502 0.0141388 0.0182557 0.0131927 0.0128362 0.013521
threshold=-0.49664428830146784 0.49118925631046301 -0.38545641303062433 0.21803475916385653 0.42469435930252081 0.35170717537403112 0.15283516794443133 0.47108417749404913 0.39273729920387274 0.043656742200255401 -0.28547459840774531 0.47570809721946722 0.40558609366416937 -0.2717756032943725 0.47166465222835546 0.47705537080764776 -0.4798318743705749 0.48576495051383978 -0.44627264142036432 -0.47306366264820093 0.31229026615619665 0.45307256281375891 0.4385290145874024 0.43809871375560766 -0.17109678685665128 0.466554805636406 -0.23179569095373151 -0.083612978458404527 -0.37915775179862971 -0.41272504627704615
decision_type=8 2 2 2 2 2 10 2 8 2 2 10 2 2 2 2 2 2 2 2 2 2 2 2 2 2 2 2 2 2
left_child=1 2 -1 4 6 -6 -4 -2 12 25 -11 -12 17 14 18 -15 -17 -9 -14 -20 -19 22 -18 24 -23 26 -10 -25 -21 -30
right_child=7 -3 3 -5 5 -7 -8 8 9 10 11 -13 13 15 -16 16 21 20 19 28 -22 23 -24 27 -26 -27 -28 -29 29 -31
leaf_value=-0.00011534700142285248 -5.0124812339191117e-07 0.00019763763238800244 5.6238129119318948e-05 -0.00010705139494799955 0.00026838813842732634 4.5322734836871286e-06 -6.5221015373049694e-05 3.8982411408750536e-06 0.00043782503228098705 -0.00021832702733017619 -4.7147056815206214e-05 0.00024104737737207617 0.00013576408642554518 7.4828821632761823e-05 0.00025371139275336157 -0.00029338009087738313 -3.9298864601554911e-05 2.2398223717994194e-05 -0.00016500399988571746 0.00014002770982299482 0.00018212560547416903 -0.00018866822602983007 -0.00023869566556703798 0.00019616945709293013 3.933210148173108e-06 0.00010254845036436769 0.00015313499186264711 -1.9000707125175374e-05 -0.00017993166826685099 9.9490930449590775e-06
leaf_weight=416 546551 705 1104 437 470 451 699 3111 404 434 488 404 650 949 431 452 787 958 529 520 1133 787 686 430 1509 610 430 611 400 1904
leaf_count=416 546551 705 1104 437 470 451 699 3111 404 434 488 404 650 949 431 452 787 958 529 520 1133 787 686 430 1509 610 430 611 400 1904
internal_value=4.42913e-07 4.46515e-05 1.40322e-05 3.13691e-05 5.38856e-05 0.000140618 9.04996e-06 1.07182e-07 1.79599e-05 0.000104891 -1.54362e-05 8.46057e-05 2.70818e-06 -1.86836e-05 2.97118e-05 -5.32251e-05 -7.64177e-05 4.64347e-05 5.02178e-06 -2.06518e-05 0.000109401 -5.54631e-05 -0.000133145 -2.08781e-05 -6.26167e-05 0.000214731 0.000294596 7.08993e-05 6.87554e-06 -2.36514e-05
internal_weight=569450 4282 3577 3161 2724 921 1803 565168 18617 2770 1326 892 15847 10645 4434 6211 5262 5202 4003 3353 2091 4810 1473 3337 2296 1444 834 1041 2824 2304
internal_count=569450 4282 3577 3161 2724 921 1803 565168 18617 2770 1326 892 15847 10645 4434 6211 5262 5202 4003 3353 2091 4810 1473 3337 2296 1444 834 1041 2824 2304
is_linear=0
shrinkage=0.03


Tree=278
num_leaves=31
num_cat=0
split_feature=24 21 39 31 30 16 19 15 24 26 21 9 29 6 8 29 23 9 8 19 8 30 6 14 23 24 39 18 26 21
split_gain=0.0119897 0.02112 0.0195058 0.0237798 0.0179627 0.0165298 0.0185683 0.0225205 0.0269748 0.0130642 0.0336766 0.0335748 0.0172294 0.012785 0.0204939 0.0175321 0.0167892 0.0260829 0.027331 0.0182916 0.0175491 0.016448 0.0287168 0.0235584 0.0182359 0.0180483 0.014438 0.0137422 0.0177002 0.0181809
threshold=0.466554805636406 0.28487817943096166 0.49664428830146795 -0.40601159632205958 -0.1383797079324722 0.27154105901718145 0.45202739536762243 0.050361584872007377 0.47993287444114691 0.18458957225084308 0.4385290145874024 0.3978846967220307 -0.21848256140947339 -0.36531642079353327 -0.2922577410936355 -0.092270351946353898 0.35910767316818243 0.25170098245143896 0.063794087618589415 0.19757670909166339 0.12396581098437311 0.4385290145874024 0.21647667139768603 -0.45970448851585383 0.45221787691116339 0.48662193119525915 0.47696729004383093 0.11754836142063142 0.43962624669075018 -0.050167785957455628
decision_type=2 8 2 2 2 2 8 2 2 2 10 2 2 8 2 2 2 2 2 10 2 2 10 2 2 2 2 2 2 10
left_child=-1 5 3 -3 -5 6 7 13 -9 11 12 -6 -11 15 -15 -2 17 -16 -19 27 -18 23 26 -22 -24 -25 -23 28 29 -20
right_child=1 2 -4 4 9 -7 -8 8 -10 10 -12 -13 -14 14 16 -17 20 18 19 -21 21 22 24 25 -26 -27 -28 -29 -30 -31
leaf_value=-1.9637769735067418e-07 -8.9094356574773896e-05 -0.00014870131487629347 -0.00011520637039917292 0.00023439697832904993 -9.0203581573223915e-06 -0.00015775128948696625 -0.00020341992526028583 -5.2983283288388818e-05 0.00018793762598466317 0.00022630744412226796 -0.00020290028240961181 0.00032368740893233387 -1.2973801692700855e-05 -0.00019633200316727486 5.529612839229649e-05 0.00015901545739092565 0.000143869579644345 -0.00026951481371689144 -5.9855446249326413e-05 0.00010109827892909674 -0.00017731778779023783 5.2426127190431414e-05 -0.00015877503573661939 -8.2612086828205488e-05 6.9834322137574275e-05 0.00013783508575429079 0.0003051344945165708 -0.00021727033838257791 8.2609993736689055e-05 -0.00027812451932921465
leaf_weight=549873 417 421 655 608 637 993 537 764 905 475 497 467 611 773 1136 635 671 749 1647 473 1065 410 638 779 601 570 404 670 563 427
leaf_count=549873 417 421 655 608 637 993 537 764 905 475 497 467 611 773 1136 635 671 749 1647 473 1065 410 638 779 601 570 404 670 563 427
internal_value=-1.03042e-06 -2.37253e-05 3.45924e-05 6.1235e-05 8.84272e-05 -3.98427e-05 -3.18489e-05 -2.5267e-05 7.79952e-05 5.46513e-05 -7.33248e-07 0.00013336 9.27941e-05 -3.89657e-05 -4.80727e-05 6.07549e-05 -3.72923e-05 -7.28619e-05 -0.000105058 -7.18466e-05 1.9909e-06 -1.95948e-05 4.2718e-05 -7.25467e-05 -4.82125e-05 1.08634e-05 0.00018003 -9.68131e-05 -6.55026e-05 -0.000105912
internal_weight=570071 20198 4371 3716 3295 15827 14834 14297 1669 2687 1583 1104 1086 12628 11576 1052 10803 5665 4529 3780 5138 4467 2053 2414 1239 1349 814 3307 2637 2074
internal_count=570071 20198 4371 3716 3295 15827 14834 14297 1669 2687 1583 1104 1086 12628 11576 1052 10803 5665 4529 3780 5138 4467 2053 2414 1239 1349 814 3307 2637 2074
is_linear=0
shrinkage=0.03


Tree=279
num_leaves=31
num_cat=0
split_feature=22 31 31 5 7 38 5 39 7 22 20 23 0 8 17 38 1 36 5 37 35 17 25 0 25 23 35 14 23 17
split_gain=0.00888935 0.0143335 0.0145766 0.0187719 0.0167634 0.0166676 0.012034 0.0202053 0.0200419 0.00980768 0.0214193 0.014086 0.0223408 0.0228088 0.0160643 0.0117127 0.0105427 0.0106449 0.0187609 0.0158086 0.0102779 0.0235265 0.0239859 0.0182325 0.00808494 0.0420476 0.0279601 0.0461061 0.0438814 0.0147944
threshold=-0.49664428830146784 0.37831963598728185 0.28547459840774542 0.42796397209167486 -0.37915775179862971 -0.49664428830146784 0.038734316825866706 0.32449445128440862 0.16554810106754306 -0.46641474962234492 -0.49664428830146784 0.47718597948551184 0.45986577868461614 -0.13754194974899289 0.466554805636406 -0.45298065245151514 0.45202739536762243 0.38500662147998815 0.20428658276796344 -0.43286086618900294 -0.49664428830146784 0.35910767316818243 0.39966443181037908 -0.49283143877983088 0.42508503794670111 0.48443555831909185 0.49664428830146795 -0.29863440990447992 0.35240399837493902 -0.49664428830146784
decision_type=8 2 2 10 2 8 10 2 2 8 10 2 2 2 2 10 2 2 10 2 2 2 2 2 2 2 2 2 2 2
left_child=1 2 3 4 -1 -6 7 -7 -8 10 -2 12 14 -14 16 -15 17 -12 19 -19 21 23 -23 -11 -22 26 29 -28 -29 -26
right_child=9 -3 -4 -5 5 6 8 -9 -10 20 11 -13 13 15 -16 -17 -18 18 -20 -21 24 22 -24 -25 25 -27 27 28 -30 -31
leaf_value=-0.00010590651515712487 -0.00017953186290505836 0.00019755845555304198 -0.0001433915075947328 -0.00013441133017938947 0.00025532383868049214 1.0365656572154714e-05 -0.00013360068302775073 0.00028354846446745793 0.00012424359975682473 0.00015000527725527366 -7.3804540087056258e-06 0.00012742468659502371 -0.00023900529147902782 -0.00012698842972880267 0.00015171848319121871 3.9296759150129984e-05 0.00011746093048727777 8.6053802832213182e-05 -0.00022394092081797395 -0.00011968579702401516 -8.8767749258126617e-07 6.6685056678935599e-07 -0.00030126718623944029 -4.1968104649391822e-05 -0.00010036386984814359 -0.00024941445316220616 0.00040320245876699284 -0.00019917138069174071 0.00022285924218380578 1.5051019093268564e-05
leaf_weight=405 743 467 412 452 491 525 547 446 519 538 10929 585 776 713 542 799 522 637 585 690 503478 404 562 2365 1017 532 430 406 465 37580
leaf_count=405 743 467 412 452 491 525 547 446 519 538 10929 585 776 713 542 799 522 637 585 690 503478 404 562 2365 1017 532 430 406 465 37580
internal_value=-5.79174e-07 4.25234e-05 2.29866e-05 4.35997e-05 7.13962e-05 0.000100106 6.16282e-05 0.000137455 -8.07687e-06 -9.0504e-07 -2.29932e-05 -1.59582e-05 -2.12137e-05 -0.000107868 -6.8879e-06 -3.9436e-05 -1.34296e-05 -1.88377e-05 -8.3948e-05 -2.10196e-05 -1.98128e-07 -4.8858e-05 -0.000176279 -5.99772e-06 1.48898e-07 1.30545e-05 1.66159e-05 0.00015287 2.61099e-05 1.19847e-05
internal_weight=569562 4264 3797 3385 2933 2528 2037 971 1066 565298 17521 16778 16193 2288 13905 1512 13363 12841 1912 1327 547777 3869 966 2903 543908 40430 39898 1301 871 38597
internal_count=569562 4264 3797 3385 2933 2528 2037 971 1066 565298 17521 16778 16193 2288 13905 1512 13363 12841 1912 1327 547777 3869 966 2903 543908 40430 39898 1301 871 38597
is_linear=0
shrinkage=0.03


Tree=280
num_leaves=31
num_cat=0
split_feature=0 13 22 39 27 15 27 28 28 0 30 11 36 35 1 22 35 26 0 26 20 28 28 28 31 2 15 24 39 13
split_gain=0.00905553 0.0113684 0.0188887 0.0173239 0.0246037 0.013289 0.0122266 0.0217531 0.0453162 0.0215666 0.0124059 0.0106215 0.0230272 0.015635 0.0152997 0.00861171 0.0231106 0.0287034 0.0115424 0.0260322 0.026312 0.0302055 0.0297777 0.0243009 0.0272933 0.0237826 0.0468342 0.0366726 0.0314195 0.0236185
threshold=-0.31787468492984766 0.48625412583351141 0.38533127307891851 0.4641572386026383 0.42620199918746954 0.091426819562912001 0.48653183877468115 -0.21137479692697522 -0.065545503050088869 -0.45970448851585383 0.32465183734893804 0.49664428830146795 0.49288246035575872 0.43310962617397314 -0.26518444716930384 -0.49664428830146784 0.44525898993015295 0.29197315871715551 0.48406349122524267 0.49221777915954595 -0.15938048064708707 0.19804988801479342 -0.09839292615652083 -0.016722595319151875 -0.097268830984830842 0.4515345990657807 -0.45298065245151514 0.47318433225154882 0.49227787554264074 0.36581273376941686
decision_type=2 2 10 2 2 2 2 2 2 2 2 2 2 2 2 8 2 2 2 2 10 2 2 2 2 2 2 2 2 2
left_child=1 6 3 5 -5 -3 11 9 -9 -8 -10 12 13 -1 -15 16 -2 -18 -17 20 21 25 -22 -24 -25 28 -27 -28 -20 -23
right_child=15 2 -4 4 -6 -7 7 8 10 -11 -12 -13 -14 14 -16 18 17 -19 19 -21 22 29 23 24 -26 26 27 -29 -30 -31
leaf_value=-7.3097733850168502e-06 -1.8791303062356796e-05 -8.8162780539192457e-05 0.0001021707682751023 -3.6748791464656517e-05 -0.00036485295088641576 6.042853995085181e-05 8.5253911257267336e-05 0.00040217872503711476 -8.9414756371297702e-05 -0.00015025718912677229 0.00013529361575110379 -0.00014785858546221989 0.0001614256068972421 -0.00026624170561157672 -2.4183030579660479e-05 1.9038707031962815e-06 3.9550862966085422e-06 0.00026650879773766997 -0.00010088441601255671 -0.00017576883883001104 -2.3117465832747243e-05 -9.4830134236952552e-05 0.00032588221263919818 -8.9150516412027058e-05 0.00017686570508948203 -3.1124365616079062e-06 -9.0637695838257748e-05 -0.00044733582958255905 0.00019964475667230932 0.00020003940150639389
leaf_weight=96622 1973 1900 564 408 410 748 738 409 438 648 427 476 713 405 547 449291 738 752 1221 987 3162 409 421 581 835 778 435 656 410 581
leaf_count=96622 1973 1900 564 408 410 748 738 409 438 648 427 476 713 405 547 449291 738 752 1221 987 3162 409 421 581 835 778 435 656 410 581
internal_value=-2.73e-07 -8.20693e-06 -5.75592e-05 -8.37702e-05 -0.000203622 -4.61197e-05 -6.24045e-06 5.71083e-05 0.000146089 -2.51428e-05 2.17891e-05 -7.95224e-06 -7.25971e-06 -8.50875e-06 -0.000128857 1.53327e-06 4.85963e-05 0.000137359 1.17774e-06 -2.99363e-05 -1.45984e-05 -6.72357e-05 3.27191e-05 0.000128435 6.78566e-05 -0.000108561 -0.000181326 -0.000307229 -2.45813e-05 7.84895e-05
internal_weight=568683 105453 4030 3466 818 2648 101423 2660 1274 1386 865 98763 98287 97574 952 463230 3463 1490 459767 10476 9489 4490 4999 1837 1416 3500 1869 1091 1631 990
internal_count=568683 105453 4030 3466 818 2648 101423 2660 1274 1386 865 98763 98287 97574 952 463230 3463 1490 459767 10476 9489 4490 4999 1837 1416 3500 1869 1091 1631 990
is_linear=0
shrinkage=0.03


Tree=281
num_leaves=31
num_cat=0
split_feature=0 17 3 23 22 28 28 38 0 30 12 28 8 5 37 5 7 4 8 11 19 26 5 32 6 26 3 15 3 15
split_gain=0.00936204 0.0200589 0.018674 0.0171 0.025541 0.0249746 0.034412 0.0183784 0.0183831 0.0205262 0.018258 0.0238964 0.018875 0.0162449 0.0162394 0.0541451 0.0181516 0.0355616 0.0462471 0.0286426 0.0272415 0.0264428 0.0258239 0.0224233 0.0192073 0.0211558 0.0192957 0.0186104 0.031127 0.0323801
threshold=0.33172942698001867 -0.39273729920387263 -0.45970448851585383 0.20472994446754458 -0.47306366264820093 -0.44627264142036432 -0.38581016659736628 -0.23179569095373151 0.47696729004383093 0.37925247848033911 0.36476325988769537 -0.20462171733379361 0.33842268586158758 -0.059482185170054429 0.49664428830146795 0.35818248987197882 0.2382863983511925 0.37925247848033911 0.22427368909120562 0.46357001364231115 0.49126620590686804 -0.45298065245151514 -0.24427347630262372 -0.10399362072348593 -0.28731781244277949 0.4463686496019364 0.46441236138343817 -0.42605021595954889 0.48431348800659185 -0.45970448851585383
decision_type=2 2 2 2 8 2 2 8 2 2 2 2 2 10 2 10 2 2 2 2 8 2 8 2 8 2 2 2 2 2
left_child=-1 2 -2 4 -4 -5 -7 -8 9 -9 12 -12 13 -6 16 -16 17 19 -19 24 21 -18 -21 -24 25 -3 -26 28 29 -23
right_child=1 14 3 5 10 6 7 8 -10 -11 11 -13 -14 -15 15 -17 20 18 -20 22 -22 27 23 -25 26 -27 -28 -29 -30 -31
leaf_value=1.7429106234080519e-06 -0.00018715331811738548 3.2924152138616116e-05 -0.00026605310894096577 -0.0002222663733320694 2.952272324586387e-05 0.00026176004583208318 3.6956426197274727e-05 -0.00010221885527947288 -0.00022187218104382717 0.00013883904622139385 0.00018387427904893578 -7.4256465219338586e-05 -0.00023058220841742935 -0.00011216645270021128 4.2886882860832742e-05 -0.00037994906333492945 -0.00018432915963694082 -0.00041030562916938307 2.3628489086089429e-05 -6.5258815527553275e-05 0.00018360941189447092 -0.00014504368081720063 3.0005675662262984e-05 0.0003062989537731009 -2.2795519409108624e-05 -0.00015538084472477862 0.00018301219916252919 1.0878323550809402e-05 0.00032087904203809419 0.00016765325065827474
leaf_weight=470985 761 10517 546 415 1243 461 3333 917 562 474 593 686 652 1737 728 424 587 446 427 481 861 515 441 659 43508 556 404 23839 462 680
leaf_count=470985 761 10517 546 415 1243 461 3333 917 562 474 593 686 652 1737 728 424 587 446 427 481 861 515 441 659 43508 556 404 23839 462 680
internal_value=-1.18569e-08 -8.45185e-06 -4.4127e-05 -3.46065e-05 -7.32285e-05 -3.40013e-07 1.60439e-05 -5.83919e-06 -7.86906e-05 -1.96708e-05 -5.12933e-05 4.59222e-05 -8.55596e-05 -5.31648e-05 -3.28381e-06 -0.000114671 -1.74975e-06 -1.12791e-05 -0.000200197 -8.32856e-06 1.85614e-05 1.30449e-05 0.000117162 0.000196799 -1.19575e-05 2.33373e-05 -2.08608e-05 1.76596e-05 0.00011457 3.28073e-05
internal_weight=568900 97915 12380 11619 5457 6162 5747 5286 1953 1391 4911 1279 3632 2980 85535 1152 84383 57439 873 56566 26944 26083 1581 1100 54985 11073 43912 25496 1657 1195
internal_count=568900 97915 12380 11619 5457 6162 5747 5286 1953 1391 4911 1279 3632 2980 85535 1152 84383 57439 873 56566 26944 26083 1581 1100 54985 11073 43912 25496 1657 1195
is_linear=0
shrinkage=0.03


Tree=282
num_leaves=31
num_cat=0
split_feature=35 7 31 17 14 5 31 25 7 10 28 37 26 35 14 24 0 2 24 14 35 36 28 5 24 36 0 28 3 6
split_gain=0.00827627 0.0216094 0.0165246 0.0257256 0.0243646 0.015547 0.0126514 0.0116289 0.0148159 0.0169381 0.0156705 0.0260553 0.0339581 0.0307061 0.0299087 0.028667 0.0240791 0.0354852 0.0257177 0.0177891 0.0234751 0.0194038 0.0232841 0.0178457 0.0148369 0.0141219 0.0230518 0.0128904 0.0115311 0.0113583
threshold=-0.49664428830146784 0.45986577868461614 -0.065774019807577119 -0.1445362716913223 0.2450322434306145 0.21636497974395755 -0.050167785957455628 0.47318433225154882 -0.48653183877468104 -0.49664428830146784 -0.058055276051163666 -0.1843871399760246 0.43962624669075018 0.47318433225154882 -0.41940896213054651 0.48418948054313665 0.45986577868461614 0.49095004796981817 0.47735816240310674 0.19775807857513431 0.15108475089073184 0.37925247848033911 -0.2717756032943725 0.45720390975475317 0.16554810106754306 0.47718597948551184 -0.35152383148670191 0.10409675538539888 0.47094413638114935 0.066969718784093871
decision_type=2 2 2 2 2 8 2 2 2 2 2 2 2 2 2 2 2 2 2 2 2 2 2 8 2 2 2 2 2 10
left_child=1 2 4 -4 -1 -5 -3 -2 9 -9 11 12 14 15 25 19 18 -18 27 28 21 -21 -23 -22 -16 26 -10 -12 29 -13
right_child=7 6 3 5 -6 -7 -8 8 10 -11 16 13 -14 -15 24 -17 17 -19 -20 20 23 22 -24 -25 -26 -27 -28 -29 -30 -31
leaf_value=-1.4002143399161698e-05 -2.3346870504678444e-07 -0.000285417705700582 6.760603961867736e-05 -5.1375658445067528e-05 0.00025220804956160311 -0.00027629602317375657 -6.7077032189715542e-05 2.6393602833158011e-07 5.9883597319333531e-05 0.0002543816068737215 -9.4181899831926864e-05 -0.00010469316942347224 0.00036029704845109528 -0.00016875517568987972 0.00032100567452269423 0.00025277142141969162 7.5486743613403047e-05 -0.00025548932930254294 0.00019753943361369109 2.6881370350263911e-07 -0.00017213373963053568 8.901385540972169e-05 0.00036860596497678233 7.4785811127596225e-05 0.00010401741057882775 8.5537778960210236e-05 -0.00024510602331243318 2.7199770408334663e-05 -0.0001978136627421918 9.6998020260997844e-05
leaf_weight=934 548768 427 802 614 452 502 545 427 435 518 1250 580 416 786 434 468 449 802 573 873 598 787 404 457 830 691 441 2091 470 428
leaf_count=934 548768 427 802 614 452 502 545 427 435 518 1250 580 416 786 434 468 449 802 573 873 598 787 404 457 830 691 441 2091 470 428
internal_value=1.68284e-07 -4.13624e-05 -4.62395e-06 -6.15279e-05 7.39986e-05 -0.000154105 -0.000164924 4.83893e-07 2.63524e-05 0.000140763 1.86788e-05 4.23549e-05 0.000110364 4.48953e-06 7.24986e-05 3.16537e-05 -2.30272e-05 -0.000137041 1.36705e-05 8.64283e-06 4.92336e-05 0.0001079 0.000186134 -6.54764e-05 0.000180456 -1.51761e-05 -9.46892e-05 -1.83594e-05 -7.67704e-05 -1.89429e-05
internal_weight=568252 4276 3304 1918 1386 1116 972 563976 15208 945 14263 9098 3247 5851 2831 5065 5165 1251 3914 4597 3119 2064 1191 1055 1264 1567 876 3341 1478 1008
internal_count=568252 4276 3304 1918 1386 1116 972 563976 15208 945 14263 9098 3247 5851 2831 5065 5165 1251 3914 4597 3119 2064 1191 1055 1264 1567 876 3341 1478 1008
is_linear=0
shrinkage=0.03


Tree=283
num_leaves=31
num_cat=0
split_feature=5 15 25 15 22 0 25 39 39 22 0 35 35 6 3 19 23 35 32 15 1 32 1 9 35 15 3 9 6 22
split_gain=0.00800234 0.0140025 0.0237384 0.0234696 0.0371252 0.020288 0.0191673 0.0178717 0.0165845 0.0220121 0.0215479 0.0326692 0.0215926 0.0160109 0.0158012 0.0150568 0.0148371 0.0137236 0.0113523 0.0176152 0.0162093 0.0141104 0.0121341 0.0130902 0.0123194 0.0114844 0.0109773 0.0211539 0.025801 0.0364223
threshold=0.45017729699611669 0.47318433225154882 0.41222143173217779 0.39198911190032965 -0.084969837218523012 0.37251612544059759 0.29820537567138677 0.37867964804172521 0.466554805636406 -0.4394956231117248 0.47318433225154882 0.31848688423633581 -0.46641474962234492 0.46035675704479223 0.4516685158014298 0.22509541362524035 0.36581273376941686 0.48662193119525915 -0.19204425811767575 0.3250874131917954 0.3781548291444779 -0.30533944070339197 -0.4798318743705749 0.47993287444114691 -0.25850497186183924 -0.2717756032943725 0.41289757192134863 0.45793896913528448 0.3430562317371369 -0.2250954136252403
decision_type=10 2 2 2 10 2 2 2 2 10 2 2 2 10 2 10 2 2 2 2 2 2 2 2 2 2 2 2 10 8
left_child=26 3 6 8 5 15 -3 14 18 -10 12 -12 -11 -4 -6 -5 -9 -13 19 20 -2 25 -20 -24 -25 -22 27 -1 29 -29
right_child=1 2 13 4 7 -7 -8 16 9 10 11 17 -14 -15 -16 -17 -18 -19 22 -21 21 -23 23 24 -26 -27 -28 28 -30 -31
leaf_value=-5.8074179084205714e-07 -5.0281088554856016e-05 -5.5695968608510166e-05 -2.937304900189367e-05 1.5077957567247618e-05 1.2451440124104271e-05 0.00038376003895867073 0.00019136192021746478 2.1695276414725566e-05 0.00021818380737762002 -5.1421775287657899e-05 0.00016135478366472155 -0.00028402902499139241 0.00020878652851531528 -0.00026294765093042455 0.00023198765003372123 0.00023123792769382071 -0.0002190314518852257 -4.0605631899218655e-05 0.00012530979717956909 -0.00020470900643119859 0.00025892875503695512 -5.0619732868396995e-05 1.6416512140558532e-05 4.1366799480416321e-05 -0.00015680203583801807 3.4772647546964128e-05 -1.6920189922883475e-05 -0.00010850302875933205 0.00020299270433927854 9.289486353426018e-05
leaf_weight=497947 3964 763 480 520 959 400 436 493 716 437 401 419 808 585 417 650 420 413 818 498 404 528 12051 433 783 416 36985 1186 943 2484
leaf_count=497947 3964 763 480 520 959 400 436 493 716 437 401 419 808 585 417 650 420 413 818 498 404 528 12051 433 783 416 36985 1186 943 2484
internal_value=-3.20577e-07 1.49699e-05 -5.65313e-05 2.09957e-05 8.9378e-05 0.000201234 3.4983e-05 1.21154e-05 9.53288e-06 7.28762e-05 3.01825e-05 -5.84938e-05 0.00011777 -0.000158927 8.01762e-05 0.000136109 -9.02176e-05 -0.000165112 -6.67945e-07 -3.59163e-05 -1.97371e-05 6.9791e-05 1.3887e-05 6.92785e-06 -8.64751e-05 0.000147 -1.1487e-06 1.22924e-08 6.38897e-05 2.7693e-05
internal_weight=568757 29212 2264 26948 3859 1570 1199 2289 23089 3194 2478 1233 1245 1065 1376 1170 913 832 19895 5810 5312 1348 14085 13267 1216 820 539545 502560 4613 3670
internal_count=568757 29212 2264 26948 3859 1570 1199 2289 23089 3194 2478 1233 1245 1065 1376 1170 913 832 19895 5810 5312 1348 14085 13267 1216 820 539545 502560 4613 3670
is_linear=0
shrinkage=0.03


Tree=284
num_leaves=31
num_cat=0
split_feature=39 12 26 3 6 6 25 10 6 30 0 25 38 16 14 12 25 31 24 20 30 17 15 6 26 22 5 11 30 22
split_gain=0.0192423 0.0285446 0.0303491 0.030189 0.0322648 0.0180075 0.0119679 0.0236418 0.0147049 0.00777177 0.0122376 0.020933 0.0206021 0.0177871 0.0180038 0.0386975 0.0304348 0.0241554 0.0282509 0.022961 0.0229532 0.05469 0.0208395 0.0229551 0.0171449 0.016524 0.0153473 0.0250805 0.0236752 0.0181697
threshold=0.49664428830146795 0.49227787554264074 -0.2048399671912193 0.41827458143234258 -0.37318687140941614 0.46743549406528478 0.466554805636406 0.4463686496019364 0.16079192608594897 0.14436987787485125 -0.007299659075215458 0.17729235440492633 -0.49664428830146784 0.49664428830146795 0.13743132352828982 0.49227787554264074 0.49221777915954595 0.31153479218482977 0.44500453770160681 0.45986577868461614 0.38509631156921392 0.4515345990657807 0.4581876546144486 0.44538351893424993 -0.36610658466815943 -0.45298065245151514 0.23247625678777697 0.4463686496019364 0.39273729920387274 -0.48653183877468104
decision_type=2 2 2 2 10 8 2 2 10 2 2 2 8 2 2 2 2 2 2 10 2 2 2 8 2 10 10 2 2 10
left_child=9 2 3 4 -2 6 8 -8 -4 -1 -11 12 -12 14 17 16 19 26 24 -16 22 -22 -21 -24 -19 -20 27 -13 -29 -28
right_child=1 -3 5 -5 -6 -7 7 -9 -10 10 11 13 -14 -15 15 -17 -18 18 25 20 21 -23 23 -25 -26 -27 29 28 -30 -31
leaf_value=2.258554118310117e-06 8.5818770864829215e-05 0.00013526104959808954 7.2981179263054702e-05 -0.0004011258915605931 -0.00028447469910768732 -0.00017455799203823204 0.00025715642283949831 -6.2107866554919353e-05 -0.00015938020137839712 2.6873693361488496e-06 0.00020630464290294484 -1.8973096063306994e-05 -7.6593803369193894e-07 0.00013453910941827967 -5.0886804596665729e-05 -0.00027827529180929106 -0.00026389448718197741 0.00015849035992133054 -6.5868575139964893e-06 -1.8462176216337906e-06 0.00010496584277286198 -0.00032545477698972937 6.2735951860564762e-05 0.00037198058942005953 -3.0219058148757744e-05 0.00021661839005441384 -0.00018841719777465185 -7.1279765470535488e-05 0.00017236145062510028 -4.0391550013740702e-05
leaf_weight=366003 416 550 440 468 414 579 414 405 531 94800 426 12893 52826 604 14724 643 535 502 410 726 684 421 444 420 2809 1082 790 498 1234 11369
leaf_count=366003 416 550 440 468 414 579 414 405 531 94800 426 12893 52826 604 14724 643 535 502 410 726 684 421 444 420 2809 1082 790 498 1234 11369
internal_value=-8.12406e-07 -6.45821e-05 -9.48422e-05 -0.000210854 -0.00010007 -3.06592e-05 1.6598e-05 0.000100434 -5.44171e-05 -3.35179e-07 -5.10931e-06 -1.22131e-05 9.28987e-07 -2.59903e-05 -2.79488e-05 -5.13598e-05 -4.30827e-05 -1.41536e-05 4.77333e-05 -3.61533e-05 4.4233e-05 -6.04706e-05 0.000116922 0.000215599 -1.21664e-06 0.000155646 -2.5265e-05 -4.55089e-06 0.000102301 -5.01561e-05
internal_weight=569060 4217 3667 1298 830 2369 1790 819 971 564843 198840 104040 53252 50788 50184 18597 17954 31587 4803 17419 2695 1105 1590 864 3311 1492 26784 14625 1732 12159
internal_count=569060 4217 3667 1298 830 2369 1790 819 971 564843 198840 104040 53252 50788 50184 18597 17954 31587 4803 17419 2695 1105 1590 864 3311 1492 26784 14625 1732 12159
is_linear=0
shrinkage=0.03


Tree=285
num_leaves=31
num_cat=0
split_feature=20 25 5 8 38 6 5 5 27 24 28 25 23 38 8 1 37 5 39 8 31 20 36 0 39 7 1 2 37 20
split_gain=0.00838734 0.0241429 0.0289366 0.0263602 0.0207497 0.0195559 0.0339018 0.0239953 0.0158811 0.0148851 0.0147492 0.0132204 0.0119207 0.0115818 0.0139016 0.0296949 0.0184253 0.0351544 0.0272575 0.012076 0.0104808 0.00965781 0.00954115 0.00872877 0.00857597 0.0224978 0.020479 0.0216748 0.0191927 0.0311733
threshold=-0.45970448851585383 0.40614514052867895 0.12101018428802492 0.49664428830146795 -0.091607980430126176 0.40094549953937536 0.40392307937145239 0.45720390975475317 0.2450322434306145 0.49283143877983099 -0.084969837218523012 0.39138861000537878 1.0000000180025095e-35 0.28508535027503973 -0.14426303654909131 0.41144840419292456 -0.48653183877468104 0.088681079447269454 0.33196638524532324 0.31229026615619665 0.010135597549378874 -0.49261982738971705 0.42459291219711309 0.13091243803501132 0.45782060921192175 -0.49664428830146784 0.41289757192134863 0.071921184659004225 0.39273729920387274 0.43868599832057958
decision_type=8 2 10 2 10 10 10 10 2 2 2 2 2 10 2 2 2 10 2 2 2 10 2 2 2 2 2 2 2 8
left_child=1 11 8 4 5 6 9 -7 -3 22 -5 12 -1 14 15 -14 17 18 -16 -19 -9 -10 -4 -23 -2 -26 28 -28 -27 -30
right_child=24 2 3 10 -6 7 -8 20 21 -11 -12 -13 13 -15 16 -17 -18 19 -20 -21 -22 23 -24 -25 25 26 27 -29 29 -31
leaf_value=2.4403738247039635e-05 -3.5167157031649746e-07 -5.4174007582660086e-05 -5.1466212598522647e-05 0.00024875161286213801 -0.00021338771424710839 -0.00027406732106620825 0.00027420441184919066 8.0153321612710723e-05 -0.00032187634222183889 -0.00016948131875444469 -1.6622607982587678e-06 0.00011813266929397782 -3.336340099964162e-05 -0.00018033932077964531 6.4593631468120872e-05 -0.00029483575665344847 -2.8676448397691927e-05 -0.0001095480522680594 0.00038524737298028188 8.0376735977133855e-05 -0.0001094599856540231 -0.00024876074029173552 0.00013812665212462887 -5.3232017661393223e-05 -0.00019242084663405402 3.5034703022742564e-05 -0.00021537785912234772 4.2095288035263137e-06 0.00026948221879684444 2.2825974738187482e-05
leaf_weight=7388 522204 879 501 432 620 494 419 481 508 455 406 815 2920 407 525 442 4450 704 435 512 554 412 440 414 432 7641 411 10353 889 951
leaf_count=7388 522204 879 501 432 620 494 419 481 508 455 406 815 2920 407 525 442 4450 704 435 512 554 412 440 414 432 7641 411 10353 889 951
internal_value=-3.92841e-07 -1.71656e-05 -6.45473e-05 -2.30684e-05 -5.54257e-05 -2.55896e-05 4.0922e-05 -0.000104295 -0.000154044 -3.05484e-05 0.00012884 7.31478e-07 -4.71242e-06 -2.54096e-05 -1.89223e-05 -6.85114e-05 6.30426e-06 7.7645e-05 0.000212364 -2.95764e-05 -2.14164e-05 -0.000218958 3.77053e-05 -0.000152569 3.98795e-07 1.93431e-05 2.39546e-05 -4.36706e-06 5.60795e-05 0.000142811
internal_weight=568494 25613 7015 4802 3964 3344 1815 1529 2213 1396 838 18598 17783 10395 9988 3362 6626 2176 960 1216 1035 1334 941 826 542881 20677 20245 10764 9481 1840
internal_count=568494 25613 7015 4802 3964 3344 1815 1529 2213 1396 838 18598 17783 10395 9988 3362 6626 2176 960 1216 1035 1334 941 826 542881 20677 20245 10764 9481 1840
is_linear=0
shrinkage=0.03


Tree=286
num_leaves=31
num_cat=0
split_feature=7 19 9 16 26 12 30 3 13 25 0 19 13 36 22 30 26 31 0 22 26 31 18 28 6 18 6 24 4 25
split_gain=0.00652539 0.0249597 0.0284931 0.0258008 0.0245802 0.0229523 0.0217604 0.0339004 0.021444 0.0219339 0.0208275 0.0234636 0.0224858 0.0151362 0.0146026 0.0309272 0.0218442 0.0206283 0.0163763 0.0154284 0.0139927 0.013333 0.0165219 0.0142059 0.0131156 0.0141488 0.0142553 0.0122972 0.0119576 0.0117823
threshold=0.43156538903713232 0.466554805636406 0.31881627440452581 0.42620199918746954 -0.0076340327505022279 0.43962624669075018 0.16554810106754306 0.47094413638114935 -0.23896820098161695 0.31881627440452581 -0.45298065245151514 0.35240399837493902 0.24460320174694064 0.41950166225433355 -0.11071263998746871 0.42620199918746954 -0.078178144991397844 -0.27231748402118677 -0.21863426268100736 0.043656742200255401 -0.39930471777915949 -0.42605021595954889 0.44500453770160681 -0.23877235502004621 0.37398266792297369 -0.21193220466375348 0.47069558501243597 0.46441236138343817 0.49221777915954595 0.20472994446754458
decision_type=2 8 2 2 2 2 2 2 2 2 2 10 2 2 10 2 2 2 2 10 2 2 2 2 8 2 10 2 2 2
left_child=-1 5 3 -3 -4 13 -6 -8 9 -7 11 12 -10 21 15 17 -16 -15 -19 -18 -14 -2 29 -24 -11 26 -26 -21 -27 -23
right_child=1 2 4 -5 6 8 7 -9 10 24 -12 -13 20 14 16 -17 19 18 -20 27 -22 22 23 -25 25 28 -28 -29 -30 -31
leaf_value=-1.3884302664805751e-07 -8.1304019125522841e-05 0.00011892015246841423 0.00029845828224022569 -0.00015826614038132902 -9.8568696532157427e-05 -3.9808861100653201e-05 0.00035365351868240399 1.1507727537391704e-05 -8.9786439470551717e-05 0.00020829723048171702 -9.3357857563808073e-05 -0.00018164116586131759 0.00026076067628337817 0.00013207476817798824 0.00025682475624077541 0.00020501923095281725 0.00020953274514466135 -0.00024262105818613451 -2.3575274459098613e-05 8.5023157846744995e-05 4.7000253141744136e-05 -2.3328195464838025e-07 5.8710219657474053e-05 -0.00011884817716667736 3.210853520805186e-05 5.8894598504168841e-05 0.00026428134670284173 -9.2962363875593484e-05 -0.00010079164783779078 5.1361195825339876e-05
leaf_weight=527271 1306 563 709 630 416 3351 440 621 526 508 5163 406 510 413 725 560 479 496 788 869 598 7389 573 1337 545 985 417 570 723 8633
leaf_count=527271 1306 563 709 630 416 3351 440 621 526 508 5163 406 510 413 725 560 479 496 788 869 598 7389 573 1337 545 985 417 570 723 8633
internal_value=7.60218e-07 1.22498e-05 9.02501e-05 -2.75553e-05 0.000154375 5.26817e-06 8.36686e-05 0.000155374 -2.56854e-05 1.36854e-05 -6.13416e-05 1.9748e-05 7.05877e-05 2.28808e-05 6.9897e-05 1.37403e-05 0.00011762 -5.02119e-05 -0.000109412 6.39412e-05 0.000146844 1.08755e-05 1.76306e-05 -6.55523e-05 7.00396e-05 4.30553e-05 0.000134432 1.43666e-05 -8.89415e-06 2.75816e-05
internal_weight=568520 41249 3379 1193 2186 37870 1477 1061 13732 6529 7203 2040 1634 24138 4900 2257 2643 1697 1284 1918 1108 19238 17932 1910 3178 2670 962 1439 1708 16022
internal_count=568520 41249 3379 1193 2186 37870 1477 1061 13732 6529 7203 2040 1634 24138 4900 2257 2643 1697 1284 1918 1108 19238 17932 1910 3178 2670 962 1439 1708 16022
is_linear=0
shrinkage=0.03


Tree=287
num_leaves=31
num_cat=0
split_feature=0 29 26 1 39 17 12 26 1 7 36 0 7 23 24 12 13 7 39 29 29 26 23 7 2 1 11 17 1 18
split_gain=0.00754552 0.0290259 0.0186715 0.0197434 0.00773936 0.0100773 0.00764806 0.00694564 0.0107385 0.0419849 0.0246374 0.0242563 0.0365024 0.0185924 0.0174759 0.0195629 0.0194596 0.0239097 0.0166387 0.0379732 0.0483289 0.0380239 0.018195 0.0281764 0.0202971 0.02057 0.0178324 0.0162783 0.016084 0.0150031
threshold=-0.49664428830146784 -0.45298065245151514 -0.47306366264820093 0.4641572386026383 0.48615899682044988 0.05709491856396199 0.31125478446483618 0.37149409949779516 0.49664428830146795 0.26383420825004583 0.49664428830146795 0.49103121459484106 0.37170824408531195 0.41204395890235906 0.48615899682044988 0.25850497186183935 -0.050167785957455628 -0.39258971810340876 0.4641572386026383 -0.45970448851585383 -0.37915775179862971 -0.23179569095373151 0.39273729920387274 0.4641572386026383 -0.4798318743705749 0.4641572386026383 0.35240399837493902 0.043656742200255401 0.49303127825260168 0.14474394917488101
decision_type=2 2 2 2 2 2 2 2 2 2 2 2 2 2 2 2 2 2 2 2 2 2 2 2 2 2 2 2 2 2
left_child=1 -1 -3 4 5 -4 -7 8 11 -10 13 18 14 -11 16 -16 -13 -18 28 -20 21 -21 23 24 -22 29 -24 -27 -2 -26
right_child=7 2 3 -5 -6 6 -8 -9 9 10 -12 12 -14 -15 15 -17 17 -19 19 20 22 -23 26 -25 25 27 -28 -29 -30 -31
leaf_value=-0.00024224620809594596 -1.3498416377797365e-06 0.00014751343241830095 8.2986830653313204e-05 -0.00022856562162776342 -8.9788154841305117e-05 4.2119465746040518e-05 -0.000133296288163797 8.8663199167245265e-06 0.00025325047759914313 6.1874807477684893e-05 0.00017132537739703214 -0.00023566009198222664 0.00010351339852452739 -0.00019221103138616769 -9.8326325794313287e-05 -0.0003708369852489544 0.00016815833975164366 -0.00010796704508233453 0.00026236252879635342 -0.00032574032770042158 0.00023613783079559289 4.523336013131212e-05 0.00014797013323495021 0.00028000697094953579 -1.9895946592367128e-05 2.7021541557528088e-05 -6.3694402479886703e-05 0.00027683353392419743 -0.00017024603978001767 9.5227725279137205e-05
leaf_weight=544 472752 567 1098 414 752 409 474 74975 710 404 408 472 744 694 486 472 427 787 617 596 481 418 424 511 3719 433 2047 509 498 1392
leaf_count=544 472752 567 1098 414 752 409 474 74975 710 404 408 472 744 694 486 472 427 787 617 596 481 418 424 511 3719 433 2047 509 498 1392
internal_value=6.31639e-08 -3.96761e-05 -9.43423e-06 -3.80894e-05 -8.50766e-06 2.26429e-05 -5.2483e-05 3.6336e-07 -9.37832e-07 6.48041e-05 -2.51229e-05 -1.23782e-06 -8.11115e-05 -9.90076e-05 -0.000133258 -0.000235034 -7.43825e-05 -1.02651e-05 -6.77498e-07 3.55341e-05 2.20069e-05 -0.000173866 4.30392e-05 6.75821e-05 5.05666e-05 3.54551e-05 -2.69248e-05 0.000163495 -1.53116e-06 1.15831e-05
internal_weight=569234 4258 3714 3147 2733 1981 883 564976 490001 2216 1506 487785 3388 1098 2644 958 1686 1214 484397 11147 10530 1014 9516 7045 6534 6053 2471 942 473250 5111
internal_count=569234 4258 3714 3147 2733 1981 883 564976 490001 2216 1506 487785 3388 1098 2644 958 1686 1214 484397 11147 10530 1014 9516 7045 6534 6053 2471 942 473250 5111
is_linear=0
shrinkage=0.03


Tree=288
num_leaves=31
num_cat=0
split_feature=25 24 29 5 37 36 25 6 31 25 7 31 11 24 19 19 0 30 24 29 39 25 29 36 5 17 6 26 36 27
split_gain=0.00865553 0.0174427 0.030914 0.0347463 0.0173751 0.0172632 0.0166424 0.0164354 0.0219445 0.0327542 0.0291155 0.0210295 0.0168348 0.0175927 0.0154729 0.0142746 0.00949821 0.022517 0.00903195 0.00853027 0.0163092 0.0360138 0.0289665 0.0154536 0.0126561 0.0223343 0.0238958 0.0201354 0.0179903 0.0155798
threshold=0.48662193119525915 0.3447438925504685 -0.44627264142036432 0.49272717535495764 0.15780642628669742 0.41204395890235906 0.49664428830146795 0.4903379380702973 -0.19122581928968427 0.49293276667594915 0.43840885162353521 -0.036877427250146859 0.49664428830146795 0.47993287444114691 0.33895461261272436 -0.19834428280591962 -0.49664428830146784 -0.45970448851585383 0.05709491856396199 -0.32508741319179529 0.48615899682044988 0.47069558501243597 -0.43286086618900294 0.48596473038196569 0.48367318511009222 0.13091243803501132 0.47785948216915136 0.11754836142063142 0.35240399837493902 0.466554805636406
decision_type=2 2 2 10 2 2 2 8 2 2 2 2 2 2 10 8 2 2 2 2 2 2 2 2 10 2 8 2 2 2
left_child=16 4 -3 7 6 14 18 8 10 -10 -4 -9 13 -11 -6 -8 17 -1 -2 20 23 22 -22 24 -18 28 -27 -28 29 -26
right_child=1 2 3 -5 5 -7 15 11 9 12 -12 -13 -14 -15 -16 -17 19 -19 -20 -21 21 -23 -24 -25 25 26 27 -29 -30 -31
leaf_value=-0.00023419513746396288 4.0763655439213147e-05 0.00027439709537442608 -1.9829595255989932e-05 -0.00019827426459326694 -0.00014834596201278733 -0.0002153076544966719 1.4370504130510081e-05 2.9431466787471862e-05 0.000156780555682166 -0.00012013651078464973 0.00029687915054814172 0.00033191428949875341 -0.00021847487913283215 0.00013121089840045693 9.4046165943008914e-05 0.00025903153707799347 5.7576580890010713e-06 -1.7351557660173279e-05 -0.00014768895892210753 -1.4394546955808755e-06 0.00019756885895099618 0.0003386706175157227 -0.00011296045356950592 -0.00013268498298802254 -2.4504131205442542e-05 0.00031755722614126603 0.00020395799530343787 -6.8640125944110928e-05 -0.00014360105766030774 0.00019629416633547552
leaf_weight=499 481 555 483 486 415 631 433 401 686 593 556 422 572 419 526 418 92781 2825 421 458834 448 419 650 700 749 504 461 498 567 455
leaf_count=499 481 555 483 486 415 631 433 401 686 593 556 422 572 419 526 418 92781 2825 421 458834 448 419 650 700 749 504 461 498 567 455
internal_value=4.32098e-07 3.0464e-05 6.48746e-05 3.91553e-05 -2.31058e-05 -9.52279e-05 4.17429e-05 6.74927e-05 3.73822e-05 -1.49938e-05 0.000150865 0.000186655 -8.99029e-05 -1.58051e-05 -1.32895e-05 0.000136158 -2.38535e-08 -5.0509e-05 -4.78498e-05 2.78291e-07 8.30108e-06 0.000105581 1.43796e-05 6.76446e-06 7.79483e-06 6.60419e-05 0.000152355 6.31528e-05 -5.7157e-06 5.98667e-05
internal_weight=568888 8498 5173 4618 3325 1572 1753 4132 3309 2270 1039 823 1584 1012 941 851 560390 3324 902 557066 98232 1517 1098 96715 96015 3234 1463 959 1771 1204
internal_count=568888 8498 5173 4618 3325 1572 1753 4132 3309 2270 1039 823 1584 1012 941 851 560390 3324 902 557066 98232 1517 1098 96715 96015 3234 1463 959 1771 1204
is_linear=0
shrinkage=0.03


Tree=289
num_leaves=31
num_cat=0
split_feature=28 8 21 4 0 37 20 38 26 2 0 18 11 26 5 35 33 25 33 6 39 36 36 38 21 36 35 25 11 17
split_gain=0.00790689 0.0114501 0.0110712 0.0106779 0.00915319 0.00786435 0.00717403 0.00693912 0.0246557 0.0323286 0.0247846 0.0127472 0.0164411 0.0100198 0.0168657 0.021007 0.0236044 0.0127702 0.0183977 0.00992089 0.00969537 0.0160038 0.0219256 0.00941034 0.00925738 0.00824537 0.00759731 0.0144801 0.018891 0.0197158
threshold=-0.49277968704700464 -0.15097505599260327 -0.23928353190422055 -0.2717756032943725 0.21815130859613421 -0.1576878875494003 -0.1843871399760246 0.48455575108528143 0.28547459840774542 0.47083835303783422 0.48406349122524267 0.37844152748584753 0.26490327715873724 0.47993287444114691 -0.037364197894930833 0.48418948054313665 -0.070446167141199098 0.29820537567138677 0.30546234548091894 0.36162029206752783 0.47696729004383093 0.44500453770160681 0.41204395890235906 -0.078053325414657579 0.41289757192134863 0.23179569095373156 -0.48653183877468104 0.25170098245143896 0.48615899682044988 0.39177928864955908
decision_type=2 2 8 2 2 2 10 10 2 2 2 2 2 2 10 2 2 2 2 8 2 2 2 10 10 2 2 2 2 2
left_child=1 3 -3 5 -5 -1 -4 13 10 11 20 12 -10 26 25 17 -17 24 19 -19 21 22 -9 -21 -16 -15 27 -2 29 -29
right_child=7 2 6 4 -6 -7 -8 8 9 -11 -12 -13 -14 14 15 16 -18 18 -20 23 -22 -23 -24 -25 -26 -27 -28 28 -30 -31
leaf_value=-4.2145091938104587e-05 -3.1441932918835702e-05 3.4071856280855872e-05 -0.00021127373360314237 -0.0001238620229817797 4.5176731949278276e-05 8.7197623282690988e-05 -7.774498020427584e-05 1.0486564881396812e-07 -2.2827007268597115e-05 -0.00030045117263324177 0.00022359596287352976 8.1520506809283687e-05 -0.00024221601787576216 -1.5696244481064056e-05 3.580793659080266e-05 3.7015062348059887e-06 0.00026241074638214265 -0.00017979792762835075 0.00013420153294921107 8.0824348957440984e-05 -0.00013811900151738815 0.00013774771763938327 -0.00019968295702792042 -0.00011854684048260138 0.00016603959502057154 -0.00015642015024615617 -1.9460136766676614e-07 4.5407552769723556e-05 -5.1860382156255508e-05 0.00018550437253668305
leaf_weight=592 2715 687 434 781 447 1430 2134 6228 978 578 419 510 440 1423 6190 540 761 636 407 401 492 662 527 433 525 500 530072 4281 1300 1140
leaf_count=592 2715 687 434 781 447 1430 2134 6228 978 578 419 510 440 1423 6190 540 761 636 407 401 492 662 527 433 525 500 530072 4281 1300 1140
internal_value=3.11605e-08 -3.28286e-05 -7.25092e-05 7.01354e-06 -6.24629e-05 4.93077e-05 -0.000101044 4.11974e-07 -2.33537e-05 -0.000105654 1.50849e-06 -4.6006e-05 -9.21221e-05 8.79405e-07 2.81958e-05 4.39978e-05 0.000155877 2.68956e-05 -4.21223e-05 -9.15182e-05 -1.05247e-05 -1.88624e-06 -1.5754e-05 -2.28643e-05 4.62216e-05 -5.29058e-05 2.80626e-07 2.69487e-05 5.05477e-05 7.51563e-05
internal_weight=568663 6505 3255 3250 1228 2022 2568 562158 10834 2506 8328 1928 1418 551324 11816 9893 1301 8592 1877 1470 7909 7417 6755 834 6715 1923 539508 9436 6721 5421
internal_count=568663 6505 3255 3250 1228 2022 2568 562158 10834 2506 8328 1928 1418 551324 11816 9893 1301 8592 1877 1470 7909 7417 6755 834 6715 1923 539508 9436 6721 5421
is_linear=0
shrinkage=0.03


Tree=290
num_leaves=31
num_cat=0
split_feature=38 26 24 1 21 1 23 8 28 12 9 29 8 24 16 24 1 20 1 14 6 17 24 11 20 17 15 18 25 14
split_gain=0.0141034 0.0251634 0.0137911 0.0155551 0.0114864 0.0226925 0.0249342 0.0207846 0.0235097 0.0116567 0.0113117 0.0214049 0.0303941 0.0272293 0.0306728 0.0303093 0.025819 0.0269403 0.026454 0.0323189 0.0235931 0.0228217 0.0225562 0.0261578 0.0206555 0.0200466 0.0182454 0.0180149 0.017873 0.0315774
threshold=0.47318433225154882 0.47696729004383093 0.48662193119525915 0.48662193119525915 -0.49283143877983088 -0.49664428830146784 0.37251612544059759 0.37853804230690008 0.0038463814416900281 0.466554805636406 0.4385290145874024 -0.14426303654909131 0.35910767316818243 0.47735816240310674 0.38500662147998815 0.49095004796981817 0.49303127825260168 -0.22480142861604688 0.48406349122524267 -0.21137479692697522 0.39712753891944891 -0.2717756032943725 0.45782060921192175 0.39273729920387274 0.38500662147998815 -0.27900858223438257 -0.41827458143234247 -0.12413727492094039 0.43116609752178198 -0.1843871399760246
decision_type=10 2 2 2 10 2 2 2 2 2 2 2 2 2 2 2 2 8 2 2 10 2 2 2 10 2 2 2 2 2
left_child=4 2 3 -2 5 -1 9 -8 -9 -7 -6 13 21 28 15 27 18 25 -14 -20 26 -13 -23 -24 -19 -18 -17 -15 -12 -30
right_child=1 -3 -4 -5 10 6 7 8 -10 -11 11 12 16 14 -16 20 17 24 19 -21 -22 22 23 -25 -26 -27 -28 -29 29 -31
leaf_value=-0.00017113785760757477 -1.9161805002318343e-05 -0.00019623821655024914 0.00013686693170287623 -0.0001924207027277108 1.0240487215379312e-06 3.1200225729540236e-05 0.00027317552670023812 -3.9558070872990781e-05 0.0002177629883760657 -0.00011763958473944621 2.2572194434389203e-05 2.6893112811492002e-05 -2.4758851718191654e-05 0.00030768992017417756 0.00032904238198500741 1.1799975320627709e-05 -0.00011267686697255792 7.282317781964939e-05 0.00025472087350924291 -1.1867709029601284e-05 0.00015314387629188013 -6.2535716451599067e-05 -0.00013568418281626209 -0.00045017940549752102 -0.00019357146868793302 -0.00039949859435387116 -0.00024687070403205672 3.8706519984538383e-05 5.091931624522132e-05 -0.00011256297109120549
leaf_weight=426 14561 752 481 472 513210 4062 688 751 543 526 6489 531 13131 490 420 494 485 701 704 957 407 661 500 467 405 408 476 412 1642 2983
leaf_count=426 14561 752 481 472 513210 4062 688 751 543 526 6489 531 13131 490 420 494 485 701 704 957 407 661 500 467 405 408 476 412 1642 2983
internal_value=-3.87476e-07 -2.79114e-05 -1.9631e-05 -2.4726e-05 4.2265e-07 3.85915e-05 5.24298e-05 0.000141062 6.92632e-05 1.39175e-05 -6.71367e-08 -1.71549e-05 -3.78496e-05 1.12429e-05 9.65287e-05 5.24282e-05 -2.4182e-05 -0.000125097 -1.0469e-05 0.000101972 -3.61723e-05 -0.000143544 -0.00019896 -0.000290619 -2.55868e-05 -0.000246695 -0.000116359 0.0001866 -9.53664e-06 -5.45377e-05
internal_weight=569235 16266 15514 15033 552969 6996 6570 1982 1294 4588 545973 32763 18950 13813 2699 2279 16791 1999 14792 1661 1377 2159 1628 967 1106 893 970 902 11114 4625
internal_count=569235 16266 15514 15033 552969 6996 6570 1982 1294 4588 545973 32763 18950 13813 2699 2279 16791 1999 14792 1661 1377 2159 1628 967 1106 893 970 902 11114 4625
is_linear=0
shrinkage=0.03


Tree=291
num_leaves=31
num_cat=0
split_feature=25 1 26 24 8 1 28 31 7 25 1 29 31 36 1 17 2 31 15 18 24 7 4 19 26 15 12 6 5 19
split_gain=0.0199334 0.0209055 0.0364248 0.030962 0.0284323 0.0300068 0.0251592 0.0176492 0.0196608 0.0131609 0.0221116 0.0116856 0.0188868 0.0307641 0.011212 0.0106128 0.00959426 0.0258173 0.0185275 0.00782174 0.015482 0.0107749 0.0123752 0.0101034 0.00972849 0.00762047 0.00733345 0.0237724 0.0237344 0.0175071
threshold=0.49221777915954595 0.47069558501243597 0.16409231722354892 0.37925247848033911 0.48644052445888525 0.49664428830146795 -0.2250954136252403 -0.20462171733379361 0.41950166225433355 0.48662193119525915 0.48406349122524267 -0.22523277997970578 0.21118935942649844 0.41204395890235906 -0.43286086618900294 -0.01339392503723502 0.49664428830146795 0.19131659716367724 0.10409675538539888 0.49298237264156347 -0.39930471777915949 0.47108417749404913 0.37251612544059759 -0.15160027146339414 -0.19175507128238675 -0.40601159632205958 0.4463686496019364 0.35476978123188024 0.40784807503223425 0.46441236138343817
decision_type=2 2 2 2 2 2 2 2 2 2 2 2 2 2 2 2 2 2 2 2 2 2 2 10 2 2 2 8 10 8
left_child=9 3 4 11 -3 -6 -4 -5 -9 16 15 12 13 -2 -13 -11 19 18 -18 26 23 22 24 -21 25 -22 -1 28 -28 -29
right_child=1 2 6 7 5 -7 -8 8 -10 10 -12 14 -14 -15 -16 -17 17 -19 -20 20 21 -23 -24 -25 -26 -27 27 29 -30 -31
leaf_value=1.5425922619721762e-07 -5.2078341950962912e-05 -0.00042740969209617737 0.00015528869488443684 0.0002547206694495629 -0.00030708628959197722 2.9085166058982449e-05 -0.0001156329026276894 0.00016485242782114906 -8.8208280168731862e-05 8.8723712917215792e-05 0.00026709101238085248 6.1939526484976754e-05 3.6146185747283097e-05 -0.00039172848845976356 -9.267954264968678e-05 -0.00010620722591539095 -0.00025050409229435209 9.6128740346069781e-05 2.0801422367942146e-06 0.00022371378745871995 -0.00011164936707742992 0.00013390733387777767 -0.00012673607477518088 3.5531823971950866e-05 6.6947012985000209e-05 4.2859983788451742e-05 6.9453115875280209e-06 -4.8411795560494863e-05 0.00016728637356383037 4.4702425187172973e-05
leaf_weight=528715 545 420 527 445 445 500 715 515 574 640 431 859 422 424 811 400 684 540 419 568 678 532 650 470 1555 486 7534 14776 924 2064
leaf_count=528715 545 420 527 445 445 500 715 515 574 640 431 859 422 424 811 400 684 540 419 568 678 532 650 470 1555 486 7534 14776 924 2064
internal_value=-8.78865e-07 -5.0437e-05 -0.00011812 -1.18634e-05 -0.000224492 -0.000130776 -3.54493e-07 9.77538e-05 3.1878e-05 -2.42968e-07 8.90699e-05 -6.69368e-05 -0.000130834 -0.00020318 -1.32527e-05 1.34528e-05 -4.7891e-07 -7.26477e-05 -0.000155398 -2.65479e-07 3.72822e-05 9.75398e-06 -1.01894e-05 0.000139658 1.80344e-05 -4.73222e-05 -6.00882e-07 -1.63768e-05 2.46387e-05 -3.69795e-05
internal_weight=569268 7202 2607 4595 1365 945 1242 1534 1089 562066 1471 3061 1391 969 1670 1040 560595 1643 1103 558952 4939 3901 3369 1038 2719 1164 554013 25298 8458 16840
internal_count=569268 7202 2607 4595 1365 945 1242 1534 1089 562066 1471 3061 1391 969 1670 1040 560595 1643 1103 558952 4939 3901 3369 1038 2719 1164 554013 25298 8458 16840
is_linear=0
shrinkage=0.03


Tree=292
num_leaves=31
num_cat=0
split_feature=12 38 15 15 15 1 28 7 21 3 21 37 6 18 24 30 17 24 2 38 30 16 35 8 8 8 30 8 11 6
split_gain=0.00655466 0.0179682 0.0256021 0.0222823 0.0303305 0.0513425 0.017859 0.0172891 0.0216106 0.0127088 0.0231372 0.0126001 0.0124216 0.0217937 0.0205099 0.0172732 0.01463 0.016539 0.0131394 0.0106091 0.0103369 0.0095167 0.009182 0.0324403 0.0490416 0.0239363 0.0380836 0.0290469 0.0283689 0.0367373
threshold=0.47318433225154882 0.47152988612651831 0.48662193119525915 0.49250926077365881 0.43310962617397314 0.15780642628669742 -0.39930471777915949 -0.43286086618900294 -0.044801853597164147 -0.45970448851585383 -0.34489440917968744 0.44485473632812506 0.45279304683208471 0.49664428830146795 0.43962624669075018 0.35910767316818243 0.39966443181037908 -0.18559908121824262 0.29151678085327154 -0.090577606111764894 -0.21137479692697522 0.29932886362075811 0.46399636566638952 0.47318433225154882 0.49664428830146795 1.0000000180025095e-35 0.39273729920387274 -0.12458053603768347 0.41797162592411047 0.1763647943735123
decision_type=2 8 2 2 2 2 2 2 10 2 10 2 8 2 2 2 2 2 2 10 2 2 2 2 2 2 2 2 2 10
left_child=22 3 6 4 7 11 -3 8 -2 10 -9 -6 14 16 15 18 20 -18 19 -11 -14 -12 -1 25 -25 26 -24 -28 -27 -30
right_child=1 2 -4 -5 5 -7 -8 9 -10 12 21 -13 13 -15 -16 -17 17 -19 -20 -21 -22 -23 23 24 -26 28 27 -29 29 -31
leaf_value=7.9619597652397562e-08 4.7120780105626965e-06 3.9819010410697667e-05 -8.8120196695043083e-05 0.00017252592589491689 7.6807198002469711e-05 -0.0003105189477887833 0.0002672172163796819 -0.00026617666267925107 0.00026391054140032628 0.00013179985008622888 6.4892177913933248e-05 -0.00011824368799935678 -0.00019390697226967659 0.00019184609958394406 0.00024945306404525295 -4.5839349453108763e-05 0.00020414020769145573 -5.384228286374333e-05 0.00022874562763549854 -7.8049200932251883e-06 -4.1135865102506414e-05 -0.0001069477090855419 -9.0908709616465941e-06 -0.00024039421052338809 0.00010822500944815202 -6.3403855000356167e-06 -9.5903655130006457e-05 -0.00036087277999138152 0.00024204735763958806 1.0490207406872702e-05
leaf_weight=532062 612 523 434 693 811 714 771 402 540 822 703 458 450 412 432 1509 436 442 444 1189 3069 479 5848 1278 499 8582 1615 479 1055 1467
leaf_count=532062 612 523 434 693 811 714 771 402 540 822 703 458 450 412 432 1509 436 442 444 1189 3069 479 5848 1278 499 8582 1615 479 1055 1467
internal_value=-1.31718e-07 1.85855e-05 0.000109778 7.73712e-06 -5.82383e-07 -0.000108929 0.000176319 1.74864e-05 0.000127437 5.63926e-06 -7.2581e-05 6.03648e-06 1.91636e-05 -1.41493e-05 5.55556e-05 3.385e-05 -3.38427e-05 7.51237e-05 8.28194e-05 4.96286e-05 -6.11659e-05 -5.05814e-06 -6.85382e-07 -2.02231e-05 -0.000142441 -8.7514e-06 -4.84865e-05 -0.000157942 1.96867e-05 0.000107928
internal_weight=569230 16345 1728 14617 13924 1983 1294 11941 1152 10789 1584 1269 9205 4809 4396 3964 4397 878 2455 2011 3519 1182 552885 20823 1777 19046 7942 2094 11104 2522
internal_count=569230 16345 1728 14617 13924 1983 1294 11941 1152 10789 1584 1269 9205 4809 4396 3964 4397 878 2455 2011 3519 1182 552885 20823 1777 19046 7942 2094 11104 2522
is_linear=0
shrinkage=0.03


Tree=293
num_leaves=31
num_cat=0
split_feature=0 14 37 37 22 22 5 15 37 12 4 5 26 20 17 18 35 25 14 27 12 37 35 24 4 35 24 19 4 12
split_gain=0.0086789 0.0386796 0.0303826 0.0283464 0.0202722 0.0217779 0.0208679 0.0242695 0.0399924 0.0293212 0.0210405 0.0373372 0.0247968 0.0240985 0.0181416 0.0256426 0.0374645 0.0245434 0.0238261 0.0231108 0.0181195 0.0267441 0.0171734 0.031406 0.0162036 0.0160954 0.0162227 0.0154801 0.0145338 0.0118866
threshold=0.47318433225154882 0.49664428830146795 -0.016722595319151875 -0.070446167141199098 0.32554237544536596 -0.21803475916385648 -0.4484915137290954 -0.33922326564788813 -0.38519051671028132 0.16554810106754306 0.48393547534942633 0.23618742078542712 0.33277405798435217 -0.47199529409408564 -0.38581016659736628 0.38519051671028143 0.47993287444114691 0.18465003371238711 0.45986577868461614 0.48431348800659185 0.1981945335865021 0.40514095127582556 0.37925247848033911 0.43172106146812445 0.22491610795259478 0.30546234548091894 0.37251612544059759 -0.038196288049221032 0.25707611441612249 -0.097268830984830842
decision_type=2 2 2 2 10 8 10 2 2 2 2 10 2 10 2 2 2 2 2 2 2 2 2 2 2 2 2 10 2 2
left_child=-1 2 3 4 5 6 -2 10 9 -9 11 13 -13 -8 -4 17 -17 29 19 20 28 22 -22 -24 -10 -7 -27 -28 -19 -16
right_child=1 -3 14 -5 -6 25 7 8 24 -11 -12 12 -14 -15 15 16 -18 18 -20 -21 21 -23 23 -25 -26 26 27 -29 -30 -31
leaf_value=1.2659302373510546e-07 -0.00017509913398381437 0.0002598330792427048 -0.00024773195492619249 0.00022367581080165021 0.0001556312807923632 2.2964542347061608e-05 0.0001792075986022685 8.2639690053087458e-05 -0.00015438024796613655 0.00043192374395217907 0.00016508791760209637 -0.00029057514789217621 -4.3570705559359071e-05 -8.4594348994949175e-05 -9.9051988913213319e-05 -6.9021631579709947e-05 0.0002681099050851462 -0.00016218752314647869 -0.00034505147904062583 9.8340840462852062e-05 -0.00011131201978958284 -5.8958119831381819e-06 -0.00016883804187196495 -0.00052959400588250063 7.5797183138242465e-05 1.7976865141450628e-05 -0.0002712331446425473 -5.3478179868238744e-05 5.8599981240387777e-05 0.00010328511326233689
leaf_weight=553177 479 417 515 497 630 737 716 426 408 442 452 662 812 538 402 785 464 456 407 436 484 520 488 403 796 419 847 456 624 706
leaf_count=553177 479 417 515 497 630 737 716 426 408 442 452 662 812 538 402 785 464 456 407 436 484 520 488 403 796 419 847 456 624 706
internal_value=-5.11674e-07 -2.19962e-05 -2.94958e-05 5.53674e-06 -6.99462e-06 -1.96788e-05 1.23906e-05 2.97906e-05 0.000109425 0.000263395 -2.22771e-05 -5.3811e-05 -0.000155715 6.62555e-05 -7.82201e-05 -6.3705e-05 5.73566e-05 -9.44545e-05 -0.000130452 -0.000103912 -0.000133783 -0.000189458 -0.000258333 -0.000336075 -2.8323e-06 -9.41681e-05 -0.000144143 -0.000196015 -3.52541e-05 2.96447e-05
internal_weight=569601 16424 16007 9317 8820 8190 5731 5252 2072 868 3180 2728 1474 1254 6690 6175 1249 4926 3818 3411 2975 1895 1375 891 1204 2459 1722 1303 1080 1108
internal_count=569601 16424 16007 9317 8820 8190 5731 5252 2072 868 3180 2728 1474 1254 6690 6175 1249 4926 3818 3411 2975 1895 1375 891 1204 2459 1722 1303 1080 1108
is_linear=0
shrinkage=0.03


Tree=294
num_leaves=31
num_cat=0
split_feature=27 26 22 22 35 35 5 29 0 11 25 0 19 23 0 27 29 7 11 5 38 23 35 14 26 22 23 36 22 13
split_gain=0.014078 0.0200019 0.0278938 0.0356222 0.0281764 0.0218562 0.0273409 0.0202685 0.0158296 0.0166122 0.0155775 0.0221865 0.01509 0.0231566 0.0166701 0.0324055 0.0374764 0.0510092 0.0247948 0.0178254 0.0164742 0.0169391 0.0231489 0.0144663 0.0138131 0.0135526 0.0168076 0.012464 0.011559 0.00897122
threshold=0.48662193119525915 0.44491800665855413 0.38533127307891851 0.16415061801671985 0.47083835303783422 -0.10515258833765982 0.49069747328758245 0.31229026615619665 -0.4394956231117248 0.47976386547088629 0.40614514052867895 0.47318433225154882 0.49664428830146795 0.3388179242610932 0.49664428830146795 0.40614514052867895 -0.10547338053584097 0.28547459840774542 0.22470416128635409 0.40035460889339453 -0.49664428830146784 0.030252186581492427 0.31153479218482977 -0.25083892047405237 0.28466880321502691 -0.49664428830146784 0.21815130859613421 0.37204651534557348 0.25170098245143896 -0.36610658466815943
decision_type=2 2 10 8 2 2 8 2 2 2 2 2 10 2 2 2 2 2 2 8 8 2 2 2 2 10 2 2 8 2
left_child=12 2 3 4 5 8 -7 28 -2 27 -3 -12 14 29 20 18 17 -17 -16 -18 21 22 -1 -4 -20 -23 -27 -10 -5 -14
right_child=1 10 23 7 -6 6 -8 -9 9 -11 11 -13 13 -15 15 16 19 -19 24 -21 -22 25 -24 -25 -26 26 -28 -29 -30 -31
leaf_value=4.5588314714403217e-05 0.00015406471192340362 -0.00028629621831344459 -2.7450962207484947e-05 -0.00021946776754805673 0.00017062840999504289 8.1368794445926177e-06 -0.00023948376112650988 -0.00033847264191821068 -6.4240530988631558e-05 -0.0001686202795950151 7.0836344144352539e-05 -0.00020358613554488455 -0.00014034442308882717 -0.00021056142006652936 0.00014692436100279462 0.00052410812998415215 -8.971310956610036e-05 7.4318056329502724e-05 -0.00024049374490909008 0.00015368646024790751 1.7587846419565698e-07 0.00015139021591161357 0.00029760184994193951 0.0001934953375145115 -7.0355965160868231e-06 -0.00017385639515572179 3.8026080802702669e-05 0.00016722327234062597 -2.5789009132878214e-05 -2.2934138896636425e-06
leaf_weight=813 649 438 406 433 727 805 789 427 402 462 497 549 490 718 401 419 573 490 488 496 549654 457 545 755 422 499 989 418 750 2777
leaf_count=813 649 438 406 433 727 805 789 427 402 462 497 549 490 718 401 419 573 490 488 496 549654 457 545 755 422 499 989 418 750 2777
internal_value=-2.01377e-08 -3.83001e-05 -1.70696e-05 -4.37083e-05 1.89618e-06 -3.32876e-05 -0.00011516 -0.000163418 3.45411e-05 -2.66906e-05 -0.000137986 -7.37601e-05 5.61809e-07 -5.75351e-05 9.79048e-07 6.8216e-05 0.0001446 0.000285094 -4.72516e-05 2.35983e-05 5.77895e-07 6.72752e-05 0.000148164 0.000116656 -0.000133484 1.03296e-05 -3.37149e-05 5.43427e-05 -9.79244e-05 -2.3364e-05
internal_weight=568738 8507 7023 5862 4252 3525 1594 1610 1931 1282 1484 1046 560231 3985 556246 3289 1978 909 1311 1069 552957 3303 1358 1161 910 1945 1488 820 1183 3267
internal_count=568738 8507 7023 5862 4252 3525 1594 1610 1931 1282 1484 1046 560231 3985 556246 3289 1978 909 1311 1069 552957 3303 1358 1161 910 1945 1488 820 1183 3267
is_linear=0
shrinkage=0.03


Tree=295
num_leaves=31
num_cat=0
split_feature=13 25 35 0 9 0 29 5 24 35 3 39 1 5 22 1 28 0 39 38 28 13 35 8 26 32 22 20 38 26
split_gain=0.00649268 0.0155945 0.0252604 0.0229013 0.0152836 0.0147511 0.0232163 0.0266676 0.0199211 0.015766 0.022327 0.0204845 0.0204071 0.01457 0.0135983 0.0213993 0.0198788 0.0264908 0.0191734 0.0269594 0.0166286 0.0291992 0.0151312 0.0258253 0.0226019 0.0195462 0.0169278 0.0157828 0.0158771 0.0144081
threshold=0.39273729920387274 0.35837019979953771 -0.2717756032943725 -0.49283143877983088 0.48662193119525915 -0.49283143877983088 -0.2781506478786468 0.40784807503223425 0.44500453770160681 -0.44627264142036432 0.42620199918746954 0.3712496310472489 0.38533127307891851 0.29435938596725469 -0.45970448851585383 0.49664428830146795 -0.050167785957455628 0.48596473038196569 0.45986577868461614 -0.45818765461444849 -0.35901738703250879 0.44500453770160681 -0.47306366264820093 -0.40601159632205958 0.34501582384109503 -0.35901738703250879 0.15747082233428958 -0.48653183877468104 -0.49267388880252833 0.41188235580921179
decision_type=2 2 2 2 2 2 2 8 2 2 2 2 2 10 8 2 2 2 2 8 2 2 2 2 2 2 8 10 10 2
left_child=1 -1 4 -4 5 6 -3 -8 9 10 12 -12 -7 -10 15 16 17 20 19 -18 -2 -22 23 -16 25 -25 -26 29 -29 -24
right_child=14 2 3 -5 -6 8 7 -9 13 -11 11 -13 -14 -15 22 -17 18 -19 -20 -21 21 -23 27 24 26 -27 -28 28 -30 -31
leaf_value=-5.7089577092937632e-07 6.7010095359771238e-05 0.00029660804846122008 -0.00019486658032797985 4.6371239132973177e-06 0.00020640758968074806 4.7139215994416462e-05 0.00020451394974524165 -0.00013268372717961706 5.8881696385279805e-05 4.6459510672918568e-05 4.6277228450360399e-06 -0.00024444076779324967 -0.00013528059311978884 0.00024933260878497214 -0.00026016501150522204 0.00012273656718736123 -0.00026131259803061904 -0.00036297944308452711 9.3697729843353797e-05 1.6706614645307736e-05 -0.00031508258914731058 2.4864429888831145e-06 0.00011447949041909697 -0.00016148447561286538 -4.5270378771459468e-05 2.4750655865259731e-05 -0.00030322877496928412 0.0001569822202157559 -5.5458292517013846e-06 -7.4622423597867332e-05
leaf_weight=459975 415 500 517 29807 515 3124 418 407 900 8527 536 656 660 604 481 506 501 414 815 811 511 521 1817 582 496 3531 422 537 48949 445
leaf_count=459975 415 500 517 29807 515 3124 418 407 900 8527 536 656 660 604 481 506 501 414 815 811 511 521 1817 582 496 3531 422 537 48949 445
internal_value=-4.50756e-09 1.11391e-06 1.75395e-05 1.17263e-06 4.69811e-05 4.18306e-05 0.000137433 3.85663e-05 3.33038e-05 2.17161e-05 -2.06928e-05 -0.000133337 1.50491e-05 0.000136508 -9.18806e-06 -5.93791e-05 -8.27353e-05 -0.000154068 -1.98942e-05 -9.06313e-05 -9.22158e-05 -0.000156274 -5.23918e-06 -5.24447e-05 -3.21084e-05 -1.92984e-06 -0.000165842 -2.01865e-07 -3.75079e-06 7.7113e-05
internal_weight=568900 507146 47171 30324 16847 16332 1325 825 15007 13503 4976 1192 3784 1504 61754 4494 3988 1861 2127 1312 1447 1032 57260 5512 5031 4113 918 51748 49486 2262
internal_count=568900 507146 47171 30324 16847 16332 1325 825 15007 13503 4976 1192 3784 1504 61754 4494 3988 1861 2127 1312 1447 1032 57260 5512 5031 4113 918 51748 49486 2262
is_linear=0
shrinkage=0.03


Tree=296
num_leaves=31
num_cat=0
split_feature=39 12 28 13 12 30 16 37 23 26 35 18 20 4 32 28 4 38 30 26 27 29 13 28 27 19 28 25 38 36
split_gain=0.0118963 0.0210238 0.0279789 0.0293949 0.0359608 0.0281746 0.0334885 0.0259899 0.0257925 0.0184137 0.0161844 0.0354176 0.0448722 0.0415491 0.0345622 0.0159528 0.0142288 0.0101617 0.0150986 0.0148208 0.0198786 0.0139185 0.0103797 0.00869138 0.0067451 0.0241498 0.0266772 0.0264343 0.0254167 0.0162434
threshold=0.49293276667594915 0.49227787554264074 0.19775807857513431 0.48418948054313665 0.35170717537403112 -0.097268830984830842 0.11071263998746873 -0.23151255398988721 0.38593547046184545 0.17790922522544864 0.49664428830146795 -0.3188162744045257 -0.45298065245151514 0.34589572250843054 -0.091918367892503725 -0.21803475916385648 0.3712496310472489 -0.49664428830146784 0.4463686496019364 -0.37915775179862971 0.30546234548091894 -0.21137479692697522 -0.15097505599260327 -0.16440654546022412 0.43156538903713232 0.47318433225154882 -0.052309880033135407 0.39805366098880773 0.45847702026367193 0.21815130859613421
decision_type=2 2 2 2 2 2 2 2 2 2 2 2 10 2 2 2 2 8 2 2 2 2 2 2 2 8 2 2 10 2
left_child=10 2 3 5 -5 -2 7 16 -8 -4 17 12 -12 15 -15 -13 -7 18 19 -1 22 -22 -21 -24 -19 29 27 -27 -29 -26
right_child=1 -3 9 4 -6 6 8 -9 -10 -11 11 13 -14 14 -16 -17 -18 24 -20 20 21 -23 23 -25 25 26 -28 28 -30 -31
leaf_value=0.00016438142132563108 -0.00014310982631039683 0.00018654026506108933 0.00030434548653025676 -0.00036537193870169084 -1.5716456819791345e-05 0.00017661470980929409 6.409447408389367e-05 -0.00018378862679228672 0.00034318429852053296 3.2608372080449645e-05 -0.00016536683178241832 -0.00014958917187306458 0.00021763194210374046 -0.00049174814817866831 -0.00012781884883426959 9.6057375425680119e-05 -3.4219821563965525e-05 6.7296596003366851e-08 0.00019425938440651398 -6.2518138439335069e-05 -0.00025158892110822286 -7.1138546376129269e-06 0.00021722446819522827 3.4424991595990243e-05 1.3868393597658367e-05 0.00016666005051759202 0.00028065452457384083 7.7379508318610449e-05 -0.00017370003846252716 -3.290108312258791e-05
leaf_weight=527 653 768 455 403 740 548 648 534 551 439 452 400 673 409 557 557 590 520692 548 434 400 430 403 551 9173 804 452 724 709 24568
leaf_count=527 653 768 455 403 740 548 648 534 551 439 452 400 673 409 557 557 590 520692 548 434 400 430 403 551 9173 804 452 724 709 24568
internal_value=-4.1074e-07 4.04576e-05 1.99843e-05 -9.58501e-06 -0.000141098 3.33494e-05 7.38419e-05 -1.3057e-05 0.000194128 0.000172745 -8.70497e-07 -6.9699e-05 6.36503e-05 -0.000147637 -0.000285365 -7.10137e-06 6.79609e-05 -4.94914e-07 5.19697e-05 2.29616e-05 -1.12269e-05 -0.000126526 5.81317e-05 0.000113098 -8.05945e-07 -1.32837e-05 7.30752e-05 3.00701e-05 -4.7189e-05 -2.01858e-05
internal_weight=569792 6329 5561 4667 1143 3524 2871 1672 1199 894 563463 3048 1125 1923 966 957 1138 560415 3293 2745 2218 830 1388 954 557122 36430 2689 2237 1433 33741
internal_count=569792 6329 5561 4667 1143 3524 2871 1672 1199 894 563463 3048 1125 1923 966 957 1138 560415 3293 2745 2218 830 1388 954 557122 36430 2689 2237 1433 33741
is_linear=0
shrinkage=0.03


Tree=297
num_leaves=31
num_cat=0
split_feature=17 24 39 5 4 18 5 1 0 16 27 19 16 4 25 4 31 7 28 6 8 20 23 1 4 27 24 4 6 28
split_gain=0.00698663 0.0122566 0.0179026 0.0362024 0.031396 0.0242311 0.0157025 0.0183 0.0154996 0.0284024 0.0311479 0.0260479 0.0155564 0.0133275 0.0292519 0.0118063 0.011369 0.0235442 0.0292623 0.014377 0.0162404 0.0149835 0.0148371 0.0132882 0.0131043 0.0129452 0.0127103 0.0155903 0.0124229 0.0209319
threshold=0.30546234548091894 0.49664428830146795 0.47318433225154882 0.2632583379745484 0.43189549446105963 -0.37915775179862971 -0.34589572250843043 0.38533127307891851 0.47118844091892248 0.47718597948551184 0.4463686496019364 0.35910767316818243 0.27154105901718145 -0.49267388880252833 0.40521778166294103 0.47993287444114691 0.16554810106754306 0.4463686496019364 -0.43286086618900294 0.48312206566333776 0.45986577868461614 0.466554805636406 0.23106346279382708 0.48586554825305944 0.22491610795259478 0.41950166225433355 -0.10399362072348593 0.466554805636406 0.44139115512371069 -0.25196899473667139
decision_type=2 2 2 10 2 2 8 2 2 2 2 8 2 2 2 2 2 2 2 8 2 8 2 2 2 2 2 2 10 2
left_child=-1 2 8 5 -5 -4 -7 -8 13 10 11 12 -10 14 -2 -6 19 -18 -19 23 21 22 -21 28 -24 -23 -20 -28 -15 -30
right_child=1 -3 3 4 15 6 7 -9 9 -11 -12 -13 -14 16 -16 -17 17 18 26 20 -22 25 24 -25 -26 -27 27 -29 29 -31
leaf_value=1.2404970272791142e-06 -4.9745554827701425e-06 0.00011030869702107904 0.00016251199430959839 -0.00032087080566391846 4.3801683053500422e-05 -0.00019974272690267657 0.00012401912433077344 -0.00010542462466069859 0.00010782470505015667 0.00027536515280870326 -0.00020190886890156438 0.00020811166822121859 -0.00012542468445733693 -1.1754498380893972e-05 0.00024296542047235281 -0.00016939120474834108 -1.2231852026206612e-06 0.00031089081745576337 0.00014933545488249789 -3.1692973473888346e-05 -0.00016796228939566446 -3.0693294772572471e-07 -5.6225554217532352e-05 -0.00017167423828640197 -0.00021039766661011002 0.00018793840538022037 0.00011044800191538853 -0.0001279272007953918 0.00017162456708929712 -1.2590429960673836e-06
leaf_weight=457931 1453 784 636 741 481 465 584 651 451 467 444 760 573 51938 597 439 32184 462 598 7207 896 1597 1153 442 875 404 426 560 895 2076
leaf_count=457931 1453 784 636 741 481 465 584 651 451 467 444 760 573 51938 597 439 32184 462 598 7207 896 1597 1153 442 875 404 426 560 895 2076
internal_value=-3.97721e-07 -7.14118e-06 -7.98474e-06 -7.02364e-05 -0.000176855 6.00453e-06 -5.31556e-05 3.19814e-06 -5.64111e-06 6.52544e-05 2.01805e-05 7.62712e-05 -2.26455e-05 -7.48856e-06 6.80593e-05 -5.86559e-05 -9.01775e-06 5.06408e-06 0.000103489 -1.61603e-05 -4.5724e-05 -3.58356e-05 -5.19546e-05 -9.67334e-06 -0.000123451 3.84452e-05 4.14258e-05 -2.48626e-05 -8.33826e-06 5.12224e-05
internal_weight=569170 111239 110455 3997 1661 2336 1700 1235 106458 2695 2228 1784 1024 103763 2050 920 101713 34230 2046 67483 12132 11236 9235 55351 2028 2001 1584 986 54909 2971
internal_count=569170 111239 110455 3997 1661 2336 1700 1235 106458 2695 2228 1784 1024 103763 2050 920 101713 34230 2046 67483 12132 11236 9235 55351 2028 2001 1584 986 54909 2971
is_linear=0
shrinkage=0.03


Tree=298
num_leaves=31
num_cat=0
split_feature=16 22 0 30 5 38 39 21 39 4 38 29 4 13 25 13 3 5 16 7 39 15 31 39 17 6 18 35 35 12
split_gain=0.00913546 0.0236201 0.0209186 0.0222653 0.0167501 0.00969643 0.011366 0.00953151 0.0243526 0.00842168 0.00811518 0.00803649 0.00763737 0.0237392 0.0295578 0.0191417 0.0109798 0.00971798 0.0230084 0.0165563 0.0121733 0.010102 0.012334 0.00895914 0.0085884 0.0190132 0.0166411 0.0172178 0.010846 0.00924044
threshold=-0.49664428830146784 -0.42605021595954889 0.33895461261272436 0.39966443181037908 0.47570809721946722 0.17729235440492633 -0.11887632682919501 -0.49283143877983088 0.45142260193824774 -0.23817513883113858 -0.44627264142036432 -0.0036766693228855725 0.49664428830146795 0.19804988801479342 0.43310962617397314 0.42620199918746954 0.47318433225154882 0.49272717535495764 0.47132579982280737 0.49283143877983099 0.45307256281375891 0.37844152748584753 0.28439824283123022 0.27187095582485205 0.49664428830146795 0.45279304683208471 0.39198911190032965 -0.42605021595954889 0.16554810106754306 0.38500662147998815
decision_type=2 8 2 2 8 8 2 8 2 2 10 2 2 2 2 2 2 10 2 2 2 2 2 2 2 10 2 2 2 2
left_child=1 -1 4 -4 5 6 -3 8 9 -2 -8 -11 17 14 16 -15 23 24 19 20 21 22 -19 -14 -9 26 27 -26 -29 -30
right_child=7 2 3 -5 -6 -7 10 12 -10 11 -12 -13 13 15 -16 -17 -18 18 -20 -21 -22 -23 -24 -25 25 -27 -28 28 29 -31
leaf_value=-0.00024714116706026366 0.00012606003558653209 7.3868277389962025e-05 0.00026448811229478757 -4.0694250210997646e-05 -0.00019264866684284138 0.00011147781198079494 -2.0107515429691901e-05 -1.598755787656528e-07 0.00024273293246088748 1.8601216334836913e-05 -0.00016122047860069126 -0.00013291299435073037 -1.8935012784207809e-06 -0.00015165898022181598 0.00026853855502489293 7.121863463928456e-05 -8.378639240567886e-05 -3.1594732532069091e-05 -0.00023462035157921604 -0.00017432400899299291 -0.00013858268754664619 0.00017132376591508957 0.00014849222250126504 0.00017580487713544812 0.00022577184738625908 0.00022042666901837924 -0.00012473159005389864 -3.5859547006876105e-05 1.5031123090374779e-05 0.00018930609833363345
leaf_weight=448 453 509 419 427 629 410 750 550715 503 1291 714 406 509 772 676 615 496 1544 504 509 411 403 429 502 414 473 588 1418 651 465
leaf_count=448 453 509 419 427 629 410 750 550715 503 1291 714 406 509 772 676 615 496 1544 504 509 411 403 429 502 414 473 588 1418 651 465
internal_value=4.69937e-08 -4.34333e-05 -1.92005e-05 0.000111778 -5.62374e-05 -1.95767e-05 -4.72354e-05 3.79279e-07 5.70019e-05 1.26269e-05 -8.95559e-05 -1.82142e-05 1.11019e-07 4.37892e-05 0.000105267 -5.3032e-05 3.07406e-05 -1.68944e-07 -4.79175e-05 -1.8745e-05 1.01907e-05 3.63984e-05 8.1139e-06 8.71982e-05 1.59004e-07 4.38548e-05 1.96803e-05 4.88086e-05 1.91229e-05 8.8682e-05
internal_weight=569053 4306 3858 846 3012 2383 1973 564747 2653 2150 1464 1697 562094 3570 2183 1387 1507 558524 3800 3296 2787 2376 1973 1011 554724 4009 3536 2948 2534 1116
internal_count=569053 4306 3858 846 3012 2383 1973 564747 2653 2150 1464 1697 562094 3570 2183 1387 1507 558524 3800 3296 2787 2376 1973 1011 554724 4009 3536 2948 2534 1116
is_linear=0
shrinkage=0.03


Tree=299
num_leaves=31
num_cat=0
split_feature=12 37 24 0 6 21 32 30 18 36 5 24 25 21 20 5 12 35 24 38 0 15 30 0 25 13 37 38 36 30
split_gain=0.00695872 0.016833 0.0503915 0.0211675 0.0250674 0.0284332 0.0229991 0.0193888 0.0132766 0.0227193 0.0373936 0.0273616 0.0183991 0.0229899 0.020236 0.0263904 0.0174376 0.0248162 0.0353183 0.0249921 0.0203371 0.035378 0.0217851 0.0212994 0.0190537 0.0295586 0.018656 0.0148599 0.0147935 0.0143285
threshold=0.39273729920387274 -0.49664428830146784 0.43962624669075018 0.48662193119525915 0.28368294239044195 0.40614514052867895 -0.21803475916385648 0.41844293475151068 -0.010909235104918478 0.48596473038196569 0.44561520218849188 0.39273729920387274 0.36497211456298834 -0.051862070336937897 -0.35231085121631617 0.48576495051383978 0.47318433225154882 0.36581273376941686 0.43172106146812445 0.4385290145874024 0.20508208870887759 -0.37241181731224055 0.43189549446105963 0.41810730099678045 0.43310962617397314 0.38593547046184545 0.47152988612651831 -0.13819655776023862 0.41950166225433355 0.35170717537403112
decision_type=2 2 2 2 8 10 2 2 2 2 10 2 2 10 8 10 2 2 2 8 2 2 2 2 2 2 2 10 2 2
left_child=-1 2 -2 8 -5 6 -6 -8 9 12 11 -11 -3 28 -15 -16 17 -10 19 24 22 -22 26 -23 27 -26 -18 -19 -14 -30
right_child=1 3 -4 4 5 -7 7 -9 16 10 -12 -13 13 14 15 -17 20 18 -20 -21 21 23 -24 -25 25 -27 -28 -29 29 -31
leaf_value=5.718427657342667e-07 -7.0118890356894706e-05 -8.9497267830304139e-06 0.00028567589932158659 -0.00028295702336471058 -0.00029862118188452052 0.00013038883127896491 6.6998823892670489e-05 -0.00019422009212693441 -2.0242333856115185e-05 -0.00018031691034298949 -0.00032270056701529923 0.00010757224186324138 3.0178306032279248e-05 0.00025769022368684436 7.6186340406408484e-05 -0.00010454089644989405 4.0103162009696727e-05 -0.00017472233616180213 -0.00035047971674635086 -0.00022347914101130491 0.00030831444386505887 0.00011480247255814094 -0.00012450199070763892 -8.9767492241324493e-05 0.00025244652224215564 -9.8545266786681071e-05 -0.00013372306399133741 -1.8699972479977078e-05 -0.00019804422222215442 1.7821558438819399e-06
leaf_weight=508080 784 13899 645 510 436 564 614 424 18795 493 473 716 1674 472 6825 805 3969 871 443 763 510 1070 1259 786 449 400 636 1467 681 606
leaf_count=508080 784 13899 645 510 436 564 614 424 18795 493 473 716 1674 472 6825 805 3969 871 443 763 510 1070 1259 786 449 400 636 1467 681 606
internal_value=-5.86392e-07 -1.00705e-05 9.13435e-05 -1.24762e-05 -9.69366e-05 -4.92315e-05 -0.000118376 -4.05384e-05 -8.75372e-06 6.82303e-06 -9.95664e-05 -1.03379e-05 1.40288e-05 4.28799e-05 6.90014e-05 5.70069e-05 -2.19615e-05 -3.52726e-05 -9.93862e-05 -7.04117e-05 1.55398e-05 8.95855e-05 -1.44378e-05 2.81521e-05 -3.31814e-05 8.78573e-05 1.58582e-05 -7.73212e-05 -2.85865e-05 -0.000104665
internal_weight=570119 62039 1429 60610 2548 2038 1474 1038 58062 26644 1682 1209 24962 11063 8102 7630 31418 23188 4393 3950 8230 2366 5864 1856 3187 849 4605 2338 2961 1287
internal_count=570119 62039 1429 60610 2548 2038 1474 1038 58062 26644 1682 1209 24962 11063 8102 7630 31418 23188 4393 3950 8230 2366 5864 1856 3187 849 4605 2338 2961 1287
is_linear=0
shrinkage=0.03


end of trees

feature_importances:
Column_35=413
Column_0=386
Column_38=341
Column_29=331
Column_6=328
Column_5=309
Column_1=305
Column_26=304
Column_22=296
Column_36=296
Column_25=281
Column_39=281
Column_8=279
Column_12=252
Column_30=250
Column_24=245
Column_28=244
Column_7=233
Column_31=233
Column_13=230
Column_11=228
Column_19=228
Column_18=220
Column_2=210
Column_3=209
Column_37=209
Column_15=204
Column_27=204
Column_23=201
Column_17=198
Column_4=192
Column_14=176
Column_20=174
Column_21=170
Column_16=144
Column_10=68
Column_9=66
Column_32=46
Column_33=13
Column_34=3

parameters:
[boosting: gbdt]
[objective: regression]
[metric: l2]
[tree_learner: serial]
[device_type: cpu]
[data_sample_strategy: bagging]
[data: ]
[valid: ]
[num_iterations: 300]
[learning_rate: 0.03]
[num_leaves: 31]
[num_threads: 2]
[seed: 1]
[deterministic: 0]
[force_col_wise: 0]
[force_row_wise: 0]
[histogram_pool_size: -1]
[max_depth: -1]
[min_data_in_leaf: 400]
[min_sum_hessian_in_leaf: 0.001]
[bagging_fraction: 0.7]
[pos_bagging_fraction: 1]
[neg_bagging_fraction: 1]
[bagging_freq: 1]
[bagging_seed: 18467]
[bagging_by_query: 0]
[feature_fraction: 0.7]
[feature_fraction_bynode: 1]
[feature_fraction_seed: 26500]
[extra_trees: 0]
[extra_seed: 15724]
[early_stopping_round: 0]
[early_stopping_min_delta: 0]
[first_metric_only: 0]
[max_delta_step: 0]
[lambda_l1: 0]
[lambda_l2: 10]
[linear_lambda: 0]
[min_gain_to_split: 0]
[drop_rate: 0.1]
[max_drop: 50]
[skip_drop: 0.5]
[xgboost_dart_mode: 0]
[uniform_drop: 0]
[drop_seed: 6334]
[top_rate: 0.2]
[other_rate: 0.1]
[min_data_per_group: 100]
[max_cat_threshold: 32]
[cat_l2: 10]
[cat_smooth: 10]
[max_cat_to_onehot: 4]
[top_k: 20]
[monotone_constraints: ]
[monotone_constraints_method: basic]
[monotone_penalty: 0]
[feature_contri: ]
[forcedsplits_filename: ]
[refit_decay_rate: 0.9]
[cegb_tradeoff: 1]
[cegb_penalty_split: 0]
[cegb_penalty_feature_lazy: ]
[cegb_penalty_feature_coupled: ]
[path_smooth: 0]
[interaction_constraints: ]
[verbosity: -1]
[saved_feature_importance_type: 0]
[use_quantized_grad: 0]
[num_grad_quant_bins: 4]
[quant_train_renew_leaf: 0]
[stochastic_rounding: 1]
[linear_tree: 0]
[max_bin: 255]
[max_bin_by_feature: ]
[min_data_in_bin: 3]
[bin_construct_sample_cnt: 200000]
[data_random_seed: 41]
[is_enable_sparse: 1]
[enable_bundle: 1]
[use_missing: 1]
[zero_as_missing: 0]
[feature_pre_filter: 1]
[pre_partition: 0]
[two_round: 0]
[header: 0]
[label_column: ]
[weight_column: ]
[group_column: ]
[ignore_column: ]
[categorical_feature: ]
[forcedbins_filename: ]
[precise_float_parser: 0]
[parser_config_file: ]
[objective_seed: 19169]
[num_class: 1]
[is_unbalance: 0]
[scale_pos_weight: 1]
[sigmoid: 1]
[boost_from_average: 1]
[reg_sqrt: 0]
[alpha: 0.9]
[fair_c: 1]
[poisson_max_delta_step: 0.7]
[tweedie_variance_power: 1.5]
[lambdarank_truncation_level: 30]
[lambdarank_norm: 1]
[label_gain: ]
[lambdarank_position_bias_regularization: 0]
[eval_at: ]
[multi_error_top_k: 1]
[auc_mu_weights: ]
[num_machines: 1]
[local_listen_port: 12400]
[time_out: 120]
[machine_list_filename: ]
[machines: ]
[gpu_platform_id: -1]
[gpu_device_id: -1]
[gpu_device_id_list: ]
[gpu_use_dp: 0]
[num_gpu: 1]

end of parameters

pandas_categorical:null
